ISO-10303-21;
HEADER;
FILE_DESCRIPTION (( 'STEP AP214' ),
    '1' );
FILE_NAME ('evqq2-dhmsw2-03w_.step',
    '2024-05-20T08:52:07',
    ( '' ),
    ( '' ),
    'SwSTEP 2.0',
    'SolidWorks 2024',
    '' );
FILE_SCHEMA (( 'AUTOMOTIVE_DESIGN' ));
ENDSEC;

DATA;
#1 = VECTOR ( 'NONE', #9751, 1000.000000000000000 ) ;
#2 = DIRECTION ( 'NONE',  ( -0.9861240419316836814, -0.01175908810768373086, 0.1655931694581474212 ) ) ;
#3 = DIRECTION ( 'NONE',  ( -0.000000000000000000, -1.000000000000000000, 0.000000000000000000 ) ) ;
#4 = CARTESIAN_POINT ( 'NONE',  ( -1.725000000000000089, 1.650016564616986647, -2.935913071606943259 ) ) ;
#5 = VECTOR ( 'NONE', #1468, 1000.000000000000000 ) ;
#6 = FILL_AREA_STYLE_COLOUR ( '', #521 ) ;
#7 = ORIENTED_EDGE ( 'NONE', *, *, #8756, .T. ) ;
#8 = EDGE_LOOP ( 'NONE', ( #6589, #2450, #10513, #3419 ) ) ;
#9 = AXIS2_PLACEMENT_3D ( 'NONE', #270, #158, #5938 ) ;
#10 = ORIENTED_EDGE ( 'NONE', *, *, #1211, .T. ) ;
#11 = STYLED_ITEM ( 'NONE', ( #194 ), #10052 ) ;
#12 = CARTESIAN_POINT ( 'NONE',  ( -3.062593455610858051, 1.564586392933845937, -1.467446827165930223 ) ) ;
#13 = MECHANICAL_DESIGN_GEOMETRIC_PRESENTATION_REPRESENTATION (  '', ( #4691 ), #9638 ) ;
#14 = CARTESIAN_POINT ( 'NONE',  ( -0.2500000000000001110, 0.4000000000000000777, 0.8999999999999998002 ) ) ;
#15 = CARTESIAN_POINT ( 'NONE',  ( -3.232597679844644301, 0.3730819044509715021, 1.599999999999999867 ) ) ;
#16 = CARTESIAN_POINT ( 'NONE',  ( -0.06939212943777221809, 0.2400000000000000189, 1.949852667629055736 ) ) ;
#17 = CARTESIAN_POINT ( 'NONE',  ( 3.101604300710384621, 1.300000000000000266, -2.076184765183203496 ) ) ;
#18 = SURFACE_SIDE_STYLE ('',( #4841 ) ) ;
#19 = ORIENTED_EDGE ( 'NONE', *, *, #4962, .F. ) ;
#20 = ORIENTED_EDGE ( 'NONE', *, *, #9755, .T. ) ;
#21 = EDGE_LOOP ( 'NONE', ( #9529, #385, #6281, #5387 ) ) ;
#22 =( GEOMETRIC_REPRESENTATION_CONTEXT ( 3 ) GLOBAL_UNCERTAINTY_ASSIGNED_CONTEXT ( ( #2699 ) ) GLOBAL_UNIT_ASSIGNED_CONTEXT ( ( #5197, #8568, #2716 ) ) REPRESENTATION_CONTEXT ( 'NONE', 'WORKASPACE' ) );
#23 = DIRECTION ( 'NONE',  ( 4.130293990420969883E-16, 0.000000000000000000, -1.000000000000000000 ) ) ;
#24 = ORIENTED_EDGE ( 'NONE', *, *, #6635, .T. ) ;
#25 = ADVANCED_FACE ( 'NONE', ( #6868 ), #8520, .F. ) ;
#26 = CARTESIAN_POINT ( 'NONE',  ( 6.616533197833693514E-18, 0.7747918205216975940, 0.05501945105851744483 ) ) ;
#27 = ORIENTED_EDGE ( 'NONE', *, *, #6682, .F. ) ;
#28 = FILL_AREA_STYLE ('',( #1563 ) ) ;
#29 = VECTOR ( 'NONE', #5164, 1000.000000000000000 ) ;
#30 = CARTESIAN_POINT ( 'NONE',  ( 1.761043567301730395, 1.800000000000000711, -0.7133984507931854235 ) ) ;
#31 = CARTESIAN_POINT ( 'NONE',  ( 1.725000000000000311, 1.569124839807742644, -2.799999999999999822 ) ) ;
#32 = PRESENTATION_LAYER_ASSIGNMENT (  '', '', ( #1091 ) ) ;
#33 = CARTESIAN_POINT ( 'NONE',  ( 1.950000000000000622, 0.2000000000000000111, -2.400000000000001243 ) ) ;
#34 = ORIENTED_EDGE ( 'NONE', *, *, #1911, .T. ) ;
#35 = ORIENTED_EDGE ( 'NONE', *, *, #8058, .F. ) ;
#36 = ORIENTED_EDGE ( 'NONE', *, *, #3610, .T. ) ;
#37 = LINE ( 'NONE', #5148, #7150 ) ;
#38 =( NAMED_UNIT ( * ) SI_UNIT ( $, .STERADIAN. ) SOLID_ANGLE_UNIT ( ) );
#39 = EDGE_LOOP ( 'NONE', ( #2605, #219, #3401, #6194, #4274, #5378 ) ) ;
#40 =( GEOMETRIC_REPRESENTATION_CONTEXT ( 3 ) GLOBAL_UNCERTAINTY_ASSIGNED_CONTEXT ( ( #9173 ) ) GLOBAL_UNIT_ASSIGNED_CONTEXT ( ( #4486, #7957, #7121 ) ) REPRESENTATION_CONTEXT ( 'NONE', 'WORKASPACE' ) );
#41 = FACE_OUTER_BOUND ( 'NONE', #4520, .T. ) ;
#42 = CARTESIAN_POINT ( 'NONE',  ( 0.4500000000000001776, 0.04999999999999996808, 0.9000000000000000222 ) ) ;
#43 =( NAMED_UNIT ( * ) PLANE_ANGLE_UNIT ( ) SI_UNIT ( $, .RADIAN. ) );
#44 = VECTOR ( 'NONE', #2225, 1000.000000000000000 ) ;
#45 = DIRECTION ( 'NONE',  ( 1.829498458917877272E-16, -0.9974881498328391771, 0.07083354391147972384 ) ) ;
#47 = DIRECTION ( 'NONE',  ( -0.1660101621116059634, -0.06985066062633374373, 0.9836470460921148407 ) ) ;
#46 = CARTESIAN_POINT ( 'NONE',  ( -3.209401869767082527, 1.597231553983472940, -1.478297884777285631 ) ) ;
#48 = CARTESIAN_POINT ( 'NONE',  ( 3.000000000000000888, -2.710505431213761085E-17, 1.599999999999999423 ) ) ;
#49 = VECTOR ( 'NONE', #975, 1000.000000000000000 ) ;
#50 = CARTESIAN_POINT ( 'NONE',  ( -2.228957023951188443, 0.5549136833131281810, 2.919195194906548885 ) ) ;
#51 = CYLINDRICAL_SURFACE ( 'NONE', #189, 0.2499999999999993616 ) ;
#52 = EDGE_CURVE ( 'NONE', #4578, #7099, #6149, .T. ) ;
#53 = B_SPLINE_CURVE_WITH_KNOTS ( 'NONE', 3,
 ( #3003, #377, #4609, #5491, #3105, #7972 ),
 .UNSPECIFIED., .F., .F.,
 ( 4, 2, 4 ),
 ( 0.000000000000000000, 0.5000000000000000000, 1.000000000000000000 ),
 .UNSPECIFIED. ) ;
#54 = EDGE_CURVE ( 'NONE', #2206, #5254, #1960, .T. ) ;
#55 = EDGE_LOOP ( 'NONE', ( #5522, #5186, #10781, #2382 ) ) ;
#56 = VECTOR ( 'NONE', #5466, 1000.000000000000000 ) ;
#57 = EDGE_CURVE ( 'NONE', #10034, #4001, #1201, .T. ) ;
#58 = CARTESIAN_POINT ( 'NONE',  ( -2.999999999999999112, -1.350416637735500913, -1.500000000000000444 ) ) ;
#59 = CARTESIAN_POINT ( 'NONE',  ( -3.062593455610858051, 1.564586392933845715, 1.467446827165956647 ) ) ;
#60 = FILL_AREA_STYLE ('',( #8308 ) ) ;
#61 = PLANE ( 'NONE',  #7579 ) ;
#62 = STYLED_ITEM ( 'NONE', ( #3739 ), #7855 ) ;
#63 = COLOUR_RGB ( '',0.6470588235294117974, 0.6196078431372549211, 0.5882352941176470784 ) ;
#64 = DIRECTION ( 'NONE',  ( 0.000000000000000000, -1.000000000000000000, 0.000000000000000000 ) ) ;
#65 = ORIENTED_EDGE ( 'NONE', *, *, #10369, .T. ) ;
#66 = EDGE_CURVE ( 'NONE', #7260, #4082, #9360, .T. ) ;
#67 = CARTESIAN_POINT ( 'NONE',  ( 1.725000000000000089, 1.779925552076474959, -2.799999999999999822 ) ) ;
#68 = ADVANCED_FACE ( 'NONE', ( #313 ), #6966, .T. ) ;
#69 = ORIENTED_EDGE ( 'NONE', *, *, #5918, .T. ) ;
#70 = VECTOR ( 'NONE', #10082, 1000.000000000000000 ) ;
#71 = CARTESIAN_POINT ( 'NONE',  ( 3.000000000000000888, 1.649999999999999911, 1.899999999999999245 ) ) ;
#72 = CARTESIAN_POINT ( 'NONE',  ( 1.749653394080802116, 0.5499915388736735800, 2.849880849202526267 ) ) ;
#73 = CARTESIAN_POINT ( 'NONE',  ( 0.000000000000000000, 0.000000000000000000, 0.000000000000000000 ) ) ;
#74 = CARTESIAN_POINT ( 'NONE',  ( 2.203718250540672940, 0.5445896128100470301, -2.773810149683743287 ) ) ;
#75 = CARTESIAN_POINT ( 'NONE',  ( 3.000000000000001332, 1.027877495696967625, 2.927264974181805979 ) ) ;
#76 = CARTESIAN_POINT ( 'NONE',  ( -1.749999999999999334, 0.000000000000000000, -2.799999999999999822 ) ) ;
#77 = VERTEX_POINT ( 'NONE', #8792 ) ;
#78 = ORIENTED_EDGE ( 'NONE', *, *, #8691, .F. ) ;
#79 = UNCERTAINTY_MEASURE_WITH_UNIT (LENGTH_MEASURE( 1.000000000000000082E-05 ), #1454, 'distance_accuracy_value', 'NONE');
#80 = ORIENTED_EDGE ( 'NONE', *, *, #5516, .T. ) ;
#81 = LINE ( 'NONE', #4910, #392 ) ;
#82 = ORIENTED_EDGE ( 'NONE', *, *, #8193, .T. ) ;
#83 = DIRECTION ( 'NONE',  ( 0.000000000000000000, 1.000000000000000000, 0.000000000000000000 ) ) ;
#84 = ORIENTED_EDGE ( 'NONE', *, *, #4536, .F. ) ;
#85 = CARTESIAN_POINT ( 'NONE',  ( -1.733283001604468465, 0.9899999999999999911, 2.969132483627863639 ) ) ;
#86 = DIRECTION ( 'NONE',  ( -0.1660101621115978587, -0.06985066062633378536, 0.9836470460921161729 ) ) ;
#87 = DIRECTION ( 'NONE',  ( 1.000000000000000000, 0.000000000000000000, 0.000000000000000000 ) ) ;
#88 = CARTESIAN_POINT ( 'NONE',  ( 1.787978494314215627, 1.800000000000000711, 0.6429727190175087426 ) ) ;
#89 = CARTESIAN_POINT ( 'NONE',  ( 1.725000000000000311, 1.557655331234416130, -2.801720555565172965 ) ) ;
#90 = EDGE_CURVE ( 'NONE', #2668, #9171, #3748, .T. ) ;
#91 = CARTESIAN_POINT ( 'NONE',  ( -2.999999999999999112, 1.639999999999999902, 2.500000000000000888 ) ) ;
#92 = ORIENTED_EDGE ( 'NONE', *, *, #6346, .T. ) ;
#93 = ORIENTED_EDGE ( 'NONE', *, *, #10233, .T. ) ;
#94 = ORIENTED_EDGE ( 'NONE', *, *, #9230, .T. ) ;
#95 = FACE_OUTER_BOUND ( 'NONE', #9980, .T. ) ;
#96 = CARTESIAN_POINT ( 'NONE',  ( 3.291673936957678848, 0.1551740072072837207, 0.5999999999999999778 ) ) ;
#97 = ORIENTED_EDGE ( 'NONE', *, *, #9464, .F. ) ;
#98 = PRESENTATION_LAYER_ASSIGNMENT (  '', '', ( #6355 ) ) ;
#99 = FACE_OUTER_BOUND ( 'NONE', #5816, .T. ) ;
#100 = SURFACE_STYLE_USAGE ( .BOTH. , #1036 ) ;
#101 = EDGE_CURVE ( 'NONE', #9496, #5733, #9776, .T. ) ;
#103 = CARTESIAN_POINT ( 'NONE',  ( -3.000000000000000444, 0.000000000000000000, -2.699999999999999734 ) ) ;
#102 = SURFACE_STYLE_USAGE ( .BOTH. , #1852 ) ;
#104 = CARTESIAN_POINT ( 'NONE',  ( 3.093215324066170613, 0.01699257395427114167, 1.599999999999999423 ) ) ;
#105 = DIRECTION ( 'NONE',  ( -1.000000000000000000, -0.000000000000000000, -0.000000000000000000 ) ) ;
#106 = VECTOR ( 'NONE', #1817, 1000.000000000000114 ) ;
#107 = CARTESIAN_POINT ( 'NONE',  ( 1.725000000000000311, 1.800000000000000266, 2.701845832985406926 ) ) ;
#108 = VECTOR ( 'NONE', #4411, 1000.000000000000000 ) ;
#109 = DIRECTION ( 'NONE',  ( -0.9861240419316821271, -0.01175908810768446812, -0.1655931694581568026 ) ) ;
#110 = ORIENTED_EDGE ( 'NONE', *, *, #3657, .F. ) ;
#111 = SURFACE_SIDE_STYLE ('',( #5047 ) ) ;
#112 = EDGE_CURVE ( 'NONE', #4202, #6241, #632, .T. ) ;
#113 = CARTESIAN_POINT ( 'NONE',  ( 3.314333682014634075, 2.033147935050136912, 1.749999999999998890 ) ) ;
#114 = AXIS2_PLACEMENT_3D ( 'NONE', #8140, #2, #8190 ) ;
#115 = EDGE_CURVE ( 'NONE', #523, #1733, #6354, .T. ) ;
#116 = SURFACE_SIDE_STYLE ('',( #2627 ) ) ;
#117 = PRESENTATION_STYLE_ASSIGNMENT (( #4124 ) ) ;
#118 = CARTESIAN_POINT ( 'NONE',  ( 1.725000000000000311, 1.602511008277607507, 2.950910843381012061 ) ) ;
#119 = ORIENTED_EDGE ( 'NONE', *, *, #2202, .F. ) ;
#120 = ADVANCED_FACE ( 'NONE', ( #8961 ), #1304, .T. ) ;
#121 = FACE_OUTER_BOUND ( 'NONE', #5171, .T. ) ;
#122 = VECTOR ( 'NONE', #5711, 1000.000000000000000 ) ;
#123 = ORIENTED_EDGE ( 'NONE', *, *, #10283, .F. ) ;
#124 = CARTESIAN_POINT ( 'NONE',  ( 3.062593455610858051, 1.564586392933845937, -2.076184765183203496 ) ) ;
#125 = EDGE_CURVE ( 'NONE', #2249, #6154, #3138, .T. ) ;
#126 = EDGE_CURVE ( 'NONE', #2249, #1681, #923, .T. ) ;
#127 = CARTESIAN_POINT ( 'NONE',  ( -0.6430119572355916802, 1.649999999999999911, -1.787962972593760469 ) ) ;
#128 =( NAMED_UNIT ( * ) SI_UNIT ( $, .STERADIAN. ) SOLID_ANGLE_UNIT ( ) );
#129 = LINE ( 'NONE', #10786, #1005 ) ;
#130 = DIRECTION ( 'NONE',  ( 0.000000000000000000, 1.000000000000000000, -0.000000000000000000 ) ) ;
#131 = DIRECTION ( 'NONE',  ( 0.000000000000000000, -0.000000000000000000, 1.000000000000000000 ) ) ;
#132 = ORIENTED_EDGE ( 'NONE', *, *, #7291, .T. ) ;
#133 = ORIENTED_EDGE ( 'NONE', *, *, #10396, .T. ) ;
#134 = VERTEX_POINT ( 'NONE', #7077 ) ;
#135 = DIRECTION ( 'NONE',  ( -0.000000000000000000, -1.000000000000000000, 0.000000000000000000 ) ) ;
#136 = ORIENTED_EDGE ( 'NONE', *, *, #5217, .F. ) ;
#137 = EDGE_LOOP ( 'NONE', ( #4643, #472, #848, #2224, #6985, #7707 ) ) ;
#138 = EDGE_CURVE ( 'NONE', #8377, #979, #5452, .T. ) ;
#139 = FACE_OUTER_BOUND ( 'NONE', #8550, .T. ) ;
#140 = SURFACE_STYLE_FILL_AREA ( #1673 ) ;
#141 = CARTESIAN_POINT ( 'NONE',  ( -1.749999999999999334, 0.000000000000000000, 3.000000000000000000 ) ) ;
#142 = SHAPE_REPRESENTATION_RELATIONSHIP ( 'NONE' , 'NONE' ,  #4369, #10162 ) ;
#143 = CARTESIAN_POINT ( 'NONE',  ( 1.772620802047009114, 1.800000000000000488, 0.6841539964435490173 ) ) ;
#144 = DIRECTION ( 'NONE',  ( 0.000000000000000000, 1.000000000000000000, 0.000000000000000000 ) ) ;
#145 = DIRECTION ( 'NONE',  ( -0.03489949670249566094, 0.9993908270190958731, 0.000000000000000000 ) ) ;
#146 = ORIENTED_EDGE ( 'NONE', *, *, #10014, .T. ) ;
#147 = ORIENTED_EDGE ( 'NONE', *, *, #9953, .T. ) ;
#148 = VERTEX_POINT ( 'NONE', #4544 ) ;
#149 =( NAMED_UNIT ( * ) PLANE_ANGLE_UNIT ( ) SI_UNIT ( $, .RADIAN. ) );
#150 = CARTESIAN_POINT ( 'NONE',  ( -3.000000000000000444, 1.640999999999999792, -2.700000000000000178 ) ) ;
#151 = ORIENTED_EDGE ( 'NONE', *, *, #3383, .F. ) ;
#152 =( LENGTH_UNIT ( ) NAMED_UNIT ( * ) SI_UNIT ( .MILLI., .METRE. ) );
#153 = FILL_AREA_STYLE ('',( #1898 ) ) ;
#154 = ORIENTED_EDGE ( 'NONE', *, *, #3973, .T. ) ;
#155 = CYLINDRICAL_SURFACE ( 'NONE', #1101, 0.09999999999999982514 ) ;
#157 = CARTESIAN_POINT ( 'NONE',  ( -2.999999999999999112, 0.000000000000000000, -4.500000000000001776 ) ) ;
#156 = LINE ( 'NONE', #10326, #6601 ) ;
#158 = DIRECTION ( 'NONE',  ( 0.000000000000000000, -0.9863939238321436376, 0.1643989873053577078 ) ) ;
#159 = CARTESIAN_POINT ( 'NONE',  ( 1.766485034026790357, 0.9893483593578136226, -2.966396577844844895 ) ) ;
#160 = DIRECTION ( 'NONE',  ( -1.000000000000000000, -0.000000000000000000, 1.495451272393799542E-16 ) ) ;
#161 = VERTEX_POINT ( 'NONE', #6401 ) ;
#162 = DIRECTION ( 'NONE',  ( -1.000000000000000000, 0.000000000000000000, 8.673617379883937653E-15 ) ) ;
#163 = DIRECTION ( 'NONE',  ( -0.000000000000000000, -1.000000000000000000, 0.000000000000000000 ) ) ;
#164 = PLANE ( 'NONE',  #8189 ) ;
#165 = CARTESIAN_POINT ( 'NONE',  ( -1.750000000000001554, 1.040000000000000036, 3.000000000000000888 ) ) ;
#166 = MECHANICAL_DESIGN_GEOMETRIC_PRESENTATION_REPRESENTATION (  '', ( #1566 ), #10302 ) ;
#167 = DIRECTION ( 'NONE',  ( 0.1690054695747755520, 0.9856151131419452760, 0.000000000000000000 ) ) ;
#168 = VERTEX_POINT ( 'NONE', #5526 ) ;
#169 = CARTESIAN_POINT ( 'NONE',  ( -2.400000000000000355, 0.3999999999999999667, -0.5687500000000000888 ) ) ;
#170 = ORIENTED_EDGE ( 'NONE', *, *, #9486, .F. ) ;
#171 =( GEOMETRIC_REPRESENTATION_CONTEXT ( 3 ) GLOBAL_UNCERTAINTY_ASSIGNED_CONTEXT ( ( #624 ) ) GLOBAL_UNIT_ASSIGNED_CONTEXT ( ( #9426, #8589, #3552 ) ) REPRESENTATION_CONTEXT ( 'NONE', 'WORKASPACE' ) );
#172 = DIRECTION ( 'NONE',  ( -0.000000000000000000, 0.000000000000000000, -1.000000000000000000 ) ) ;
#173 = CARTESIAN_POINT ( 'NONE',  ( 3.035474657216254535, 0.4068829983659271732, 1.599999999999999645 ) ) ;
#174 = DIRECTION ( 'NONE',  ( 0.000000000000000000, -0.000000000000000000, -1.000000000000000000 ) ) ;
#175 = VECTOR ( 'NONE', #5946, 1000.000000000000000 ) ;
#176 = CARTESIAN_POINT ( 'NONE',  ( -1.766485034026790135, 0.9893483593578136226, 2.966396577844844451 ) ) ;
#177 = DIRECTION ( 'NONE',  ( 0.000000000000000000, -0.9974881498328389551, -0.07083354391148079243 ) ) ;
#178 = CARTESIAN_POINT ( 'NONE',  ( -1.750000000000001554, 0.9899999999999999911, 2.700000000000001066 ) ) ;
#179 = ORIENTED_EDGE ( 'NONE', *, *, #446, .T. ) ;
#180 = VERTEX_POINT ( 'NONE', #1405 ) ;
#181 = AXIS2_PLACEMENT_3D ( 'NONE', #8226, #10757, #8167 ) ;
#182 = EDGE_CURVE ( 'NONE', #9171, #8668, #4698, .T. ) ;
#183 = UNCERTAINTY_MEASURE_WITH_UNIT (LENGTH_MEASURE( 1.000000000000000082E-05 ), #3670, 'distance_accuracy_value', 'NONE');
#184 = ORIENTED_EDGE ( 'NONE', *, *, #8532, .T. ) ;
#185 = EDGE_CURVE ( 'NONE', #1505, #2672, #7234, .T. ) ;
#186 = ORIENTED_EDGE ( 'NONE', *, *, #7593, .T. ) ;
#187 = VECTOR ( 'NONE', #7180, 1000.000000000000000 ) ;
#188 = EDGE_CURVE ( 'NONE', #7513, #1505, #4752, .T. ) ;
#189 = AXIS2_PLACEMENT_3D ( 'NONE', #7126, #2022, #8584 ) ;
#190 = CARTESIAN_POINT ( 'NONE',  ( -3.099999999999985878, 1.649999999999999911, 2.799999999999999822 ) ) ;
#191 = ORIENTED_EDGE ( 'NONE', *, *, #10133, .F. ) ;
#192 = VECTOR ( 'NONE', #1465, 1000.000000000000000 ) ;
#193 = CARTESIAN_POINT ( 'NONE',  ( 3.000000000000000444, 0.000000000000000000, -2.400000000000000799 ) ) ;
#194 = PRESENTATION_STYLE_ASSIGNMENT (( #6023 ) ) ;
#195 = CARTESIAN_POINT ( 'NONE',  ( -2.399999999999999911, 0.4500000000000001776, -0.9000000000000005773 ) ) ;
#196 = DIRECTION ( 'NONE',  ( 0.000000000000000000, 1.000000000000000000, -0.000000000000000000 ) ) ;
#197 = FILL_AREA_STYLE_COLOUR ( '', #5066 ) ;
#198 = CARTESIAN_POINT ( 'NONE',  ( 0.8000000000000000444, 1.650000000000001021, 2.701845832985407814 ) ) ;
#199 = EDGE_LOOP ( 'NONE', ( #1179, #8997, #6730, #6140, #1283 ) ) ;
#200 = UNCERTAINTY_MEASURE_WITH_UNIT (LENGTH_MEASURE( 1.000000000000000082E-05 ), #4885, 'distance_accuracy_value', 'NONE');
#201 = ORIENTED_EDGE ( 'NONE', *, *, #10472, .T. ) ;
#202 = ORIENTED_EDGE ( 'NONE', *, *, #3510, .F. ) ;
#203 = DIRECTION ( 'NONE',  ( 1.000000000000000000, 0.000000000000000000, 0.000000000000000000 ) ) ;
#204 = EDGE_CURVE ( 'NONE', #5757, #1348, #3956, .T. ) ;
#205 = CARTESIAN_POINT ( 'NONE',  ( -3.000000000000000000, 1.649999999999999911, -1.900000000000000355 ) ) ;
#206 = ORIENTED_EDGE ( 'NONE', *, *, #10255, .T. ) ;
#207 = FACE_OUTER_BOUND ( 'NONE', #6685, .T. ) ;
#208 = EDGE_CURVE ( 'NONE', #2806, #2066, #478, .T. ) ;
#209 = CIRCLE ( 'NONE', #7170, 0.1000000000000002554 ) ;
#210 = DIRECTION ( 'NONE',  ( 0.5299989400031804854, -0.8479983040050876886, -0.000000000000000000 ) ) ;
#211 = CARTESIAN_POINT ( 'NONE',  ( 3.102876977371610501, 0.7999634446562072787, -2.400000000000000799 ) ) ;
#213 = PLANE ( 'NONE',  #3766 ) ;
#212 = DIRECTION ( 'NONE',  ( -0.000000000000000000, -1.000000000000000000, -0.000000000000000000 ) ) ;
#214 = SURFACE_STYLE_USAGE ( .BOTH. , #10391 ) ;
#215 = CARTESIAN_POINT ( 'NONE',  ( 3.100000000000000977, 1.800000000000000488, 1.899999999999999911 ) ) ;
#216 = EDGE_LOOP ( 'NONE', ( #3582, #6712, #5112, #8712 ) ) ;
#217 = DIRECTION ( 'NONE',  ( 0.000000000000000000, -1.000000000000000000, 0.000000000000000000 ) ) ;
#218 = DIRECTION ( 'NONE',  ( 1.000000000000000000, 0.000000000000000000, 0.000000000000000000 ) ) ;
#219 = ORIENTED_EDGE ( 'NONE', *, *, #208, .F. ) ;
#220 = SURFACE_STYLE_FILL_AREA ( #4292 ) ;
#221 = COLOUR_RGB ( '',0.8431372549019607865, 0.8156862745098039102, 0.7529411764705882248 ) ;
#222 = CARTESIAN_POINT ( 'NONE',  ( 3.100000000000000533, 1.800000000000000488, -1.899999999999999467 ) ) ;
#223 = PRODUCT_DEFINITION_FORMATION_WITH_SPECIFIED_SOURCE ( 'ANY', '', #6566, .NOT_KNOWN. ) ;
#224 =( NAMED_UNIT ( * ) PLANE_ANGLE_UNIT ( ) SI_UNIT ( $, .RADIAN. ) );
#225 = DIRECTION ( 'NONE',  ( -3.252606517456546750E-14, 0.000000000000000000, -1.000000000000000000 ) ) ;
#226 = ADVANCED_FACE ( 'NONE', ( #4209 ), #3356, .T. ) ;
#227 = CARTESIAN_POINT ( 'NONE',  ( -1.821402008895268487, -7.856804290284272518, -2.400000000000000799 ) ) ;
#228 = EDGE_LOOP ( 'NONE', ( #5031, #1392, #1354, #1736 ) ) ;
#229 = DIRECTION ( 'NONE',  ( -1.000000000000000000, -0.000000000000000000, 0.000000000000000000 ) ) ;
#230 = VECTOR ( 'NONE', #7400, 999.9999999999998863 ) ;
#231 = ORIENTED_EDGE ( 'NONE', *, *, #442, .F. ) ;
#232 = DIRECTION ( 'NONE',  ( -0.000000000000000000, -0.8479983040050884657, -0.5299989400031792641 ) ) ;
#233 = VECTOR ( 'NONE', #9871, 1000.000000000000000 ) ;
#234 = CARTESIAN_POINT ( 'NONE',  ( -3.102876977371611389, 0.7999634446562046142, 2.400000000000000355 ) ) ;
#235 = DIRECTION ( 'NONE',  ( 0.000000000000000000, -0.9974881498328390661, 0.07083354391148080631 ) ) ;
#236 = CARTESIAN_POINT ( 'NONE',  ( -1.725000000000000089, 1.779925552076474959, -2.799999999999999822 ) ) ;
#237 = LINE ( 'NONE', #3563, #10378 ) ;
#238 = CARTESIAN_POINT ( 'NONE',  ( 3.040897557006595697, 1.618310533701242449, 1.500000000000000000 ) ) ;
#239 = ORIENTED_EDGE ( 'NONE', *, *, #4404, .T. ) ;
#240 = ORIENTED_EDGE ( 'NONE', *, *, #7397, .T. ) ;
#241 = ORIENTED_EDGE ( 'NONE', *, *, #1258, .F. ) ;
#242 = STYLED_ITEM ( 'NONE', ( #8696 ), #1148 ) ;
#243 = FACE_OUTER_BOUND ( 'NONE', #10428, .T. ) ;
#244 = ORIENTED_EDGE ( 'NONE', *, *, #5709, .F. ) ;
#245 = VECTOR ( 'NONE', #5627, 1000.000000000000000 ) ;
#246 = VERTEX_POINT ( 'NONE', #6569 ) ;
#247 = LINE ( 'NONE', #2101, #8947 ) ;
#248 = DIRECTION ( 'NONE',  ( -0.5299989400031803743, 0.8479983040050877996, 0.000000000000000000 ) ) ;
#249 = EDGE_CURVE ( 'NONE', #2250, #3416, #4973, .T. ) ;
#250 = CARTESIAN_POINT ( 'NONE',  ( -9.901648023587490550E-17, 1.800000000000000266, 1.899999999999999911 ) ) ;
#251 = DIRECTION ( 'NONE',  ( 0.000000000000000000, 0.000000000000000000, 1.000000000000000000 ) ) ;
#252 = STYLED_ITEM ( 'NONE', ( #9592 ), #7270 ) ;
#253 = EDGE_CURVE ( 'NONE', #440, #6351, #4002, .T. ) ;
#254 = ORIENTED_EDGE ( 'NONE', *, *, #10133, .T. ) ;
#255 = ORIENTED_EDGE ( 'NONE', *, *, #6783, .F. ) ;
#256 = DIRECTION ( 'NONE',  ( -1.517883041479709048E-14, 0.000000000000000000, 1.000000000000000000 ) ) ;
#257 = EDGE_CURVE ( 'NONE', #9769, #5354, #9124, .T. ) ;
#258 = CARTESIAN_POINT ( 'NONE',  ( -3.250000000000001332, 1.321879589400769550, -2.076184765183203496 ) ) ;
#259 = ORIENTED_EDGE ( 'NONE', *, *, #7877, .F. ) ;
#260 = CARTESIAN_POINT ( 'NONE',  ( -1.725000000000000089, 1.557616856953449869, -2.801218986759972829 ) ) ;
#261 = CARTESIAN_POINT ( 'NONE',  ( 1.399999999999999911, 0.5499999999999999334, -2.999623222474934181 ) ) ;
#262 = PLANE ( 'NONE',  #5056 ) ;
#263 = VERTEX_POINT ( 'NONE', #10754 ) ;
#264 = VECTOR ( 'NONE', #6917, 1000.000000000000000 ) ;
#265 = EDGE_CURVE ( 'NONE', #7893, #5312, #7345, .T. ) ;
#266 = LINE ( 'NONE', #10055, #7537 ) ;
#268 = CARTESIAN_POINT ( 'NONE',  ( -1.725000000000000089, 0.9900000000000060973, -2.969132483627872521 ) ) ;
#267 = CARTESIAN_POINT ( 'NONE',  ( 3.000000000000000888, 1.023333333333333872, -2.900000000000001243 ) ) ;
#269 = CARTESIAN_POINT ( 'NONE',  ( -3.035474657216254979, 0.4068829983659274507, 1.749999999999998890 ) ) ;
#270 = CARTESIAN_POINT ( 'NONE',  ( 3.000000000000000888, 0.9899999999999999911, 2.700000000000001066 ) ) ;
#271 = EDGE_CURVE ( 'NONE', #1885, #3700, #8162, .T. ) ;
#272 = VERTEX_POINT ( 'NONE', #5017 ) ;
#273 = DIRECTION ( 'NONE',  ( -0.9856151131419450540, -0.1690054695747772451, 0.000000000000000000 ) ) ;
#274 =( GEOMETRIC_REPRESENTATION_CONTEXT ( 3 ) GLOBAL_UNCERTAINTY_ASSIGNED_CONTEXT ( ( #2163 ) ) GLOBAL_UNIT_ASSIGNED_CONTEXT ( ( #8400, #756, #7685 ) ) REPRESENTATION_CONTEXT ( 'NONE', 'WORKASPACE' ) );
#275 = CARTESIAN_POINT ( 'NONE',  ( -1.624278986266878944, -7.823003196369318957, -4.500000000000001776 ) ) ;
#276 = FACE_OUTER_BOUND ( 'NONE', #2651, .T. ) ;
#277 = CARTESIAN_POINT ( 'NONE',  ( -1.760777309639018462, 1.650000000000000577, 2.747801334123672667 ) ) ;
#278 = VECTOR ( 'NONE', #5858, 1000.000000000000000 ) ;
#279 = FILL_AREA_STYLE_COLOUR ( '', #2275 ) ;
#280 = MECHANICAL_DESIGN_GEOMETRIC_PRESENTATION_REPRESENTATION (  '', ( #8839 ), #1700 ) ;
#281 = CARTESIAN_POINT ( 'NONE',  ( -1.950000000000000622, 0.000000000000000000, -2.400000000000001243 ) ) ;
#282 = ORIENTED_EDGE ( 'NONE', *, *, #4628, .F. ) ;
#283 = ORIENTED_EDGE ( 'NONE', *, *, #9000, .T. ) ;
#284 = AXIS2_PLACEMENT_3D ( 'NONE', #5445, #8029, #3769 ) ;
#285 = LINE ( 'NONE', #2800, #106 ) ;
#286 = CARTESIAN_POINT ( 'NONE',  ( -1.900033674241035309, 1.650000000000000133, 0.1206298916308669589 ) ) ;
#287 = CARTESIAN_POINT ( 'NONE',  ( -1.724999999999999867, 1.793126469462962058, -2.769076929586161473 ) ) ;
#288 = CARTESIAN_POINT ( 'NONE',  ( 0.2963814269570374527, 0.04999999999999999584, 2.040066950949691815 ) ) ;
#289 = CARTESIAN_POINT ( 'NONE',  ( 2.399999999999999467, 0.4000000000000000222, 0.9000000000000003553 ) ) ;
#290 = ORIENTED_EDGE ( 'NONE', *, *, #5169, .F. ) ;
#291 = ORIENTED_EDGE ( 'NONE', *, *, #779, .F. ) ;
#292 = VECTOR ( 'NONE', #9525, 1000.000000000000114 ) ;
#293 = EDGE_LOOP ( 'NONE', ( #9694, #1721, #6099, #5739, #9754, #340, #2592, #5253 ) ) ;
#294 = DIRECTION ( 'NONE',  ( -6.353297051085605779E-15, 0.9974881498328391771, -0.07083354391148080631 ) ) ;
#295 = ORIENTED_EDGE ( 'NONE', *, *, #10081, .F. ) ;
#296 = B_SPLINE_CURVE_WITH_KNOTS ( 'NONE', 3,
 ( #8686, #260, #1197, #1033 ),
 .UNSPECIFIED., .F., .F.,
 ( 4, 4 ),
 ( 0.000000000000000000, 1.000000000000000000 ),
 .UNSPECIFIED. ) ;
#297 = EDGE_LOOP ( 'NONE', ( #3953, #10759, #1480, #3879 ) ) ;
#298 = DIRECTION ( 'NONE',  ( -0.000000000000000000, -1.000000000000000000, -0.000000000000000000 ) ) ;
#299 = LINE ( 'NONE', #7673, #2329 ) ;
#300 = VECTOR ( 'NONE', #9761, 1000.000000000000114 ) ;
#301 = APPLICATION_PROTOCOL_DEFINITION ( 'draft international standard', 'automotive_design', 1998, #3328 ) ;
#302 = PLANE ( 'NONE',  #6867 ) ;
#303 = LINE ( 'NONE', #5142, #4718 ) ;
#304 = FACE_OUTER_BOUND ( 'NONE', #4183, .T. ) ;
#305 = ORIENTED_EDGE ( 'NONE', *, *, #5356, .T. ) ;
#306 = UNCERTAINTY_MEASURE_WITH_UNIT (LENGTH_MEASURE( 1.000000000000000082E-05 ), #2469, 'distance_accuracy_value', 'NONE');
#307 = EDGE_LOOP ( 'NONE', ( #10359, #5578, #676, #2509 ) ) ;
#308 = PLANE ( 'NONE',  #10357 ) ;
#309 = ORIENTED_EDGE ( 'NONE', *, *, #7256, .T. ) ;
#310 = EDGE_CURVE ( 'NONE', #9280, #1732, #6512, .T. ) ;
#311 =( NAMED_UNIT ( * ) PLANE_ANGLE_UNIT ( ) SI_UNIT ( $, .RADIAN. ) );
#312 = FACE_OUTER_BOUND ( 'NONE', #2810, .T. ) ;
#313 = FACE_OUTER_BOUND ( 'NONE', #9240, .T. ) ;
#314 = PLANE ( 'NONE',  #8596 ) ;
#316 = DIRECTION ( 'NONE',  ( -2.990902544787597113E-16, 0.000000000000000000, -1.000000000000000000 ) ) ;
#315 = LINE ( 'NONE', #9524, #515 ) ;
#317 = DIRECTION ( 'NONE',  ( -1.000000000000000000, 0.000000000000000000, 0.000000000000000000 ) ) ;
#318 = CARTESIAN_POINT ( 'NONE',  ( -1.750000000000000222, 0.9791474364207025660, -2.819525418635503655 ) ) ;
#319 = ORIENTED_EDGE ( 'NONE', *, *, #4561, .T. ) ;
#320 = ADVANCED_FACE ( 'NONE', ( #9835 ), #1674, .F. ) ;
#321 = EDGE_CURVE ( 'NONE', #8377, #4388, #6453, .T. ) ;
#322 = EDGE_CURVE ( 'NONE', #9170, #3570, #7567, .T. ) ;
#323 = SURFACE_STYLE_FILL_AREA ( #4495 ) ;
#324 = ADVANCED_FACE ( 'NONE', ( #10799 ), #8389, .T. ) ;
#325 = CARTESIAN_POINT ( 'NONE',  ( 1.725000000000000089, 0.9900000000000056533, -2.969132483627863195 ) ) ;
#326 =( NAMED_UNIT ( * ) SI_UNIT ( $, .STERADIAN. ) SOLID_ANGLE_UNIT ( ) );
#327 = CARTESIAN_POINT ( 'NONE',  ( -2.957693958919709321, 1.621747856389878839, -2.818305826175841133 ) ) ;
#328 = SURFACE_STYLE_FILL_AREA ( #5278 ) ;
#329 =( NAMED_UNIT ( * ) PLANE_ANGLE_UNIT ( ) SI_UNIT ( $, .RADIAN. ) );
#330 = VERTEX_POINT ( 'NONE', #5694 ) ;
#331 = EDGE_CURVE ( 'NONE', #4774, #4219, #3302, .T. ) ;
#332 = EDGE_LOOP ( 'NONE', ( #3602, #8362, #5923, #6742 ) ) ;
#333 = DIRECTION ( 'NONE',  ( 4.818676322157803291E-16, 0.000000000000000000, -1.000000000000000000 ) ) ;
#334 = CARTESIAN_POINT ( 'NONE',  ( 2.550000000000002043, 0.000000000000000000, -1.599999999999999423 ) ) ;
#335 = CARTESIAN_POINT ( 'NONE',  ( -0.7134091054948183963, 1.650000000000000355, 1.761039345852726923 ) ) ;
#336 = CARTESIAN_POINT ( 'NONE',  ( -1.724999999999999867, 1.800000000000000711, -2.701845832985407814 ) ) ;
#337 = VECTOR ( 'NONE', #10788, 1000.000000000000000 ) ;
#338 = CARTESIAN_POINT ( 'NONE',  ( -2.550000000000002487, 0.2000000000000000111, -1.599999999999999867 ) ) ;
#339 = VERTEX_POINT ( 'NONE', #9884 ) ;
#340 = ORIENTED_EDGE ( 'NONE', *, *, #6428, .T. ) ;
#341 = ORIENTED_EDGE ( 'NONE', *, *, #1791, .F. ) ;
#342 = CARTESIAN_POINT ( 'NONE',  ( 5.000000000000000888, 0.000000000000000000, 2.800000000000000266 ) ) ;
#343 = AXIS2_PLACEMENT_3D ( 'NONE', #8409, #1691, #9954 ) ;
#344 = ORIENTED_EDGE ( 'NONE', *, *, #3210, .F. ) ;
#345 = ORIENTED_EDGE ( 'NONE', *, *, #7799, .T. ) ;
#346 = AXIS2_PLACEMENT_3D ( 'NONE', #2473, #5552, #8931 ) ;
#347 = DIRECTION ( 'NONE',  ( 1.000000000000000000, 0.000000000000000000, -0.000000000000000000 ) ) ;
#348 = DIRECTION ( 'NONE',  ( 0.9856151131419452760, -0.1690054695747755520, 0.000000000000000000 ) ) ;
#349 = CARTESIAN_POINT ( 'NONE',  ( -1.744401821570569222, 0.5606250315867198353, -2.999623222474926187 ) ) ;
#350 = STYLED_ITEM ( 'NONE', ( #8533 ), #5780 ) ;
#351 = CARTESIAN_POINT ( 'NONE',  ( 3.062593455610858051, 1.564586392933846160, 1.467446827165955758 ) ) ;
#352 = DIRECTION ( 'NONE',  ( -1.000000000000000000, 0.000000000000000000, -0.000000000000000000 ) ) ;
#353 = EDGE_LOOP ( 'NONE', ( #5013, #1619, #3221, #4156 ) ) ;
#354 = EDGE_CURVE ( 'NONE', #10743, #9155, #6620, .T. ) ;
#355 = PRESENTATION_LAYER_ASSIGNMENT (  '', '', ( #8943 ) ) ;
#356 = ORIENTED_EDGE ( 'NONE', *, *, #7385, .T. ) ;
#357 = VECTOR ( 'NONE', #1042, 1000.000000000000000 ) ;
#358 = DIRECTION ( 'NONE',  ( -0.000000000000000000, -0.000000000000000000, -1.000000000000000000 ) ) ;
#359 = ORIENTED_EDGE ( 'NONE', *, *, #1793, .F. ) ;
#360 = LINE ( 'NONE', #2720, #2895 ) ;
#361 = VECTOR ( 'NONE', #8854, 1000.000000000000000 ) ;
#362 = CARTESIAN_POINT ( 'NONE',  ( -2.500000000000000000, 0.05000000000000000278, 0.9999999999999991118 ) ) ;
#363 = DIRECTION ( 'NONE',  ( 0.000000000000000000, -1.000000000000000000, -0.000000000000000000 ) ) ;
#364 = VERTEX_POINT ( 'NONE', #2502 ) ;
#365 = VECTOR ( 'NONE', #6859, 1000.000000000000000 ) ;
#366 = CARTESIAN_POINT ( 'NONE',  ( 3.101604300710406825, 1.300000000000003153, 0.5999999999999999778 ) ) ;
#367 = CARTESIAN_POINT ( 'NONE',  ( -2.799999999999999822, 3.100000000000000089, -1.400000000000000577 ) ) ;
#368 = SURFACE_STYLE_FILL_AREA ( #10171 ) ;
#369 = LINE ( 'NONE', #3698, #6798 ) ;
#370 = ORIENTED_EDGE ( 'NONE', *, *, #7059, .F. ) ;
#371 = COLOUR_RGB ( '',0.6470588235294117974, 0.6196078431372549211, 0.5882352941176470784 ) ;
#372 = PRESENTATION_STYLE_ASSIGNMENT (( #6878 ) ) ;
#373 = CYLINDRICAL_SURFACE ( 'NONE', #8046, 1.899999999999999911 ) ;
#374 = CYLINDRICAL_SURFACE ( 'NONE', #6296, 1.500000000000000222 ) ;
#375 = LINE ( 'NONE', #2237, #9205 ) ;
#376 = MECHANICAL_DESIGN_GEOMETRIC_PRESENTATION_REPRESENTATION (  '', ( #3493 ), #8745 ) ;
#377 = CARTESIAN_POINT ( 'NONE',  ( 1.822042636654192194, 1.639999999999999680, 2.699999999999999289 ) ) ;
#378 = EDGE_CURVE ( 'NONE', #3726, #752, #5745, .T. ) ;
#379 = FILL_AREA_STYLE ('',( #4503 ) ) ;
#380 = VECTOR ( 'NONE', #2785, 1000.000000000000000 ) ;
#381 = ADVANCED_FACE ( 'NONE', ( #9069 ), #5808, .T. ) ;
#382 =( NAMED_UNIT ( * ) SI_UNIT ( $, .STERADIAN. ) SOLID_ANGLE_UNIT ( ) );
#383 = ORIENTED_EDGE ( 'NONE', *, *, #3176, .T. ) ;
#384 = ADVANCED_FACE ( 'NONE', ( #9399 ), #2654, .F. ) ;
#385 = ORIENTED_EDGE ( 'NONE', *, *, #4508, .T. ) ;
#386 = AXIS2_PLACEMENT_3D ( 'NONE', #6739, #9184, #4005 ) ;
#387 = FACE_OUTER_BOUND ( 'NONE', #1941, .T. ) ;
#388 = DIRECTION ( 'NONE',  ( 0.000000000000000000, 0.9974881498328390661, 0.07083354391147921036 ) ) ;
#389 = DIRECTION ( 'NONE',  ( 0.000000000000000000, 0.07083354391147970996, 0.9974881498328390661 ) ) ;
#390 = DIRECTION ( 'NONE',  ( -1.000000000000000000, -7.477256361969001410E-17, 7.477256361969032224E-17 ) ) ;
#391 = CARTESIAN_POINT ( 'NONE',  ( 0.05658671886708061677, 0.05000000000000001665, 1.252632938710159571 ) ) ;
#392 = VECTOR ( 'NONE', #3404, 1000.000000000000000 ) ;
#393 = CARTESIAN_POINT ( 'NONE',  ( -1.821402008895268487, -7.856804290284272518, -1.600000000000000311 ) ) ;
#394 = ORIENTED_EDGE ( 'NONE', *, *, #6316, .F. ) ;
#395 = ORIENTED_EDGE ( 'NONE', *, *, #8097, .F. ) ;
#396 = ADVANCED_FACE ( 'NONE', ( #5247 ), #7832, .F. ) ;
#397 = ORIENTED_EDGE ( 'NONE', *, *, #4511, .F. ) ;
#398 = B_SPLINE_CURVE_WITH_KNOTS ( 'NONE', 3,
 ( #8011, #2347, #2287, #591 ),
 .UNSPECIFIED., .F., .F.,
 ( 4, 4 ),
 ( 0.000000000000000000, 1.000000000000000000 ),
 .UNSPECIFIED. ) ;
#399 = CARTESIAN_POINT ( 'NONE',  ( 1.725000000000000089, 1.569124839807742644, 2.799999999999999822 ) ) ;
#400 = EDGE_LOOP ( 'NONE', ( #666, #10290, #7068 ) ) ;
#401 = EDGE_LOOP ( 'NONE', ( #5239, #3098, #1489, #8274 ) ) ;
#402 = PRESENTATION_LAYER_ASSIGNMENT (  '', '', ( #62 ) ) ;
#403 = AXIS2_PLACEMENT_3D ( 'NONE', #275, #6929, #2179 ) ;
#404 = CARTESIAN_POINT ( 'NONE',  ( 0.5999936494202603443, 1.650000000000000355, 1.375029273410701469 ) ) ;
#405 = DIRECTION ( 'NONE',  ( -0.4961389383568332034, 0.000000000000000000, -0.8682431421244596326 ) ) ;
#406 = DIRECTION ( 'NONE',  ( -0.9893046619307649392, 0.1458639293384590141, 0.000000000000000000 ) ) ;
#407 = PLANE ( 'NONE',  #3720 ) ;
#408 = CARTESIAN_POINT ( 'NONE',  ( 0.000000000000000000, 0.000000000000000000, 0.000000000000000000 ) ) ;
#409 = CARTESIAN_POINT ( 'NONE',  ( -3.101604300710384621, 1.300000000000000266, -2.076184765183203496 ) ) ;
#410 =( NAMED_UNIT ( * ) SI_UNIT ( $, .STERADIAN. ) SOLID_ANGLE_UNIT ( ) );
#411 = VECTOR ( 'NONE', #7570, 1000.000000000000000 ) ;
#412 =( GEOMETRIC_REPRESENTATION_CONTEXT ( 3 ) GLOBAL_UNCERTAINTY_ASSIGNED_CONTEXT ( ( #1296 ) ) GLOBAL_UNIT_ASSIGNED_CONTEXT ( ( #7656, #8371, #128 ) ) REPRESENTATION_CONTEXT ( 'NONE', 'WORKASPACE' ) );
#413 = VERTEX_POINT ( 'NONE', #7623 ) ;
#414 = VECTOR ( 'NONE', #4530, 1000.000000000000000 ) ;
#415 = MECHANICAL_DESIGN_GEOMETRIC_PRESENTATION_REPRESENTATION (  '', ( #4564 ), #5099 ) ;
#416 = ORIENTED_EDGE ( 'NONE', *, *, #5905, .F. ) ;
#417 = LINE ( 'NONE', #6348, #7016 ) ;
#418 = VERTEX_POINT ( 'NONE', #5081 ) ;
#419 = VERTEX_POINT ( 'NONE', #1076 ) ;
#420 = FILL_AREA_STYLE_COLOUR ( '', #4858 ) ;
#421 = VECTOR ( 'NONE', #10668, 1000.000000000000000 ) ;
#422 =( NAMED_UNIT ( * ) PLANE_ANGLE_UNIT ( ) SI_UNIT ( $, .RADIAN. ) );
#423 = FILL_AREA_STYLE_COLOUR ( '', #8770 ) ;
#424 = CARTESIAN_POINT ( 'NONE',  ( -2.987973688037980136, 1.799111909717491242, 1.500000000000000000 ) ) ;
#425 = CARTESIAN_POINT ( 'NONE',  ( -3.062593455610858051, 1.564586392933845937, -2.076184765183203496 ) ) ;
#426 = CARTESIAN_POINT ( 'NONE',  ( 3.292587603644799632, 0.1290100165387155495, -0.6000000000000000888 ) ) ;
#427 = ORIENTED_EDGE ( 'NONE', *, *, #3783, .T. ) ;
#428 = FACE_OUTER_BOUND ( 'NONE', #5859, .T. ) ;
#429 =( GEOMETRIC_REPRESENTATION_CONTEXT ( 3 ) GLOBAL_UNCERTAINTY_ASSIGNED_CONTEXT ( ( #735 ) ) GLOBAL_UNIT_ASSIGNED_CONTEXT ( ( #9689, #7253, #3867 ) ) REPRESENTATION_CONTEXT ( 'NONE', 'WORKASPACE' ) );
#430 = LINE ( 'NONE', #3754, #5087 ) ;
#431 = ADVANCED_FACE ( 'NONE', ( #2600 ), #9343, .F. ) ;
#432 = FILL_AREA_STYLE ('',( #5485 ) ) ;
#433 = SURFACE_SIDE_STYLE ('',( #7968 ) ) ;
#434 = CARTESIAN_POINT ( 'NONE',  ( -2.399999999999999911, 0.4500000000000001776, -0.6000000000000000888 ) ) ;
#435 = CARTESIAN_POINT ( 'NONE',  ( 3.000000000000000888, 1.539999999999997371, 2.900000000000000355 ) ) ;
#436 = CARTESIAN_POINT ( 'NONE',  ( -3.100000000000000533, 1.800000000000000488, 1.900000000000000799 ) ) ;
#437 = AXIS2_PLACEMENT_3D ( 'NONE', #3744, #10432, #6447 ) ;
#438 = SURFACE_STYLE_FILL_AREA ( #2849 ) ;
#439 = VECTOR ( 'NONE', #8864, 1000.000000000000000 ) ;
#440 = VERTEX_POINT ( 'NONE', #8560 ) ;
#441 = ADVANCED_FACE ( 'NONE', ( #1834 ), #7785, .F. ) ;
#442 = EDGE_CURVE ( 'NONE', #1430, #1337, #1137, .T. ) ;
#443 = CARTESIAN_POINT ( 'NONE',  ( 1.925148002730172170, 0.9769830308341536096, -2.790119379872318284 ) ) ;
#444 = AXIS2_PLACEMENT_3D ( 'NONE', #26, #7562, #9282 ) ;
#445 = CARTESIAN_POINT ( 'NONE',  ( 2.275444008190515177, 0.6162866415643626361, 2.756613646582691146 ) ) ;
#446 = EDGE_CURVE ( 'NONE', #6021, #5510, #299, .T. ) ;
#447 = CARTESIAN_POINT ( 'NONE',  ( -3.204135107032035190, 1.618360519674129305, -1.499999999999999112 ) ) ;
#448 = LINE ( 'NONE', #4620, #6100 ) ;
#449 = CARTESIAN_POINT ( 'NONE',  ( 0.4474173560639269076, 0.05000000000000000278, 1.756459249807522660 ) ) ;
#450 = FILL_AREA_STYLE ('',( #4518 ) ) ;
#451 = ORIENTED_EDGE ( 'NONE', *, *, #7383, .T. ) ;
#452 = VERTEX_POINT ( 'NONE', #6846 ) ;
#453 = AXIS2_PLACEMENT_3D ( 'NONE', #7094, #7977, #388 ) ;
#454 = ORIENTED_EDGE ( 'NONE', *, *, #6251, .T. ) ;
#455 = FACE_OUTER_BOUND ( 'NONE', #8313, .T. ) ;
#456 = ORIENTED_EDGE ( 'NONE', *, *, #7773, .T. ) ;
#457 = EDGE_CURVE ( 'NONE', #6044, #10123, #1188, .T. ) ;
#458 = EDGE_CURVE ( 'NONE', #9187, #7740, #3460, .T. ) ;
#459 = ADVANCED_FACE ( 'NONE', ( #10203 ), #4373, .F. ) ;
#460 = CARTESIAN_POINT ( 'NONE',  ( -2.399999999999999467, 0.4000000000000000222, 0.9000000000000003553 ) ) ;
#461 = CARTESIAN_POINT ( 'NONE',  ( 1.750000000000000666, 0.000000000000000000, 2.799999999999999822 ) ) ;
#462 =( NAMED_UNIT ( * ) SI_UNIT ( $, .STERADIAN. ) SOLID_ANGLE_UNIT ( ) );
#463 = DIRECTION ( 'NONE',  ( -0.1660101621116049919, -0.06985066062633342454, -0.9836470460921150627 ) ) ;
#464 = LINE ( 'NONE', #3023, #1134 ) ;
#465 = VECTOR ( 'NONE', #9363, 1000.000000000000114 ) ;
#466 = DIRECTION ( 'NONE',  ( -0.000000000000000000, -0.000000000000000000, -1.000000000000000000 ) ) ;
#467 = ORIENTED_EDGE ( 'NONE', *, *, #1992, .T. ) ;
#468 = EDGE_LOOP ( 'NONE', ( #10182, #6272, #625, #1448 ) ) ;
#469 = LINE ( 'NONE', #6445, #5792 ) ;
#470 = ORIENTED_EDGE ( 'NONE', *, *, #2043, .T. ) ;
#471 = CARTESIAN_POINT ( 'NONE',  ( -1.849999999999999645, 0.9899999999999999911, 2.700000000000000178 ) ) ;
#472 = ORIENTED_EDGE ( 'NONE', *, *, #4112, .F. ) ;
#473 = EDGE_CURVE ( 'NONE', #6785, #4460, #6902, .T. ) ;
#474 = VECTOR ( 'NONE', #7874, 1000.000000000000000 ) ;
#475 = PRODUCT_DEFINITION_SHAPE ( 'NONE', 'NONE',  #10822 ) ;
#476 = CARTESIAN_POINT ( 'NONE',  ( -0.2485372562949192676, 0.2400000000000000466, 1.668355272555076318 ) ) ;
#477 = CARTESIAN_POINT ( 'NONE',  ( -1.158199755421449817, 1.800000000000000488, 1.528701009593822935 ) ) ;
#478 = LINE ( 'NONE', #2118, #1617 ) ;
#479 = SURFACE_STYLE_USAGE ( .BOTH. , #8006 ) ;
#480 = CARTESIAN_POINT ( 'NONE',  ( -2.975818384536700112, 1.800000000000000933, 1.500000000000000000 ) ) ;
#481 =( NAMED_UNIT ( * ) SI_UNIT ( $, .STERADIAN. ) SOLID_ANGLE_UNIT ( ) );
#482 = VERTEX_POINT ( 'NONE', #6076 ) ;
#483 = FACE_OUTER_BOUND ( 'NONE', #5441, .T. ) ;
#484 =( NAMED_UNIT ( * ) PLANE_ANGLE_UNIT ( ) SI_UNIT ( $, .RADIAN. ) );
#485 = PRESENTATION_STYLE_ASSIGNMENT (( #4867 ) ) ;
#486 = LINE ( 'NONE', #7912, #9813 ) ;
#487 = CARTESIAN_POINT ( 'NONE',  ( -1.725000000000000089, 0.000000000000000000, -2.799999999999999822 ) ) ;
#488 = CARTESIAN_POINT ( 'NONE',  ( 2.199999999999999734, 0.2000000000000000111, 1.800000000000000488 ) ) ;
#489 = CARTESIAN_POINT ( 'NONE',  ( 3.000000000000000888, 1.639999999999999902, -2.899999999999999911 ) ) ;
#490 = FACE_OUTER_BOUND ( 'NONE', #8459, .T. ) ;
#491 = CARTESIAN_POINT ( 'NONE',  ( 3.197123022628389322, 0.1661989060850456168, -2.400000000000000799 ) ) ;
#492 = B_SPLINE_CURVE_WITH_KNOTS ( 'NONE', 3,
 ( #1636, #2294, #5822, #9899, #3215, #696 ),
 .UNSPECIFIED., .F., .F.,
 ( 4, 2, 4 ),
 ( 0.000000000000000000, 0.5000000000000000000, 1.000000000000000000 ),
 .UNSPECIFIED. ) ;
#493 = ORIENTED_EDGE ( 'NONE', *, *, #2043, .F. ) ;
#494 = CARTESIAN_POINT ( 'NONE',  ( -2.549999999999999822, 0.2000000000000000111, 1.600000000000000533 ) ) ;
#495 = LINE ( 'NONE', #2908, #7073 ) ;
#496 = LINE ( 'NONE', #5549, #10242 ) ;
#497 = DIRECTION ( 'NONE',  ( -0.000000000000000000, 0.000000000000000000, -1.000000000000000000 ) ) ;
#498 = LINE ( 'NONE', #10295, #10387 ) ;
#499 = FILL_AREA_STYLE_COLOUR ( '', #7308 ) ;
#500 = EDGE_LOOP ( 'NONE', ( #1383, #6766, #6381, #154 ) ) ;
#501 = EDGE_LOOP ( 'NONE', ( #5964, #6892, #3525, #1113 ) ) ;
#502 = VERTEX_POINT ( 'NONE', #6737 ) ;
#503 = DIRECTION ( 'NONE',  ( 0.000000000000000000, -0.9974881498328390661, 0.07083354391147921036 ) ) ;
#504 = ORIENTED_EDGE ( 'NONE', *, *, #10808, .T. ) ;
#505 = CARTESIAN_POINT ( 'NONE',  ( 0.4628680418394442997, 1.649999999999999689, -1.427045656572681676 ) ) ;
#506 = PLANE ( 'NONE',  #3929 ) ;
#507 = DIRECTION ( 'NONE',  ( 1.000000000000000000, 0.000000000000000000, 0.000000000000000000 ) ) ;
#508 = CARTESIAN_POINT ( 'NONE',  ( 0.1390914280404603465, 0.05000000000000000971, 1.378652774702670891 ) ) ;
#509 = DIRECTION ( 'NONE',  ( 0.000000000000000000, 1.000000000000000000, 0.000000000000000000 ) ) ;
#510 = PRESENTATION_STYLE_ASSIGNMENT (( #7833 ) ) ;
#511 = EDGE_CURVE ( 'NONE', #6957, #3261, #9286, .T. ) ;
#512 = EDGE_CURVE ( 'NONE', #3261, #5086, #8940, .T. ) ;
#513 = FACE_OUTER_BOUND ( 'NONE', #1597, .T. ) ;
#514 = VERTEX_POINT ( 'NONE', #1439 ) ;
#515 = VECTOR ( 'NONE', #3644, 1000.000000000000000 ) ;
#516 = UNCERTAINTY_MEASURE_WITH_UNIT (LENGTH_MEASURE( 1.000000000000000082E-05 ), #4313, 'distance_accuracy_value', 'NONE');
#517 = VERTEX_POINT ( 'NONE', #7219 ) ;
#518 = EDGE_CURVE ( 'NONE', #7630, #10131, #5458, .T. ) ;
#519 = DIRECTION ( 'NONE',  ( -0.4682929057908477022, -0.7492686492653555241, 0.4682929057908455928 ) ) ;
#520 = ORIENTED_EDGE ( 'NONE', *, *, #3850, .F. ) ;
#521 = COLOUR_RGB ( '',0.6470588235294117974, 0.6196078431372549211, 0.5882352941176470784 ) ;
#522 = CARTESIAN_POINT ( 'NONE',  ( 0.04385459653145199616, 0.05000000000000001665, 2.048002372457648601 ) ) ;
#523 = VERTEX_POINT ( 'NONE', #3681 ) ;
#524 = EDGE_CURVE ( 'NONE', #7260, #4805, #9712, .T. ) ;
#525 = CARTESIAN_POINT ( 'NONE',  ( 1.868750000000000133, 0.4000000000000000777, 0.8999999999999994671 ) ) ;
#526 = CARTESIAN_POINT ( 'NONE',  ( 2.963662989417781723, 1.550000000000000488, -1.826752213202440522 ) ) ;
#527 = LINE ( 'NONE', #2172, #9998 ) ;
#528 = SURFACE_SIDE_STYLE ('',( #4648 ) ) ;
#529 = DIRECTION ( 'NONE',  ( 0.000000000000000000, -0.000000000000000000, 1.000000000000000000 ) ) ;
#530 = VECTOR ( 'NONE', #4877, 1000.000000000000000 ) ;
#531 = CARTESIAN_POINT ( 'NONE',  ( 3.291673936957678848, 0.1551740072072840260, -0.5999999999999968692 ) ) ;
#532 = EDGE_CURVE ( 'NONE', #5978, #2368, #8720, .T. ) ;
#533 = ORIENTED_EDGE ( 'NONE', *, *, #9367, .T. ) ;
#534 = DIRECTION ( 'NONE',  ( -0.8479983040050876886, 0.5299989400031805964, 0.000000000000000000 ) ) ;
#535 = PRESENTATION_LAYER_ASSIGNMENT (  '', '', ( #8922 ) ) ;
#536 = EDGE_CURVE ( 'NONE', #2109, #9280, #2737, .T. ) ;
#537 = FACE_OUTER_BOUND ( 'NONE', #653, .T. ) ;
#538 = AXIS2_PLACEMENT_3D ( 'NONE', #3648, #4491, #2839 ) ;
#539 = CARTESIAN_POINT ( 'NONE',  ( -1.724999999999999867, 1.793126469462960948, 2.769076929586161029 ) ) ;
#540 = CARTESIAN_POINT ( 'NONE',  ( -0.3953778698449159634, 1.649999999999999911, 1.448438283592722087 ) ) ;
#541 = CARTESIAN_POINT ( 'NONE',  ( 0.000000000000000000, 3.100000000000000533, 1.400000000000000133 ) ) ;
#542 = FACE_OUTER_BOUND ( 'NONE', #2285, .T. ) ;
#543 = FACE_OUTER_BOUND ( 'NONE', #8549, .T. ) ;
#544 = SURFACE_SIDE_STYLE ('',( #2240 ) ) ;
#545 = MECHANICAL_DESIGN_GEOMETRIC_PRESENTATION_REPRESENTATION (  '', ( #4354 ), #22 ) ;
#546 = CARTESIAN_POINT ( 'NONE',  ( 2.399999999999999911, 0.4500000000000001776, -0.9000000000000005773 ) ) ;
#547 = VERTEX_POINT ( 'NONE', #7006 ) ;
#548 = CARTESIAN_POINT ( 'NONE',  ( 1.725000000000000089, 1.109374968413277873, -2.810277712176606713 ) ) ;
#549 = CARTESIAN_POINT ( 'NONE',  ( -1.724999999999999867, 1.650016564616985093, 2.935913071606941038 ) ) ;
#550 =( GEOMETRIC_REPRESENTATION_CONTEXT ( 3 ) GLOBAL_UNCERTAINTY_ASSIGNED_CONTEXT ( ( #8273 ) ) GLOBAL_UNIT_ASSIGNED_CONTEXT ( ( #8188, #605, #4719 ) ) REPRESENTATION_CONTEXT ( 'NONE', 'WORKASPACE' ) );
#551 = LINE ( 'NONE', #5382, #4114 ) ;
#552 = EDGE_CURVE ( 'NONE', #4377, #1873, #7939, .T. ) ;
#553 = DIRECTION ( 'NONE',  ( -2.639796593877750544E-15, 2.670717223410073261E-17, 1.000000000000000000 ) ) ;
#554 = CARTESIAN_POINT ( 'NONE',  ( -3.197123022628389322, 0.1661989060850461719, 1.599999999999999867 ) ) ;
#555 = EDGE_LOOP ( 'NONE', ( #4843, #9799, #781, #3015 ) ) ;
#556 = ORIENTED_EDGE ( 'NONE', *, *, #686, .T. ) ;
#557 = PRODUCT_DEFINITION_SHAPE ( 'NONE', 'NONE',  #10819 ) ;
#558 = EDGE_LOOP ( 'NONE', ( #1536, #4032, #3084, #6840, #5199 ) ) ;
#559 = CARTESIAN_POINT ( 'NONE',  ( 1.725000000000000089, 0.5499999999999999334, 2.850000000000000089 ) ) ;
#560 = ORIENTED_EDGE ( 'NONE', *, *, #998, .F. ) ;
#561 = CARTESIAN_POINT ( 'NONE',  ( -7.347880794884120229E-17, 1.649999999999999911, -1.500000000000000222 ) ) ;
#562 = VECTOR ( 'NONE', #2939, 1000.000000000000000 ) ;
#563 = EDGE_CURVE ( 'NONE', #10752, #912, #5398, .T. ) ;
#564 = ADVANCED_FACE ( 'NONE', ( #2877 ), #407, .F. ) ;
#565 = DIRECTION ( 'NONE',  ( -0.000000000000000000, -1.000000000000000000, -0.000000000000000000 ) ) ;
#566 = CARTESIAN_POINT ( 'NONE',  ( 0.9066147603746318451, 1.650000000000000133, -1.672248268018939221 ) ) ;
#567 = DIRECTION ( 'NONE',  ( -1.000000000000000000, -0.000000000000000000, 0.000000000000000000 ) ) ;
#568 = AXIS2_PLACEMENT_3D ( 'NONE', #9137, #9951, #9080 ) ;
#569 = DIRECTION ( 'NONE',  ( -0.000000000000000000, -0.9998264715454813212, -0.01862865526313777637 ) ) ;
#570 = PLANE ( 'NONE',  #8262 ) ;
#571 = PRESENTATION_STYLE_ASSIGNMENT (( #4685 ) ) ;
#572 = VERTEX_POINT ( 'NONE', #8776 ) ;
#573 = ORIENTED_EDGE ( 'NONE', *, *, #3863, .T. ) ;
#574 = CARTESIAN_POINT ( 'NONE',  ( -3.210989154900474318, 1.586465982334615665, -1.467446827165928891 ) ) ;
#575 = ORIENTED_EDGE ( 'NONE', *, *, #3910, .T. ) ;
#576 = VECTOR ( 'NONE', #2667, 1000.000000000000000 ) ;
#577 = CARTESIAN_POINT ( 'NONE',  ( -0.08780002967202972519, 0.05000000000000000971, 2.041740625924052033 ) ) ;
#578 = VERTEX_POINT ( 'NONE', #2055 ) ;
#579 = EDGE_CURVE ( 'NONE', #6124, #3622, #2262, .T. ) ;
#580 = PLANE ( 'NONE',  #2702 ) ;
#581 = SURFACE_STYLE_USAGE ( .BOTH. , #8634 ) ;
#582 = EDGE_CURVE ( 'NONE', #3803, #2598, #5347, .T. ) ;
#583 = CARTESIAN_POINT ( 'NONE',  ( -1.399999999999999911, 1.117205701710529020, -2.809926963919710641 ) ) ;
#584 = FACE_OUTER_BOUND ( 'NONE', #5895, .T. ) ;
#585 =( GEOMETRIC_REPRESENTATION_CONTEXT ( 3 ) GLOBAL_UNCERTAINTY_ASSIGNED_CONTEXT ( ( #5291 ) ) GLOBAL_UNIT_ASSIGNED_CONTEXT ( ( #8779, #9874, #8325 ) ) REPRESENTATION_CONTEXT ( 'NONE', 'WORKASPACE' ) );
#586 = VECTOR ( 'NONE', #10573, 1000.000000000000000 ) ;
#587 = SURFACE_SIDE_STYLE ('',( #9675 ) ) ;
#588 = EDGE_CURVE ( 'NONE', #10587, #9496, #6233, .T. ) ;
#589 = ORIENTED_EDGE ( 'NONE', *, *, #6000, .T. ) ;
#590 = VERTEX_POINT ( 'NONE', #7887 ) ;
#591 = CARTESIAN_POINT ( 'NONE',  ( 1.749972624337438054, 0.9897492686847881860, 2.968821944913498267 ) ) ;
#592 = CARTESIAN_POINT ( 'NONE',  ( 3.000000000000000444, 1.023333333333333650, -2.900000000000000799 ) ) ;
#593 = COLOUR_RGB ( '',0.6470588235294117974, 0.6196078431372549211, 0.5882352941176470784 ) ;
#594 = LINE ( 'NONE', #10601, #2343 ) ;
#595 = VECTOR ( 'NONE', #9167, 1000.000000000000000 ) ;
#596 = EDGE_CURVE ( 'NONE', #1598, #514, #8543, .T. ) ;
#597 = LINE ( 'NONE', #3913, #4006 ) ;
#598 = CARTESIAN_POINT ( 'NONE',  ( 1.850000000000000089, 0.000000000000000000, -2.700000000000001066 ) ) ;
#599 = CARTESIAN_POINT ( 'NONE',  ( -3.000000000000000000, 0.2000000000000000111, 0.000000000000000000 ) ) ;
#600 = LINE ( 'NONE', #4021, #3572 ) ;
#601 = PRESENTATION_STYLE_ASSIGNMENT (( #10447 ) ) ;
#602 = MECHANICAL_DESIGN_GEOMETRIC_PRESENTATION_REPRESENTATION (  '', ( #10206 ), #9172 ) ;
#603 = LINE ( 'NONE', #4773, #10655 ) ;
#604 = ORIENTED_EDGE ( 'NONE', *, *, #9815, .F. ) ;
#605 =( NAMED_UNIT ( * ) PLANE_ANGLE_UNIT ( ) SI_UNIT ( $, .RADIAN. ) );
#606 = LINE ( 'NONE', #3927, #10564 ) ;
#607 = SURFACE_STYLE_FILL_AREA ( #2305 ) ;
#608 = AXIS2_PLACEMENT_3D ( 'NONE', #10659, #9739, #8080 ) ;
#609 = DIRECTION ( 'NONE',  ( 1.000000000000000000, 0.000000000000000000, -0.000000000000000000 ) ) ;
#610 = LINE ( 'NONE', #5779, #10556 ) ;
#611 = DIRECTION ( 'NONE',  ( 1.000000000000000000, 0.000000000000000000, 0.000000000000000000 ) ) ;
#612 = ORIENTED_EDGE ( 'NONE', *, *, #6590, .F. ) ;
#613 = VERTEX_POINT ( 'NONE', #3238 ) ;
#614 = PRESENTATION_STYLE_ASSIGNMENT (( #4891 ) ) ;
#615 = CARTESIAN_POINT ( 'NONE',  ( 3.035474657216254535, 0.4068829983659277283, 1.749999999999999112 ) ) ;
#616 = VERTEX_POINT ( 'NONE', #5625 ) ;
#617 = STYLED_ITEM ( 'NONE', ( #2597 ), #2956 ) ;
#618 = LINE ( 'NONE', #6325, #3331 ) ;
#619 = DIRECTION ( 'NONE',  ( -0.1656046194388403614, 0.000000000000000000, -0.9861922277226266020 ) ) ;
#620 = DIRECTION ( 'NONE',  ( -0.000000000000000000, -1.000000000000000000, -0.000000000000000000 ) ) ;
#621 = VECTOR ( 'NONE', #10024, 999.9999999999998863 ) ;
#622 = ORIENTED_EDGE ( 'NONE', *, *, #6346, .F. ) ;
#623 = COLOUR_RGB ( '',0.6470588235294117974, 0.6196078431372549211, 0.5882352941176470784 ) ;
#624 = UNCERTAINTY_MEASURE_WITH_UNIT (LENGTH_MEASURE( 1.000000000000000082E-05 ), #9426, 'distance_accuracy_value', 'NONE');
#625 = ORIENTED_EDGE ( 'NONE', *, *, #9905, .F. ) ;
#626 = LINE ( 'NONE', #2111, #2148 ) ;
#627 = EDGE_LOOP ( 'NONE', ( #7554, #984, #5134, #9174, #7015 ) ) ;
#628 = CARTESIAN_POINT ( 'NONE',  ( -1.749972624337438054, 0.9897492686847881860, 2.968821944913498267 ) ) ;
#629 = ORIENTED_EDGE ( 'NONE', *, *, #6371, .F. ) ;
#630 = MECHANICAL_DESIGN_GEOMETRIC_PRESENTATION_REPRESENTATION (  '', ( #9725 ), #6208 ) ;
#631 = SURFACE_SIDE_STYLE ('',( #3036 ) ) ;
#632 = LINE ( 'NONE', #7289, #5419 ) ;
#633 = CARTESIAN_POINT ( 'NONE',  ( 1.558529982953613890, 1.800000000000000711, -1.100939157571836580 ) ) ;
#634 = CARTESIAN_POINT ( 'NONE',  ( 1.750000000000000666, 0.000000000000000000, -2.800000000000000266 ) ) ;
#635 = DIRECTION ( 'NONE',  ( 0.000000000000000000, 0.000000000000000000, 1.000000000000000000 ) ) ;
#636 = ORIENTED_EDGE ( 'NONE', *, *, #7178, .T. ) ;
#637 = ORIENTED_EDGE ( 'NONE', *, *, #112, .F. ) ;
#638 = CARTESIAN_POINT ( 'NONE',  ( -1.733283001604468465, 0.9899999999999999911, 2.969132483627863639 ) ) ;
#639 = CARTESIAN_POINT ( 'NONE',  ( 2.799999999999999822, 3.100000000000000089, -1.399999999999999911 ) ) ;
#640 = STYLED_ITEM ( 'NONE', ( #10578 ), #5243 ) ;
#641 = CARTESIAN_POINT ( 'NONE',  ( 1.850000000000000533, 1.646666666666667167, 2.700000000000000178 ) ) ;
#642 = DIRECTION ( 'NONE',  ( 0.000000000000000000, -0.000000000000000000, 1.000000000000000000 ) ) ;
#643 = FACE_OUTER_BOUND ( 'NONE', #6458, .T. ) ;
#644 = FACE_OUTER_BOUND ( 'NONE', #10069, .T. ) ;
#645 = PLANE ( 'NONE',  #1411 ) ;
#646 = B_SPLINE_CURVE_WITH_KNOTS ( 'NONE', 3,
 ( #10623, #6424, #2312, #7322, #5616, #8995 ),
 .UNSPECIFIED., .F., .F.,
 ( 4, 2, 4 ),
 ( 0.000000000000000000, 0.5000000000000000000, 1.000000000000000000 ),
 .UNSPECIFIED. ) ;
#647 = SURFACE_STYLE_USAGE ( .BOTH. , #1477 ) ;
#648 = EDGE_CURVE ( 'NONE', #8257, #10050, #843, .T. ) ;
#649 = EDGE_CURVE ( 'NONE', #2150, #9422, #2292, .T. ) ;
#650 = EDGE_CURVE ( 'NONE', #6565, #5949, #1500, .T. ) ;
#651 = FACE_OUTER_BOUND ( 'NONE', #9594, .T. ) ;
#652 = EDGE_CURVE ( 'NONE', #4054, #3349, #10785, .T. ) ;
#653 = EDGE_LOOP ( 'NONE', ( #1511, #454, #8271, #9624, #7001, #10559, #4067, #133, #5008, #8898, #6123, #3352, #3904, #10268, #4592, #7517, #3740, #10686, #4064, #3130, #10410, #2093, #7060, #9611, #6884, #6125, #9866, #2931, #383, #4467, #1408, #3456, #1493, #6477, #9114, #9720 ) ) ;
#654 = B_SPLINE_CURVE_WITH_KNOTS ( 'NONE', 3,
 ( #5006, #75, #1764, #3399, #1124, #6725 ),
 .UNSPECIFIED., .F., .F.,
 ( 4, 2, 4 ),
 ( 0.000000000000000000, 0.5000000000000000000, 1.000000000000000000 ),
 .UNSPECIFIED. ) ;
#655 = CARTESIAN_POINT ( 'NONE',  ( 2.275444008190514733, 0.6434831302162200561, 2.754682371836738142 ) ) ;
#656 = LINE ( 'NONE', #710, #8677 ) ;
#657 = DIRECTION ( 'NONE',  ( 0.9856151131419451650, -0.1690054695747758851, 0.000000000000000000 ) ) ;
#658 = CARTESIAN_POINT ( 'NONE',  ( 1.399999999999999911, 1.189999999999999281, -2.958596702461715910 ) ) ;
#659 = DIRECTION ( 'NONE',  ( -0.9993908270190960952, -0.03489949670249400948, 0.000000000000000000 ) ) ;
#660 = ORIENTED_EDGE ( 'NONE', *, *, #4233, .T. ) ;
#661 = VERTEX_POINT ( 'NONE', #9218 ) ;
#662 = EDGE_CURVE ( 'NONE', #9518, #10034, #10256, .T. ) ;
#663 = DIRECTION ( 'NONE',  ( 0.000000000000000000, 0.9974881498328389551, -0.07083354391148079243 ) ) ;
#664 = DIRECTION ( 'NONE',  ( 8.092012414444442420E-17, -0.9974881498328391771, -0.07083354391147972384 ) ) ;
#665 = ADVANCED_FACE ( 'NONE', ( #3342 ), #9924, .T. ) ;
#666 = ORIENTED_EDGE ( 'NONE', *, *, #3421, .T. ) ;
#667 = CARTESIAN_POINT ( 'NONE',  ( 2.957693958919679567, 1.621747856389899711, 2.818305826175839801 ) ) ;
#668 = DIRECTION ( 'NONE',  ( 0.9856151131419452760, -0.1690054695747755520, 0.000000000000000000 ) ) ;
#669 = CARTESIAN_POINT ( 'NONE',  ( 0.9429951757510226518, 1.649999999999999467, 1.670229291564740315 ) ) ;
#670 = CARTESIAN_POINT ( 'NONE',  ( 2.201387595806831854, 0.5552424364119703526, -2.923824743312683605 ) ) ;
#671 = DIRECTION ( 'NONE',  ( -0.000000000000000000, 0.000000000000000000, -1.000000000000000000 ) ) ;
#672 = CARTESIAN_POINT ( 'NONE',  ( 1.725000000000000089, 1.119999999999996776, 2.959900934651531479 ) ) ;
#673 = ORIENTED_EDGE ( 'NONE', *, *, #1455, .F. ) ;
#674 = EDGE_LOOP ( 'NONE', ( #967, #2604, #10008, #255, #4944, #6225 ) ) ;
#675 = CARTESIAN_POINT ( 'NONE',  ( 3.251512924763249934, 1.305234924505374261, 0.5999999999999999778 ) ) ;
#676 = ORIENTED_EDGE ( 'NONE', *, *, #3909, .T. ) ;
#677 = CARTESIAN_POINT ( 'NONE',  ( 0.3418086351773317877, 0.05000000000000000971, 1.787628979744363411 ) ) ;
#678 = ORIENTED_EDGE ( 'NONE', *, *, #4947, .F. ) ;
#679 = B_SPLINE_CURVE_WITH_KNOTS ( 'NONE', 3,
 ( #2295, #5764, #4813, #3269 ),
 .UNSPECIFIED., .F., .F.,
 ( 4, 4 ),
 ( 0.000000000000000000, 1.000000000000000000 ),
 .UNSPECIFIED. ) ;
#680 = CARTESIAN_POINT ( 'NONE',  ( -0.2426862813829186449, 0.2400000000000000466, 1.637680713422107859 ) ) ;
#681 = CARTESIAN_POINT ( 'NONE',  ( 1.750000000000000222, 0.000000000000000000, -2.799999999999999822 ) ) ;
#682 = CARTESIAN_POINT ( 'NONE',  ( 1.755520498340307434, 0.5605592021133264380, 2.998696202365601859 ) ) ;
#683 = PLANE ( 'NONE',  #4223 ) ;
#684 = VECTOR ( 'NONE', #10718, 1000.000000000000000 ) ;
#685 = CARTESIAN_POINT ( 'NONE',  ( 1.850000000000000311, 1.640999999999999792, 2.799999999999999822 ) ) ;
#686 = EDGE_CURVE ( 'NONE', #10030, #6944, #8151, .T. ) ;
#687 = DIRECTION ( 'NONE',  ( -0.9861240419316820160, 0.01175908810768451149, 0.1655931694581573577 ) ) ;
#688 = ORIENTED_EDGE ( 'NONE', *, *, #3319, .F. ) ;
#689 = ORIENTED_EDGE ( 'NONE', *, *, #8607, .T. ) ;
#690 = CARTESIAN_POINT ( 'NONE',  ( -1.725000000000000089, 1.563370848380599920, 2.800609493379985437 ) ) ;
#691 = LINE ( 'NONE', #4013, #1675 ) ;
#692 = ORIENTED_EDGE ( 'NONE', *, *, #9590, .T. ) ;
#693 = CARTESIAN_POINT ( 'NONE',  ( -1.399999999999999911, 1.117205701710529020, 2.809926963919710641 ) ) ;
#694 = DIRECTION ( 'NONE',  ( -0.000000000000000000, 0.000000000000000000, 1.000000000000000000 ) ) ;
#695 = MECHANICAL_DESIGN_GEOMETRIC_PRESENTATION_REPRESENTATION (  '', ( #3309 ), #6793 ) ;
#696 = CARTESIAN_POINT ( 'NONE',  ( 1.725000000000000089, 1.554657163815786003, -2.951802450871778394 ) ) ;
#698 = DIRECTION ( 'NONE',  ( 0.000000000000000000, 0.000000000000000000, -1.000000000000000000 ) ) ;
#697 = DIRECTION ( 'NONE',  ( 0.000000000000000000, 0.000000000000000000, -1.000000000000000000 ) ) ;
#699 = CARTESIAN_POINT ( 'NONE',  ( 3.232597679844643412, 0.3730819044509732230, -1.750000000000000666 ) ) ;
#700 = CARTESIAN_POINT ( 'NONE',  ( -3.099999999999985878, 1.800000000000000488, -2.500000000000000888 ) ) ;
#701 = SURFACE_STYLE_USAGE ( .BOTH. , #544 ) ;
#702 =( GEOMETRIC_REPRESENTATION_CONTEXT ( 3 ) GLOBAL_UNCERTAINTY_ASSIGNED_CONTEXT ( ( #3688 ) ) GLOBAL_UNIT_ASSIGNED_CONTEXT ( ( #4649, #2175, #8067 ) ) REPRESENTATION_CONTEXT ( 'NONE', 'WORKASPACE' ) );
#703 = CARTESIAN_POINT ( 'NONE',  ( 0.2499999999999998890, 0.4000000000000000777, 0.6000000000000000888 ) ) ;
#704 = VECTOR ( 'NONE', #4972, 1000.000000000000000 ) ;
#705 = AXIS2_PLACEMENT_3D ( 'NONE', #4601, #10394, #8739 ) ;
#706 = EDGE_LOOP ( 'NONE', ( #394, #2893, #6669, #1048 ) ) ;
#707 = AXIS2_PLACEMENT_3D ( 'NONE', #2344, #10705, #1569 ) ;
#708 = CARTESIAN_POINT ( 'NONE',  ( -0.1118009253012938325, 0.05000000000000000278, 2.136835306449205607 ) ) ;
#709 = EDGE_CURVE ( 'NONE', #7884, #4948, #8101, .T. ) ;
#710 = CARTESIAN_POINT ( 'NONE',  ( -2.900000000000001688, 1.639999999999999680, -2.899999999999999467 ) ) ;
#711 = EDGE_CURVE ( 'NONE', #1185, #837, #8207, .T. ) ;
#712 = VECTOR ( 'NONE', #6488, 1000.000000000000000 ) ;
#713 = CARTESIAN_POINT ( 'NONE',  ( -2.924747927392793212, 1.639999999999999902, 2.799999999999999822 ) ) ;
#714 = CARTESIAN_POINT ( 'NONE',  ( 1.766485034026793688, 0.5604284549296926210, -2.996855001726780543 ) ) ;
#715 = LINE ( 'NONE', #9805, #5014 ) ;
#716 = ORIENTED_EDGE ( 'NONE', *, *, #6874, .F. ) ;
#717 = VERTEX_POINT ( 'NONE', #2430 ) ;
#718 = EDGE_CURVE ( 'NONE', #6944, #5734, #4042, .T. ) ;
#719 = FILL_AREA_STYLE ('',( #9914 ) ) ;
#720 = SURFACE_SIDE_STYLE ('',( #8996 ) ) ;
#721 = ORIENTED_EDGE ( 'NONE', *, *, #3255, .T. ) ;
#722 = STYLED_ITEM ( 'NONE', ( #2026 ), #9623 ) ;
#723 = AXIS2_PLACEMENT_3D ( 'NONE', #73, #9164, #3396 ) ;
#724 = CARTESIAN_POINT ( 'NONE',  ( 3.000000000000000000, 1.649999999999999911, -1.899999999999998579 ) ) ;
#725 = DIRECTION ( 'NONE',  ( 1.000000000000000000, 0.000000000000000000, -0.000000000000000000 ) ) ;
#726 = CARTESIAN_POINT ( 'NONE',  ( 3.000000000000000888, 0.000000000000000000, -2.900000000000001243 ) ) ;
#727 = CARTESIAN_POINT ( 'NONE',  ( -2.999999999999999112, 0.2000000000000000111, 1.600000000000000311 ) ) ;
#728 =( LENGTH_UNIT ( ) NAMED_UNIT ( * ) SI_UNIT ( .MILLI., .METRE. ) );
#729 = CARTESIAN_POINT ( 'NONE',  ( 3.142678979591936095, 0.1237750920333412774, -0.5999999999999999778 ) ) ;
#730 = ADVANCED_FACE ( 'NONE', ( #3287 ), #1657, .F. ) ;
#731 = COLOUR_RGB ( '',0.7921568627450980005, 0.8196078431372548767, 0.9333333333333333481 ) ;
#732 = ORIENTED_EDGE ( 'NONE', *, *, #8530, .T. ) ;
#733 = EDGE_LOOP ( 'NONE', ( #982, #82, #7842, #4673, #8992, #2325 ) ) ;
#734 = STYLED_ITEM ( 'NONE', ( #1203 ), #10697 ) ;
#735 = UNCERTAINTY_MEASURE_WITH_UNIT (LENGTH_MEASURE( 1.000000000000000082E-05 ), #9689, 'distance_accuracy_value', 'NONE');
#736 = ORIENTED_EDGE ( 'NONE', *, *, #5095, .F. ) ;
#737 = DIRECTION ( 'NONE',  ( 1.000000000000000000, 0.000000000000000000, 8.673617379883937653E-15 ) ) ;
#738 = EDGE_LOOP ( 'NONE', ( #1909, #795, #6946, #7482 ) ) ;
#739 = VECTOR ( 'NONE', #2985, 1000.000000000000000 ) ;
#740 = LINE ( 'NONE', #7402, #5140 ) ;
#741 = ORIENTED_EDGE ( 'NONE', *, *, #935, .F. ) ;
#742 = VECTOR ( 'NONE', #6955, 1000.000000000000000 ) ;
#743 = CARTESIAN_POINT ( 'NONE',  ( -1.738842411587514736, 0.9899241560024736319, 2.969137869455384493 ) ) ;
#744 = CARTESIAN_POINT ( 'NONE',  ( -3.060966364800982387, 1.575621941824486782, -1.478601680989324985 ) ) ;
#745 = CARTESIAN_POINT ( 'NONE',  ( -2.900000000000001243, 1.539999999999999813, -2.899999999999999467 ) ) ;
#746 = CARTESIAN_POINT ( 'NONE',  ( -3.197123022628389322, 0.1661989060850449229, -1.600000000000000311 ) ) ;
#747 = CARTESIAN_POINT ( 'NONE',  ( 1.436154448670812434, 1.800000000000000266, -1.250903821584872677 ) ) ;
#748 = CARTESIAN_POINT ( 'NONE',  ( -1.741666666666666252, 0.9793749684132778688, 2.819509261152938429 ) ) ;
#749 = LINE ( 'NONE', #4860, #8210 ) ;
#750 = VECTOR ( 'NONE', #5633, 1000.000000000000000 ) ;
#751 = ORIENTED_EDGE ( 'NONE', *, *, #5892, .F. ) ;
#752 = VERTEX_POINT ( 'NONE', #7550 ) ;
#753 = LINE ( 'NONE', #4065, #2465 ) ;
#754 = CARTESIAN_POINT ( 'NONE',  ( 1.786243667388666770E-16, 3.099999999999999645, -1.458578643762690419 ) ) ;
#755 = ORIENTED_EDGE ( 'NONE', *, *, #8692, .F. ) ;
#756 =( NAMED_UNIT ( * ) PLANE_ANGLE_UNIT ( ) SI_UNIT ( $, .RADIAN. ) );
#757 = FACE_OUTER_BOUND ( 'NONE', #5570, .T. ) ;
#758 = VECTOR ( 'NONE', #145, 1000.000000000000114 ) ;
#759 = FACE_OUTER_BOUND ( 'NONE', #1117, .T. ) ;
#760 =( GEOMETRIC_REPRESENTATION_CONTEXT ( 3 ) GLOBAL_UNCERTAINTY_ASSIGNED_CONTEXT ( ( #4743 ) ) GLOBAL_UNIT_ASSIGNED_CONTEXT ( ( #7214, #6283, #9652 ) ) REPRESENTATION_CONTEXT ( 'NONE', 'WORKASPACE' ) );
#761 = CARTESIAN_POINT ( 'NONE',  ( 3.232597679844644301, 0.3730819044509732230, -4.500000000000001776 ) ) ;
#763 = DIRECTION ( 'NONE',  ( 1.000000000000000000, 0.000000000000000000, 9.637352644315644054E-16 ) ) ;
#762 = CARTESIAN_POINT ( 'NONE',  ( 1.725000000000000089, 1.800000000000000488, -2.799999999999998934 ) ) ;
#764 = DIRECTION ( 'NONE',  ( 1.000000000000000000, 0.000000000000000000, 0.000000000000000000 ) ) ;
#765 = CARTESIAN_POINT ( 'NONE',  ( -2.299999999999999822, 0.6266188539326248419, 2.902113346721670872 ) ) ;
#766 = STYLED_ITEM ( 'NONE', ( #3538 ), #1144 ) ;
#767 = PLANE ( 'NONE',  #6616 ) ;
#768 = STYLED_ITEM ( 'NONE', ( #3518 ), #6831 ) ;
#769 = EDGE_CURVE ( 'NONE', #8344, #5098, #8820, .T. ) ;
#770 = ORIENTED_EDGE ( 'NONE', *, *, #8826, .F. ) ;
#771 = B_SPLINE_CURVE_WITH_KNOTS ( 'NONE', 3,
 ( #7687, #3533, #10811, #8351 ),
 .UNSPECIFIED., .F., .F.,
 ( 4, 4 ),
 ( 0.000000000000000000, 1.000000000000000000 ),
 .UNSPECIFIED. ) ;
#772 = CARTESIAN_POINT ( 'NONE',  ( 1.725000000000000089, 1.109374968413276541, 2.810277712176606713 ) ) ;
#773 =( GEOMETRIC_REPRESENTATION_CONTEXT ( 3 ) GLOBAL_UNCERTAINTY_ASSIGNED_CONTEXT ( ( #7629 ) ) GLOBAL_UNIT_ASSIGNED_CONTEXT ( ( #2958, #5448, #2044 ) ) REPRESENTATION_CONTEXT ( 'NONE', 'WORKASPACE' ) );
#774 =( NAMED_UNIT ( * ) SI_UNIT ( $, .STERADIAN. ) SOLID_ANGLE_UNIT ( ) );
#775 = CARTESIAN_POINT ( 'NONE',  ( 1.755520498340308322, 0.5605592021133275482, -2.998696202365601859 ) ) ;
#776 = ORIENTED_EDGE ( 'NONE', *, *, #4618, .F. ) ;
#777 = ORIENTED_EDGE ( 'NONE', *, *, #2194, .T. ) ;
#778 =( LENGTH_UNIT ( ) NAMED_UNIT ( * ) SI_UNIT ( .MILLI., .METRE. ) );
#779 = EDGE_CURVE ( 'NONE', #6704, #4145, #6828, .T. ) ;
#780 = LINE ( 'NONE', #2425, #8251 ) ;
#781 = ORIENTED_EDGE ( 'NONE', *, *, #5043, .T. ) ;
#782 = EDGE_CURVE ( 'NONE', #10478, #6764, #3561, .T. ) ;
#783 = STYLED_ITEM ( 'NONE', ( #4357 ), #5536 ) ;
#784 = CARTESIAN_POINT ( 'NONE',  ( 3.000000000000000888, 1.539999999999997371, 2.900000000000000355 ) ) ;
#785 = MECHANICAL_DESIGN_GEOMETRIC_PRESENTATION_REPRESENTATION (  '', ( #2181 ), #10227 ) ;
#786 = FACE_OUTER_BOUND ( 'NONE', #8766, .T. ) ;
#787 = CARTESIAN_POINT ( 'NONE',  ( 1.750000000000000444, 0.9791474364207024550, -2.819525418635502767 ) ) ;
#788 = DIRECTION ( 'NONE',  ( -0.000000000000000000, -0.000000000000000000, -1.000000000000000000 ) ) ;
#789 = DIRECTION ( 'NONE',  ( 0.000000000000000000, 0.000000000000000000, -1.000000000000000000 ) ) ;
#790 = B_SPLINE_CURVE_WITH_KNOTS ( 'NONE', 3,
 ( #4004, #2396, #5747, #7348, #9071, #4855, #6680, #3140, #8340, #2443, #747, #633, #9940, #7508, #9126, #1623, #30, #8284, #3357, #807, #3958, #2765, #7674, #88, #6078, #143, #4210, #10309, #9237, #7787, #3410, #2658, #1024, #8506, #6788, #9400, #6954, #250 ),
 .UNSPECIFIED., .F., .F.,
 ( 4, 1, 1, 1, 2, 2, 2, 1, 1, 1, 2, 2, 2, 1, 1, 1, 2, 2, 2, 1, 1, 1, 2, 2, 4 ),
 ( 0.000000000000000000, 0.06249999999999980571, 0.09374999999999970857, 0.1093749999999996669, 0.1171874999999996531, 0.1249999999999996392, 0.2499999999999994449, 0.3124999999999993339, 0.3437499999999993894, 0.3593749999999993894, 0.3671874999999993894, 0.3749999999999994449, 0.5000000000000000000, 0.5625000000000002220, 0.5937500000000003331, 0.6093750000000004441, 0.6171875000000005551, 0.6250000000000005551, 0.7500000000000006661, 0.8125000000000006661, 0.8437500000000006661, 0.8593750000000006661, 0.8671875000000006661, 0.8750000000000005551, 1.000000000000000000 ),
 .UNSPECIFIED. ) ;
#791 = ORIENTED_EDGE ( 'NONE', *, *, #2007, .F. ) ;
#792 = ORIENTED_EDGE ( 'NONE', *, *, #4435, .F. ) ;
#793 = ADVANCED_FACE ( 'NONE', ( #1762 ), #5234, .T. ) ;
#794 = STYLED_ITEM ( 'NONE', ( #817 ), #2774 ) ;
#795 = ORIENTED_EDGE ( 'NONE', *, *, #1054, .T. ) ;
#796 = EDGE_CURVE ( 'NONE', #419, #9213, #6723, .T. ) ;
#797 = STYLED_ITEM ( 'NONE', ( #8411 ), #944 ) ;
#798 = CARTESIAN_POINT ( 'NONE',  ( -1.750024094573129796, 0.9973621543013276858, 2.796895888684651332 ) ) ;
#799 = ORIENTED_EDGE ( 'NONE', *, *, #2208, .F. ) ;
#800 = CARTESIAN_POINT ( 'NONE',  ( 1.725000000000000089, 0.5606250315867198353, -2.999623222474925743 ) ) ;
#801 = ORIENTED_EDGE ( 'NONE', *, *, #859, .F. ) ;
#802 = CARTESIAN_POINT ( 'NONE',  ( 2.275444008190515621, 0.6434831302162200561, -2.754682371836738586 ) ) ;
#803 = DIRECTION ( 'NONE',  ( 0.000000000000000000, 0.000000000000000000, -1.000000000000000000 ) ) ;
#804 = DIRECTION ( 'NONE',  ( -0.9861240419316839034, -0.01175908810768344463, 0.1655931694581461444 ) ) ;
#805 = VECTOR ( 'NONE', #172, 1000.000000000000000 ) ;
#806 = CARTESIAN_POINT ( 'NONE',  ( 3.251512924763249934, 1.305234924505374483, -0.5999999999999939826 ) ) ;
#807 = CARTESIAN_POINT ( 'NONE',  ( 1.900033674240986015, 1.800000000000000488, 0.1206298916309916092 ) ) ;
#808 = CARTESIAN_POINT ( 'NONE',  ( 2.899999999999999467, 1.439999999999996394, -3.000000000000001776 ) ) ;
#809 = VECTOR ( 'NONE', #2100, 1000.000000000000000 ) ;
#810 = ORIENTED_EDGE ( 'NONE', *, *, #3252, .F. ) ;
#811 = EDGE_LOOP ( 'NONE', ( #309, #6858, #8048, #5000 ) ) ;
#812 = SURFACE_STYLE_USAGE ( .BOTH. , #5924 ) ;
#813 = ADVANCED_FACE ( 'NONE', ( #7606 ), #4192, .F. ) ;
#814 = EDGE_CURVE ( 'NONE', #5390, #180, #8545, .T. ) ;
#815 = LINE ( 'NONE', #6745, #10346 ) ;
#816 = ORIENTED_EDGE ( 'NONE', *, *, #4766, .F. ) ;
#817 = PRESENTATION_STYLE_ASSIGNMENT (( #6691 ) ) ;
#818 = VECTOR ( 'NONE', #886, 1000.000000000000114 ) ;
#819 = FACE_OUTER_BOUND ( 'NONE', #9946, .T. ) ;
#820 = DIRECTION ( 'NONE',  ( 0.9893046619307648282, -0.1458639293384594582, 0.000000000000000000 ) ) ;
#821 = DIRECTION ( 'NONE',  ( 0.000000000000000000, 0.000000000000000000, -1.000000000000000000 ) ) ;
#823 = CARTESIAN_POINT ( 'NONE',  ( 2.963662989417781279, 1.800000000000000711, -1.500000000000000000 ) ) ;
#822 = CARTESIAN_POINT ( 'NONE',  ( -1.749999999999999556, 1.640000000000000124, -2.799999999999999822 ) ) ;
#824 =( NAMED_UNIT ( * ) SI_UNIT ( $, .STERADIAN. ) SOLID_ANGLE_UNIT ( ) );
#825 = LINE ( 'NONE', #4120, #9969 ) ;
#826 = VECTOR ( 'NONE', #1475, 1000.000000000000000 ) ;
#827 = CARTESIAN_POINT ( 'NONE',  ( 3.299999999999998934, 0.7661623507412514966, -2.400000000000000799 ) ) ;
#828 = ORIENTED_EDGE ( 'NONE', *, *, #10675, .F. ) ;
#829 = CARTESIAN_POINT ( 'NONE',  ( 2.575937217861057782, 1.525738483164366111, 1.500000000000000000 ) ) ;
#830 = AXIS2_PLACEMENT_3D ( 'NONE', #2921, #2157, #3122 ) ;
#831 = PLANE ( 'NONE',  #114 ) ;
#832 = B_SPLINE_CURVE_WITH_KNOTS ( 'NONE', 3,
 ( #236, #287, #3617, #336 ),
 .UNSPECIFIED., .F., .F.,
 ( 4, 4 ),
 ( 0.000000000000000000, 1.000000000000000000 ),
 .UNSPECIFIED. ) ;
#833 = PRESENTATION_STYLE_ASSIGNMENT (( #5778 ) ) ;
#834 = CARTESIAN_POINT ( 'NONE',  ( 3.052456489953511820, 1.595996894053965054, -1.500000000000018652 ) ) ;
#835 = CARTESIAN_POINT ( 'NONE',  ( -0.7999999999999999334, 1.649999999999999911, 2.700000000000000178 ) ) ;
#836 = ORIENTED_EDGE ( 'NONE', *, *, #8458, .T. ) ;
#837 = VERTEX_POINT ( 'NONE', #1121 ) ;
#838 = PRODUCT ( 'evqq2-dhmsw2-03w_', 'evqq2-dhmsw2-03w_', '', ( #3787 ) ) ;
#839 = ORIENTED_EDGE ( 'NONE', *, *, #9288, .T. ) ;
#840 = DIRECTION ( 'NONE',  ( -0.000000000000000000, -1.000000000000000000, -0.000000000000000000 ) ) ;
#841 = LINE ( 'NONE', #1604, #7810 ) ;
#842 = DIRECTION ( 'NONE',  ( 1.000000000000000000, 0.000000000000000000, 0.000000000000000000 ) ) ;
#843 = LINE ( 'NONE', #3182, #7901 ) ;
#844 = DIRECTION ( 'NONE',  ( 0.000000000000000000, -0.000000000000000000, 1.000000000000000000 ) ) ;
#845 = LINE ( 'NONE', #3240, #245 ) ;
#846 = CARTESIAN_POINT ( 'NONE',  ( 1.725000000000000311, 0.000000000000000000, -2.799999999999999822 ) ) ;
#847 = EDGE_LOOP ( 'NONE', ( #7779, #9984, #1869, #8705 ) ) ;
#848 = ORIENTED_EDGE ( 'NONE', *, *, #5373, .T. ) ;
#849 = UNCERTAINTY_MEASURE_WITH_UNIT (LENGTH_MEASURE( 1.000000000000000082E-05 ), #6380, 'distance_accuracy_value', 'NONE');
#850 = ORIENTED_EDGE ( 'NONE', *, *, #779, .T. ) ;
#851 = CARTESIAN_POINT ( 'NONE',  ( -2.204231175612984206, 0.6135195223422089672, 2.332730537577039076 ) ) ;
#852 = EDGE_LOOP ( 'NONE', ( #6782, #6201, #9348, #9389 ) ) ;
#853 = LINE ( 'NONE', #4144, #9550 ) ;
#854 = EDGE_LOOP ( 'NONE', ( #1309, #416, #10360, #10031 ) ) ;
#855 = CARTESIAN_POINT ( 'NONE',  ( 2.299999999999999378, 0.6521171533643795870, 1.788982343607209646 ) ) ;
#856 = PLANE ( 'NONE',  #2812 ) ;
#857 = EDGE_CURVE ( 'NONE', #6256, #8838, #3759, .T. ) ;
#858 = DIRECTION ( 'NONE',  ( 1.000000000000000000, 0.000000000000000000, 0.000000000000000000 ) ) ;
#859 = EDGE_CURVE ( 'NONE', #3247, #6332, #8693, .T. ) ;
#860 = CARTESIAN_POINT ( 'NONE',  ( 2.965718182652203883, 1.464560316785916472, -2.975450177549808117 ) ) ;
#861 = ADVANCED_FACE ( 'NONE', ( #5899 ), #5465, .F. ) ;
#862 = ORIENTED_EDGE ( 'NONE', *, *, #5777, .T. ) ;
#863 = ORIENTED_EDGE ( 'NONE', *, *, #1526, .F. ) ;
#864 = ORIENTED_EDGE ( 'NONE', *, *, #1703, .T. ) ;
#865 = FACE_OUTER_BOUND ( 'NONE', #6672, .T. ) ;
#866 = EDGE_CURVE ( 'NONE', #9025, #9241, #6411, .T. ) ;
#867 = DIRECTION ( 'NONE',  ( -0.9861240419316826822, -0.01175908810768421138, -0.1655931694581540548 ) ) ;
#868 = ORIENTED_EDGE ( 'NONE', *, *, #7255, .F. ) ;
#869 = SURFACE_SIDE_STYLE ('',( #5093 ) ) ;
#870 = CARTESIAN_POINT ( 'NONE',  ( -1.733283001604471796, 0.9900000000000058753, -2.969132483627868080 ) ) ;
#871 = FACE_OUTER_BOUND ( 'NONE', #3903, .T. ) ;
#872 = PRESENTATION_STYLE_ASSIGNMENT (( #8352 ) ) ;
#873 = DIRECTION ( 'NONE',  ( 1.000000000000000000, 0.000000000000000000, 0.000000000000000000 ) ) ;
#874 = EDGE_CURVE ( 'NONE', #3414, #2211, #600, .T. ) ;
#876 = CARTESIAN_POINT ( 'NONE',  ( -2.999999999999999556, 1.800000000000000488, 2.799999999999999822 ) ) ;
#875 = CARTESIAN_POINT ( 'NONE',  ( -3.099999999999985878, 1.800000000000000488, -1.899999999999998579 ) ) ;
#877 = CARTESIAN_POINT ( 'NONE',  ( -3.000000000000000888, 1.539999999999998037, -2.900000000000000355 ) ) ;
#878 = AXIS2_PLACEMENT_3D ( 'NONE', #10669, #659, #10730 ) ;
#879 = SURFACE_STYLE_USAGE ( .BOTH. , #9904 ) ;
#880 = EDGE_CURVE ( 'NONE', #6944, #7724, #5431, .T. ) ;
#881 = PLANE ( 'NONE',  #6975 ) ;
#882 = ORIENTED_EDGE ( 'NONE', *, *, #1198, .T. ) ;
#883 = PRESENTATION_LAYER_ASSIGNMENT (  '', '', ( #1059 ) ) ;
#884 = DIRECTION ( 'NONE',  ( 1.000000000000000000, -0.000000000000000000, 0.000000000000000000 ) ) ;
#885 = VECTOR ( 'NONE', #3930, 1000.000000000000000 ) ;
#886 = DIRECTION ( 'NONE',  ( -0.000000000000000000, 0.9974881498328390661, -0.07083354391147921036 ) ) ;
#887 = DIRECTION ( 'NONE',  ( -1.000000000000000000, -0.000000000000000000, -0.000000000000000000 ) ) ;
#888 = LINE ( 'NONE', #9320, #7216 ) ;
#889 = VECTOR ( 'NONE', #4121, 1000.000000000000114 ) ;
#890 = CARTESIAN_POINT ( 'NONE',  ( -3.299999999999999378, 0.7661623507412484990, 2.400000000000001243 ) ) ;
#891 = ORIENTED_EDGE ( 'NONE', *, *, #4508, .F. ) ;
#892 = ORIENTED_EDGE ( 'NONE', *, *, #253, .F. ) ;
#893 = CARTESIAN_POINT ( 'NONE',  ( 1.733283001604468687, 1.119999999999999885, 2.959900934651531479 ) ) ;
#894 = VECTOR ( 'NONE', #7423, 1000.000000000000000 ) ;
#895 = EDGE_LOOP ( 'NONE', ( #8501, #10072, #5268, #456 ) ) ;
#896 = ADVANCED_FACE ( 'NONE', ( #644 ), #8809, .F. ) ;
#897 = FACE_BOUND ( 'NONE', #1892, .T. ) ;
#898 = VECTOR ( 'NONE', #6374, 1000.000000000000000 ) ;
#899 = APPLICATION_CONTEXT ( 'automotive_design' ) ;
#900 = LINE ( 'NONE', #8205, #6717 ) ;
#901 = DIRECTION ( 'NONE',  ( 0.9856151131419450540, 0.1690054695747767177, 0.000000000000000000 ) ) ;
#902 = CARTESIAN_POINT ( 'NONE',  ( 1.399999999999999911, 1.117205701710528798, 2.809926963919710641 ) ) ;
#903 = FILL_AREA_STYLE_COLOUR ( '', #6261 ) ;
#904 = VERTEX_POINT ( 'NONE', #488 ) ;
#905 = EDGE_LOOP ( 'NONE', ( #467, #78, #3312, #8551, #2166 ) ) ;
#906 = EDGE_LOOP ( 'NONE', ( #4299, #2151, #9497, #6030, #4705, #3295 ) ) ;
#907 = PRESENTATION_LAYER_ASSIGNMENT (  '', '', ( #6636 ) ) ;
#908 = DIRECTION ( 'NONE',  ( 0.000000000000000000, 1.000000000000000000, 0.000000000000000000 ) ) ;
#909 = EDGE_LOOP ( 'NONE', ( #7379, #9078, #4741, #7380 ) ) ;
#910 = LINE ( 'NONE', #3406, #8486 ) ;
#911 = ADVANCED_FACE ( 'NONE', ( #7365 ), #2133, .F. ) ;
#912 = VERTEX_POINT ( 'NONE', #7136 ) ;
#913 = CARTESIAN_POINT ( 'NONE',  ( -2.275444008190515621, 0.6434831302162199451, 2.754682371836738142 ) ) ;
#914 = CARTESIAN_POINT ( 'NONE',  ( -3.099999999999985878, 1.649999999999999911, 2.799999999999999822 ) ) ;
#915 = PRESENTATION_LAYER_ASSIGNMENT (  '', '', ( #5590 ) ) ;
#916 =( NAMED_UNIT ( * ) SI_UNIT ( $, .STERADIAN. ) SOLID_ANGLE_UNIT ( ) );
#917 = CARTESIAN_POINT ( 'NONE',  ( 3.000000000000000888, 1.505456792171633307, -2.934543207828366640 ) ) ;
#918 = LINE ( 'NONE', #9742, #1633 ) ;
#919 = ORIENTED_EDGE ( 'NONE', *, *, #3057, .F. ) ;
#920 = ORIENTED_EDGE ( 'NONE', *, *, #7658, .T. ) ;
#921 = EDGE_LOOP ( 'NONE', ( #4686, #732, #3244, #69, #10569, #9121, #7577 ) ) ;
#922 = PLANE ( 'NONE',  #10496 ) ;
#923 = CIRCLE ( 'NONE', #9999, 1.500000000000000222 ) ;
#924 = CARTESIAN_POINT ( 'NONE',  ( 1.714505518806294638E-16, 3.100000000000000089, -1.400000000000000133 ) ) ;
#925 = ORIENTED_EDGE ( 'NONE', *, *, #5560, .T. ) ;
#926 = VECTOR ( 'NONE', #7464, 999.9999999999998863 ) ;
#927 = CARTESIAN_POINT ( 'NONE',  ( 2.900000000000001243, 1.539999999999999813, -2.900000000000001243 ) ) ;
#928 = ADVANCED_FACE ( 'NONE', ( #3104 ), #10502, .F. ) ;
#929 = VECTOR ( 'NONE', #10168, 1000.000000000000000 ) ;
#930 = EDGE_CURVE ( 'NONE', #7949, #1643, #8178, .T. ) ;
#931 = CARTESIAN_POINT ( 'NONE',  ( -2.399999999999999911, 0.04999999999999998890, -0.9000000000000005773 ) ) ;
#932 = CARTESIAN_POINT ( 'NONE',  ( 1.741666666666666918, 0.9793749684132834199, -2.819509261152939761 ) ) ;
#933 = VECTOR ( 'NONE', #2069, 1000.000000000000000 ) ;
#934 = CARTESIAN_POINT ( 'NONE',  ( -1.399999999999999911, 1.551862865526314250, 2.801828480139958888 ) ) ;
#935 = EDGE_CURVE ( 'NONE', #9806, #9025, #9687, .T. ) ;
#937 = CARTESIAN_POINT ( 'NONE',  ( -3.210989154900474318, 1.586465982334615665, -2.076184765183203496 ) ) ;
#936 = DIRECTION ( 'NONE',  ( -0.03489949670249566094, 0.9993908270190958731, 0.000000000000000000 ) ) ;
#938 = CARTESIAN_POINT ( 'NONE',  ( 1.850000000000000311, 1.640000000000000124, -2.700000000000001066 ) ) ;
#939 = VECTOR ( 'NONE', #7723, 1000.000000000000000 ) ;
#940 = CARTESIAN_POINT ( 'NONE',  ( 1.725000000000000089, 1.109374968413292084, -2.810277712176605824 ) ) ;
#941 = EDGE_CURVE ( 'NONE', #9213, #1029, #1671, .T. ) ;
#942 = CARTESIAN_POINT ( 'NONE',  ( 1.399999999999999911, 0.5499999999999999334, -2.850000000000000089 ) ) ;
#943 = EDGE_CURVE ( 'NONE', #6044, #7040, #10553, .T. ) ;
#944 = ADVANCED_FACE ( 'NONE', ( #542 ), #3865, .F. ) ;
#945 = AXIS2_PLACEMENT_3D ( 'NONE', #141, #2708, #7730 ) ;
#946 = ORIENTED_EDGE ( 'NONE', *, *, #524, .T. ) ;
#947 = VECTOR ( 'NONE', #1347, 1000.000000000000114 ) ;
#948 = MECHANICAL_DESIGN_GEOMETRIC_PRESENTATION_REPRESENTATION (  '', ( #8798 ), #4733 ) ;
#949 = DIRECTION ( 'NONE',  ( -0.000000000000000000, 0.000000000000000000, 1.000000000000000000 ) ) ;
#950 = VECTOR ( 'NONE', #2341, 1000.000000000000114 ) ;
#951 = MECHANICAL_DESIGN_GEOMETRIC_PRESENTATION_REPRESENTATION (  '', ( #6670 ), #412 ) ;
#952 = VECTOR ( 'NONE', #2380, 1000.000000000000000 ) ;
#953 = CARTESIAN_POINT ( 'NONE',  ( 1.750000000000000222, 1.439999999999996838, -3.000000000000000888 ) ) ;
#954 = ORIENTED_EDGE ( 'NONE', *, *, #6986, .F. ) ;
#955 = LINE ( 'NONE', #4245, #9983 ) ;
#956 = VERTEX_POINT ( 'NONE', #2457 ) ;
#957 = MECHANICAL_DESIGN_GEOMETRIC_PRESENTATION_REPRESENTATION (  '', ( #2691 ), #4068 ) ;
#958 = CARTESIAN_POINT ( 'NONE',  ( 3.000000000000000888, 0.000000000000000000, 2.699999999999999734 ) ) ;
#959 = CARTESIAN_POINT ( 'NONE',  ( -1.777549079012965993, 1.649999999999999689, 0.6712239886737890737 ) ) ;
#960 = CARTESIAN_POINT ( 'NONE',  ( 3.100000000000000977, 1.649999999999999911, 1.899999999999999911 ) ) ;
#961 = DIRECTION ( 'NONE',  ( 0.000000000000000000, 0.1643989873053569584, -0.9863939238321437486 ) ) ;
#962 = CARTESIAN_POINT ( 'NONE',  ( -2.999999999999999112, -1.350416637735500913, 1.500000000000000444 ) ) ;
#963 = ORIENTED_EDGE ( 'NONE', *, *, #7755, .T. ) ;
#964 = EDGE_LOOP ( 'NONE', ( #4273, #5409, #5872, #8641 ) ) ;
#965 = PRESENTATION_LAYER_ASSIGNMENT (  '', '', ( #10395 ) ) ;
#966 = UNCERTAINTY_MEASURE_WITH_UNIT (LENGTH_MEASURE( 1.000000000000000082E-05 ), #5930, 'distance_accuracy_value', 'NONE');
#967 = ORIENTED_EDGE ( 'NONE', *, *, #10695, .F. ) ;
#968 = CARTESIAN_POINT ( 'NONE',  ( -1.766485034026791245, 0.9893483593578138446, -2.966396577844844895 ) ) ;
#969 = VERTEX_POINT ( 'NONE', #7529 ) ;
#970 = CARTESIAN_POINT ( 'NONE',  ( -1.749999999999999556, 1.640000000000000124, -2.799999999999999822 ) ) ;
#971 = ORIENTED_EDGE ( 'NONE', *, *, #54, .F. ) ;
#972 = DIRECTION ( 'NONE',  ( -0.000000000000000000, -1.000000000000000000, -0.000000000000000000 ) ) ;
#973 = DIRECTION ( 'NONE',  ( 0.9893046619307648282, 0.1458639293384589031, 1.445602896647320773E-15 ) ) ;
#974 = FACE_OUTER_BOUND ( 'NONE', #8495, .T. ) ;
#975 = DIRECTION ( 'NONE',  ( 0.000000000000000000, -0.000000000000000000, 1.000000000000000000 ) ) ;
#976 = VECTOR ( 'NONE', #4645, 1000.000000000000114 ) ;
#977 = SURFACE_SIDE_STYLE ('',( #5085 ) ) ;
#978 = ORIENTED_EDGE ( 'NONE', *, *, #6475, .T. ) ;
#979 = VERTEX_POINT ( 'NONE', #938 ) ;
#980 = EDGE_LOOP ( 'NONE', ( #9732, #34, #4975, #2623 ) ) ;
#981 = CARTESIAN_POINT ( 'NONE',  ( 0.2500000000000000000, 0.4000000000000000222, -0.9000000000000004663 ) ) ;
#982 = ORIENTED_EDGE ( 'NONE', *, *, #5638, .F. ) ;
#983 =( NAMED_UNIT ( * ) SI_UNIT ( $, .STERADIAN. ) SOLID_ANGLE_UNIT ( ) );
#984 = ORIENTED_EDGE ( 'NONE', *, *, #10808, .F. ) ;
#985 = CARTESIAN_POINT ( 'NONE',  ( 5.000000000000000888, 0.000000000000000000, 2.700000000000000178 ) ) ;
#987 = FACE_OUTER_BOUND ( 'NONE', #2426, .T. ) ;
#986 = FACE_OUTER_BOUND ( 'NONE', #6508, .T. ) ;
#988 = CARTESIAN_POINT ( 'NONE',  ( -2.973151252769336228, 1.471730098704787659, -2.968270103467973264 ) ) ;
#989 = FACE_OUTER_BOUND ( 'NONE', #10674, .T. ) ;
#990 = VECTOR ( 'NONE', #5787, 1000.000000000000000 ) ;
#991 = CARTESIAN_POINT ( 'NONE',  ( 1.725000000000000311, 0.000000000000000000, 2.799999999999999822 ) ) ;
#992 = VECTOR ( 'NONE', #5999, 1000.000000000000000 ) ;
#993 = EDGE_LOOP ( 'NONE', ( #9502, #1003, #4586, #7174, #3678, #8724 ) ) ;
#994 =( BOUNDED_SURFACE ( )  B_SPLINE_SURFACE ( 3, 3, ( 
 ( #924, #5091, #6521, #9077 ),
 ( #754, #7516, #7415, #9945 ),
 ( #3366, #8398, #10761, #6689 ),
 ( #9996, #10049, #5874, #2449 ) ),
 .UNSPECIFIED., .F., .F., .F. ) 
 B_SPLINE_SURFACE_WITH_KNOTS ( ( 4, 4 ),
 ( 4, 4 ),
 ( 0.000000000000000000, 1.000000000000000000 ),
 ( 0.000000000000000000, 1.000000000000000000 ),
 .UNSPECIFIED. ) 
 GEOMETRIC_REPRESENTATION_ITEM ( )  RATIONAL_B_SPLINE_SURFACE ( (
 ( 1.000000000000000000, 0.3333333333333334259, 0.3333333333333334259, 1.000000000000000000),
 ( 0.8047378541243649375, 0.2682459513747884050, 0.2682459513747884050, 0.8047378541243649375),
 ( 0.8047378541243649375, 0.2682459513747884050, 0.2682459513747884050, 0.8047378541243649375),
 ( 1.000000000000000000, 0.3333333333333334259, 0.3333333333333334259, 1.000000000000000000) ) ) 
 REPRESENTATION_ITEM ( '' )  SURFACE ( )  );
#995 = CARTESIAN_POINT ( 'NONE',  ( 3.101604300710384621, 1.300000000000000266, 0.5999999999999998668 ) ) ;
#996 = CARTESIAN_POINT ( 'NONE',  ( 3.000000000000000888, 1.639999999999999902, -2.799999999999998934 ) ) ;
#997 = VECTOR ( 'NONE', #1220, 1000.000000000000000 ) ;
#998 = EDGE_CURVE ( 'NONE', #9585, #6909, #9253, .T. ) ;
#999 = ADVANCED_FACE ( 'NONE', ( #2617 ), #8467, .T. ) ;
#1000 = SURFACE_SIDE_STYLE ('',( #8702 ) ) ;
#1001 = EDGE_CURVE ( 'NONE', #5150, #5836, #5104, .T. ) ;
#1002 = CARTESIAN_POINT ( 'NONE',  ( -1.749999999999999334, 1.569124839807742644, -2.799999999999999822 ) ) ;
#1003 = ORIENTED_EDGE ( 'NONE', *, *, #4361, .F. ) ;
#1004 = LINE ( 'NONE', #6059, #10154 ) ;
#1005 = VECTOR ( 'NONE', #6770, 1000.000000000000000 ) ;
#1006 = ORIENTED_EDGE ( 'NONE', *, *, #6428, .F. ) ;
#1007 = CARTESIAN_POINT ( 'NONE',  ( 1.725000000000000089, 1.569124839807742644, 2.799999999999999822 ) ) ;
#1008 = CARTESIAN_POINT ( 'NONE',  ( -0.2417867815422283240, 1.650000000000000133, 1.900000000000000355 ) ) ;
#1009 = CARTESIAN_POINT ( 'NONE',  ( -2.999999999999999112, 0.000000000000000000, -4.500000000000001776 ) ) ;
#1010 = CARTESIAN_POINT ( 'NONE',  ( -3.000000000000000444, 0.2000000000000001776, -1.600000000000000311 ) ) ;
#1011 = EDGE_CURVE ( 'NONE', #6072, #661, #7627, .T. ) ;
#1012 = DIRECTION ( 'NONE',  ( 0.000000000000000000, 0.000000000000000000, 1.000000000000000000 ) ) ;
#1013 =( LENGTH_UNIT ( ) NAMED_UNIT ( * ) SI_UNIT ( .MILLI., .METRE. ) );
#1014 = ORIENTED_EDGE ( 'NONE', *, *, #6852, .T. ) ;
#1015 = ORIENTED_EDGE ( 'NONE', *, *, #8097, .T. ) ;
#1016 = EDGE_CURVE ( 'NONE', #9722, #9498, #5652, .T. ) ;
#1017 = EDGE_LOOP ( 'NONE', ( #290, #20, #9246, #1399, #6302 ) ) ;
#1018 = SURFACE_SIDE_STYLE ('',( #9444 ) ) ;
#1019 = EDGE_LOOP ( 'NONE', ( #8729, #2701, #5244, #6835 ) ) ;
#1020 = DIRECTION ( 'NONE',  ( 1.000000000000000000, 0.000000000000000000, 0.000000000000000000 ) ) ;
#1021 = VERTEX_POINT ( 'NONE', #2518 ) ;
#1022 = DIRECTION ( 'NONE',  ( -1.000000000000000000, -0.000000000000000000, -0.000000000000000000 ) ) ;
#1023 = DIRECTION ( 'NONE',  ( 1.000000000000000000, 0.000000000000000000, 0.000000000000000000 ) ) ;
#1024 = CARTESIAN_POINT ( 'NONE',  ( 0.7598578817008468933, 1.800000000000000488, 1.741543061873394471 ) ) ;
#1025 = CARTESIAN_POINT ( 'NONE',  ( -2.900000000000002576, 1.040000000000000036, 3.000000000000000000 ) ) ;
#1026 = CARTESIAN_POINT ( 'NONE',  ( -1.399999999999999911, 1.117205701710529020, 2.809926963919710641 ) ) ;
#1027 = ORIENTED_EDGE ( 'NONE', *, *, #3383, .T. ) ;
#1028 = ORIENTED_EDGE ( 'NONE', *, *, #866, .T. ) ;
#1029 = VERTEX_POINT ( 'NONE', #5765 ) ;
#1030 = B_SPLINE_CURVE_WITH_KNOTS ( 'NONE', 3,
 ( #1388, #7329, #2318, #8100, #1549, #5457, #8206, #1438, #669, #10521, #3123, #2377, #2261, #4679, #5565, #3833, #8832, #9057, #10681, #4632, #7991, #5514, #5679, #6435, #7163, #4836, #8041, #7218, #3079, #4736, #566, #3021, #3887, #10576, #6340, #7388, #6389, #3941 ),
 .UNSPECIFIED., .F., .F.,
 ( 4, 1, 1, 1, 2, 2, 2, 1, 1, 1, 2, 2, 2, 1, 1, 1, 2, 2, 2, 1, 1, 1, 2, 2, 4 ),
 ( 0.000000000000000000, 0.06249999999999993061, 0.09374999999999988898, 0.1093749999999998890, 0.1171874999999998612, 0.1249999999999998196, 0.2499999999999990563, 0.3124999999999986677, 0.3437499999999984457, 0.3593749999999983902, 0.3671874999999983347, 0.3749999999999982792, 0.4999999999999982236, 0.5624999999999982236, 0.5937499999999982236, 0.6093749999999982236, 0.6171874999999982236, 0.6249999999999982236, 0.7499999999999987788, 0.8124999999999990008, 0.8437499999999991118, 0.8593749999999990008, 0.8671874999999990008, 0.8749999999999990008, 1.000000000000000000 ),
 .UNSPECIFIED. ) ;
#1031 = CARTESIAN_POINT ( 'NONE',  ( 3.035474657216254535, 0.4068829983659280614, -1.600000000000000755 ) ) ;
#1032 = ORIENTED_EDGE ( 'NONE', *, *, #6640, .T. ) ;
#1033 = CARTESIAN_POINT ( 'NONE',  ( -1.725000000000000089, 1.569124839807742644, -2.799999999999999822 ) ) ;
#1034 = DIRECTION ( 'NONE',  ( -1.000000000000000000, 0.000000000000000000, 0.000000000000000000 ) ) ;
#1035 = ADVANCED_FACE ( 'NONE', ( #9199 ), #4874, .F. ) ;
#1036 = SURFACE_SIDE_STYLE ('',( #5203 ) ) ;
#1037 = PRESENTATION_STYLE_ASSIGNMENT (( #5155 ) ) ;
#1038 = FACE_OUTER_BOUND ( 'NONE', #8680, .T. ) ;
#1039 = DIRECTION ( 'NONE',  ( -0.000000000000000000, -0.000000000000000000, -1.000000000000000000 ) ) ;
#1040 = CARTESIAN_POINT ( 'NONE',  ( 1.725000000000000089, 1.793126469462962058, -2.769076929586161473 ) ) ;
#1041 = CARTESIAN_POINT ( 'NONE',  ( -3.000000000000003109, 1.027992893890979254, 2.927957363345875308 ) ) ;
#1042 = DIRECTION ( 'NONE',  ( 0.000000000000000000, -0.000000000000000000, 1.000000000000000000 ) ) ;
#1043 = CARTESIAN_POINT ( 'NONE',  ( 1.725000000000000089, 1.569124839807742644, 2.799999999999999822 ) ) ;
#1044 = VERTEX_POINT ( 'NONE', #4934 ) ;
#1045 =( LENGTH_UNIT ( ) NAMED_UNIT ( * ) SI_UNIT ( .MILLI., .METRE. ) );
#1046 = DIRECTION ( 'NONE',  ( -0.000000000000000000, 0.000000000000000000, 1.000000000000000000 ) ) ;
#1047 = CARTESIAN_POINT ( 'NONE',  ( 1.725000000000000089, 1.554657163815786003, 2.951802450871777506 ) ) ;
#1048 = ORIENTED_EDGE ( 'NONE', *, *, #8401, .F. ) ;
#1050 = B_SPLINE_CURVE_WITH_KNOTS ( 'NONE', 3,
 ( #7279, #7441, #4739, #10579 ),
 .UNSPECIFIED., .F., .F.,
 ( 4, 4 ),
 ( 0.000000000000000000, 1.000000000000000000 ),
 .UNSPECIFIED. ) ;
#1049 = DIRECTION ( 'NONE',  ( -0.000000000000000000, 0.9998264715454812102, 0.01862865526314227624 ) ) ;
#1051 = VECTOR ( 'NONE', #9222, 1000.000000000000000 ) ;
#1052 = ORIENTED_EDGE ( 'NONE', *, *, #4238, .F. ) ;
#1053 = EDGE_CURVE ( 'NONE', #3076, #1754, #7469, .T. ) ;
#1054 = EDGE_CURVE ( 'NONE', #4623, #8713, #6754, .T. ) ;
#1055 = CARTESIAN_POINT ( 'NONE',  ( 1.750000000000001110, 1.649999999999999911, -2.773820061220085620 ) ) ;
#1056 = ADVANCED_FACE ( 'NONE', ( #4448 ), #6204, .F. ) ;
#1057 = CARTESIAN_POINT ( 'NONE',  ( -1.158199755421424060, 1.650000000000000577, -1.528701009593850690 ) ) ;
#1058 = CARTESIAN_POINT ( 'NONE',  ( -1.949999999999999956, 0.000000000000000000, 1.800000000000000266 ) ) ;
#1059 = STYLED_ITEM ( 'NONE', ( #10450 ), #8402 ) ;
#1060 = CARTESIAN_POINT ( 'NONE',  ( 0.4500000000000002331, 0.04999999999999984318, -0.3500000000000001998 ) ) ;
#1061 = ADVANCED_FACE ( 'NONE', ( #2074 ), #5363, .F. ) ;
#1062 = DIRECTION ( 'NONE',  ( -0.000000000000000000, 0.000000000000000000, -1.000000000000000000 ) ) ;
#1063 = CARTESIAN_POINT ( 'NONE',  ( -3.102876977371610945, 0.7999634446562032819, -4.500000000000001776 ) ) ;
#1064 = ORIENTED_EDGE ( 'NONE', *, *, #709, .T. ) ;
#1065 = ORIENTED_EDGE ( 'NONE', *, *, #552, .T. ) ;
#1066 = VECTOR ( 'NONE', #4990, 1000.000000000000000 ) ;
#1067 = PRODUCT_DEFINITION_CONTEXT ( 'detailed design', #7228, 'design' ) ;
#1068 = ORIENTED_EDGE ( 'NONE', *, *, #7383, .F. ) ;
#1069 = ORIENTED_EDGE ( 'NONE', *, *, #9948, .F. ) ;
#1070 = CIRCLE ( 'NONE', #7149, 0.4499999999999999001 ) ;
#1071 = VECTOR ( 'NONE', #8970, 1000.000000000000000 ) ;
#1072 = ORIENTED_EDGE ( 'NONE', *, *, #458, .F. ) ;
#1073 = EDGE_CURVE ( 'NONE', #5295, #9322, #3710, .T. ) ;
#1074 = SURFACE_STYLE_USAGE ( .BOTH. , #8718 ) ;
#1075 = DIRECTION ( 'NONE',  ( -0.000000000000000000, -1.000000000000000000, -0.000000000000000000 ) ) ;
#1076 = CARTESIAN_POINT ( 'NONE',  ( -2.999999999999999112, -2.710505431213761085E-17, 1.600000000000000089 ) ) ;
#1077 = CARTESIAN_POINT ( 'NONE',  ( -2.201387595806831854, 0.5552424364119704636, -2.923824743312684493 ) ) ;
#1078 = CARTESIAN_POINT ( 'NONE',  ( 3.057587376248532607, 1.586092108864527450, 1.489452738600705706 ) ) ;
#1079 = B_SPLINE_CURVE_WITH_KNOTS ( 'NONE', 3,
 ( #2483, #9161, #5843, #4788, #7387, #667, #7437, #5001, #8263, #3987, #5725, #784 ),
 .UNSPECIFIED., .F., .F.,
 ( 4, 2, 2, 2, 2, 4 ),
 ( 0.000000000000000000, 0.2500000000000030531, 0.3750000000000024980, 0.4375000000000048295, 0.5000000000000072164, 1.000000000000000000 ),
 .UNSPECIFIED. ) ;
#1080 = SURFACE_SIDE_STYLE ('',( #2003 ) ) ;
#1081 = ORIENTED_EDGE ( 'NONE', *, *, #3637, .T. ) ;
#1082 = UNCERTAINTY_MEASURE_WITH_UNIT (LENGTH_MEASURE( 1.000000000000000082E-05 ), #7095, 'distance_accuracy_value', 'NONE');
#1083 = VERTEX_POINT ( 'NONE', #7694 ) ;
#1084 = ORIENTED_EDGE ( 'NONE', *, *, #9428, .T. ) ;
#1085 = FILL_AREA_STYLE_COLOUR ( '', #8039 ) ;
#1086 = DIRECTION ( 'NONE',  ( 0.1690054695747774394, 0.9856151131419449429, 0.000000000000000000 ) ) ;
#1087 = ORIENTED_EDGE ( 'NONE', *, *, #446, .F. ) ;
#1088 = LINE ( 'NONE', #6863, #3920 ) ;
#1089 = B_SPLINE_CURVE_WITH_KNOTS ( 'NONE', 3,
 ( #3616, #7823, #1119, #6118 ),
 .UNSPECIFIED., .F., .F.,
 ( 4, 4 ),
 ( 0.000000000000000000, 1.000000000000000000 ),
 .UNSPECIFIED. ) ;
#1090 = AXIS2_PLACEMENT_3D ( 'NONE', #7131, #6102, #1632 ) ;
#1091 = STYLED_ITEM ( 'NONE', ( #9139 ), #10486 ) ;
#1092 = LINE ( 'NONE', #3316, #1588 ) ;
#1093 = ORIENTED_EDGE ( 'NONE', *, *, #7334, .F. ) ;
#1094 = CARTESIAN_POINT ( 'NONE',  ( -6.343655687360422656E-17, 0.7747918205216973719, -0.05501945105851741014 ) ) ;
#1096 = DIRECTION ( 'NONE',  ( -0.000000000000000000, 0.000000000000000000, -1.000000000000000000 ) ) ;
#1095 = SURFACE_STYLE_FILL_AREA ( #6093 ) ;
#1097 = DIRECTION ( 'NONE',  ( 1.000000000000000000, 0.000000000000000000, 0.000000000000000000 ) ) ;
#1098 = CARTESIAN_POINT ( 'NONE',  ( 1.399999999999999911, 1.111981563471723389, -2.810092612869348638 ) ) ;
#1099 = ORIENTED_EDGE ( 'NONE', *, *, #7245, .F. ) ;
#1100 = FILL_AREA_STYLE ('',( #2077 ) ) ;
#1101 = AXIS2_PLACEMENT_3D ( 'NONE', #8408, #10276, #4282 ) ;
#1102 = CARTESIAN_POINT ( 'NONE',  ( 2.399999999999999911, 0.04999999999999998890, -0.9000000000000005773 ) ) ;
#1103 = ORIENTED_EDGE ( 'NONE', *, *, #5512, .T. ) ;
#1104 = MECHANICAL_DESIGN_GEOMETRIC_PRESENTATION_REPRESENTATION (  '', ( #5063 ), #10692 ) ;
#1105 = LINE ( 'NONE', #995, #29 ) ;
#1106 = VECTOR ( 'NONE', #8620, 1000.000000000000000 ) ;
#1107 = CARTESIAN_POINT ( 'NONE',  ( 2.899999999999999467, 1.040000000000000036, -3.000000000000001332 ) ) ;
#1108 = PRODUCT_DEFINITION_FORMATION_WITH_SPECIFIED_SOURCE ( 'ANY', '', #3776, .NOT_KNOWN. ) ;
#1109 =( NAMED_UNIT ( * ) SI_UNIT ( $, .STERADIAN. ) SOLID_ANGLE_UNIT ( ) );
#1110 = DIRECTION ( 'NONE',  ( 0.000000000000000000, -0.8137334712067343379, -0.5812381937190973513 ) ) ;
#1111 = DIRECTION ( 'NONE',  ( 0.1690054695747755520, -0.9856151131419452760, 0.000000000000000000 ) ) ;
#1112 = EDGE_CURVE ( 'NONE', #7202, #9262, #3599, .T. ) ;
#1113 = ORIENTED_EDGE ( 'NONE', *, *, #5077, .F. ) ;
#1114 = APPLICATION_CONTEXT ( 'automotive_design' ) ;
#1115 = CARTESIAN_POINT ( 'NONE',  ( -2.999999999999999112, 0.2000000000000000111, 2.400000000000001243 ) ) ;
#1116 = VECTOR ( 'NONE', #5575, 1000.000000000000000 ) ;
#1117 = EDGE_LOOP ( 'NONE', ( #2759, #10098, #10063, #5262 ) ) ;
#1118 = CARTESIAN_POINT ( 'NONE',  ( 1.725000000000000089, 1.554657163815786003, -2.951802450871778394 ) ) ;
#1119 = CARTESIAN_POINT ( 'NONE',  ( -1.747290618602362233, 0.6930814536348287591, 2.840296774384020839 ) ) ;
#1120 = COLOUR_RGB ( '',0.6470588235294117974, 0.6196078431372549211, 0.5882352941176470784 ) ;
#1121 = CARTESIAN_POINT ( 'NONE',  ( -2.999999999999999112, 0.2000000000000000111, 1.600000000000000311 ) ) ;
#1122 = AXIS2_PLACEMENT_3D ( 'NONE', #4674, #5509, #8037 ) ;
#1123 = CARTESIAN_POINT ( 'NONE',  ( -1.766485034026791245, 0.9893483593578138446, -2.966396577844844895 ) ) ;
#1124 = CARTESIAN_POINT ( 'NONE',  ( 2.927957363345853548, 1.039999999999999813, 3.000000000000000000 ) ) ;
#1125 = EDGE_CURVE ( 'NONE', #9372, #7307, #7807, .T. ) ;
#1126 =( NAMED_UNIT ( * ) SI_UNIT ( $, .STERADIAN. ) SOLID_ANGLE_UNIT ( ) );
#1127 = ORIENTED_EDGE ( 'NONE', *, *, #1807, .T. ) ;
#1128 = ORIENTED_EDGE ( 'NONE', *, *, #7840, .T. ) ;
#1129 = ORIENTED_EDGE ( 'NONE', *, *, #6047, .F. ) ;
#1130 = EDGE_CURVE ( 'NONE', #3260, #8969, #8735, .T. ) ;
#1131 = AXIS2_PLACEMENT_3D ( 'NONE', #5937, #8238, #2569 ) ;
#1132 = CARTESIAN_POINT ( 'NONE',  ( 3.000000000000000000, 0.2000000000000000111, 1.599999999999999423 ) ) ;
#1133 = ORIENTED_EDGE ( 'NONE', *, *, #3595, .T. ) ;
#1134 = VECTOR ( 'NONE', #8778, 1000.000000000000000 ) ;
#1135 = ORIENTED_EDGE ( 'NONE', *, *, #7942, .F. ) ;
#1136 = CARTESIAN_POINT ( 'NONE',  ( -1.749653394080792568, 0.5499915388736736910, -2.849880849202527600 ) ) ;
#1137 = LINE ( 'NONE', #2763, #5788 ) ;
#1138 = APPLICATION_PROTOCOL_DEFINITION ( 'draft international standard', 'automotive_design', 1998, #8716 ) ;
#1139 = DIRECTION ( 'NONE',  ( 0.000000000000000000, 0.000000000000000000, -1.000000000000000000 ) ) ;
#1140 = CARTESIAN_POINT ( 'NONE',  ( 3.102876977371610501, 0.7999634446562070567, -1.750000000000000666 ) ) ;
#1141 = EDGE_CURVE ( 'NONE', #8426, #7612, #6808, .T. ) ;
#1142 = AXIS2_PLACEMENT_3D ( 'NONE', #5610, #1428, #3876 ) ;
#1143 = EDGE_CURVE ( 'NONE', #578, #7143, #1904, .T. ) ;
#1144 = ADVANCED_FACE ( 'NONE', ( #6095 ), #2780, .T. ) ;
#1145 = FACE_OUTER_BOUND ( 'NONE', #8610, .T. ) ;
#1146 = VERTEX_POINT ( 'NONE', #269 ) ;
#1147 = ORIENTED_EDGE ( 'NONE', *, *, #2476, .F. ) ;
#1148 = ADVANCED_FACE ( 'NONE', ( #6921 ), #10328, .F. ) ;
#1149 = SURFACE_STYLE_FILL_AREA ( #2006 ) ;
#1150 = LINE ( 'NONE', #1894, #576 ) ;
#1151 = ORIENTED_EDGE ( 'NONE', *, *, #1281, .T. ) ;
#1152 = PRESENTATION_STYLE_ASSIGNMENT (( #8630 ) ) ;
#1153 = DIRECTION ( 'NONE',  ( -2.990902544787597113E-16, 0.000000000000000000, -1.000000000000000000 ) ) ;
#1154 = PLANE ( 'NONE',  #5035 ) ;
#1155 = ORIENTED_EDGE ( 'NONE', *, *, #4960, .F. ) ;
#1156 = AXIS2_PLACEMENT_3D ( 'NONE', #5260, #1034, #1897 ) ;
#1158 = FILL_AREA_STYLE_COLOUR ( '', #7963 ) ;
#1157 = CARTESIAN_POINT ( 'NONE',  ( 2.900000000000001243, 1.639999999999999902, 2.899999999999999467 ) ) ;
#1159 = CARTESIAN_POINT ( 'NONE',  ( 1.725000000000000089, 1.109374968413276763, -2.810277712176606713 ) ) ;
#1160 = CARTESIAN_POINT ( 'NONE',  ( 1.850000000000000089, 0.9899999999999999911, 2.700000000000000178 ) ) ;
#1161 = EDGE_CURVE ( 'NONE', #2603, #3813, #4702, .T. ) ;
#1162 = VERTEX_POINT ( 'NONE', #4756 ) ;
#1163 =( NAMED_UNIT ( * ) SI_UNIT ( $, .STERADIAN. ) SOLID_ANGLE_UNIT ( ) );
#1164 = DIRECTION ( 'NONE',  ( 0.000000000000000000, 0.000000000000000000, -1.000000000000000000 ) ) ;
#1165 = PLANE ( 'NONE',  #723 ) ;
#1166 = CARTESIAN_POINT ( 'NONE',  ( 1.850000000000000089, 0.9899999999999999911, -2.700000000000001066 ) ) ;
#1167 = AXIS2_PLACEMENT_3D ( 'NONE', #9215, #1708, #9868 ) ;
#1168 = DIRECTION ( 'NONE',  ( 0.000000000000000000, -1.000000000000000000, 2.670717223410073261E-17 ) ) ;
#1169 = AXIS2_PLACEMENT_3D ( 'NONE', #5678, #6603, #5789 ) ;
#1170 = SURFACE_SIDE_STYLE ('',( #4612 ) ) ;
#1171 = EDGE_LOOP ( 'NONE', ( #7756, #8727, #10085, #4490 ) ) ;
#1172 = VERTEX_POINT ( 'NONE', #8064 ) ;
#1173 = VECTOR ( 'NONE', #3433, 1000.000000000000000 ) ;
#1174 = CARTESIAN_POINT ( 'NONE',  ( 3.210989154900473874, 1.586465982334615665, -1.467446827165984402 ) ) ;
#1175 = CARTESIAN_POINT ( 'NONE',  ( -1.741543061873370490, 1.649999999999999911, -0.7598578817009070674 ) ) ;
#1176 = LINE ( 'NONE', #5177, #1872 ) ;
#1177 = CARTESIAN_POINT ( 'NONE',  ( 3.100000000000000533, 1.649999999999999911, -2.500000000000000444 ) ) ;
#1178 = DIRECTION ( 'NONE',  ( 0.1660101621115968318, 0.06985066062633379924, -0.9836470460921163950 ) ) ;
#1179 = ORIENTED_EDGE ( 'NONE', *, *, #9797, .T. ) ;
#1180 = ORIENTED_EDGE ( 'NONE', *, *, #2932, .F. ) ;
#1181 = VECTOR ( 'NONE', #6467, 1000.000000000000000 ) ;
#1182 = ORIENTED_EDGE ( 'NONE', *, *, #8539, .F. ) ;
#1183 = CARTESIAN_POINT ( 'NONE',  ( -3.099999999999985878, 1.649999999999999911, 1.899999999999999245 ) ) ;
#1184 = VERTEX_POINT ( 'NONE', #8165 ) ;
#1185 = VERTEX_POINT ( 'NONE', #7079 ) ;
#1186 = FACE_OUTER_BOUND ( 'NONE', #7154, .T. ) ;
#1187 = DIRECTION ( 'NONE',  ( -0.1031413735657401715, 0.6995440351107088395, 0.7071067811865473507 ) ) ;
#1188 = LINE ( 'NONE', #6952, #2316 ) ;
#1189 = ITEM_DEFINED_TRANSFORMATION ( 'NONE', 'NONE', #10177,  #4552 ) ;
#1190 = LINE ( 'NONE', #2878, #7911 ) ;
#1191 = FACE_OUTER_BOUND ( 'NONE', #3073, .T. ) ;
#1192 = ORIENTED_EDGE ( 'NONE', *, *, #7178, .F. ) ;
#1193 = UNCERTAINTY_MEASURE_WITH_UNIT (LENGTH_MEASURE( 1.000000000000000082E-05 ), #5826, 'distance_accuracy_value', 'NONE');
#1194 = VERTEX_POINT ( 'NONE', #7184 ) ;
#1195 = CARTESIAN_POINT ( 'NONE',  ( -1.750000000000001332, 1.002122504303030626, -2.772735025818183985 ) ) ;
#1196 = ORIENTED_EDGE ( 'NONE', *, *, #4964, .F. ) ;
#1197 = CARTESIAN_POINT ( 'NONE',  ( -1.725000000000000089, 1.563370848380596145, -2.800609493379985881 ) ) ;
#1198 = EDGE_CURVE ( 'NONE', #7320, #7153, #5418, .T. ) ;
#1199 = PLANE ( 'NONE',  #1652 ) ;
#1200 = CARTESIAN_POINT ( 'NONE',  ( -1.834732689992171872, 1.799999999999999822, -0.5007314990555890022 ) ) ;
#1201 = LINE ( 'NONE', #3695, #1270 ) ;
#1202 = EDGE_CURVE ( 'NONE', #8253, #7630, #10539, .T. ) ;
#1203 = PRESENTATION_STYLE_ASSIGNMENT (( #6202 ) ) ;
#1204 = CARTESIAN_POINT ( 'NONE',  ( -3.100000000000000977, 1.800000000000000488, -2.499999999999999556 ) ) ;
#1205 = ADVANCED_FACE ( 'NONE', ( #2281 ), #9779, .F. ) ;
#1206 = ORIENTED_EDGE ( 'NONE', *, *, #9824, .F. ) ;
#1207 = LINE ( 'NONE', #5212, #2110 ) ;
#1208 = DIRECTION ( 'NONE',  ( 0.9860555265491623977, 0.000000000000000000, -0.1664166414811154293 ) ) ;
#1209 = CARTESIAN_POINT ( 'NONE',  ( -2.999999999999999112, 1.639999999999999902, 2.400000000000000799 ) ) ;
#1210 = LINE ( 'NONE', #599, #10765 ) ;
#1211 = EDGE_CURVE ( 'NONE', #263, #5973, #3094, .T. ) ;
#1212 = CARTESIAN_POINT ( 'NONE',  ( -3.000000000000000000, 0.000000000000000000, -2.400000000000001243 ) ) ;
#1213 =( LENGTH_UNIT ( ) NAMED_UNIT ( * ) SI_UNIT ( .MILLI., .METRE. ) );
#1214 = CARTESIAN_POINT ( 'NONE',  ( -2.963662989417781279, 1.800000000000000933, -1.500000000000000000 ) ) ;
#1215 = ORIENTED_EDGE ( 'NONE', *, *, #3722, .F. ) ;
#1216 = ORIENTED_EDGE ( 'NONE', *, *, #9680, .F. ) ;
#1217 = CARTESIAN_POINT ( 'NONE',  ( 3.197123022628389322, 0.1661989060850456168, -2.400000000000000799 ) ) ;
#1218 = CARTESIAN_POINT ( 'NONE',  ( -2.399999999999999467, 0.4000000000000000222, 0.9000000000000003553 ) ) ;
#1219 = VECTOR ( 'NONE', #7183, 1000.000000000000000 ) ;
#1220 = DIRECTION ( 'NONE',  ( -1.000000000000000000, -0.000000000000000000, 2.168404344971010840E-16 ) ) ;
#1221 = PLANE ( 'NONE',  #9909 ) ;
#1222 = CARTESIAN_POINT ( 'NONE',  ( 0.4131558286149704662, 0.05000000000000000278, 1.521143243332065520 ) ) ;
#1223 = VECTOR ( 'NONE', #9113, 999.9999999999998863 ) ;
#1224 = FACE_OUTER_BOUND ( 'NONE', #8416, .T. ) ;
#1225 = ORIENTED_EDGE ( 'NONE', *, *, #3922, .T. ) ;
#1226 = VERTEX_POINT ( 'NONE', #634 ) ;
#1227 = ORIENTED_EDGE ( 'NONE', *, *, #4100, .F. ) ;
#1228 = LINE ( 'NONE', #3779, #9329 ) ;
#1229 = STYLED_ITEM ( 'NONE', ( #9093 ), #5676 ) ;
#1230 = ORIENTED_EDGE ( 'NONE', *, *, #6316, .T. ) ;
#1231 = EDGE_CURVE ( 'NONE', #904, #9075, #10441, .T. ) ;
#1232 = VERTEX_POINT ( 'NONE', #8796 ) ;
#1233 = SURFACE_STYLE_USAGE ( .BOTH. , #8717 ) ;
#1234 = VECTOR ( 'NONE', #9087, 1000.000000000000000 ) ;
#1235 = DIRECTION ( 'NONE',  ( -0.000000000000000000, -0.000000000000000000, -1.000000000000000000 ) ) ;
#1236 = CARTESIAN_POINT ( 'NONE',  ( 3.232597679844643412, 0.3730819044509719462, 1.599999999999998757 ) ) ;
#1237 = CARTESIAN_POINT ( 'NONE',  ( -1.725000000000000089, 0.000000000000000000, 2.799999999999999822 ) ) ;
#1238 = DIRECTION ( 'NONE',  ( 0.000000000000000000, 0.000000000000000000, 1.000000000000000000 ) ) ;
#1239 = CARTESIAN_POINT ( 'NONE',  ( -1.849999999999999201, 9.857313811473279230, -2.700000000000001510 ) ) ;
#1240 = MECHANICAL_DESIGN_GEOMETRIC_PRESENTATION_REPRESENTATION (  '', ( #9453 ), #171 ) ;
#1241 = DIRECTION ( 'NONE',  ( -0.1660101621116042703, 0.06985066062633372985, 0.9836470460921151737 ) ) ;
#1242 = SURFACE_STYLE_USAGE ( .BOTH. , #7222 ) ;
#1243 = VERTEX_POINT ( 'NONE', #9620 ) ;
#1244 = VECTOR ( 'NONE', #973, 1000.000000000000227 ) ;
#1245 = ORIENTED_EDGE ( 'NONE', *, *, #8484, .T. ) ;
#1246 = ADVANCED_FACE ( 'NONE', ( #584 ), #2122, .T. ) ;
#1247 = CARTESIAN_POINT ( 'NONE',  ( 3.000000000000000444, 0.2000000000000001221, 2.400000000000000799 ) ) ;
#1248 = ORIENTED_EDGE ( 'NONE', *, *, #10003, .T. ) ;
#1249 =( GEOMETRIC_REPRESENTATION_CONTEXT ( 3 ) GLOBAL_UNCERTAINTY_ASSIGNED_CONTEXT ( ( #10379 ) ) GLOBAL_UNIT_ASSIGNED_CONTEXT ( ( #7080, #7186, #2229 ) ) REPRESENTATION_CONTEXT ( 'NONE', 'WORKASPACE' ) );
#1250 = PRESENTATION_STYLE_ASSIGNMENT (( #5357 ) ) ;
#1251 = CARTESIAN_POINT ( 'NONE',  ( -0.4749134309315135027, 1.800000000000000933, -1.855532590672873461 ) ) ;
#1252 = CARTESIAN_POINT ( 'NONE',  ( 1.799164799778633972, 1.639999999999999680, -2.709763107293782003 ) ) ;
#1253 = AXIS2_PLACEMENT_3D ( 'NONE', #5506, #8626, #1893 ) ;
#1254 = DIRECTION ( 'NONE',  ( 0.000000000000000000, -0.9998264715454813212, 0.01862865526313777637 ) ) ;
#1255 = CARTESIAN_POINT ( 'NONE',  ( -1.725000000000000089, 1.569124839807742644, -2.799999999999999822 ) ) ;
#1256 = EDGE_LOOP ( 'NONE', ( #3745, #8829, #6006, #2777 ) ) ;
#1257 = EDGE_CURVE ( 'NONE', #7982, #4879, #9672, .T. ) ;
#1258 = EDGE_CURVE ( 'NONE', #4660, #5906, #7765, .T. ) ;
#1259 = AXIS2_PLACEMENT_3D ( 'NONE', #1312, #1164, #2998 ) ;
#1260 = LINE ( 'NONE', #3545, #9851 ) ;
#1261 = VECTOR ( 'NONE', #1075, 1000.000000000000000 ) ;
#1262 = CARTESIAN_POINT ( 'NONE',  ( -2.927264974181821966, 1.640000000000000568, -2.700000000000000622 ) ) ;
#1263 = CARTESIAN_POINT ( 'NONE',  ( -0.1909217996564836206, 1.649999999999999911, -1.500000000000000222 ) ) ;
#1264 = CARTESIAN_POINT ( 'NONE',  ( -2.500000000000000000, 0.05000000000000000278, 0.9999999999999993339 ) ) ;
#1265 = AXIS2_PLACEMENT_3D ( 'NONE', #526, #10535, #3091 ) ;
#1266 =( LENGTH_UNIT ( ) NAMED_UNIT ( * ) SI_UNIT ( .MILLI., .METRE. ) );
#1267 = EDGE_CURVE ( 'NONE', #6548, #2572, #9730, .T. ) ;
#1268 = EDGE_CURVE ( 'NONE', #9283, #2743, #9022, .T. ) ;
#1269 = CARTESIAN_POINT ( 'NONE',  ( 1.949999999999999956, 0.2000000000000000111, -1.800000000000000266 ) ) ;
#1270 = VECTOR ( 'NONE', #7021, 1000.000000000000114 ) ;
#1271 = ORIENTED_EDGE ( 'NONE', *, *, #5560, .F. ) ;
#1272 = AXIS2_PLACEMENT_3D ( 'NONE', #2601, #9941, #2444 ) ;
#1273 = CARTESIAN_POINT ( 'NONE',  ( -1.749999999999999778, 0.9975825831908325947, 2.799999999999999822 ) ) ;
#1274 = DIRECTION ( 'NONE',  ( 0.000000000000000000, -1.000000000000000000, 2.670717223410073261E-17 ) ) ;
#1275 = CARTESIAN_POINT ( 'NONE',  ( -3.164445200455181517, 1.706442895848827135, -1.500000000000000222 ) ) ;
#1276 = B_SPLINE_CURVE_WITH_KNOTS ( 'NONE', 3,
 ( #2922, #4372, #10466, #6232 ),
 .UNSPECIFIED., .F., .F.,
 ( 4, 4 ),
 ( 0.000000000000000000, 1.000000000000000000 ),
 .UNSPECIFIED. ) ;
#1277 = CYLINDRICAL_SURFACE ( 'NONE', #9346, 0.1000000000000001721 ) ;
#1278 = VECTOR ( 'NONE', #135, 1000.000000000000000 ) ;
#1279 = VERTEX_POINT ( 'NONE', #7239 ) ;
#1280 = ORIENTED_EDGE ( 'NONE', *, *, #5839, .F. ) ;
#1281 = EDGE_CURVE ( 'NONE', #9422, #514, #1407, .T. ) ;
#1282 = PRODUCT_DEFINITION_FORMATION_WITH_SPECIFIED_SOURCE ( 'ANY', '', #10780, .NOT_KNOWN. ) ;
#1283 = ORIENTED_EDGE ( 'NONE', *, *, #8826, .T. ) ;
#1284 = DIRECTION ( 'NONE',  ( -1.000000000000000000, -0.000000000000000000, -0.000000000000000000 ) ) ;
#1285 = ORIENTED_EDGE ( 'NONE', *, *, #4293, .F. ) ;
#1286 = STYLED_ITEM ( 'NONE', ( #2540 ), #730 ) ;
#1287 =( GEOMETRIC_REPRESENTATION_CONTEXT ( 3 ) GLOBAL_UNCERTAINTY_ASSIGNED_CONTEXT ( ( #3996 ) ) GLOBAL_UNIT_ASSIGNED_CONTEXT ( ( #7280, #6666, #7335 ) ) REPRESENTATION_CONTEXT ( 'NONE', 'WORKASPACE' ) );
#1288 = AXIS2_PLACEMENT_3D ( 'NONE', #2371, #4893, #9371 ) ;
#1289 = CARTESIAN_POINT ( 'NONE',  ( 1.320168919692272125, 1.649999999999999689, -0.7157900588268737430 ) ) ;
#1290 = CARTESIAN_POINT ( 'NONE',  ( -3.099999999999985878, 1.649999999999999911, 2.799999999999999822 ) ) ;
#1291 = DIRECTION ( 'NONE',  ( 0.000000000000000000, -1.000000000000000000, 6.106320268017409079E-16 ) ) ;
#1292 = B_SPLINE_CURVE_WITH_KNOTS ( 'NONE', 3,
 ( #9728, #5695, #2226, #5527, #1406, #7236 ),
 .UNSPECIFIED., .F., .F.,
 ( 4, 2, 4 ),
 ( 0.000000000000000000, 0.5000000000000000000, 1.000000000000000000 ),
 .UNSPECIFIED. ) ;
#1293 = DIRECTION ( 'NONE',  ( 0.9856151131419452760, -0.1690054695747755520, 0.000000000000000000 ) ) ;
#1294 = MECHANICAL_DESIGN_GEOMETRIC_PRESENTATION_REPRESENTATION (  '', ( #242 ), #4059 ) ;
#1295 = ORIENTED_EDGE ( 'NONE', *, *, #5451, .F. ) ;
#1296 = UNCERTAINTY_MEASURE_WITH_UNIT (LENGTH_MEASURE( 1.000000000000000082E-05 ), #7656, 'distance_accuracy_value', 'NONE');
#1297 = ORIENTED_EDGE ( 'NONE', *, *, #524, .F. ) ;
#1298 = DIRECTION ( 'NONE',  ( 1.000000000000000000, 0.000000000000000000, -1.495451272393799542E-16 ) ) ;
#1299 = EDGE_LOOP ( 'NONE', ( #10735, #7054, #637, #868 ) ) ;
#1300 = CARTESIAN_POINT ( 'NONE',  ( -0.3397607939579994074, 0.04999999999999998890, 1.786926364940367717 ) ) ;
#1301 = VERTEX_POINT ( 'NONE', #7455 ) ;
#1302 = DIRECTION ( 'NONE',  ( 0.000000000000000000, -0.000000000000000000, -1.000000000000000000 ) ) ;
#1303 = CARTESIAN_POINT ( 'NONE',  ( -1.777549079012972433, 1.800000000000000488, -0.6712239886737353389 ) ) ;
#1304 = PLANE ( 'NONE',  #3169 ) ;
#1305 = CARTESIAN_POINT ( 'NONE',  ( 1.725000000000000089, 1.119999999999999885, 2.959900934651531479 ) ) ;
#1306 = CARTESIAN_POINT ( 'NONE',  ( 3.101604300710384621, 1.300000000000000266, -2.076184765183203496 ) ) ;
#1307 = CARTESIAN_POINT ( 'NONE',  ( 2.399999999999999467, 0.4000000000000000222, 0.9000000000000003553 ) ) ;
#1308 = DIRECTION ( 'NONE',  ( 0.000000000000000000, -0.07083354391148109774, 0.9974881498328389551 ) ) ;
#1309 = ORIENTED_EDGE ( 'NONE', *, *, #5181, .F. ) ;
#1310 = COLOUR_RGB ( '',0.6470588235294117974, 0.6196078431372549211, 0.5882352941176470784 ) ;
#1311 = APPLICATION_CONTEXT ( 'automotive_design' ) ;
#1312 = CARTESIAN_POINT ( 'NONE',  ( 3.101604300710406825, 1.300000000000003153, 0.5999999999999999778 ) ) ;
#1313 = CARTESIAN_POINT ( 'NONE',  ( -0.9875873162724327914, 1.649999999999999911, -1.133785510258698670 ) ) ;
#1314 = DIRECTION ( 'NONE',  ( 0.000000000000000000, 1.000000000000000000, -0.000000000000000000 ) ) ;
#1315 = LINE ( 'NONE', #2949, #6789 ) ;
#1316 = FILL_AREA_STYLE ('',( #6268 ) ) ;
#1317 = MECHANICAL_DESIGN_GEOMETRIC_PRESENTATION_REPRESENTATION (  '', ( #6355 ), #2711 ) ;
#1318 = COLOUR_RGB ( '',0.6470588235294117974, 0.6196078431372549211, 0.5882352941176470784 ) ;
#1319 = ORIENTED_EDGE ( 'NONE', *, *, #6106, .T. ) ;
#1320 = EDGE_CURVE ( 'NONE', #4247, #272, #4155, .T. ) ;
#1321 = LINE ( 'NONE', #2084, #5573 ) ;
#1322 = CARTESIAN_POINT ( 'NONE',  ( 3.294787763945719927, 0.06600566889855381814, 0.5521986658763282652 ) ) ;
#1323 = EDGE_CURVE ( 'NONE', #4094, #4660, #6313, .T. ) ;
#1324 = PRODUCT_DEFINITION ( 'UNKNOWN', '', #1108, #1067 ) ;
#1325 = DIRECTION ( 'NONE',  ( 0.8682431421244592995, -0.4961389383568338141, 0.000000000000000000 ) ) ;
#1326 = EDGE_CURVE ( 'NONE', #10318, #9381, #3205, .T. ) ;
#1327 = FILL_AREA_STYLE ('',( #8821 ) ) ;
#1328 = CARTESIAN_POINT ( 'NONE',  ( 0.2744602527024117000, 0.05000000000000000971, 1.338168699312175525 ) ) ;
#1329 = PLANE ( 'NONE',  #4661 ) ;
#1330 = ORIENTED_EDGE ( 'NONE', *, *, #9501, .T. ) ;
#1331 = VERTEX_POINT ( 'NONE', #4974 ) ;
#1332 = B_SPLINE_CURVE_WITH_KNOTS ( 'NONE', 3,
 ( #3239, #74, #3397, #5064, #5848, #9219 ),
 .UNSPECIFIED., .F., .F.,
 ( 4, 2, 4 ),
 ( 0.000000000000000000, 0.5000000000000000000, 1.000000000000000000 ),
 .UNSPECIFIED. ) ;
#1333 = AXIS2_PLACEMENT_3D ( 'NONE', #4984, #4221, #1848 ) ;
#1334 = ORIENTED_EDGE ( 'NONE', *, *, #6779, .F. ) ;
#1335 = CARTESIAN_POINT ( 'NONE',  ( 3.000000000000000888, 1.640999999999999792, 2.700000000000000178 ) ) ;
#1336 = MECHANICAL_DESIGN_GEOMETRIC_PRESENTATION_REPRESENTATION (  '', ( #7430 ), #2037 ) ;
#1337 = VERTEX_POINT ( 'NONE', #4856 ) ;
#1338 = B_SPLINE_CURVE_WITH_KNOTS ( 'NONE', 3,
 ( #1047, #118, #8361, #2687, #1917, #5225 ),
 .UNSPECIFIED., .F., .F.,
 ( 4, 2, 4 ),
 ( 0.000000000000000000, 0.5000000000000000000, 1.000000000000000000 ),
 .UNSPECIFIED. ) ;
#1339 = CARTESIAN_POINT ( 'NONE',  ( -3.099999999999985878, 1.800000000000000488, 1.899999999999999245 ) ) ;
#1340 = EDGE_CURVE ( 'NONE', #4094, #452, #7408, .T. ) ;
#1341 = DIRECTION ( 'NONE',  ( -0.000000000000000000, 0.000000000000000000, -1.000000000000000000 ) ) ;
#1342 = CARTESIAN_POINT ( 'NONE',  ( 0.2030191622957514819, 0.04999999999999999584, 1.413042544762311614 ) ) ;
#1343 = DIRECTION ( 'NONE',  ( 0.000000000000000000, -0.000000000000000000, 1.000000000000000000 ) ) ;
#1344 = FILL_AREA_STYLE ('',( #8835 ) ) ;
#1345 = EDGE_CURVE ( 'NONE', #9908, #4980, #6561, .T. ) ;
#1346 = VECTOR ( 'NONE', #509, 1000.000000000000000 ) ;
#1347 = DIRECTION ( 'NONE',  ( 0.000000000000000000, 0.9974881498328389551, -0.07083354391148079243 ) ) ;
#1348 = VERTEX_POINT ( 'NONE', #2397 ) ;
#1349 = EDGE_LOOP ( 'NONE', ( #4186, #3229, #10167, #1839, #9825, #6792, #3329, #1884, #8575 ) ) ;
#1350 = B_SPLINE_CURVE_WITH_KNOTS ( 'NONE', 3,
 ( #5468, #3952, #6507, #1300, #8844, #4000, #5523, #6398, #6301, #7230, #1451, #3197, #577, #10693, #7175, #522, #10638, #3033, #8109, #4799, #2980, #8897, #2113, #9723, #677, #7341, #2333 ),
 .UNSPECIFIED., .F., .F.,
 ( 4, 2, 2, 2, 1, 2, 2, 2, 2, 2, 2, 2, 2, 4 ),
 ( 0.000000000000000000, 0.06250000000000036082, 0.1250000000000007216, 0.2500000000000013878, 0.3125000000000014988, 0.3437500000000016098, 0.3750000000000016653, 0.5000000000000012212, 0.5625000000000009992, 0.6250000000000007772, 0.7500000000000008882, 0.8125000000000006661, 0.8750000000000004441, 1.000000000000000000 ),
 .UNSPECIFIED. ) ;
#1351 = DIRECTION ( 'NONE',  ( 0.000000000000000000, -0.9974881498328390661, 0.07083354391147902995 ) ) ;
#1352 = VERTEX_POINT ( 'NONE', #9889 ) ;
#1353 = FILL_AREA_STYLE_COLOUR ( '', #5304 ) ;
#1354 = ORIENTED_EDGE ( 'NONE', *, *, #7109, .F. ) ;
#1355 = CARTESIAN_POINT ( 'NONE',  ( -1.399999999999999911, 0.5499999999999992673, 2.850000000000000089 ) ) ;
#1356 = CARTESIAN_POINT ( 'NONE',  ( -1.670229291564659047, 1.800000000000000711, -0.9429951757513159727 ) ) ;
#1357 = CARTESIAN_POINT ( 'NONE',  ( -1.724999999999999867, 0.000000000000000000, 2.799999999999999822 ) ) ;
#1358 = FILL_AREA_STYLE_COLOUR ( '', #5601 ) ;
#1359 = PLANE ( 'NONE',  #2086 ) ;
#1360 = CARTESIAN_POINT ( 'NONE',  ( 5.510910596163088939E-17, 0.05000000000000000278, 2.149999999999999911 ) ) ;
#1361 = FILL_AREA_STYLE ('',( #5530 ) ) ;
#1362 = ORIENTED_EDGE ( 'NONE', *, *, #2797, .T. ) ;
#1363 = FACE_OUTER_BOUND ( 'NONE', #8154, .T. ) ;
#1364 = FILL_AREA_STYLE ('',( #7296 ) ) ;
#1365 = EDGE_CURVE ( 'NONE', #2795, #4519, #3581, .T. ) ;
#1366 = CARTESIAN_POINT ( 'NONE',  ( -0.3749691544374196828, 1.649999999999999911, -1.464894150531215633 ) ) ;
#1367 = PLANE ( 'NONE',  #6906 ) ;
#1368 = CARTESIAN_POINT ( 'NONE',  ( -1.821402008895268487, -7.856804290284272518, 1.749999999999998002 ) ) ;
#1369 = FACE_OUTER_BOUND ( 'NONE', #2466, .T. ) ;
#1370 =( NAMED_UNIT ( * ) PLANE_ANGLE_UNIT ( ) SI_UNIT ( $, .RADIAN. ) );
#1371 = EDGE_CURVE ( 'NONE', #969, #8668, #10635, .T. ) ;
#1372 = ORIENTED_EDGE ( 'NONE', *, *, #7019, .F. ) ;
#1373 = LINE ( 'NONE', #6218, #4175 ) ;
#1374 = FACE_OUTER_BOUND ( 'NONE', #3032, .T. ) ;
#1375 = CARTESIAN_POINT ( 'NONE',  ( 2.999999999999999556, 1.800000000000000488, -2.799999999999998934 ) ) ;
#1376 = CARTESIAN_POINT ( 'NONE',  ( -1.725000000000000089, 1.551862865526314028, 2.801828480139958000 ) ) ;
#1377 = EDGE_LOOP ( 'NONE', ( #4434, #2731, #2712, #8439, #4157 ) ) ;
#1378 = ORIENTED_EDGE ( 'NONE', *, *, #2719, .T. ) ;
#1379 = CARTESIAN_POINT ( 'NONE',  ( 3.000000000000000888, 1.650000000000000133, -2.799999999999998934 ) ) ;
#1380 = ORIENTED_EDGE ( 'NONE', *, *, #9168, .F. ) ;
#1381 = EDGE_CURVE ( 'NONE', #10195, #3713, #8122, .T. ) ;
#1382 = PLANE ( 'NONE',  #1122 ) ;
#1383 = ORIENTED_EDGE ( 'NONE', *, *, #8541, .F. ) ;
#1384 = EDGE_CURVE ( 'NONE', #6741, #4138, #5084, .T. ) ;
#1385 = CARTESIAN_POINT ( 'NONE',  ( -1.749999999999999334, 1.650000000000000355, 2.799999999999999822 ) ) ;
#1386 = ADVANCED_FACE ( 'NONE', ( #9072 ), #5811, .T. ) ;
#1387 = CARTESIAN_POINT ( 'NONE',  ( 3.314333682014634075, 2.033147935050136912, -4.500000000000001776 ) ) ;
#1388 = CARTESIAN_POINT ( 'NONE',  ( -9.901648023587490550E-17, 1.649999999999999911, 1.899999999999999911 ) ) ;
#1389 = CARTESIAN_POINT ( 'NONE',  ( -0.1065178130984856530, 0.05000000000000000278, 1.365777702829549911 ) ) ;
#1390 = SURFACE_SIDE_STYLE ('',( #3943 ) ) ;
#1391 = FILL_AREA_STYLE_COLOUR ( '', #9512 ) ;
#1392 = ORIENTED_EDGE ( 'NONE', *, *, #5229, .F. ) ;
#1393 = VECTOR ( 'NONE', #8637, 1000.000000000000000 ) ;
#1394 = UNCERTAINTY_MEASURE_WITH_UNIT (LENGTH_MEASURE( 1.000000000000000082E-05 ), #5020, 'distance_accuracy_value', 'NONE');
#1395 = EDGE_CURVE ( 'NONE', #272, #8765, #1677, .T. ) ;
#1396 = ORIENTED_EDGE ( 'NONE', *, *, #4246, .F. ) ;
#1397 = ADVANCED_FACE ( 'NONE', ( #3358 ), #3257, .F. ) ;
#1398 = DIRECTION ( 'NONE',  ( -0.9856151131419451650, -0.1690054695747762459, -0.000000000000000000 ) ) ;
#1399 = ORIENTED_EDGE ( 'NONE', *, *, #6591, .T. ) ;
#1400 = VECTOR ( 'NONE', #167, 1000.000000000000000 ) ;
#1401 = CARTESIAN_POINT ( 'NONE',  ( -1.822735025818192911, 0.9899999999999995470, 2.700000000000000622 ) ) ;
#1402 = ORIENTED_EDGE ( 'NONE', *, *, #57, .T. ) ;
#1403 = LINE ( 'NONE', #8848, #2890 ) ;
#1404 = DIRECTION ( 'NONE',  ( 0.9860555265491621757, 0.000000000000000000, -0.1664166414811165950 ) ) ;
#1405 = CARTESIAN_POINT ( 'NONE',  ( -2.199999999999999734, -4.065758146820641628E-17, 1.800000000000000488 ) ) ;
#1406 = CARTESIAN_POINT ( 'NONE',  ( -1.822735025818171151, 1.640000000000000124, 2.699999999999999734 ) ) ;
#1407 = LINE ( 'NONE', #3902, #3718 ) ;
#1408 = ORIENTED_EDGE ( 'NONE', *, *, #5293, .T. ) ;
#1409 = ORIENTED_EDGE ( 'NONE', *, *, #2374, .F. ) ;
#1410 = DIRECTION ( 'NONE',  ( -0.000000000000000000, -1.000000000000000000, -0.000000000000000000 ) ) ;
#1411 = AXIS2_PLACEMENT_3D ( 'NONE', #7367, #4935, #9040 ) ;
#1412 = CARTESIAN_POINT ( 'NONE',  ( -2.999999999999999112, 1.650000000000000355, 2.699999999999999289 ) ) ;
#1413 = AXIS2_PLACEMENT_3D ( 'NONE', #494, #333, #6988 ) ;
#1414 = CARTESIAN_POINT ( 'NONE',  ( 1.850000000000000311, 0.000000000000000000, 2.799999999999999822 ) ) ;
#1415 =( NAMED_UNIT ( * ) PLANE_ANGLE_UNIT ( ) SI_UNIT ( $, .RADIAN. ) );
#1416 = CARTESIAN_POINT ( 'NONE',  ( -3.099999999999985878, 1.649999999999999911, 2.799999999999999822 ) ) ;
#1417 = CARTESIAN_POINT ( 'NONE',  ( 1.725000000000000089, 1.119999999999999885, 2.959900934651531479 ) ) ;
#1418 = CARTESIAN_POINT ( 'NONE',  ( -1.725000000000000089, 1.111985212845686410, -2.810160796090975133 ) ) ;
#1419 = VECTOR ( 'NONE', #8594, 1000.000000000000000 ) ;
#1420 = DIRECTION ( 'NONE',  ( 0.000000000000000000, 1.000000000000000000, -2.439454888092388921E-15 ) ) ;
#1421 = ORIENTED_EDGE ( 'NONE', *, *, #5303, .T. ) ;
#1422 = CARTESIAN_POINT ( 'NONE',  ( -3.046699193019194674, -1.562775787684183633E-16, -2.400000000000000799 ) ) ;
#1423 = PLANE ( 'NONE',  #453 ) ;
#1424 = MECHANICAL_DESIGN_GEOMETRIC_PRESENTATION_REPRESENTATION (  '', ( #4181 ), #5401 ) ;
#1425 = CARTESIAN_POINT ( 'NONE',  ( 3.000000000000000444, 0.2000000000000004552, -2.400000000000000799 ) ) ;
#1426 = VECTOR ( 'NONE', #1690, 1000.000000000000000 ) ;
#1427 = PLANE ( 'NONE',  #6973 ) ;
#1428 = DIRECTION ( 'NONE',  ( -1.000000000000000000, 0.000000000000000000, -1.224646799147353207E-16 ) ) ;
#1429 = FACE_OUTER_BOUND ( 'NONE', #5957, .T. ) ;
#1430 = VERTEX_POINT ( 'NONE', #1567 ) ;
#1431 = ORIENTED_EDGE ( 'NONE', *, *, #10797, .F. ) ;
#1432 = DIRECTION ( 'NONE',  ( -0.000000000000000000, -1.000000000000000000, -0.000000000000000000 ) ) ;
#1433 = AXIS2_PLACEMENT_3D ( 'NONE', #9250, #1851, #7749 ) ;
#1434 = ORIENTED_EDGE ( 'NONE', *, *, #1925, .T. ) ;
#1435 = CARTESIAN_POINT ( 'NONE',  ( 0.3749691544374373908, 1.650000000000000133, 1.464894150531215855 ) ) ;
#1436 = VECTOR ( 'NONE', #1726, 1000.000000000000000 ) ;
#1437 = FACE_OUTER_BOUND ( 'NONE', #228, .T. ) ;
#1438 = CARTESIAN_POINT ( 'NONE',  ( 0.6841539964435916499, 1.649999999999999911, 1.772620802046985133 ) ) ;
#1439 = CARTESIAN_POINT ( 'NONE',  ( -0.3500000000612961681, 0.05000000001520675530, 1.700000000000000178 ) ) ;
#1440 = AXIS2_PLACEMENT_3D ( 'NONE', #1666, #23, #4965 ) ;
#1441 = CARTESIAN_POINT ( 'NONE',  ( -0.8000000000000000444, 0.000000000000000000, 2.700000000000000178 ) ) ;
#1442 = LINE ( 'NONE', #6555, #3027 ) ;
#1443 = ADVANCED_FACE ( 'NONE', ( #8392 ), #10095, .F. ) ;
#1444 = DIRECTION ( 'NONE',  ( 0.000000000000000000, 0.000000000000000000, -1.000000000000000000 ) ) ;
#1445 = ORIENTED_EDGE ( 'NONE', *, *, #5982, .F. ) ;
#1446 = ORIENTED_EDGE ( 'NONE', *, *, #9424, .T. ) ;
#1447 = LINE ( 'NONE', #574, #7545 ) ;
#1448 = ORIENTED_EDGE ( 'NONE', *, *, #6322, .F. ) ;
#1449 = VECTOR ( 'NONE', #8132, 1000.000000000000000 ) ;
#1450 = VECTOR ( 'NONE', #9175, 1000.000000000000000 ) ;
#1451 = CARTESIAN_POINT ( 'NONE',  ( -0.1510943771953606463, 0.05000000000000000971, 2.015933996826275720 ) ) ;
#1452 = EDGE_LOOP ( 'NONE', ( #9843, #4204, #10514 ) ) ;
#1453 = CARTESIAN_POINT ( 'NONE',  ( 0.06939212943768897912, 0.2400000000000000744, 1.450147332370916642 ) ) ;
#1454 =( LENGTH_UNIT ( ) NAMED_UNIT ( * ) SI_UNIT ( .MILLI., .METRE. ) );
#1455 = EDGE_CURVE ( 'NONE', #10598, #3526, #10263, .T. ) ;
#1456 = CARTESIAN_POINT ( 'NONE',  ( 1.750000000000000222, 1.639999999999999680, -2.772042636654154180 ) ) ;
#1457 = EDGE_CURVE ( 'NONE', #9178, #717, #7206, .T. ) ;
#1458 = ADVANCED_FACE ( 'NONE', ( #2766 ), #3684, .T. ) ;
#1459 = LINE ( 'NONE', #2442, #6138 ) ;
#1460 = FACE_OUTER_BOUND ( 'NONE', #9456, .T. ) ;
#1461 = CARTESIAN_POINT ( 'NONE',  ( 2.200000000000000178, 0.2000000000000000111, -1.800000000000000266 ) ) ;
#1462 = PRESENTATION_LAYER_ASSIGNMENT (  '', '', ( #10715 ) ) ;
#1463 = MECHANICAL_DESIGN_GEOMETRIC_PRESENTATION_REPRESENTATION (  '', ( #2861 ), #760 ) ;
#1464 = EDGE_CURVE ( 'NONE', #2715, #3467, #9345, .T. ) ;
#1465 = DIRECTION ( 'NONE',  ( 0.000000000000000000, -0.000000000000000000, 1.000000000000000000 ) ) ;
#1466 = ORIENTED_EDGE ( 'NONE', *, *, #7315, .T. ) ;
#1467 = EDGE_LOOP ( 'NONE', ( #2475, #4800, #6997, #3243 ) ) ;
#1468 = DIRECTION ( 'NONE',  ( -1.000000000000000000, -0.000000000000000000, 1.495451272393799542E-16 ) ) ;
#1469 = DIRECTION ( 'NONE',  ( -2.990902544787597113E-16, 0.000000000000000000, -1.000000000000000000 ) ) ;
#1470 = CARTESIAN_POINT ( 'NONE',  ( 1.850000000000000311, 1.650000000000000355, 2.700000000000000178 ) ) ;
#1471 = VECTOR ( 'NONE', #2585, 999.9999999999998863 ) ;
#1472 = FILL_AREA_STYLE ('',( #8975 ) ) ;
#1473 = CARTESIAN_POINT ( 'NONE',  ( 2.299999999999999822, 0.6521171533643739249, -1.788982343607209202 ) ) ;
#1474 = EDGE_CURVE ( 'NONE', #837, #9295, #6137, .T. ) ;
#1475 = DIRECTION ( 'NONE',  ( 0.000000000000000000, -0.000000000000000000, 1.000000000000000000 ) ) ;
#1476 = CARTESIAN_POINT ( 'NONE',  ( 0.4500000000000002887, 0.05000000000000000278, 0.9999999999999993339 ) ) ;
#1477 = SURFACE_SIDE_STYLE ('',( #4610 ) ) ;
#1478 = VECTOR ( 'NONE', #10116, 1000.000000000000000 ) ;
#1479 = CARTESIAN_POINT ( 'NONE',  ( -2.999999999999999556, 1.639999999999999902, 1.899999999999999245 ) ) ;
#1480 = ORIENTED_EDGE ( 'NONE', *, *, #1267, .F. ) ;
#1481 = CARTESIAN_POINT ( 'NONE',  ( -0.2744602527023862759, 0.05000000000000000971, 2.061831300687860580 ) ) ;
#1482 = DIRECTION ( 'NONE',  ( 0.000000000000000000, 0.000000000000000000, 1.000000000000000000 ) ) ;
#1483 =( NAMED_UNIT ( * ) SI_UNIT ( $, .STERADIAN. ) SOLID_ANGLE_UNIT ( ) );
#1484 = B_SPLINE_CURVE_WITH_KNOTS ( 'NONE', 3,
 ( #7151, #4570, #3114, #3010 ),
 .UNSPECIFIED., .F., .F.,
 ( 4, 4 ),
 ( 0.000000000000000000, 1.000000000000000000 ),
 .UNSPECIFIED. ) ;
#1485 = AXIS2_PLACEMENT_3D ( 'NONE', #6451, #2336, #9726 ) ;
#1486 = CARTESIAN_POINT ( 'NONE',  ( 1.850000000000000311, 0.9899999999999999911, -2.700000000000001510 ) ) ;
#1487 = CARTESIAN_POINT ( 'NONE',  ( -3.300000000000000266, 0.7661623507412479439, -2.400000000000000799 ) ) ;
#1488 = PLANE ( 'NONE',  #346 ) ;
#1489 = ORIENTED_EDGE ( 'NONE', *, *, #3884, .T. ) ;
#1490 = ORIENTED_EDGE ( 'NONE', *, *, #4040, .F. ) ;
#1491 = LINE ( 'NONE', #10672, #712 ) ;
#1492 = CARTESIAN_POINT ( 'NONE',  ( -1.749999999999999334, 1.650000000000000355, 2.799999999999999822 ) ) ;
#1493 = ORIENTED_EDGE ( 'NONE', *, *, #5023, .T. ) ;
#1494 = PRESENTATION_LAYER_ASSIGNMENT (  '', '', ( #3580 ) ) ;
#1495 = B_SPLINE_CURVE_WITH_KNOTS ( 'NONE', 3,
 ( #7895, #6396, #9664, #4589 ),
 .UNSPECIFIED., .F., .F.,
 ( 4, 4 ),
 ( 0.000000000000000000, 1.000000000000000000 ),
 .UNSPECIFIED. ) ;
#1496 = ADVANCED_FACE ( 'NONE', ( #3579 ), #4267, .T. ) ;
#1497 = DIRECTION ( 'NONE',  ( 1.000000000000000000, 0.000000000000000000, 0.000000000000000000 ) ) ;
#1498 = LINE ( 'NONE', #4789, #9718 ) ;
#1499 =( NAMED_UNIT ( * ) PLANE_ANGLE_UNIT ( ) SI_UNIT ( $, .RADIAN. ) );
#1500 = LINE ( 'NONE', #4791, #1981 ) ;
#1501 = CARTESIAN_POINT ( 'NONE',  ( 2.989222690360981982, 1.592198665876328301, -2.700000000000000622 ) ) ;
#1502 = LINE ( 'NONE', #4840, #10547 ) ;
#1503 = AXIS2_PLACEMENT_3D ( 'NONE', #8277, #2549, #9177 ) ;
#1504 = CARTESIAN_POINT ( 'NONE',  ( 2.500000000000000000, 0.05000000000000000278, 0.9999999999999993339 ) ) ;
#1505 = VERTEX_POINT ( 'NONE', #1025 ) ;
#1506 = VECTOR ( 'NONE', #7712, 999.9999999999998863 ) ;
#1507 = VERTEX_POINT ( 'NONE', #1140 ) ;
#1508 = LINE ( 'NONE', #10430, #3877 ) ;
#1509 = EDGE_LOOP ( 'NONE', ( #1155, #892, #6948, #4827 ) ) ;
#1510 = CARTESIAN_POINT ( 'NONE',  ( -1.750000000000001554, 1.002007106109024104, 2.772042636654146630 ) ) ;
#1511 = ORIENTED_EDGE ( 'NONE', *, *, #6324, .T. ) ;
#1512 = AXIS2_PLACEMENT_3D ( 'NONE', #7373, #3223, #6538 ) ;
#1513 = CARTESIAN_POINT ( 'NONE',  ( 2.200000000000000178, 0.000000000000000000, 1.800000000000000266 ) ) ;
#1514 = CARTESIAN_POINT ( 'NONE',  ( -1.750000000000000444, 0.9789199044281209350, -2.819541576118065329 ) ) ;
#1515 = CARTESIAN_POINT ( 'NONE',  ( 0.8000000000000002665, 0.000000000000000000, 2.700000000000000178 ) ) ;
#1516 = CARTESIAN_POINT ( 'NONE',  ( -1.749972624337437832, 0.9897492686847915166, -2.968821944913500488 ) ) ;
#1517 = SURFACE_SIDE_STYLE ('',( #3256 ) ) ;
#1518 = FACE_OUTER_BOUND ( 'NONE', #9918, .T. ) ;
#1519 = VERTEX_POINT ( 'NONE', #7626 ) ;
#1520 = ORIENTED_EDGE ( 'NONE', *, *, #7923, .T. ) ;
#1521 = CARTESIAN_POINT ( 'NONE',  ( 1.900000000000000133, 0.4500000000000001776, 0.8999999999999994671 ) ) ;
#1522 = AXIS2_PLACEMENT_3D ( 'NONE', #3103, #7422, #3154 ) ;
#1523 = ORIENTED_EDGE ( 'NONE', *, *, #9812, .F. ) ;
#1524 =( NAMED_UNIT ( * ) SI_UNIT ( $, .STERADIAN. ) SOLID_ANGLE_UNIT ( ) );
#1525 = ADVANCED_FACE ( 'NONE', ( #8562 ), #6079, .F. ) ;
#1526 = EDGE_CURVE ( 'NONE', #3345, #1627, #303, .T. ) ;
#1527 = DIRECTION ( 'NONE',  ( -9.680376539334744480E-18, -1.000000000000000000, 0.000000000000000000 ) ) ;
#1528 = LINE ( 'NONE', #3102, #9822 ) ;
#1529 = EDGE_CURVE ( 'NONE', #9155, #2603, #6905, .T. ) ;
#1531 = LINE ( 'NONE', #876, #826 ) ;
#1530 = DIRECTION ( 'NONE',  ( -1.314184451497580618E-15, -0.9974881498328390661, 0.07083354391148032059 ) ) ;
#1532 = DIRECTION ( 'NONE',  ( 0.000000000000000000, 0.9974881498328389551, -0.07083354391148079243 ) ) ;
#1533 = CARTESIAN_POINT ( 'NONE',  ( -1.649999999999999911, 0.05000000000000005829, -0.3500000000000006439 ) ) ;
#1534 = FILL_AREA_STYLE ('',( #9041 ) ) ;
#1535 = DIRECTION ( 'NONE',  ( -1.734723475976810053E-15, -2.439454888092388921E-15, -1.000000000000000000 ) ) ;
#1536 = ORIENTED_EDGE ( 'NONE', *, *, #8607, .F. ) ;
#1537 = EDGE_CURVE ( 'NONE', #7111, #8625, #4429, .T. ) ;
#1538 = LINE ( 'NONE', #1805, #6990 ) ;
#1539 = PLANE ( 'NONE',  #4097 ) ;
#1540 =( NAMED_UNIT ( * ) SI_UNIT ( $, .STERADIAN. ) SOLID_ANGLE_UNIT ( ) );
#1541 = ORIENTED_EDGE ( 'NONE', *, *, #4979, .F. ) ;
#1542 = ORIENTED_EDGE ( 'NONE', *, *, #126, .T. ) ;
#1543 = B_SPLINE_CURVE_WITH_KNOTS ( 'NONE', 3,
 ( #4088, #7487, #10784, #3608, #3237, #6932 ),
 .UNSPECIFIED., .F., .F.,
 ( 4, 2, 4 ),
 ( 0.000000000000000000, 0.5000000000000000000, 1.000000000000000000 ),
 .UNSPECIFIED. ) ;
#1544 = DIRECTION ( 'NONE',  ( 0.000000000000000000, -0.07083354391148080631, -0.9974881498328390661 ) ) ;
#1545 = DIRECTION ( 'NONE',  ( 0.000000000000000000, -1.000000000000000000, -0.000000000000000000 ) ) ;
#1546 = EDGE_LOOP ( 'NONE', ( #259, #5672, #2550, #2768 ) ) ;
#1547 = DIRECTION ( 'NONE',  ( -0.000000000000000000, 0.000000000000000000, 1.000000000000000000 ) ) ;
#1548 = LINE ( 'NONE', #14, #2032 ) ;
#1549 = CARTESIAN_POINT ( 'NONE',  ( 0.6005656797158165361, 1.650000000000000355, 1.803074943732276836 ) ) ;
#1550 = DIRECTION ( 'NONE',  ( 0.000000000000000000, 1.000000000000000000, -0.000000000000000000 ) ) ;
#1551 = CARTESIAN_POINT ( 'NONE',  ( -3.035474657216254979, 0.4068829983659271732, -4.500000000000001776 ) ) ;
#1552 = DIRECTION ( 'NONE',  ( 0.000000000000000000, -0.07083354391079466073, 0.9974881498328878049 ) ) ;
#1553 = CARTESIAN_POINT ( 'NONE',  ( 3.000000000000000888, 1.643164487128668139, 1.500000000000003553 ) ) ;
#1554 = ORIENTED_EDGE ( 'NONE', *, *, #6719, .F. ) ;
#1555 = ORIENTED_EDGE ( 'NONE', *, *, #3268, .F. ) ;
#1556 = EDGE_CURVE ( 'NONE', #10706, #6347, #7676, .T. ) ;
#1557 = ORIENTED_EDGE ( 'NONE', *, *, #6983, .T. ) ;
#1558 = LINE ( 'NONE', #851, #230 ) ;
#1559 = ORIENTED_EDGE ( 'NONE', *, *, #4684, .T. ) ;
#1560 = SURFACE_STYLE_USAGE ( .BOTH. , #1618 ) ;
#1561 = ORIENTED_EDGE ( 'NONE', *, *, #511, .F. ) ;
#1562 = CARTESIAN_POINT ( 'NONE',  ( 0.1279611588394593269, 0.2400000000000000466, 1.474197025697778773 ) ) ;
#1563 = FILL_AREA_STYLE_COLOUR ( '', #4896 ) ;
#1564 = CARTESIAN_POINT ( 'NONE',  ( -3.000000000000000888, 0.9899999999999999911, -2.699999999999999734 ) ) ;
#1565 =( NAMED_UNIT ( * ) PLANE_ANGLE_UNIT ( ) SI_UNIT ( $, .RADIAN. ) );
#1566 = STYLED_ITEM ( 'NONE', ( #4391 ), #6522 ) ;
#1567 = CARTESIAN_POINT ( 'NONE',  ( 1.399999999999999911, 1.119999999999999662, -2.959900934651531479 ) ) ;
#1568 = ADVANCED_FACE ( 'NONE', ( #2819 ), #8507, .T. ) ;
#1569 = DIRECTION ( 'NONE',  ( -1.000000000000000000, 0.000000000000000000, -0.000000000000000000 ) ) ;
#1570 = B_SPLINE_CURVE_WITH_KNOTS ( 'NONE', 3,
 ( #8590, #7973, #10504, #2848 ),
 .UNSPECIFIED., .F., .F.,
 ( 4, 4 ),
 ( 0.000000000000000000, 1.000000000000000000 ),
 .UNSPECIFIED. ) ;
#1571 = ORIENTED_EDGE ( 'NONE', *, *, #880, .T. ) ;
#1572 = VERTEX_POINT ( 'NONE', #3519 ) ;
#1573 = CARTESIAN_POINT ( 'NONE',  ( -1.725000000000000089, 1.557616856953456974, 2.801218986759971941 ) ) ;
#1574 = ORIENTED_EDGE ( 'NONE', *, *, #6638, .F. ) ;
#1575 = DIRECTION ( 'NONE',  ( 0.000000000000000000, 1.000000000000000000, 0.000000000000000000 ) ) ;
#1576 = COLOUR_RGB ( '',0.6470588235294117974, 0.6196078431372549211, 0.5882352941176470784 ) ;
#1577 = DIRECTION ( 'NONE',  ( -0.000000000000000000, 0.000000000000000000, -1.000000000000000000 ) ) ;
#1578 =( LENGTH_UNIT ( ) NAMED_UNIT ( * ) SI_UNIT ( .MILLI., .METRE. ) );
#1579 = VECTOR ( 'NONE', #7647, 1000.000000000000000 ) ;
#1580 = CARTESIAN_POINT ( 'NONE',  ( 3.145255262575063160, 0.04999999999999985012, 0.5261799387799148686 ) ) ;
#1582 = FACE_OUTER_BOUND ( 'NONE', #10459, .T. ) ;
#1581 = CARTESIAN_POINT ( 'NONE',  ( -3.204135107032035190, 1.618360519674129305, -1.499999999999999112 ) ) ;
#1583 = CARTESIAN_POINT ( 'NONE',  ( 3.164620985312510015, 0.07719631184943058499, 1.599999999999998979 ) ) ;
#1584 = EDGE_CURVE ( 'NONE', #440, #8377, #4322, .T. ) ;
#1585 = ADVANCED_FACE ( 'NONE', ( #1191 ), #6027, .T. ) ;
#1586 = DIRECTION ( 'NONE',  ( 0.000000000000000000, -1.000000000000000000, 0.000000000000000000 ) ) ;
#1587 = B_SPLINE_CURVE_WITH_KNOTS ( 'NONE', 3,
 ( #3632, #6080, #5252, #10096 ),
 .UNSPECIFIED., .F., .F.,
 ( 4, 4 ),
 ( 0.000000000000000000, 1.000000000000000000 ),
 .UNSPECIFIED. ) ;
#1588 = VECTOR ( 'NONE', #8574, 1000.000000000000114 ) ;
#1589 = MECHANICAL_DESIGN_GEOMETRIC_PRESENTATION_REPRESENTATION (  '', ( #4169 ), #5933 ) ;
#1590 = ORIENTED_EDGE ( 'NONE', *, *, #9692, .F. ) ;
#1591 = PRESENTATION_STYLE_ASSIGNMENT (( #3977 ) ) ;
#1592 = ADVANCED_FACE ( 'NONE', ( #6237 ), #4930, .T. ) ;
#1593 = ADVANCED_FACE ( 'NONE', ( #5036 ), #1634, .T. ) ;
#1594 = PRESENTATION_LAYER_ASSIGNMENT (  '', '', ( #4354 ) ) ;
#1595 = EDGE_CURVE ( 'NONE', #10409, #9857, #9304, .T. ) ;
#1596 = SURFACE_SIDE_STYLE ('',( #6595 ) ) ;
#1597 = EDGE_LOOP ( 'NONE', ( #10257, #4998, #3663, #1128 ) ) ;
#1598 = VERTEX_POINT ( 'NONE', #5708 ) ;
#1599 = FACE_OUTER_BOUND ( 'NONE', #7542, .T. ) ;
#1600 = ORIENTED_EDGE ( 'NONE', *, *, #5860, .F. ) ;
#1601 = VECTOR ( 'NONE', #6260, 1000.000000000000000 ) ;
#1602 = VECTOR ( 'NONE', #4191, 1000.000000000000000 ) ;
#1603 = DIRECTION ( 'NONE',  ( 0.000000000000000000, 1.000000000000000000, -2.670717223410073261E-17 ) ) ;
#1604 = CARTESIAN_POINT ( 'NONE',  ( 1.399999999999999911, 1.800000000000000488, -2.947231250521888501 ) ) ;
#1605 = DIRECTION ( 'NONE',  ( 0.000000000000000000, 1.000000000000000000, 0.000000000000000000 ) ) ;
#1606 = DIRECTION ( 'NONE',  ( -0.000000000000000000, -0.9998264715454812102, 0.01862865526314227624 ) ) ;
#1607 = LINE ( 'NONE', #4044, #7088 ) ;
#1608 = ITEM_DEFINED_TRANSFORMATION ( 'NONE', 'NONE', #3186,  #4552 ) ;
#1609 = EDGE_CURVE ( 'NONE', #8855, #9518, #3816, .T. ) ;
#1610 = CARTESIAN_POINT ( 'NONE',  ( -1.649999999999999911, 0.05000000000000003747, 0.9000000000000002442 ) ) ;
#1611 = ORIENTED_EDGE ( 'NONE', *, *, #310, .F. ) ;
#1612 = ORIENTED_EDGE ( 'NONE', *, *, #1723, .F. ) ;
#1613 = UNCERTAINTY_MEASURE_WITH_UNIT (LENGTH_MEASURE( 1.000000000000000082E-05 ), #1013, 'distance_accuracy_value', 'NONE');
#1614 = ORIENTED_EDGE ( 'NONE', *, *, #8987, .T. ) ;
#1615 = PLANE ( 'NONE',  #6145 ) ;
#1616 = VERTEX_POINT ( 'NONE', #8295 ) ;
#1617 = VECTOR ( 'NONE', #5639, 1000.000000000000114 ) ;
#1618 = SURFACE_SIDE_STYLE ('',( #3845 ) ) ;
#1619 = ORIENTED_EDGE ( 'NONE', *, *, #5109, .F. ) ;
#1620 = PRODUCT_DEFINITION_SHAPE ( 'NONE', 'NONE',  #6046 ) ;
#1621 = CARTESIAN_POINT ( 'NONE',  ( -2.400000000000000355, 0.4500000000000001776, 0.5999999999999998668 ) ) ;
#1622 = DIRECTION ( 'NONE',  ( 0.000000000000000000, -0.9974881498328389551, -0.07083354391148079243 ) ) ;
#1623 = CARTESIAN_POINT ( 'NONE',  ( 1.754329820263802686, 1.800000000000000711, -0.7297918222781507591 ) ) ;
#1624 = CARTESIAN_POINT ( 'NONE',  ( -2.299999999999998934, 0.9829864320293230096, -2.876807002484933484 ) ) ;
#1625 = CARTESIAN_POINT ( 'NONE',  ( 1.749975804872960117, 0.9897519640084035952, -2.968859900848145106 ) ) ;
#1626 = VECTOR ( 'NONE', #519, 1000.000000000000114 ) ;
#1627 = VERTEX_POINT ( 'NONE', #10054 ) ;
#1628 = ORIENTED_EDGE ( 'NONE', *, *, #3850, .T. ) ;
#1629 = PLANE ( 'NONE',  #3699 ) ;
#1630 = ORIENTED_EDGE ( 'NONE', *, *, #7471, .T. ) ;
#1631 = DIRECTION ( 'NONE',  ( 0.1031413735657463748, 0.6995440351107091725, 0.7071067811865462405 ) ) ;
#1632 = DIRECTION ( 'NONE',  ( 0.000000000000000000, -0.9998264715454813212, 0.01862865526313777637 ) ) ;
#1633 = VECTOR ( 'NONE', #5600, 1000.000000000000000 ) ;
#1634 = PLANE ( 'NONE',  #4549 ) ;
#1635 =( GEOMETRIC_REPRESENTATION_CONTEXT ( 3 ) GLOBAL_UNCERTAINTY_ASSIGNED_CONTEXT ( ( #6297 ) ) GLOBAL_UNIT_ASSIGNED_CONTEXT ( ( #9100, #8474, #4341 ) ) REPRESENTATION_CONTEXT ( 'NONE', 'WORKASPACE' ) );
#1636 = CARTESIAN_POINT ( 'NONE',  ( 1.725000000000000089, 1.779925552076474959, -2.799999999999999822 ) ) ;
#1638 = CARTESIAN_POINT ( 'NONE',  ( 1.766485034026793688, 0.5604284549296926210, -2.996855001726780543 ) ) ;
#1637 = CARTESIAN_POINT ( 'NONE',  ( -1.749999999999999334, 1.640000000000000124, -2.772735025818185317 ) ) ;
#1639 = DIRECTION ( 'NONE',  ( 0.000000000000000000, 0.000000000000000000, -1.000000000000000000 ) ) ;
#1640 = PRESENTATION_STYLE_ASSIGNMENT (( #879 ) ) ;
#1641 = VECTOR ( 'NONE', #1254, 1000.000000000000000 ) ;
#1642 = CARTESIAN_POINT ( 'NONE',  ( 0.7999999999999999334, 0.000000000000000000, 2.799999999999999822 ) ) ;
#1643 = VERTEX_POINT ( 'NONE', #10766 ) ;
#1644 = CARTESIAN_POINT ( 'NONE',  ( -0.4297422395228770453, 0.05000000000000000971, 1.563091598194279674 ) ) ;
#1645 = DIRECTION ( 'NONE',  ( 0.1458639293384593749, -0.9893046619307648282, 0.000000000000000000 ) ) ;
#1646 = CARTESIAN_POINT ( 'NONE',  ( 3.100000000000000533, 1.800000000000000488, -1.900000000000001688 ) ) ;
#1647 = ORIENTED_EDGE ( 'NONE', *, *, #2678, .T. ) ;
#1648 = ORIENTED_EDGE ( 'NONE', *, *, #3315, .F. ) ;
#1649 = CARTESIAN_POINT ( 'NONE',  ( 1.725000000000000089, 1.119999999999999885, 2.959900934651531479 ) ) ;
#1650 = ORIENTED_EDGE ( 'NONE', *, *, #3326, .F. ) ;
#1651 = EDGE_CURVE ( 'NONE', #10585, #1507, #3267, .T. ) ;
#1652 = AXIS2_PLACEMENT_3D ( 'NONE', #261, #4484, #3532 ) ;
#1653 = DIRECTION ( 'NONE',  ( -1.000000000000000000, -0.000000000000000000, -0.000000000000000000 ) ) ;
#1654 = EDGE_CURVE ( 'NONE', #1044, #7443, #2411, .T. ) ;
#1655 = CARTESIAN_POINT ( 'NONE',  ( 3.164620985312510903, 0.07719631184943055724, -1.600000000000001643 ) ) ;
#1656 = CARTESIAN_POINT ( 'NONE',  ( -1.849999999999999423, 0.000000000000000000, -2.800000000000001155 ) ) ;
#1657 = PLANE ( 'NONE',  #10713 ) ;
#1658 = LINE ( 'NONE', #4253, #4288 ) ;
#1659 = EDGE_CURVE ( 'NONE', #8106, #2368, #1738, .T. ) ;
#1660 = CARTESIAN_POINT ( 'NONE',  ( -3.101604300710384621, 1.300000000000000488, 1.200000000000029488 ) ) ;
#1661 = LINE ( 'NONE', #846, #6157 ) ;
#1662 = VERTEX_POINT ( 'NONE', #4224 ) ;
#1663 = ORIENTED_EDGE ( 'NONE', *, *, #532, .F. ) ;
#1664 = COLOUR_RGB ( '',0.6470588235294117974, 0.6196078431372549211, 0.5882352941176470784 ) ;
#1665 = EDGE_LOOP ( 'NONE', ( #9335, #4641, #1767, #9186, #2480 ) ) ;
#1666 = CARTESIAN_POINT ( 'NONE',  ( 3.000000000000000444, 0.2000000000000000111, -2.400000000000000799 ) ) ;
#1667 = VERTEX_POINT ( 'NONE', #5821 ) ;
#1668 = CARTESIAN_POINT ( 'NONE',  ( 2.899999999999999467, 1.639999999999999902, -2.900000000000001243 ) ) ;
#1669 = ORIENTED_EDGE ( 'NONE', *, *, #10153, .T. ) ;
#1670 = EDGE_CURVE ( 'NONE', #5130, #6443, #7361, .T. ) ;
#1671 = B_SPLINE_CURVE_WITH_KNOTS ( 'NONE', 3,
 ( #7407, #2279, #6402, #8223, #4754, #746 ),
 .UNSPECIFIED., .F., .F.,
 ( 4, 2, 4 ),
 ( 0.000000000000000000, 0.5000000000000000000, 1.000000000000000000 ),
 .UNSPECIFIED. ) ;
#1672 = ADVANCED_FACE ( 'NONE', ( #759 ), #8290, .T. ) ;
#1673 = FILL_AREA_STYLE ('',( #4264 ) ) ;
#1674 = PLANE ( 'NONE',  #8965 ) ;
#1675 = VECTOR ( 'NONE', #8971, 1000.000000000000000 ) ;
#1676 = DIRECTION ( 'NONE',  ( -8.673617379883937653E-15, 0.000000000000000000, 1.000000000000000000 ) ) ;
#1677 = LINE ( 'NONE', #9238, #7888 ) ;
#1678 = STYLED_ITEM ( 'NONE', ( #7728 ), #4096 ) ;
#1679 = VERTEX_POINT ( 'NONE', #8347 ) ;
#1680 = VERTEX_POINT ( 'NONE', #7576 ) ;
#1681 = VERTEX_POINT ( 'NONE', #5030 ) ;
#1682 = CARTESIAN_POINT ( 'NONE',  ( 2.900000000000000355, 1.639999999999999902, 2.799999999999998046 ) ) ;
#1683 = B_SPLINE_CURVE_WITH_KNOTS ( 'NONE', 3,
 ( #6480, #6643, #6592, #2362, #1422, #5664 ),
 .UNSPECIFIED., .F., .F.,
 ( 4, 2, 4 ),
 ( 0.000000000000000000, 0.5000000000000000000, 1.000000000000000000 ),
 .UNSPECIFIED. ) ;
#1684 = FACE_OUTER_BOUND ( 'NONE', #10763, .T. ) ;
#1685 = ORIENTED_EDGE ( 'NONE', *, *, #7452, .T. ) ;
#1686 = CYLINDRICAL_SURFACE ( 'NONE', #6533, 0.1000000000000015599 ) ;
#1687 = AXIS2_PLACEMENT_3D ( 'NONE', #5716, #9092, #10727 ) ;
#1688 = CYLINDRICAL_SURFACE ( 'NONE', #8846, 0.2000000000000000944 ) ;
#1689 = CARTESIAN_POINT ( 'NONE',  ( 1.750000000000000444, 0.9791474364207024550, -2.819525418635502767 ) ) ;
#1690 = DIRECTION ( 'NONE',  ( 1.000000000000000000, 0.000000000000000000, 0.000000000000000000 ) ) ;
#1692 = CARTESIAN_POINT ( 'NONE',  ( -1.725000000000000089, 1.551862865526314250, -2.801828480139958888 ) ) ;
#1691 = DIRECTION ( 'NONE',  ( -1.000000000000000000, 0.000000000000000000, 0.000000000000000000 ) ) ;
#1693 = DIRECTION ( 'NONE',  ( -0.000000000000000000, -1.000000000000000000, -0.000000000000000000 ) ) ;
#1694 = CARTESIAN_POINT ( 'NONE',  ( 2.500000000000000000, 0.05000000000000000278, -0.9000000000000003553 ) ) ;
#1695 = STYLED_ITEM ( 'NONE', ( #9818 ), #5218 ) ;
#1696 = CARTESIAN_POINT ( 'NONE',  ( 1.761002766183546342, 0.9894895769471583336, -2.967311792336734921 ) ) ;
#1697 = EDGE_CURVE ( 'NONE', #3661, #168, #815, .T. ) ;
#1698 = ORIENTED_EDGE ( 'NONE', *, *, #5819, .F. ) ;
#1699 =( NAMED_UNIT ( * ) SI_UNIT ( $, .STERADIAN. ) SOLID_ANGLE_UNIT ( ) );
#1700 =( GEOMETRIC_REPRESENTATION_CONTEXT ( 3 ) GLOBAL_UNCERTAINTY_ASSIGNED_CONTEXT ( ( #3790 ) ) GLOBAL_UNIT_ASSIGNED_CONTEXT ( ( #3832, #5396, #6434 ) ) REPRESENTATION_CONTEXT ( 'NONE', 'WORKASPACE' ) );
#1701 =( NAMED_UNIT ( * ) SI_UNIT ( $, .STERADIAN. ) SOLID_ANGLE_UNIT ( ) );
#1702 = LINE ( 'NONE', #10018, #6970 ) ;
#1703 = EDGE_CURVE ( 'NONE', #4110, #1766, #5756, .T. ) ;
#1704 = ORIENTED_EDGE ( 'NONE', *, *, #7197, .T. ) ;
#1705 = VERTEX_POINT ( 'NONE', #9190 ) ;
#1706 = B_SPLINE_CURVE_WITH_KNOTS ( 'NONE', 3,
 ( #7375, #3981, #8033, #4724, #9804, #8929 ),
 .UNSPECIFIED., .F., .F.,
 ( 4, 2, 4 ),
 ( 0.000000000000000000, 0.5000000000000000000, 1.000000000000000000 ),
 .UNSPECIFIED. ) ;
#1707 = VERTEX_POINT ( 'NONE', #4066 ) ;
#1708 = DIRECTION ( 'NONE',  ( -1.000000000000000000, 0.000000000000000000, 0.000000000000000000 ) ) ;
#1709 = CARTESIAN_POINT ( 'NONE',  ( 3.046699193019196894, 1.355252715606879803E-16, -1.600000000000001199 ) ) ;
#1710 = CARTESIAN_POINT ( 'NONE',  ( -1.797801334123671380, 1.650000000000000355, 2.710777309639019084 ) ) ;
#1711 = DIRECTION ( 'NONE',  ( 0.000000000000000000, 0.000000000000000000, 1.000000000000000000 ) ) ;
#1712 = DIRECTION ( 'NONE',  ( 1.000000000000000000, 0.000000000000000000, -0.000000000000000000 ) ) ;
#1713 = PLANE ( 'NONE',  #1994 ) ;
#1714 = PRESENTATION_STYLE_ASSIGNMENT (( #10248 ) ) ;
#1715 = ORIENTED_EDGE ( 'NONE', *, *, #2407, .T. ) ;
#1716 = ORIENTED_EDGE ( 'NONE', *, *, #8471, .F. ) ;
#1717 = ADVANCED_FACE ( 'NONE', ( #1684 ), #994, .T. ) ;
#1718 = UNCERTAINTY_MEASURE_WITH_UNIT (LENGTH_MEASURE( 1.000000000000000082E-05 ), #1213, 'distance_accuracy_value', 'NONE');
#1719 = ORIENTED_EDGE ( 'NONE', *, *, #5094, .T. ) ;
#1720 = ADVANCED_FACE ( 'NONE', ( #9134 ), #1629, .T. ) ;
#1721 = ORIENTED_EDGE ( 'NONE', *, *, #6653, .T. ) ;
#1722 = ORIENTED_EDGE ( 'NONE', *, *, #9000, .F. ) ;
#1723 = EDGE_CURVE ( 'NONE', #4576, #9274, #10383, .T. ) ;
#1724 = SURFACE_STYLE_USAGE ( .BOTH. , #10798 ) ;
#1725 = FILL_AREA_STYLE ('',( #5864 ) ) ;
#1726 = DIRECTION ( 'NONE',  ( 0.000000000000000000, 1.000000000000000000, -0.000000000000000000 ) ) ;
#1727 = DIRECTION ( 'NONE',  ( -1.000000000000000000, -0.000000000000000000, -0.000000000000000000 ) ) ;
#1728 = DIRECTION ( 'NONE',  ( 0.000000000000000000, 0.000000000000000000, -1.000000000000000000 ) ) ;
#1729 = ADVANCED_FACE ( 'NONE', ( #2825 ), #9517, .F. ) ;
#1730 = CARTESIAN_POINT ( 'NONE',  ( 2.900000000000001243, 1.639999999999999902, -2.799999999999997602 ) ) ;
#1731 = VERTEX_POINT ( 'NONE', #2065 ) ;
#1732 = VERTEX_POINT ( 'NONE', #8684 ) ;
#1733 = VERTEX_POINT ( 'NONE', #1247 ) ;
#1734 = FACE_OUTER_BOUND ( 'NONE', #10531, .T. ) ;
#1735 =( NAMED_UNIT ( * ) SI_UNIT ( $, .STERADIAN. ) SOLID_ANGLE_UNIT ( ) );
#1736 = ORIENTED_EDGE ( 'NONE', *, *, #9745, .T. ) ;
#1737 = FILL_AREA_STYLE_COLOUR ( '', #5490 ) ;
#1738 = LINE ( 'NONE', #8406, #6655 ) ;
#1739 = CARTESIAN_POINT ( 'NONE',  ( 3.251512924763249934, 1.305234924505374483, 0.5999999999999999778 ) ) ;
#1741 = LINE ( 'NONE', #10278, #8316 ) ;
#1740 = LINE ( 'NONE', #5039, #4154 ) ;
#1742 = DIRECTION ( 'NONE',  ( -0.000000000000000000, -1.000000000000000000, -0.000000000000000000 ) ) ;
#1743 =( GEOMETRIC_REPRESENTATION_CONTEXT ( 3 ) GLOBAL_UNCERTAINTY_ASSIGNED_CONTEXT ( ( #9064 ) ) GLOBAL_UNIT_ASSIGNED_CONTEXT ( ( #3823, #8875, #4669 ) ) REPRESENTATION_CONTEXT ( 'NONE', 'WORKASPACE' ) );
#1744 = CARTESIAN_POINT ( 'NONE',  ( 1.399999999999999911, 1.109374968413276985, 2.810277712176606713 ) ) ;
#1745 = LINE ( 'NONE', #5044, #4007 ) ;
#1746 = VECTOR ( 'NONE', #8523, 1000.000000000000000 ) ;
#1747 = EDGE_LOOP ( 'NONE', ( #4257, #7663, #6229, #5322 ) ) ;
#1748 = VECTOR ( 'NONE', #8704, 1000.000000000000000 ) ;
#1749 = CARTESIAN_POINT ( 'NONE',  ( 3.197123022628389322, 0.1661989060850457556, 1.599999999999999201 ) ) ;
#1750 = CARTESIAN_POINT ( 'NONE',  ( 1.798815536468909571, 0.9916843721913491949, -2.710106233148094734 ) ) ;
#1751 = CARTESIAN_POINT ( 'NONE',  ( -2.983712137609265458, 1.594977569561994324, 2.845320523508743094 ) ) ;
#1752 = SURFACE_STYLE_FILL_AREA ( #3435 ) ;
#1753 = CARTESIAN_POINT ( 'NONE',  ( -2.999999999999999556, 1.800000000000000488, 2.799999999999999822 ) ) ;
#1754 = VERTEX_POINT ( 'NONE', #10317 ) ;
#1755 = DIRECTION ( 'NONE',  ( 1.000000000000000000, 0.000000000000000000, -0.000000000000000000 ) ) ;
#1756 = STYLED_ITEM ( 'NONE', ( #6255 ), #6176 ) ;
#1757 = ORIENTED_EDGE ( 'NONE', *, *, #4235, .F. ) ;
#1758 = LINE ( 'NONE', #6767, #5665 ) ;
#1759 = AXIS2_PLACEMENT_3D ( 'NONE', #7459, #10806, #9995 ) ;
#1760 = CARTESIAN_POINT ( 'NONE',  ( 3.189230603583416368, 0.1201714756737941314, -1.600000000000000977 ) ) ;
#1761 = CARTESIAN_POINT ( 'NONE',  ( -3.299999999999999378, 0.7661623507412489431, 2.400000000000000799 ) ) ;
#1762 = FACE_OUTER_BOUND ( 'NONE', #7781, .T. ) ;
#1763 = CARTESIAN_POINT ( 'NONE',  ( -2.999999999999999112, 1.800000000000000488, 1.500000000000000000 ) ) ;
#1764 = CARTESIAN_POINT ( 'NONE',  ( 2.989893766851906776, 1.031864077255181700, 2.951184463531090874 ) ) ;
#1765 = SURFACE_SIDE_STYLE ('',( #6122 ) ) ;
#1766 = VERTEX_POINT ( 'NONE', #6193 ) ;
#1767 = ORIENTED_EDGE ( 'NONE', *, *, #536, .T. ) ;
#1768 = ORIENTED_EDGE ( 'NONE', *, *, #10420, .F. ) ;
#1769 = MECHANICAL_DESIGN_GEOMETRIC_PRESENTATION_REPRESENTATION (  '', ( #9480 ), #9795 ) ;
#1770 = CARTESIAN_POINT ( 'NONE',  ( 3.000000000000000888, 1.639999999999999902, 1.500000000000000000 ) ) ;
#1771 = ORIENTED_EDGE ( 'NONE', *, *, #3378, .F. ) ;
#1772 = DIRECTION ( 'NONE',  ( -0.000000000000000000, 1.000000000000000000, 0.000000000000000000 ) ) ;
#1773 = VERTEX_POINT ( 'NONE', #4381 ) ;
#1774 = DIRECTION ( 'NONE',  ( 0.000000000000000000, -0.9974881498328390661, -0.07083354391148080631 ) ) ;
#1775 = DIRECTION ( 'NONE',  ( -0.9860555265491632859, 0.000000000000000000, -0.1664166414811101002 ) ) ;
#1776 = CARTESIAN_POINT ( 'NONE',  ( 3.000000000000000888, 1.639999999999999902, -1.899999999999998579 ) ) ;
#1777 = MECHANICAL_DESIGN_GEOMETRIC_PRESENTATION_REPRESENTATION (  '', ( #2629 ), #7688 ) ;
#1778 =( NAMED_UNIT ( * ) SI_UNIT ( $, .STERADIAN. ) SOLID_ANGLE_UNIT ( ) );
#1779 = CARTESIAN_POINT ( 'NONE',  ( 2.949262050385196954, 1.452814078323085401, -2.987283847718368079 ) ) ;
#1780 = MECHANICAL_DESIGN_GEOMETRIC_PRESENTATION_REPRESENTATION (  '', ( #1091 ), #4711 ) ;
#1781 = FILL_AREA_STYLE ('',( #6740 ) ) ;
#1782 = ORIENTED_EDGE ( 'NONE', *, *, #7593, .F. ) ;
#1783 = ORIENTED_EDGE ( 'NONE', *, *, #6582, .T. ) ;
#1784 = ORIENTED_EDGE ( 'NONE', *, *, #10287, .F. ) ;
#1785 = DIRECTION ( 'NONE',  ( 0.000000000000000000, 0.8479983040050885768, 0.5299989400031790421 ) ) ;
#1786 = AXIS2_PLACEMENT_3D ( 'NONE', #2278, #3799, #3900 ) ;
#1787 = VERTEX_POINT ( 'NONE', #10160 ) ;
#1788 = VECTOR ( 'NONE', #2879, 1000.000000000000000 ) ;
#1789 = CARTESIAN_POINT ( 'NONE',  ( -3.101604300710377071, 1.299999999999998934, -1.199999999999999289 ) ) ;
#1790 = VECTOR ( 'NONE', #8962, 1000.000000000000000 ) ;
#1791 = EDGE_CURVE ( 'NONE', #1733, #10300, #9408, .T. ) ;
#1792 = EDGE_CURVE ( 'NONE', #1754, #9191, #7074, .T. ) ;
#1793 = EDGE_CURVE ( 'NONE', #8625, #1044, #7841, .T. ) ;
#1794 = ORIENTED_EDGE ( 'NONE', *, *, #6819, .F. ) ;
#1795 = ADVANCED_FACE ( 'NONE', ( #8728 ), #9569, .F. ) ;
#1796 = CARTESIAN_POINT ( 'NONE',  ( -1.725000000000000089, 1.800000000000000488, 2.799999999999999822 ) ) ;
#1797 = PLANE ( 'NONE',  #8496 ) ;
#1798 = SURFACE_STYLE_FILL_AREA ( #6365 ) ;
#1799 = VECTOR ( 'NONE', #1954, 1000.000000000000227 ) ;
#1800 = CARTESIAN_POINT ( 'NONE',  ( -2.999999999999999112, 0.2000000000000000111, 2.400000000000001243 ) ) ;
#1801 = LINE ( 'NONE', #2571, #4668 ) ;
#1802 = FACE_OUTER_BOUND ( 'NONE', #2153, .T. ) ;
#1803 = ORIENTED_EDGE ( 'NONE', *, *, #2464, .F. ) ;
#1804 = EDGE_CURVE ( 'NONE', #4471, #4094, #1844, .T. ) ;
#1805 = CARTESIAN_POINT ( 'NONE',  ( -3.035474657216254979, 0.4068829983659268956, 1.599999999999999867 ) ) ;
#1806 = CARTESIAN_POINT ( 'NONE',  ( -1.868750000000000133, 0.4000000000000000777, 0.8999999999999998002 ) ) ;
#1807 = EDGE_CURVE ( 'NONE', #10725, #5150, #6861, .T. ) ;
#1808 = VECTOR ( 'NONE', #4108, 1000.000000000000227 ) ;
#1809 = DIRECTION ( 'NONE',  ( 0.1031413735657409902, -0.6995440351107095056, -0.7071067811865466846 ) ) ;
#1810 =( NAMED_UNIT ( * ) SI_UNIT ( $, .STERADIAN. ) SOLID_ANGLE_UNIT ( ) );
#1811 = COLOUR_RGB ( '',0.6470588235294117974, 0.6196078431372549211, 0.5882352941176470784 ) ;
#1812 = DIRECTION ( 'NONE',  ( -1.000000000000000000, -0.000000000000000000, -0.000000000000000000 ) ) ;
#1813 = VERTEX_POINT ( 'NONE', #7794 ) ;
#1814 = CARTESIAN_POINT ( 'NONE',  ( -1.750000000000000222, 0.9824615816236952348, 2.869415983609708398 ) ) ;
#1815 = ORIENTED_EDGE ( 'NONE', *, *, #5997, .F. ) ;
#1816 = VECTOR ( 'NONE', #7927, 1000.000000000000114 ) ;
#1817 = DIRECTION ( 'NONE',  ( -6.267966313779840281E-15, -0.9974881498328389551, -0.07083354391148077855 ) ) ;
#1818 = CARTESIAN_POINT ( 'NONE',  ( -1.528701009594023663, 1.649999999999999911, 1.158199755421354116 ) ) ;
#1819 = LINE ( 'NONE', #1010, #4625 ) ;
#1820 = DIRECTION ( 'NONE',  ( -0.000000000000000000, 0.5812381937190959080, 0.8137334712067354481 ) ) ;
#1821 = LINE ( 'NONE', #1879, #2959 ) ;
#1822 = VERTEX_POINT ( 'NONE', #3586 ) ;
#1823 = ORIENTED_EDGE ( 'NONE', *, *, #1791, .T. ) ;
#1824 = AXIS2_PLACEMENT_3D ( 'NONE', #3762, #9637, #2135 ) ;
#1825 = UNCERTAINTY_MEASURE_WITH_UNIT (LENGTH_MEASURE( 1.000000000000000082E-05 ), #8339, 'distance_accuracy_value', 'NONE');
#1826 = VERTEX_POINT ( 'NONE', #6911 ) ;
#1827 = CARTESIAN_POINT ( 'NONE',  ( 1.850000000000000311, 1.640999999999999792, 2.700000000000000178 ) ) ;
#1828 = VERTEX_POINT ( 'NONE', #1031 ) ;
#1829 = EDGE_CURVE ( 'NONE', #7513, #7721, #8628, .T. ) ;
#1830 = LINE ( 'NONE', #4315, #5840 ) ;
#1831 = ORIENTED_EDGE ( 'NONE', *, *, #10618, .T. ) ;
#1832 = DIRECTION ( 'NONE',  ( 0.000000000000000000, 1.000000000000000000, 0.000000000000000000 ) ) ;
#1833 = DIRECTION ( 'NONE',  ( 1.000000000000000000, 0.000000000000000000, 0.000000000000000000 ) ) ;
#1834 = FACE_OUTER_BOUND ( 'NONE', #3556, .T. ) ;
#1835 = SURFACE_SIDE_STYLE ('',( #5969 ) ) ;
#1836 = CARTESIAN_POINT ( 'NONE',  ( 3.210989154900473430, 1.586465982334615665, -1.826752213202440522 ) ) ;
#1837 = VECTOR ( 'NONE', #7950, 1000.000000000000000 ) ;
#1838 = CARTESIAN_POINT ( 'NONE',  ( 3.000000000000000888, 1.649999999999999689, 2.799999999999999822 ) ) ;
#1839 = ORIENTED_EDGE ( 'NONE', *, *, #3595, .F. ) ;
#1840 = UNCERTAINTY_MEASURE_WITH_UNIT (LENGTH_MEASURE( 1.000000000000000082E-05 ), #8859, 'distance_accuracy_value', 'NONE');
#1841 = ORIENTED_EDGE ( 'NONE', *, *, #3002, .T. ) ;
#1842 = ORIENTED_EDGE ( 'NONE', *, *, #8608, .F. ) ;
#1843 = CARTESIAN_POINT ( 'NONE',  ( -3.062593455610858051, 1.564586392933845715, 1.467446827165956647 ) ) ;
#1844 = LINE ( 'NONE', #3638, #1799 ) ;
#1845 = ORIENTED_EDGE ( 'NONE', *, *, #7128, .T. ) ;
#1846 = FACE_OUTER_BOUND ( 'NONE', #2369, .T. ) ;
#1847 = VECTOR ( 'NONE', #5333, 1000.000000000000000 ) ;
#1848 = DIRECTION ( 'NONE',  ( 1.000000000000000000, 0.000000000000000000, -3.373073425510469502E-15 ) ) ;
#1849 = PLANE ( 'NONE',  #7357 ) ;
#1850 = SURFACE_SIDE_STYLE ('',( #3534 ) ) ;
#1851 = DIRECTION ( 'NONE',  ( 0.9893046619307649392, -0.1458639293384592361, 0.000000000000000000 ) ) ;
#1853 = FACE_OUTER_BOUND ( 'NONE', #854, .T. ) ;
#1852 = SURFACE_SIDE_STYLE ('',( #1095 ) ) ;
#1854 = FILL_AREA_STYLE_COLOUR ( '', #593 ) ;
#1855 = CARTESIAN_POINT ( 'NONE',  ( -2.990236892706220395, 1.031921264897570856, 2.951527589385425365 ) ) ;
#1856 = STYLED_ITEM ( 'NONE', ( #7962 ), #3189 ) ;
#1857 = CARTESIAN_POINT ( 'NONE',  ( 5.000000000000000888, 0.000000000000000000, -4.500000000000001776 ) ) ;
#1858 = EDGE_CURVE ( 'NONE', #7273, #5423, #2771, .T. ) ;
#1859 = VECTOR ( 'NONE', #389, 1000.000000000000114 ) ;
#1860 = EDGE_CURVE ( 'NONE', #8622, #10216, #1150, .T. ) ;
#1861 = CARTESIAN_POINT ( 'NONE',  ( -2.805847707870952074E-17, 0.7747918205216975940, 0.05501945105851742401 ) ) ;
#1862 = VERTEX_POINT ( 'NONE', #5980 ) ;
#1863 = EDGE_CURVE ( 'NONE', #9213, #7726, #7014, .T. ) ;
#1864 = SURFACE_STYLE_FILL_AREA ( #6979 ) ;
#1865 = VECTOR ( 'NONE', #4933, 1000.000000000000000 ) ;
#1866 = CARTESIAN_POINT ( 'NONE',  ( 3.100000000000000977, 1.800000000000000488, -2.500000000000000444 ) ) ;
#1867 = CARTESIAN_POINT ( 'NONE',  ( -2.176831603997347653, 0.5449102240437043720, -2.778325043173702991 ) ) ;
#1868 = CYLINDRICAL_SURFACE ( 'NONE', #9095, 0.09999999999999982514 ) ;
#1869 = ORIENTED_EDGE ( 'NONE', *, *, #4165, .F. ) ;
#1870 = CARTESIAN_POINT ( 'NONE',  ( 1.733283001604468687, 0.5606250315866705414, -2.999623222474929740 ) ) ;
#1871 = ADVANCED_FACE ( 'NONE', ( #4436 ), #308, .F. ) ;
#1872 = VECTOR ( 'NONE', #8546, 1000.000000000000000 ) ;
#1873 = VERTEX_POINT ( 'NONE', #6961 ) ;
#1874 = CARTESIAN_POINT ( 'NONE',  ( 3.000000000000000888, 0.9899999999999999911, 2.700000000000001066 ) ) ;
#1875 = CARTESIAN_POINT ( 'NONE',  ( -2.999999999999999112, 1.539999999999998259, 2.900000000000000355 ) ) ;
#1876 = PRESENTATION_STYLE_ASSIGNMENT (( #5004 ) ) ;
#1877 = LINE ( 'NONE', #6012, #474 ) ;
#1878 = CARTESIAN_POINT ( 'NONE',  ( -2.201387595806831854, 0.5552424364119704636, -2.923824743312684049 ) ) ;
#1879 = CARTESIAN_POINT ( 'NONE',  ( 3.250000000000001332, 1.321879589400769328, -2.076184765183203496 ) ) ;
#1880 = ORIENTED_EDGE ( 'NONE', *, *, #9612, .F. ) ;
#1881 = EDGE_LOOP ( 'NONE', ( #4176, #9706, #1939, #10156 ) ) ;
#1882 = ORIENTED_EDGE ( 'NONE', *, *, #10230, .F. ) ;
#1883 = DIRECTION ( 'NONE',  ( 0.000000000000000000, 0.000000000000000000, -1.000000000000000000 ) ) ;
#1884 = ORIENTED_EDGE ( 'NONE', *, *, #4979, .T. ) ;
#1885 = VERTEX_POINT ( 'NONE', #2717 ) ;
#1886 = PLANE ( 'NONE',  #830 ) ;
#1887 = CARTESIAN_POINT ( 'NONE',  ( 1.399999999999999911, 1.189999999999999281, 2.958596702461715910 ) ) ;
#1888 = CARTESIAN_POINT ( 'NONE',  ( -2.299999999999999822, 0.6277011638881719868, -2.902036489818889731 ) ) ;
#1889 = PLANE ( 'NONE',  #6320 ) ;
#1890 = ORIENTED_EDGE ( 'NONE', *, *, #4536, .T. ) ;
#1891 = ORIENTED_EDGE ( 'NONE', *, *, #7722, .T. ) ;
#1892 = EDGE_LOOP ( 'NONE', ( #5911, #3233, #573, #9074 ) ) ;
#1893 = DIRECTION ( 'NONE',  ( -0.1458639293384598468, 0.9893046619307647171, 0.000000000000000000 ) ) ;
#1894 = CARTESIAN_POINT ( 'NONE',  ( 1.949999999999999956, 0.000000000000000000, 0.000000000000000000 ) ) ;
#1895 = VERTEX_POINT ( 'NONE', #205 ) ;
#1896 = CARTESIAN_POINT ( 'NONE',  ( 1.649999999999999911, 0.2400000000000000466, -2.207193531637822392 ) ) ;
#1897 = DIRECTION ( 'NONE',  ( 0.000000000000000000, 0.000000000000000000, 1.000000000000000000 ) ) ;
#1898 = FILL_AREA_STYLE_COLOUR ( '', #2282 ) ;
#1899 = ORIENTED_EDGE ( 'NONE', *, *, #5997, .T. ) ;
#1900 = EDGE_CURVE ( 'NONE', #3570, #8426, #6033, .T. ) ;
#1901 = PRESENTATION_STYLE_ASSIGNMENT (( #4170 ) ) ;
#1903 = DIRECTION ( 'NONE',  ( 0.000000000000000000, 0.9998264715454812102, -0.01862865526314227624 ) ) ;
#1902 = CARTESIAN_POINT ( 'NONE',  ( -1.725000000000000089, 1.800000000000000488, 2.947231250521888501 ) ) ;
#1904 = LINE ( 'NONE', #4337, #1641 ) ;
#1905 = CARTESIAN_POINT ( 'NONE',  ( -3.000000000000000888, 1.539999999999998037, -2.900000000000000355 ) ) ;
#1906 = ORIENTED_EDGE ( 'NONE', *, *, #1202, .F. ) ;
#1907 = CARTESIAN_POINT ( 'NONE',  ( -3.035474657216254979, 0.4068829983659271732, -1.600000000000000311 ) ) ;
#1908 = FACE_OUTER_BOUND ( 'NONE', #6797, .T. ) ;
#1909 = ORIENTED_EDGE ( 'NONE', *, *, #8812, .F. ) ;
#1910 = FACE_OUTER_BOUND ( 'NONE', #6174, .T. ) ;
#1911 = EDGE_CURVE ( 'NONE', #9555, #5926, #2165, .T. ) ;
#1912 =( GEOMETRIC_REPRESENTATION_CONTEXT ( 3 ) GLOBAL_UNCERTAINTY_ASSIGNED_CONTEXT ( ( #183 ) ) GLOBAL_UNIT_ASSIGNED_CONTEXT ( ( #3670, #6994, #8764 ) ) REPRESENTATION_CONTEXT ( 'NONE', 'WORKASPACE' ) );
#1913 = PLANE ( 'NONE',  #3604 ) ;
#1914 = EDGE_CURVE ( 'NONE', #9295, #8564, #10636, .T. ) ;
#1915 = CYLINDRICAL_SURFACE ( 'NONE', #3995, 0.09999999999999982514 ) ;
#1916 = CARTESIAN_POINT ( 'NONE',  ( -0.2499999999999999445, 0.4000000000000000222, 0.6000000000000000888 ) ) ;
#1917 = CARTESIAN_POINT ( 'NONE',  ( 1.725000000000000089, 1.761134074253985604, 2.844018924963482853 ) ) ;
#1918 = ORIENTED_EDGE ( 'NONE', *, *, #8045, .F. ) ;
#1919 = CARTESIAN_POINT ( 'NONE',  ( -1.766485034026788803, 0.5604284549296915108, -2.996855001726781431 ) ) ;
#1920 = ORIENTED_EDGE ( 'NONE', *, *, #3118, .F. ) ;
#1921 = PRESENTATION_LAYER_ASSIGNMENT (  '', '', ( #1229 ) ) ;
#1922 = ADVANCED_FACE ( 'NONE', ( #7227 ), #4692, .F. ) ;
#1923 = CARTESIAN_POINT ( 'NONE',  ( -1.725000000000000089, 1.800000000000000488, 2.799999999999999822 ) ) ;
#1924 = EDGE_CURVE ( 'NONE', #4271, #4660, #1495, .T. ) ;
#1925 = EDGE_CURVE ( 'NONE', #1667, #8329, #3132, .T. ) ;
#1926 = CARTESIAN_POINT ( 'NONE',  ( -9.901648023587490550E-17, 1.649999999999999911, 1.899999999999999911 ) ) ;
#1927 = CARTESIAN_POINT ( 'NONE',  ( -2.987973688037980580, 1.799111909717491020, -1.500000000000000000 ) ) ;
#1928 = EDGE_CURVE ( 'NONE', #3840, #1021, #2655, .T. ) ;
#1929 = VECTOR ( 'NONE', #5602, 1000.000000000000114 ) ;
#1930 = FACE_OUTER_BOUND ( 'NONE', #400, .T. ) ;
#1931 = B_SPLINE_CURVE_WITH_KNOTS ( 'NONE', 3,
 ( #7438, #2581, #277, #1710, #4455, #9975 ),
 .UNSPECIFIED., .F., .F.,
 ( 4, 2, 4 ),
 ( 0.000000000000000000, 0.5000000000000000000, 1.000000000000000000 ),
 .UNSPECIFIED. ) ;
#1932 = DIRECTION ( 'NONE',  ( 0.000000000000000000, 0.000000000000000000, 1.000000000000000000 ) ) ;
#1933 = FACE_OUTER_BOUND ( 'NONE', #1256, .T. ) ;
#1934 = ORIENTED_EDGE ( 'NONE', *, *, #4304, .T. ) ;
#1935 = EDGE_LOOP ( 'NONE', ( #4262, #4213, #8215, #4693, #5493, #6181 ) ) ;
#1936 = PRESENTATION_LAYER_ASSIGNMENT (  '', '', ( #3148 ) ) ;
#1937 = EDGE_LOOP ( 'NONE', ( #9293, #4260, #1685, #8050 ) ) ;
#1938 = SURFACE_STYLE_USAGE ( .BOTH. , #1018 ) ;
#1939 = ORIENTED_EDGE ( 'NONE', *, *, #5905, .T. ) ;
#1940 = MECHANICAL_DESIGN_GEOMETRIC_PRESENTATION_REPRESENTATION (  '', ( #11 ), #7510 ) ;
#1941 = EDGE_LOOP ( 'NONE', ( #3188, #4417, #5671, #3450, #2919, #8936 ) ) ;
#1942 = EDGE_CURVE ( 'NONE', #4378, #4797, #9770, .T. ) ;
#1943 = EDGE_CURVE ( 'NONE', #6070, #2782, #8842, .T. ) ;
#1944 = DIRECTION ( 'NONE',  ( 0.000000000000000000, 1.000000000000000000, 0.000000000000000000 ) ) ;
#1945 = DIRECTION ( 'NONE',  ( 0.000000000000000000, 0.000000000000000000, -1.000000000000000000 ) ) ;
#1946 = PRODUCT_CONTEXT ( 'NONE', #3328, 'mechanical' ) ;
#1947 = CARTESIAN_POINT ( 'NONE',  ( -2.252861955184237708, 0.5653788663528276359, -2.914417605753173657 ) ) ;
#1948 = CARTESIAN_POINT ( 'NONE',  ( 3.060966364800981943, 1.575621941824487893, 1.478601680989350742 ) ) ;
#1949 =( NAMED_UNIT ( * ) SI_UNIT ( $, .STERADIAN. ) SOLID_ANGLE_UNIT ( ) );
#1950 = ORIENTED_EDGE ( 'NONE', *, *, #2591, .F. ) ;
#1951 = UNCERTAINTY_MEASURE_WITH_UNIT (LENGTH_MEASURE( 1.000000000000000082E-05 ), #7796, 'distance_accuracy_value', 'NONE');
#1952 = ORIENTED_EDGE ( 'NONE', *, *, #1001, .F. ) ;
#1953 = CARTESIAN_POINT ( 'NONE',  ( 2.549999999999999822, 0.2000000000000000111, 1.600000000000000533 ) ) ;
#1954 = DIRECTION ( 'NONE',  ( 0.000000000000000000, -0.9974881498328381779, 0.07083354391149231100 ) ) ;
#1955 = VERTEX_POINT ( 'NONE', #7948 ) ;
#1956 = CARTESIAN_POINT ( 'NONE',  ( -1.725000000000000089, 1.551862865526311808, -2.801828480139958444 ) ) ;
#1957 = AXIS2_PLACEMENT_3D ( 'NONE', #6705, #884, #4179 ) ;
#1958 = FILL_AREA_STYLE ('',( #7745 ) ) ;
#1959 = CARTESIAN_POINT ( 'NONE',  ( -0.2417867815423254962, 1.800000000000000711, -1.900000000000000799 ) ) ;
#1960 = LINE ( 'NONE', #8636, #7185 ) ;
#1961 = CARTESIAN_POINT ( 'NONE',  ( 3.210989154900473874, 1.586465982334615665, -1.467446827165984402 ) ) ;
#1963 = DIRECTION ( 'NONE',  ( 0.000000000000000000, -0.000000000000000000, -1.000000000000000000 ) ) ;
#1962 = CARTESIAN_POINT ( 'NONE',  ( -1.749999999999999334, 1.649999999999999689, 2.799999999999999822 ) ) ;
#1964 = B_SPLINE_CURVE_WITH_KNOTS ( 'NONE', 3,
 ( #8582, #3540, #3600, #1855, #1041, #10223 ),
 .UNSPECIFIED., .F., .F.,
 ( 4, 2, 4 ),
 ( 0.000000000000000000, 0.5000000000000000000, 1.000000000000000000 ),
 .UNSPECIFIED. ) ;
#1965 = CARTESIAN_POINT ( 'NONE',  ( -1.749653394080792568, 0.5499915388736736910, -2.849880849202527600 ) ) ;
#1966 = ORIENTED_EDGE ( 'NONE', *, *, #9085, .F. ) ;
#1967 = VECTOR ( 'NONE', #6697, 1000.000000000000114 ) ;
#1968 = DIRECTION ( 'NONE',  ( 0.000000000000000000, -1.000000000000000000, 6.106320268017409079E-16 ) ) ;
#1969 = EDGE_CURVE ( 'NONE', #6898, #3674, #417, .T. ) ;
#1970 = VECTOR ( 'NONE', #7453, 1000.000000000000000 ) ;
#1971 = CARTESIAN_POINT ( 'NONE',  ( 2.275444008190515177, 0.9726542196610570290, 2.731307302345950649 ) ) ;
#1972 = MECHANICAL_DESIGN_GEOMETRIC_PRESENTATION_REPRESENTATION (  '', ( #6307 ), #8418 ) ;
#1973 = CARTESIAN_POINT ( 'NONE',  ( 0.000000000000000000, 0.2000000000000000111, 0.000000000000000000 ) ) ;
#1974 = FILL_AREA_STYLE_COLOUR ( '', #5674 ) ;
#1975 = SURFACE_STYLE_USAGE ( .BOTH. , #1000 ) ;
#1976 = CARTESIAN_POINT ( 'NONE',  ( -3.100000000000000977, 1.800000000000000488, -2.499999999999999556 ) ) ;
#1977 = ORIENTED_EDGE ( 'NONE', *, *, #9809, .T. ) ;
#1978 =( GEOMETRIC_REPRESENTATION_CONTEXT ( 3 ) GLOBAL_UNCERTAINTY_ASSIGNED_CONTEXT ( ( #8840 ) ) GLOBAL_UNIT_ASSIGNED_CONTEXT ( ( #2435, #6731, #2547 ) ) REPRESENTATION_CONTEXT ( 'NONE', 'WORKASPACE' ) );
#1979 = ORIENTED_EDGE ( 'NONE', *, *, #3313, .F. ) ;
#1980 = CARTESIAN_POINT ( 'NONE',  ( -2.275444008190514733, 0.6155959915781741287, 2.756662690960944850 ) ) ;
#1981 = VECTOR ( 'NONE', #1606, 1000.000000000000000 ) ;
#1982 = CARTESIAN_POINT ( 'NONE',  ( -2.912371676056672243, 1.439999999999998170, 3.000000000000000444 ) ) ;
#1983 = PRESENTATION_LAYER_ASSIGNMENT (  '', '', ( #10016 ) ) ;
#1984 = VECTOR ( 'NONE', #3174, 1000.000000000000000 ) ;
#1985 = DIRECTION ( 'NONE',  ( 1.000000000000000000, 0.000000000000000000, 1.517883041479709048E-14 ) ) ;
#1986 = CARTESIAN_POINT ( 'NONE',  ( 0.1118009253013614590, 0.04999999999999998890, 1.263164693550794526 ) ) ;
#1987 = ORIENTED_EDGE ( 'NONE', *, *, #9230, .F. ) ;
#1988 = EDGE_CURVE ( 'NONE', #3813, #10743, #3031, .T. ) ;
#1989 = VERTEX_POINT ( 'NONE', #7284 ) ;
#1990 = VECTOR ( 'NONE', #3141, 1000.000000000000000 ) ;
#1991 = PRODUCT_RELATED_PRODUCT_CATEGORY ( 'part', '', ( #10780 ) ) ;
#1992 = EDGE_CURVE ( 'NONE', #4378, #10585, #469, .T. ) ;
#1993 = EDGE_LOOP ( 'NONE', ( #10794, #6686, #5069, #240, #6308, #3367, #8108 ) ) ;
#1994 = AXIS2_PLACEMENT_3D ( 'NONE', #9438, #7714, #5850 ) ;
#1995 = ADVANCED_FACE ( 'NONE', ( #3085 ), #7999, .T. ) ;
#1996 = ORIENTED_EDGE ( 'NONE', *, *, #796, .T. ) ;
#1997 = EDGE_CURVE ( 'NONE', #7112, #1044, #1447, .T. ) ;
#1998 = FACE_OUTER_BOUND ( 'NONE', #6838, .T. ) ;
#1999 = DIRECTION ( 'NONE',  ( 4.336808689942021680E-16, 0.000000000000000000, -1.000000000000000000 ) ) ;
#2000 = CARTESIAN_POINT ( 'NONE',  ( -1.849999999999999201, 1.646666666666667167, 2.700000000000000178 ) ) ;
#2001 = DIRECTION ( 'NONE',  ( -0.8682431421244595215, -0.4961389383568333145, -1.568918501561635789E-16 ) ) ;
#2002 = AXIS2_PLACEMENT_3D ( 'NONE', #436, #3655, #2031 ) ;
#2003 = SURFACE_STYLE_FILL_AREA ( #8563 ) ;
#2004 = ORIENTED_EDGE ( 'NONE', *, *, #1323, .T. ) ;
#2005 = ORIENTED_EDGE ( 'NONE', *, *, #3783, .F. ) ;
#2006 = FILL_AREA_STYLE ('',( #7793 ) ) ;
#2007 = EDGE_CURVE ( 'NONE', #6734, #10291, #1508, .T. ) ;
#2008 = DIRECTION ( 'NONE',  ( -1.000000000000000000, -0.000000000000000000, 0.000000000000000000 ) ) ;
#2009 = ORIENTED_EDGE ( 'NONE', *, *, #321, .T. ) ;
#2010 = DIRECTION ( 'NONE',  ( -0.000000000000000000, -0.000000000000000000, 1.000000000000000000 ) ) ;
#2011 = EDGE_CURVE ( 'NONE', #547, #9875, #9608, .T. ) ;
#2012 = LINE ( 'NONE', #9411, #6003 ) ;
#2013 = CARTESIAN_POINT ( 'NONE',  ( -0.6712446053646947686, 1.800000000000000711, 1.777540923532715533 ) ) ;
#2014 = ORIENTED_EDGE ( 'NONE', *, *, #2461, .T. ) ;
#2015 = VECTOR ( 'NONE', #9774, 1000.000000000000000 ) ;
#2016 = CYLINDRICAL_SURFACE ( 'NONE', #6473, 0.1499999999999795663 ) ;
#2018 = SURFACE_STYLE_FILL_AREA ( #4681 ) ;
#2017 = DIRECTION ( 'NONE',  ( 1.000000000000000000, -0.000000000000000000, 0.000000000000000000 ) ) ;
#2019 = DIRECTION ( 'NONE',  ( 0.000000000000000000, 1.000000000000000000, 0.000000000000000000 ) ) ;
#2020 = PLANE ( 'NONE',  #5042 ) ;
#2021 = VERTEX_POINT ( 'NONE', #10586 ) ;
#2022 = DIRECTION ( 'NONE',  ( -1.000000000000000000, -0.000000000000000000, -0.000000000000000000 ) ) ;
#2023 = PRESENTATION_LAYER_ASSIGNMENT (  '', '', ( #617 ) ) ;
#2024 = PLANE ( 'NONE',  #2682 ) ;
#2025 = SHAPE_REPRESENTATION ( 'EVQQ2-DHMSW2-03W_3', ( #4552 ), #2679 ) ;
#2026 = PRESENTATION_STYLE_ASSIGNMENT (( #9630 ) ) ;
#2027 = CARTESIAN_POINT ( 'NONE',  ( -2.999999999999999112, 1.539999999999999591, 2.699999999999998401 ) ) ;
#2028 = CARTESIAN_POINT ( 'NONE',  ( -1.749999999999999778, 0.9975825831908325947, 2.799999999999999822 ) ) ;
#2029 = AXIS2_PLACEMENT_3D ( 'NONE', #9105, #6494, #1603 ) ;
#2030 = CARTESIAN_POINT ( 'NONE',  ( 3.210989154900474318, 1.586465982334615665, 1.467446827165954870 ) ) ;
#2031 = DIRECTION ( 'NONE',  ( 1.000000000000000000, 0.000000000000000000, -1.734723475976810250E-14 ) ) ;
#2032 = VECTOR ( 'NONE', #9163, 1000.000000000000114 ) ;
#2033 = EDGE_CURVE ( 'NONE', #5464, #8896, #626, .T. ) ;
#2034 = FILL_AREA_STYLE ('',( #6984 ) ) ;
#2035 = ORIENTED_EDGE ( 'NONE', *, *, #4735, .F. ) ;
#2036 = ORIENTED_EDGE ( 'NONE', *, *, #3505, .T. ) ;
#2037 =( GEOMETRIC_REPRESENTATION_CONTEXT ( 3 ) GLOBAL_UNCERTAINTY_ASSIGNED_CONTEXT ( ( #306 ) ) GLOBAL_UNIT_ASSIGNED_CONTEXT ( ( #2469, #4994, #1483 ) ) REPRESENTATION_CONTEXT ( 'NONE', 'WORKASPACE' ) );
#2038 = CARTESIAN_POINT ( 'NONE',  ( 3.093215324066170613, 0.01699257395427114167, -2.400000000000001243 ) ) ;
#2039 = CARTESIAN_POINT ( 'NONE',  ( -1.849999999999999423, 9.857313811473279230, -2.800000000000001599 ) ) ;
#2040 = CARTESIAN_POINT ( 'NONE',  ( -1.787978494314237388, 1.649999999999999689, 0.6429727190174508999 ) ) ;
#2041 = EDGE_CURVE ( 'NONE', #7153, #2782, #10530, .T. ) ;
#2042 = LINE ( 'NONE', #4414, #8502 ) ;
#2043 = EDGE_CURVE ( 'NONE', #413, #1226, #2221, .T. ) ;
#2044 =( NAMED_UNIT ( * ) SI_UNIT ( $, .STERADIAN. ) SOLID_ANGLE_UNIT ( ) );
#2045 = CARTESIAN_POINT ( 'NONE',  ( -1.868750000000000133, 0.4000000000000000222, -0.9000000000000003553 ) ) ;
#2046 = ORIENTED_EDGE ( 'NONE', *, *, #10413, .F. ) ;
#2047 = VERTEX_POINT ( 'NONE', #5010 ) ;
#2048 = VECTOR ( 'NONE', #1903, 1000.000000000000000 ) ;
#2049 = EDGE_LOOP ( 'NONE', ( #8706, #2756, #1133, #7053, #10377, #7285 ) ) ;
#2050 = ORIENTED_EDGE ( 'NONE', *, *, #10583, .F. ) ;
#2051 = ORIENTED_EDGE ( 'NONE', *, *, #1143, .T. ) ;
#2052 = CARTESIAN_POINT ( 'NONE',  ( 1.448482465358582605, 1.650000000000000355, 0.3952661566442116636 ) ) ;
#2053 = CARTESIAN_POINT ( 'NONE',  ( 2.176831603997347653, 0.5449102240437043720, -2.778325043173702547 ) ) ;
#2054 = DIRECTION ( 'NONE',  ( -0.1690054695747755520, -0.9856151131419452760, 1.156482317317868609E-14 ) ) ;
#2055 = CARTESIAN_POINT ( 'NONE',  ( 1.399999999999999911, 1.189999999999999281, 2.808570668675935966 ) ) ;
#2056 = DIRECTION ( 'NONE',  ( 1.000000000000000000, 0.000000000000000000, 0.000000000000000000 ) ) ;
#2057 = EDGE_CURVE ( 'NONE', #4797, #8765, #3193, .T. ) ;
#2058 = PRESENTATION_STYLE_ASSIGNMENT (( #9401 ) ) ;
#2059 = ADVANCED_FACE ( 'NONE', ( #3350 ), #2496, .T. ) ;
#2060 = SURFACE_STYLE_FILL_AREA ( #7995 ) ;
#2061 = ORIENTED_EDGE ( 'NONE', *, *, #8658, .T. ) ;
#2062 = UNCERTAINTY_MEASURE_WITH_UNIT (LENGTH_MEASURE( 1.000000000000000082E-05 ), #10041, 'distance_accuracy_value', 'NONE');
#2063 = ORIENTED_EDGE ( 'NONE', *, *, #5660, .F. ) ;
#2064 = EDGE_CURVE ( 'NONE', #5996, #6217, #4201, .T. ) ;
#2065 = CARTESIAN_POINT ( 'NONE',  ( 0.2499999999999998890, 0.4000000000000000777, 0.8999999999999998002 ) ) ;
#2066 = VERTEX_POINT ( 'NONE', #7558 ) ;
#2067 = SURFACE_STYLE_FILL_AREA ( #6865 ) ;
#2068 = CARTESIAN_POINT ( 'NONE',  ( -1.803100725573088647, 1.800000000000000711, -0.6005005043702044132 ) ) ;
#2069 = DIRECTION ( 'NONE',  ( -1.000000000000000000, -0.000000000000000000, -0.000000000000000000 ) ) ;
#2070 = EDGE_CURVE ( 'NONE', #1679, #8084, #81, .T. ) ;
#2071 = EDGE_CURVE ( 'NONE', #4805, #8464, #7346, .T. ) ;
#2072 = FACE_OUTER_BOUND ( 'NONE', #10541, .T. ) ;
#2073 = CARTESIAN_POINT ( 'NONE',  ( -2.900000000000001688, 1.639999999999999680, -2.799999999999998934 ) ) ;
#2074 = FACE_OUTER_BOUND ( 'NONE', #10254, .T. ) ;
#2075 = CARTESIAN_POINT ( 'NONE',  ( 2.200000000000000178, 0.000000000000000000, -1.800000000000000266 ) ) ;
#2076 = ORIENTED_EDGE ( 'NONE', *, *, #8311, .T. ) ;
#2077 = FILL_AREA_STYLE_COLOUR ( '', #9629 ) ;
#2078 = CARTESIAN_POINT ( 'NONE',  ( -3.000000000000000888, 1.649999999999999689, -2.900000000000000355 ) ) ;
#2079 = CARTESIAN_POINT ( 'NONE',  ( 0.000000000000000000, 3.100000000000000533, 0.000000000000000000 ) ) ;
#2080 = CARTESIAN_POINT ( 'NONE',  ( 0.8000000000000001554, 1.649999999999999911, 2.700000000000000178 ) ) ;
#2081 = DIRECTION ( 'NONE',  ( 0.000000000000000000, 0.000000000000000000, 1.000000000000000000 ) ) ;
#2082 = DIRECTION ( 'NONE',  ( 0.8682431421244602987, 0.000000000000000000, -0.4961389383568320932 ) ) ;
#2083 = EDGE_LOOP ( 'NONE', ( #9665, #10381, #5025, #7102, #5857, #2076 ) ) ;
#2084 = CARTESIAN_POINT ( 'NONE',  ( -2.899999999999999467, 1.439999999999999503, 3.000000000000000000 ) ) ;
#2085 = LINE ( 'NONE', #8708, #8836 ) ;
#2086 = AXIS2_PLACEMENT_3D ( 'NONE', #1204, #4487, #8008 ) ;
#2087 = CARTESIAN_POINT ( 'NONE',  ( 1.733283001604468687, 0.9899999999999999911, 2.969132483627864527 ) ) ;
#2088 = CARTESIAN_POINT ( 'NONE',  ( 3.000000000000000444, 0.2000000000000000111, 2.400000000000001243 ) ) ;
#2089 = CARTESIAN_POINT ( 'NONE',  ( 0.1788994800920138128, 0.05000000000000000278, 2.113138858057777014 ) ) ;
#2090 = COLOUR_RGB ( '',0.6470588235294117974, 0.6196078431372549211, 0.5882352941176470784 ) ;
#2091 = DIRECTION ( 'NONE',  ( -8.673617379883937653E-15, 0.000000000000000000, 1.000000000000000000 ) ) ;
#2092 = ORIENTED_EDGE ( 'NONE', *, *, #9034, .T. ) ;
#2093 = ORIENTED_EDGE ( 'NONE', *, *, #10809, .T. ) ;
#2094 = ORIENTED_EDGE ( 'NONE', *, *, #4305, .F. ) ;
#2095 = B_SPLINE_CURVE_WITH_KNOTS ( 'NONE', 3,
 ( #85, #743, #6735, #6677 ),
 .UNSPECIFIED., .F., .F.,
 ( 4, 4 ),
 ( 0.000000000000000000, 1.000000000000000000 ),
 .UNSPECIFIED. ) ;
#2096 = CARTESIAN_POINT ( 'NONE',  ( 3.251512924763249934, 1.305234924505374483, -0.5999999999999939826 ) ) ;
#2097 = AXIS2_PLACEMENT_3D ( 'NONE', #2088, #9591, #609 ) ;
#2098 = ORIENTED_EDGE ( 'NONE', *, *, #10289, .F. ) ;
#2099 = CARTESIAN_POINT ( 'NONE',  ( 1.427074059136449913, 1.650000000000000355, 0.4627962262103762492 ) ) ;
#2100 = DIRECTION ( 'NONE',  ( 1.000000000000000000, 0.000000000000000000, 0.000000000000000000 ) ) ;
#2101 = CARTESIAN_POINT ( 'NONE',  ( 3.300000000000000266, 0.7661623507412517187, -4.500000000000001776 ) ) ;
#2102 = CARTESIAN_POINT ( 'NONE',  ( 0.3342222971704529311, 0.04999999999999999584, 1.593482186901513220 ) ) ;
#2103 = CARTESIAN_POINT ( 'NONE',  ( 0.000000000000000000, 0.000000000000000000, 0.000000000000000000 ) ) ;
#2104 = LINE ( 'NONE', #409, #8446 ) ;
#2105 = AXIS2_PLACEMENT_3D ( 'NONE', #2941, #7850, #1308 ) ;
#2106 = PLANE ( 'NONE',  #9673 ) ;
#2107 = ORIENTED_EDGE ( 'NONE', *, *, #4497, .T. ) ;
#2108 = VECTOR ( 'NONE', #8913, 1000.000000000000000 ) ;
#2109 = VERTEX_POINT ( 'NONE', #2594 ) ;
#2110 = VECTOR ( 'NONE', #2993, 999.9999999999998863 ) ;
#2111 = CARTESIAN_POINT ( 'NONE',  ( 0.000000000000000000, 0.2000000000000000111, -1.599999999999999867 ) ) ;
#2112 = ORIENTED_EDGE ( 'NONE', *, *, #512, .F. ) ;
#2113 = CARTESIAN_POINT ( 'NONE',  ( 0.3054427034493632509, 0.05000000000000001665, 1.872645456124723662 ) ) ;
#2114 = ORIENTED_EDGE ( 'NONE', *, *, #8660, .F. ) ;
#2115 = AXIS2_PLACEMENT_3D ( 'NONE', #9130, #635, #6517 ) ;
#2116 = CARTESIAN_POINT ( 'NONE',  ( 2.201387595806831854, 0.5552424364119702416, 2.923824743312680496 ) ) ;
#2117 = CARTESIAN_POINT ( 'NONE',  ( -9.901648023587490550E-17, 1.800000000000000266, 1.899999999999999911 ) ) ;
#2118 = CARTESIAN_POINT ( 'NONE',  ( -3.197123022628389322, 0.1661989060850448952, 1.599999999999999867 ) ) ;
#2119 = PRESENTATION_LAYER_ASSIGNMENT (  '', '', ( #3677 ) ) ;
#2120 = PLANE ( 'NONE',  #5251 ) ;
#2121 = LINE ( 'NONE', #8063, #6088 ) ;
#2122 = PLANE ( 'NONE',  #7029 ) ;
#2123 = CARTESIAN_POINT ( 'NONE',  ( 3.294787763945718151, 0.06600566889855422059, -0.5521986658763288203 ) ) ;
#2124 = EDGE_LOOP ( 'NONE', ( #1771, #5145, #1880 ) ) ;
#2125 = CARTESIAN_POINT ( 'NONE',  ( 0.000000000000000000, 0.000000000000000000, 2.400000000000001243 ) ) ;
#2126 = ADVANCED_FACE ( 'NONE', ( #9877 ), #5908, .F. ) ;
#2127 = AXIS2_PLACEMENT_3D ( 'NONE', #58, #3432, #162 ) ;
#2128 = ADVANCED_FACE ( 'NONE', ( #10690 ), #6562, .T. ) ;
#2129 = EDGE_CURVE ( 'NONE', #2438, #7273, #4050, .T. ) ;
#2130 = LINE ( 'NONE', #7034, #8759 ) ;
#2131 = CARTESIAN_POINT ( 'NONE',  ( -1.404187350806425094, 1.649999999999999689, -0.5281090114896676013 ) ) ;
#2132 = DIRECTION ( 'NONE',  ( 0.000000000000000000, -0.000000000000000000, -1.000000000000000000 ) ) ;
#2133 = PLANE ( 'NONE',  #9194 ) ;
#2134 = CARTESIAN_POINT ( 'NONE',  ( -1.725000000000000089, 1.114595457278107382, -2.810043880005342665 ) ) ;
#2135 = DIRECTION ( 'NONE',  ( 0.000000000000000000, 0.07083354391147970996, 0.9974881498328390661 ) ) ;
#2136 = DIRECTION ( 'NONE',  ( -1.000000000000000000, -0.000000000000000000, -0.000000000000000000 ) ) ;
#2137 = AXIS2_PLACEMENT_3D ( 'NONE', #745, #4802, #87 ) ;
#2138 = EDGE_CURVE ( 'NONE', #5289, #3963, #1558, .T. ) ;
#2139 = ORIENTED_EDGE ( 'NONE', *, *, #1900, .T. ) ;
#2140 = VECTOR ( 'NONE', #8676, 1000.000000000000000 ) ;
#2141 = EDGE_CURVE ( 'NONE', #1331, #9075, #2385, .T. ) ;
#2142 = CARTESIAN_POINT ( 'NONE',  ( 1.949999999999999956, 0.2000000000000000111, 2.400000000000001243 ) ) ;
#2143 = CARTESIAN_POINT ( 'NONE',  ( -1.725000000000000089, 1.602511008277607951, 2.950910843381012505 ) ) ;
#2144 = PLANE ( 'NONE',  #284 ) ;
#2145 = MECHANICAL_DESIGN_GEOMETRIC_PRESENTATION_REPRESENTATION (  '', ( #6841 ), #4389 ) ;
#2146 = FACE_OUTER_BOUND ( 'NONE', #4127, .T. ) ;
#2147 = SURFACE_SIDE_STYLE ('',( #6121 ) ) ;
#2148 = VECTOR ( 'NONE', #7173, 1000.000000000000000 ) ;
#2149 = ORIENTED_EDGE ( 'NONE', *, *, #7369, .F. ) ;
#2150 = VERTEX_POINT ( 'NONE', #4142 ) ;
#2151 = ORIENTED_EDGE ( 'NONE', *, *, #6540, .T. ) ;
#2152 = LINE ( 'NONE', #3727, #5272 ) ;
#2153 = EDGE_LOOP ( 'NONE', ( #4624, #7072, #7241, #4350 ) ) ;
#2154 = VECTOR ( 'NONE', #9767, 1000.000000000000114 ) ;
#2155 = AXIS2_PLACEMENT_3D ( 'NONE', #3605, #8699, #1968 ) ;
#2156 = CARTESIAN_POINT ( 'NONE',  ( 0.9144094948219561036, 1.649999999999999911, -1.206805882794794504 ) ) ;
#2157 = DIRECTION ( 'NONE',  ( 0.000000000000000000, -0.01862865526314227624, 0.9998264715454812102 ) ) ;
#2158 = CARTESIAN_POINT ( 'NONE',  ( -3.350901508546987095, 1.063012483650332740, 1.749999999999998668 ) ) ;
#2159 = APPLICATION_PROTOCOL_DEFINITION ( 'draft international standard', 'automotive_design', 1998, #5537 ) ;
#2160 = DIRECTION ( 'NONE',  ( -1.000000000000000000, -0.000000000000000000, -0.000000000000000000 ) ) ;
#2161 = VECTOR ( 'NONE', #2503, 1000.000000000000000 ) ;
#2162 = EDGE_LOOP ( 'NONE', ( #7473, #4049, #882, #5737 ) ) ;
#2163 = UNCERTAINTY_MEASURE_WITH_UNIT (LENGTH_MEASURE( 1.000000000000000082E-05 ), #8400, 'distance_accuracy_value', 'NONE');
#2164 = VERTEX_POINT ( 'NONE', #798 ) ;
#2165 = LINE ( 'NONE', #6299, #56 ) ;
#2166 = ORIENTED_EDGE ( 'NONE', *, *, #4766, .T. ) ;
#2167 = LINE ( 'NONE', #3896, #2190 ) ;
#2168 = EDGE_LOOP ( 'NONE', ( #6575, #6857, #4126, #2176, #8952 ) ) ;
#2169 = LINE ( 'NONE', #8055, #5463 ) ;
#2170 = CARTESIAN_POINT ( 'NONE',  ( 2.275444008190515621, 0.9726542196610569180, -2.731307302345951094 ) ) ;
#2171 = CARTESIAN_POINT ( 'NONE',  ( -2.900000000000000799, 1.639999999999999902, 3.000000000000000000 ) ) ;
#2172 = CARTESIAN_POINT ( 'NONE',  ( 3.000000000000000888, 1.639999999999999902, 2.400000000000000799 ) ) ;
#2173 = PLANE ( 'NONE',  #4496 ) ;
#2174 = CARTESIAN_POINT ( 'NONE',  ( 1.750000000000000222, 0.9860032588192687575, 2.919290391101349691 ) ) ;
#2175 =( NAMED_UNIT ( * ) PLANE_ANGLE_UNIT ( ) SI_UNIT ( $, .RADIAN. ) );
#2176 = ORIENTED_EDGE ( 'NONE', *, *, #4749, .T. ) ;
#2177 = DIRECTION ( 'NONE',  ( -1.000000000000000000, 0.000000000000000000, -4.130293990420969883E-16 ) ) ;
#2178 = CARTESIAN_POINT ( 'NONE',  ( 0.000000000000000000, 3.000000000000000000, 1.500000000000000222 ) ) ;
#2179 = DIRECTION ( 'NONE',  ( 0.1690054695747755520, -0.9856151131419452760, 0.000000000000000000 ) ) ;
#2180 =( GEOMETRIC_REPRESENTATION_CONTEXT ( 3 ) GLOBAL_UNCERTAINTY_ASSIGNED_CONTEXT ( ( #6394 ) ) GLOBAL_UNIT_ASSIGNED_CONTEXT ( ( #8518, #311, #5201 ) ) REPRESENTATION_CONTEXT ( 'NONE', 'WORKASPACE' ) );
#2181 = STYLED_ITEM ( 'NONE', ( #4714 ), #896 ) ;
#2182 = LINE ( 'NONE', #3653, #7521 ) ;
#2183 = CARTESIAN_POINT ( 'NONE',  ( -1.206805882794599549, 1.649999999999999911, -0.9144094948220681252 ) ) ;
#2184 = CARTESIAN_POINT ( 'NONE',  ( 3.250000000000001776, 1.321879589400769328, 0.5999999999999999778 ) ) ;
#2185 = FILL_AREA_STYLE ('',( #4814 ) ) ;
#2186 = CARTESIAN_POINT ( 'NONE',  ( -1.724999999999999867, 1.554657163815786003, -2.951802450871778394 ) ) ;
#2187 = PRODUCT_DEFINITION ( 'UNKNOWN', '', #1282, #10362 ) ;
#2188 = ADVANCED_FACE ( 'NONE', ( #10750 ), #1615, .F. ) ;
#2189 = CARTESIAN_POINT ( 'NONE',  ( 2.973151252769429931, 1.608270103467880796, -2.831730098704789089 ) ) ;
#2190 = VECTOR ( 'NONE', #4747, 1000.000000000000000 ) ;
#2191 = ADVANCED_FACE ( 'NONE', ( #5294 ), #10301, .T. ) ;
#2192 =( LENGTH_UNIT ( ) NAMED_UNIT ( * ) SI_UNIT ( .MILLI., .METRE. ) );
#2193 = MECHANICAL_DESIGN_GEOMETRIC_PRESENTATION_REPRESENTATION (  '', ( #797 ), #10642 ) ;
#2194 = EDGE_CURVE ( 'NONE', #7636, #8381, #5961, .T. ) ;
#2195 = ORIENTED_EDGE ( 'NONE', *, *, #8678, .T. ) ;
#2196 = LINE ( 'NONE', #5496, #2813 ) ;
#2197 = VECTOR ( 'NONE', #7263, 1000.000000000000000 ) ;
#2198 = CARTESIAN_POINT ( 'NONE',  ( -3.000000000000000888, 1.539999999999998481, -2.700000000000000178 ) ) ;
#2199 = LINE ( 'NONE', #7873, #7603 ) ;
#2200 = MECHANICAL_DESIGN_GEOMETRIC_PRESENTATION_REPRESENTATION (  '', ( #6198 ), #5842 ) ;
#2201 = EDGE_CURVE ( 'NONE', #1826, #4160, #6128, .T. ) ;
#2202 = EDGE_CURVE ( 'NONE', #1813, #6909, #9499, .T. ) ;
#2203 = CARTESIAN_POINT ( 'NONE',  ( -1.925148002730171948, 0.9768313428390997810, 2.790130151527361324 ) ) ;
#2204 = SURFACE_STYLE_USAGE ( .BOTH. , #2147 ) ;
#2205 = EDGE_LOOP ( 'NONE', ( #1409, #2963, #10224, #7371 ) ) ;
#2206 = VERTEX_POINT ( 'NONE', #10364 ) ;
#2207 = B_SPLINE_CURVE_WITH_KNOTS ( 'NONE', 3,
 ( #4555, #9582, #539, #8747 ),
 .UNSPECIFIED., .F., .F.,
 ( 4, 4 ),
 ( 0.000000000000000000, 1.000000000000000000 ),
 .UNSPECIFIED. ) ;
#2208 = EDGE_CURVE ( 'NONE', #4576, #10506, #6177, .T. ) ;
#2209 = CARTESIAN_POINT ( 'NONE',  ( -2.999999999999999556, 1.800000000000000488, -1.900000000000000577 ) ) ;
#2210 = ORIENTED_EDGE ( 'NONE', *, *, #6642, .F. ) ;
#2211 = VERTEX_POINT ( 'NONE', #3569 ) ;
#2212 = CARTESIAN_POINT ( 'NONE',  ( 1.102182119232618281E-16, 1.649999999999999911, 1.500000000000000222 ) ) ;
#2213 = CARTESIAN_POINT ( 'NONE',  ( 3.100000000000000977, 1.800000000000000488, 2.799999999999999822 ) ) ;
#2214 = PRESENTATION_STYLE_ASSIGNMENT (( #10371 ) ) ;
#2215 = CARTESIAN_POINT ( 'NONE',  ( -0.02207900055607838266, 0.05000000000000000278, 1.349966524197126372 ) ) ;
#2216 = CYLINDRICAL_SURFACE ( 'NONE', #3250, 0.2000000000000001221 ) ;
#2217 = CARTESIAN_POINT ( 'NONE',  ( -1.749999999999999778, 0.000000000000000000, 2.800000000000000266 ) ) ;
#2218 = AXIS2_PLACEMENT_3D ( 'NONE', #10719, #9955, #10001 ) ;
#2219 = ORIENTED_EDGE ( 'NONE', *, *, #10551, .T. ) ;
#2220 = ORIENTED_EDGE ( 'NONE', *, *, #5640, .F. ) ;
#2221 = LINE ( 'NONE', #8895, #5266 ) ;
#2222 = VERTEX_POINT ( 'NONE', #968 ) ;
#2223 = CARTESIAN_POINT ( 'NONE',  ( -0.7999999999999992673, 0.000000000000000000, 2.799999999999999822 ) ) ;
#2224 = ORIENTED_EDGE ( 'NONE', *, *, #2873, .T. ) ;
#2225 = DIRECTION ( 'NONE',  ( -0.000000000000000000, -1.000000000000000000, -0.000000000000000000 ) ) ;
#2226 = CARTESIAN_POINT ( 'NONE',  ( -1.759413843984070747, 1.640000000000000124, 2.748815536468909304 ) ) ;
#2227 =( NAMED_UNIT ( * ) SI_UNIT ( $, .STERADIAN. ) SOLID_ANGLE_UNIT ( ) );
#2228 = CARTESIAN_POINT ( 'NONE',  ( -1.624278986266878944, -7.823003196369318957, -1.750000000000000666 ) ) ;
#2229 =( NAMED_UNIT ( * ) SI_UNIT ( $, .STERADIAN. ) SOLID_ANGLE_UNIT ( ) );
#2230 = B_SPLINE_CURVE_WITH_KNOTS ( 'NONE', 3,
 ( #714, #775, #4081, #7432 ),
 .UNSPECIFIED., .F., .F.,
 ( 4, 4 ),
 ( 0.000000000000000000, 1.000000000000000000 ),
 .UNSPECIFIED. ) ;
#2231 = VERTEX_POINT ( 'NONE', #5073 ) ;
#2232 = ORIENTED_EDGE ( 'NONE', *, *, #7399, .T. ) ;
#2233 = LINE ( 'NONE', #7515, #10315 ) ;
#2234 = CARTESIAN_POINT ( 'NONE',  ( 2.500000000000000000, 0.05000000000000000278, -0.3500000000000002554 ) ) ;
#2235 = CARTESIAN_POINT ( 'NONE',  ( 0.000000000000000000, 3.100000000000000533, 1.400000000000000133 ) ) ;
#2236 = LINE ( 'NONE', #5538, #2108 ) ;
#2237 = CARTESIAN_POINT ( 'NONE',  ( -2.200000000000000622, 0.2000000000000000111, -1.800000000000000266 ) ) ;
#2238 = CARTESIAN_POINT ( 'NONE',  ( -3.232597679844644301, 0.3730819044509723903, -1.750000000000000888 ) ) ;
#2239 = LINE ( 'NONE', #489, #2634 ) ;
#2240 = SURFACE_STYLE_FILL_AREA ( #1534 ) ;
#2241 = LINE ( 'NONE', #5827, #8024 ) ;
#2242 = ORIENTED_EDGE ( 'NONE', *, *, #814, .F. ) ;
#2243 = CARTESIAN_POINT ( 'NONE',  ( 3.046699193019195562, 1.410309857178409572E-16, -2.400000000000000355 ) ) ;
#2244 = CARTESIAN_POINT ( 'NONE',  ( 2.265478008709817637, 0.5925460744744307506, 2.759981471960128552 ) ) ;
#2245 = ADVANCED_FACE ( 'NONE', ( #243 ), #10253, .F. ) ;
#2246 = DIRECTION ( 'NONE',  ( -0.000000000000000000, 0.000000000000000000, 1.000000000000000000 ) ) ;
#2247 = DIRECTION ( 'NONE',  ( 0.000000000000000000, 0.000000000000000000, 1.000000000000000000 ) ) ;
#2248 = CARTESIAN_POINT ( 'NONE',  ( 1.725000000000000089, 0.5500000000000000444, 2.850000000000000089 ) ) ;
#2249 = VERTEX_POINT ( 'NONE', #7617 ) ;
#2250 = VERTEX_POINT ( 'NONE', #5133 ) ;
#2251 = CARTESIAN_POINT ( 'NONE',  ( 3.100000000000000977, 1.800000000000000488, 1.899999999999999911 ) ) ;
#2252 = DIRECTION ( 'NONE',  ( 0.9856151131419457201, -0.1690054695747735536, 0.000000000000000000 ) ) ;
#2253 = B_SPLINE_CURVE_WITH_KNOTS ( 'NONE', 3,
 ( #8419, #4456, #6933, #4240, #7591, #327, #2739, #4402, #7762, #4294, #7816, #6053 ),
 .UNSPECIFIED., .F., .F.,
 ( 4, 2, 2, 2, 2, 4 ),
 ( 0.000000000000000000, 0.2499999999999993894, 0.3749999999999971134, 0.4374999999999951150, 0.4999999999999931166, 1.000000000000000000 ),
 .UNSPECIFIED. ) ;
#2254 = ORIENTED_EDGE ( 'NONE', *, *, #9428, .F. ) ;
#2255 = EDGE_CURVE ( 'NONE', #1873, #6803, #3623, .T. ) ;
#2256 = ADVANCED_FACE ( 'NONE', ( #8609 ), #10198, .F. ) ;
#2257 = ADVANCED_FACE ( 'NONE', ( #3453 ), #6780, .T. ) ;
#2258 = CARTESIAN_POINT ( 'NONE',  ( 1.500033662297798553, 1.649999999999999245, 0.09519741280739871248 ) ) ;
#2259 = EDGE_CURVE ( 'NONE', #7443, #3260, #10138, .T. ) ;
#2260 = DIRECTION ( 'NONE',  ( 0.000000000000000000, -1.000000000000000000, 0.000000000000000000 ) ) ;
#2261 = CARTESIAN_POINT ( 'NONE',  ( 1.672248268019019823, 1.649999999999999245, 0.9066147603746532724 ) ) ;
#2262 = LINE ( 'NONE', #3735, #7557 ) ;
#2263 = VECTOR ( 'NONE', #5684, 1000.000000000000227 ) ;
#2264 = CARTESIAN_POINT ( 'NONE',  ( -2.999999999999999112, 1.639999999999999902, 2.699999999999998845 ) ) ;
#2265 = DIRECTION ( 'NONE',  ( 0.9993908270190960952, 0.03489949670249400948, 0.000000000000000000 ) ) ;
#2266 = ORIENTED_EDGE ( 'NONE', *, *, #2596, .T. ) ;
#2267 = VECTOR ( 'NONE', #3697, 1000.000000000000000 ) ;
#2268 = VERTEX_POINT ( 'NONE', #2096 ) ;
#2269 = DIRECTION ( 'NONE',  ( -1.000000000000000000, 0.000000000000000000, -1.084202172485502462E-15 ) ) ;
#2270 = ORIENTED_EDGE ( 'NONE', *, *, #8611, .F. ) ;
#2271 = AXIS2_PLACEMENT_3D ( 'NONE', #1976, #5280, #9958 ) ;
#2272 = FACE_OUTER_BOUND ( 'NONE', #9403, .T. ) ;
#2273 = ORIENTED_EDGE ( 'NONE', *, *, #2461, .F. ) ;
#2274 = ADVANCED_FACE ( 'NONE', ( #455 ), #6336, .T. ) ;
#2275 = COLOUR_RGB ( '',0.6470588235294117974, 0.6196078431372549211, 0.5882352941176470784 ) ;
#2276 = CARTESIAN_POINT ( 'NONE',  ( -0.2388982201686883078, 0.2400000000000001021, 1.624173717013858598 ) ) ;
#2277 = FILL_AREA_STYLE_COLOUR ( '', #7857 ) ;
#2278 = CARTESIAN_POINT ( 'NONE',  ( -9.624048287758148261E-18, 0.7747918205216993703, -0.05501945105851738238 ) ) ;
#2279 = CARTESIAN_POINT ( 'NONE',  ( -3.046699193019194674, -6.479802046495395129E-17, -1.600000000000000089 ) ) ;
#2280 = LINE ( 'NONE', #10594, #7845 ) ;
#2281 = FACE_OUTER_BOUND ( 'NONE', #8771, .T. ) ;
#2282 = COLOUR_RGB ( '',0.6470588235294117974, 0.6196078431372549211, 0.5882352941176470784 ) ;
#2283 = VECTOR ( 'NONE', #3045, 1000.000000000000000 ) ;
#2284 = CARTESIAN_POINT ( 'NONE',  ( -1.724999999999999867, 0.9899999999999999911, 2.969132483627866304 ) ) ;
#2285 = EDGE_LOOP ( 'NONE', ( #10097, #1069, #6628, #6862, #3689, #3439 ) ) ;
#2286 = EDGE_LOOP ( 'NONE', ( #1378, #4911, #1434, #7795 ) ) ;
#2287 = CARTESIAN_POINT ( 'NONE',  ( 1.755481998853009928, 0.9896145935288392925, 2.967998861909348474 ) ) ;
#2288 = MECHANICAL_DESIGN_GEOMETRIC_PRESENTATION_REPRESENTATION (  '', ( #1756 ), #702 ) ;
#2289 = DIRECTION ( 'NONE',  ( 1.000000000000000000, 0.000000000000000000, -2.990902544787597113E-16 ) ) ;
#2290 = CARTESIAN_POINT ( 'NONE',  ( 2.899999999999999467, 1.639999999999999902, 2.799999999999999822 ) ) ;
#2291 = MECHANICAL_DESIGN_GEOMETRIC_PRESENTATION_REPRESENTATION (  '', ( #3677 ), #5045 ) ;
#2292 = B_SPLINE_CURVE_WITH_KNOTS ( 'NONE', 3,
 ( #7488, #9003, #9976, #5680, #6436, #3942, #2378, #6497, #7277, #16, #2319, #5847, #7389, #10739 ),
 .UNSPECIFIED., .F., .F.,
 ( 4, 2, 2, 2, 2, 2, 4 ),
 ( 0.000000000000000000, 0.06249999999999979183, 0.1249999999999995837, 0.2499999999999998890, 0.4999999999999998890, 0.7499999999999998890, 1.000000000000000000 ),
 .UNSPECIFIED. ) ;
#2293 = CARTESIAN_POINT ( 'NONE',  ( 3.000000000000000888, -2.710505431213761085E-17, 1.599999999999999423 ) ) ;
#2294 = CARTESIAN_POINT ( 'NONE',  ( 1.725000000000000311, 1.761134074253986492, -2.844018924963484185 ) ) ;
#2295 = CARTESIAN_POINT ( 'NONE',  ( 2.963662989417781279, 1.800000000000000711, 1.500000000000000222 ) ) ;
#2296 = CARTESIAN_POINT ( 'NONE',  ( -1.725000000000000089, 1.120000000000002105, 2.959900934651531479 ) ) ;
#2297 = CARTESIAN_POINT ( 'NONE',  ( 3.000000000000000888, 1.639999999999999902, -2.700000000000001066 ) ) ;
#2298 =( GEOMETRIC_REPRESENTATION_CONTEXT ( 3 ) GLOBAL_UNCERTAINTY_ASSIGNED_CONTEXT ( ( #10033 ) ) GLOBAL_UNIT_ASSIGNED_CONTEXT ( ( #7534, #3488, #1699 ) ) REPRESENTATION_CONTEXT ( 'NONE', 'WORKASPACE' ) );
#2299 = DIRECTION ( 'NONE',  ( -0.000000000000000000, 0.000000000000000000, 1.000000000000000000 ) ) ;
#2300 = EDGE_CURVE ( 'NONE', #10574, #9241, #2152, .T. ) ;
#2301 = ORIENTED_EDGE ( 'NONE', *, *, #7187, .T. ) ;
#2302 = FILL_AREA_STYLE ('',( #8305 ) ) ;
#2303 = LINE ( 'NONE', #9302, #2730 ) ;
#2304 = AXIS2_PLACEMENT_3D ( 'NONE', #5653, #9136, #8294 ) ;
#2305 = FILL_AREA_STYLE ('',( #3112 ) ) ;
#2306 =( GEOMETRIC_REPRESENTATION_CONTEXT ( 3 ) GLOBAL_UNCERTAINTY_ASSIGNED_CONTEXT ( ( #8156 ) ) GLOBAL_UNIT_ASSIGNED_CONTEXT ( ( #6160, #1415, #326 ) ) REPRESENTATION_CONTEXT ( 'NONE', 'WORKASPACE' ) );
#2307 = DIRECTION ( 'NONE',  ( 0.1458639293384593749, -0.9893046619307648282, 0.000000000000000000 ) ) ;
#2308 = DIRECTION ( 'NONE',  ( -0.000000000000000000, -1.000000000000000000, -0.000000000000000000 ) ) ;
#2309 = DIRECTION ( 'NONE',  ( -0.000000000000000000, -0.000000000000000000, -1.000000000000000000 ) ) ;
#2310 = EDGE_LOOP ( 'NONE', ( #3293, #1151, #5078, #6900 ) ) ;
#2311 = ORIENTED_EDGE ( 'NONE', *, *, #3388, .T. ) ;
#2312 = CARTESIAN_POINT ( 'NONE',  ( 2.951184463531090429, 1.038315627808653829, -2.989893766851920986 ) ) ;
#2313 = FILL_AREA_STYLE ('',( #5111 ) ) ;
#2314 = EDGE_LOOP ( 'NONE', ( #5871, #5331, #8052, #6190 ) ) ;
#2315 = DIRECTION ( 'NONE',  ( -0.000000000000000000, 0.000000000000000000, -1.000000000000000000 ) ) ;
#2316 = VECTOR ( 'NONE', #4265, 1000.000000000000114 ) ;
#2317 = DIRECTION ( 'NONE',  ( 0.000000000000000000, 1.000000000000000000, 0.000000000000000000 ) ) ;
#2318 = CARTESIAN_POINT ( 'NONE',  ( 0.2986737760931167385, 1.650000000000000355, 1.883324721502327437 ) ) ;
#2319 = CARTESIAN_POINT ( 'NONE',  ( -0.1279611588394593824, 0.2400000000000000466, 1.925802974302277093 ) ) ;
#2320 = STYLED_ITEM ( 'NONE', ( #6071 ), #2191 ) ;
#2321 = CARTESIAN_POINT ( 'NONE',  ( 2.500000000000000000, 0.000000000000000000, -0.9999999999999991118 ) ) ;
#2322 = CONTEXT_DEPENDENT_SHAPE_REPRESENTATION ( #10803, #7177 ) ;
#2323 = CARTESIAN_POINT ( 'NONE',  ( 3.000000000000000888, 1.649999999999999689, 2.699999999999999734 ) ) ;
#2324 = CARTESIAN_POINT ( 'NONE',  ( 3.100000000000000977, 1.800000000000000488, 1.899999999999999911 ) ) ;
#2325 = ORIENTED_EDGE ( 'NONE', *, *, #204, .T. ) ;
#2326 = ADVANCED_FACE ( 'NONE', ( #7985 ), #3827, .F. ) ;
#2327 = ORIENTED_EDGE ( 'NONE', *, *, #6117, .F. ) ;
#2328 = EDGE_CURVE ( 'NONE', #3390, #3840, #7157, .T. ) ;
#2329 = VECTOR ( 'NONE', #8672, 1000.000000000000000 ) ;
#2330 = DIRECTION ( 'NONE',  ( -0.1690054695747755520, 0.9856151131419452760, -0.000000000000000000 ) ) ;
#2331 = ORIENTED_EDGE ( 'NONE', *, *, #9947, .F. ) ;
#2332 = VECTOR ( 'NONE', #8552, 1000.000000000000114 ) ;
#2333 = CARTESIAN_POINT ( 'NONE',  ( 0.3500000000612961681, 0.05000000001520674836, 1.700000000000000178 ) ) ;
#2334 = ORIENTED_EDGE ( 'NONE', *, *, #3284, .F. ) ;
#2335 = EDGE_CURVE ( 'NONE', #5949, #6615, #1228, .T. ) ;
#2336 = DIRECTION ( 'NONE',  ( -0.1690054695747752189, -0.9856151131419453870, 0.000000000000000000 ) ) ;
#2337 = DIRECTION ( 'NONE',  ( 0.000000000000000000, -0.000000000000000000, 1.000000000000000000 ) ) ;
#2338 = VECTOR ( 'NONE', #4599, 1000.000000000000000 ) ;
#2339 = LINE ( 'NONE', #3957, #8959 ) ;
#2340 = CARTESIAN_POINT ( 'NONE',  ( 3.000000000000000888, 1.800000000000000488, 2.500000000000001332 ) ) ;
#2341 = DIRECTION ( 'NONE',  ( 0.8682431421244595215, -0.000000000000000000, -0.4961389383568331479 ) ) ;
#2342 = VECTOR ( 'NONE', #8492, 1000.000000000000114 ) ;
#2343 = VECTOR ( 'NONE', #3149, 1000.000000000000000 ) ;
#2344 = CARTESIAN_POINT ( 'NONE',  ( 1.949999999999999956, 0.2000000000000000111, 1.800000000000000266 ) ) ;
#2345 = ORIENTED_EDGE ( 'NONE', *, *, #511, .T. ) ;
#2346 = ORIENTED_EDGE ( 'NONE', *, *, #2596, .F. ) ;
#2347 = CARTESIAN_POINT ( 'NONE',  ( 1.761002766183546120, 0.9894895769471574454, 2.967311792336734477 ) ) ;
#2348 = SURFACE_SIDE_STYLE ('',( #4602 ) ) ;
#2349 = EDGE_CURVE ( 'NONE', #1731, #5242, #7272, .T. ) ;
#2350 = CARTESIAN_POINT ( 'NONE',  ( 1.850000000000000311, 1.640000000000000346, 2.700000000000000178 ) ) ;
#2351 = PRESENTATION_LAYER_ASSIGNMENT (  '', '', ( #7757 ) ) ;
#2352 = CARTESIAN_POINT ( 'NONE',  ( 1.725000000000000089, 1.119999999999997442, -2.959900934651531479 ) ) ;
#2354 = CARTESIAN_POINT ( 'NONE',  ( -1.725000000000000089, 1.111985212845745252, 2.810160796090972468 ) ) ;
#2353 = CARTESIAN_POINT ( 'NONE',  ( -2.299999999999999378, 0.9829864320293227875, 2.876807002484928599 ) ) ;
#2355 = CARTESIAN_POINT ( 'NONE',  ( -2.399999999999999911, 0.3999999999999999667, -0.6000000000000000888 ) ) ;
#2356 = FILL_AREA_STYLE ('',( #10769 ) ) ;
#2357 = LINE ( 'NONE', #2297, #1449 ) ;
#2358 = COLOUR_RGB ( '',0.6470588235294117974, 0.6196078431372549211, 0.5882352941176470784 ) ;
#2359 = PLANE ( 'NONE',  #5216 ) ;
#2360 = VERTEX_POINT ( 'NONE', #10462 ) ;
#2361 = B_SPLINE_CURVE_WITH_KNOTS ( 'NONE', 3,
 ( #3901, #5362, #9729, #583 ),
 .UNSPECIFIED., .F., .F.,
 ( 4, 4 ),
 ( 0.000000000000000000, 1.000000000000000000 ),
 .UNSPECIFIED. ) ;
#2362 = CARTESIAN_POINT ( 'NONE',  ( -3.093215324066169281, 0.01699257395427053799, -2.400000000000000799 ) ) ;
#2363 = LINE ( 'NONE', #2613, #6024 ) ;
#2364 = DIRECTION ( 'NONE',  ( -0.1031413735657401298, -0.6995440351107085064, -0.7071067811865477948 ) ) ;
#2365 = STYLED_ITEM ( 'NONE', ( #2439 ), #3925 ) ;
#2366 =( NAMED_UNIT ( * ) PLANE_ANGLE_UNIT ( ) SI_UNIT ( $, .RADIAN. ) );
#2367 = CARTESIAN_POINT ( 'NONE',  ( 3.035474657216254535, 0.4068829983659271732, -4.500000000000001776 ) ) ;
#2368 = VERTEX_POINT ( 'NONE', #3882 ) ;
#2369 = EDGE_LOOP ( 'NONE', ( #9997, #2447, #8304, #3772, #1555 ) ) ;
#2370 = CARTESIAN_POINT ( 'NONE',  ( -1.724999999999999867, 1.109374968413278317, 2.810277712176606713 ) ) ;
#2371 = CARTESIAN_POINT ( 'NONE',  ( -3.232597679844644301, 0.3730819044509728344, 1.749999999999999112 ) ) ;
#2372 = ORIENTED_EDGE ( 'NONE', *, *, #4380, .T. ) ;
#2373 = LINE ( 'NONE', #9055, #7424 ) ;
#2374 = EDGE_CURVE ( 'NONE', #2823, #3338, #7882, .T. ) ;
#2375 = EDGE_CURVE ( 'NONE', #1243, #8381, #7932, .T. ) ;
#2376 = DIRECTION ( 'NONE',  ( 0.000000000000000000, -0.000000000000000000, -1.000000000000000000 ) ) ;
#2377 = CARTESIAN_POINT ( 'NONE',  ( 1.558529982953898330, 1.649999999999999467, 1.100939157571690252 ) ) ;
#2378 = CARTESIAN_POINT ( 'NONE',  ( 0.2013630580740870257, 0.2400000000000001021, 1.852296018564399960 ) ) ;
#2379 = ITEM_DEFINED_TRANSFORMATION ( 'NONE', 'NONE', #5080,  #4552 ) ;
#2380 = DIRECTION ( 'NONE',  ( -1.000000000000000000, -0.000000000000000000, -0.000000000000000000 ) ) ;
#2381 = VECTOR ( 'NONE', #6375, 1000.000000000000000 ) ;
#2382 = ORIENTED_EDGE ( 'NONE', *, *, #5766, .F. ) ;
#2383 = AXIS2_PLACEMENT_3D ( 'NONE', #434, #4501, #5430 ) ;
#2384 = ORIENTED_EDGE ( 'NONE', *, *, #10353, .F. ) ;
#2385 = LINE ( 'NONE', #5688, #4725 ) ;
#2386 = ORIENTED_EDGE ( 'NONE', *, *, #1911, .F. ) ;
#2387 = CARTESIAN_POINT ( 'NONE',  ( -0.2500000000000000555, 0.3999999999999999667, -0.6000000000000000888 ) ) ;
#2388 = ORIENTED_EDGE ( 'NONE', *, *, #7148, .F. ) ;
#2389 = ADVANCED_FACE ( 'NONE', ( #9552 ), #1382, .F. ) ;
#2390 = EDGE_CURVE ( 'NONE', #5510, #3346, #8828, .T. ) ;
#2391 = AXIS2_PLACEMENT_3D ( 'NONE', #4284, #6094, #9469 ) ;
#2392 = CARTESIAN_POINT ( 'NONE',  ( -1.950000000000000622, 0.2000000000000000111, -1.800000000000000266 ) ) ;
#2393 = DIRECTION ( 'NONE',  ( 0.000000000000000000, 0.1643989873053577078, -0.9863939238321436376 ) ) ;
#2394 = EDGE_CURVE ( 'NONE', #5947, #8106, #3074, .T. ) ;
#2395 = DIRECTION ( 'NONE',  ( -0.000000000000000000, 0.000000000000000000, -1.000000000000000000 ) ) ;
#2396 = CARTESIAN_POINT ( 'NONE',  ( 0.1207150186125472424, 1.800000000000000711, -1.899999999999999911 ) ) ;
#2397 = CARTESIAN_POINT ( 'NONE',  ( 3.197123022628389322, 0.1661989060850457278, 2.400000000000001243 ) ) ;
#2398 = CARTESIAN_POINT ( 'NONE',  ( 3.209401869767083859, 1.597231553983464281, 1.478297884777303173 ) ) ;
#2399 = EDGE_LOOP ( 'NONE', ( #9970, #7514, #2649, #9062 ) ) ;
#2400 = ORIENTED_EDGE ( 'NONE', *, *, #2057, .F. ) ;
#2401 = DIRECTION ( 'NONE',  ( 0.000000000000000000, -1.000000000000000000, 2.670717223410072953E-17 ) ) ;
#2402 = SURFACE_STYLE_USAGE ( .BOTH. , #9299 ) ;
#2403 = VECTOR ( 'NONE', #7250, 1000.000000000000000 ) ;
#2404 = ORIENTED_EDGE ( 'NONE', *, *, #3297, .F. ) ;
#2405 = FILL_AREA_STYLE_COLOUR ( '', #3196 ) ;
#2406 = EDGE_CURVE ( 'NONE', #5870, #7426, #5557, .T. ) ;
#2407 = EDGE_CURVE ( 'NONE', #3825, #3076, #3936, .T. ) ;
#2408 = ADVANCED_FACE ( 'NONE', ( #8256 ), #10734, .F. ) ;
#2409 = ADVANCED_FACE ( 'NONE', ( #1599 ), #3430, .F. ) ;
#2410 = CARTESIAN_POINT ( 'NONE',  ( -3.099999999999985878, 1.649999999999999911, 2.799999999999999822 ) ) ;
#2411 = LINE ( 'NONE', #6583, #4892 ) ;
#2412 = CARTESIAN_POINT ( 'NONE',  ( 3.142678979591934763, 0.1237750920333410831, 0.5999999999999999778 ) ) ;
#2414 = CARTESIAN_POINT ( 'NONE',  ( 2.987973688037981468, 1.799111909717491020, -1.500000000000000000 ) ) ;
#2413 = PLANE ( 'NONE',  #5548 ) ;
#2415 = CARTESIAN_POINT ( 'NONE',  ( -2.924747927392006286, 1.439999999999997282, -3.000000000000001332 ) ) ;
#2416 = PRODUCT ( 'EVQQ2-DHMSW2-03W', 'EVQQ2-DHMSW2-03W', '', ( #1946 ) ) ;
#2417 = DIRECTION ( 'NONE',  ( -1.000000000000000000, -0.000000000000000000, 0.000000000000000000 ) ) ;
#2418 = ORIENTED_EDGE ( 'NONE', *, *, #3113, .T. ) ;
#2419 = EDGE_CURVE ( 'NONE', #9178, #2532, #780, .T. ) ;
#2420 = CARTESIAN_POINT ( 'NONE',  ( -0.3957297273885265199, 0.05000000000000000971, 1.476888945702912181 ) ) ;
#2421 = FACE_OUTER_BOUND ( 'NONE', #8118, .T. ) ;
#2422 = SURFACE_STYLE_FILL_AREA ( #8143 ) ;
#2423 = ORIENTED_EDGE ( 'NONE', *, *, #7809, .F. ) ;
#2424 = ORIENTED_EDGE ( 'NONE', *, *, #5912, .T. ) ;
#2425 = CARTESIAN_POINT ( 'NONE',  ( 3.052456489953508711, 1.595996894053972159, 1.500000000000000000 ) ) ;
#2426 = EDGE_LOOP ( 'NONE', ( #4113, #7945, #9472, #4258 ) ) ;
#2427 = PLANE ( 'NONE',  #1167 ) ;
#2428 =( NAMED_UNIT ( * ) PLANE_ANGLE_UNIT ( ) SI_UNIT ( $, .RADIAN. ) );
#2429 = CARTESIAN_POINT ( 'NONE',  ( 3.000000000000000888, 1.040000000000000036, -3.000000000000000444 ) ) ;
#2430 = CARTESIAN_POINT ( 'NONE',  ( 3.062593455610858051, 1.564586392933846160, 1.467446827165955758 ) ) ;
#2431 = DIRECTION ( 'NONE',  ( -0.000000000000000000, -1.000000000000000000, -0.000000000000000000 ) ) ;
#2432 = ORIENTED_EDGE ( 'NONE', *, *, #9086, .F. ) ;
#2433 = ORIENTED_EDGE ( 'NONE', *, *, #5094, .F. ) ;
#2434 = EDGE_LOOP ( 'NONE', ( #8587, #132, #10694, #146 ) ) ;
#2435 =( LENGTH_UNIT ( ) NAMED_UNIT ( * ) SI_UNIT ( .MILLI., .METRE. ) );
#2436 = ORIENTED_EDGE ( 'NONE', *, *, #204, .F. ) ;
#2437 = DIRECTION ( 'NONE',  ( 0.000000000000000000, 0.1643989873053579853, 0.9863939238321436376 ) ) ;
#2438 = VERTEX_POINT ( 'NONE', #5617 ) ;
#2439 = PRESENTATION_STYLE_ASSIGNMENT (( #1724 ) ) ;
#2440 =( NAMED_UNIT ( * ) SI_UNIT ( $, .STERADIAN. ) SOLID_ANGLE_UNIT ( ) );
#2441 = CARTESIAN_POINT ( 'NONE',  ( 2.500000000000000000, 0.05000000000000000278, -0.3500000000000006994 ) ) ;
#2442 = CARTESIAN_POINT ( 'NONE',  ( 1.750000000000000888, 1.640000000000000124, 2.799999999999998934 ) ) ;
#2443 = CARTESIAN_POINT ( 'NONE',  ( 1.158199755421698063, 1.800000000000000711, -1.528701009593576243 ) ) ;
#2444 = DIRECTION ( 'NONE',  ( 0.000000000000000000, 0.9998264715454813212, 0.01862865526313777637 ) ) ;
#2445 = CARTESIAN_POINT ( 'NONE',  ( 3.210989154900473874, 1.586465982334615665, 1.467446827165954870 ) ) ;
#2446 = VERTEX_POINT ( 'NONE', #7697 ) ;
#2447 = ORIENTED_EDGE ( 'NONE', *, *, #10753, .T. ) ;
#2448 = VECTOR ( 'NONE', #9388, 1000.000000000000000 ) ;
#2449 = CARTESIAN_POINT ( 'NONE',  ( -3.673940397442060361E-16, 3.000000000000000000, 1.500000000000000222 ) ) ;
#2450 = ORIENTED_EDGE ( 'NONE', *, *, #5310, .F. ) ;
#2451 = PRESENTATION_LAYER_ASSIGNMENT (  '', '', ( #350 ) ) ;
#2452 = DIRECTION ( 'NONE',  ( 1.000000000000000000, 0.000000000000000000, 0.000000000000000000 ) ) ;
#2453 =( GEOMETRIC_REPRESENTATION_CONTEXT ( 3 ) GLOBAL_UNCERTAINTY_ASSIGNED_CONTEXT ( ( #5855 ) ) GLOBAL_UNIT_ASSIGNED_CONTEXT ( ( #2192, #329, #2794 ) ) REPRESENTATION_CONTEXT ( 'NONE', 'WORKASPACE' ) );
#2454 = LINE ( 'NONE', #761, #8049 ) ;
#2456 = CARTESIAN_POINT ( 'NONE',  ( -3.000000000000000000, 0.2000000000000000111, -1.600000000000000311 ) ) ;
#2455 = CARTESIAN_POINT ( 'NONE',  ( 3.047323801004688359, 1.790392896183009785, -1.500000000000000222 ) ) ;
#2457 = CARTESIAN_POINT ( 'NONE',  ( -2.899999999999999467, 1.640000000000000346, 2.699999999999997513 ) ) ;
#2458 = LINE ( 'NONE', #6587, #1066 ) ;
#2459 =( GEOMETRIC_REPRESENTATION_CONTEXT ( 3 ) GLOBAL_UNCERTAINTY_ASSIGNED_CONTEXT ( ( #4537 ) ) GLOBAL_UNIT_ASSIGNED_CONTEXT ( ( #1266, #2901, #8917 ) ) REPRESENTATION_CONTEXT ( 'NONE', 'WORKASPACE' ) );
#2460 = ADVANCED_FACE ( 'NONE', ( #1802 ), #5162, .F. ) ;
#2461 = EDGE_CURVE ( 'NONE', #2704, #1184, #9917, .T. ) ;
#2462 = DIRECTION ( 'NONE',  ( 0.9856151131419453870, -0.1690054695747752189, 0.000000000000000000 ) ) ;
#2463 = VECTOR ( 'NONE', #8719, 1000.000000000000000 ) ;
#2464 = EDGE_CURVE ( 'NONE', #2951, #661, #4236, .T. ) ;
#2465 = VECTOR ( 'NONE', #2177, 1000.000000000000000 ) ;
#2466 = EDGE_LOOP ( 'NONE', ( #4122, #5741, #10045, #828 ) ) ;
#2467 = EDGE_CURVE ( 'NONE', #6347, #10689, #6490, .T. ) ;
#2468 = FACE_OUTER_BOUND ( 'NONE', #1509, .T. ) ;
#2469 =( LENGTH_UNIT ( ) NAMED_UNIT ( * ) SI_UNIT ( .MILLI., .METRE. ) );
#2470 = AXIS2_PLACEMENT_3D ( 'NONE', #3438, #3497, #5948 ) ;
#2471 = CARTESIAN_POINT ( 'NONE',  ( -2.977164018683111202, 1.603654613815962415, 2.836448215375479975 ) ) ;
#2472 = DIRECTION ( 'NONE',  ( 0.000000000000000000, 0.000000000000000000, -1.000000000000000000 ) ) ;
#2473 = CARTESIAN_POINT ( 'NONE',  ( 1.725000000000000089, 1.550000000000000488, -2.701845832985407814 ) ) ;
#2474 = ORIENTED_EDGE ( 'NONE', *, *, #10472, .F. ) ;
#2475 = ORIENTED_EDGE ( 'NONE', *, *, #5321, .T. ) ;
#2476 = EDGE_CURVE ( 'NONE', #7143, #1989, #9865, .T. ) ;
#2477 = DIRECTION ( 'NONE',  ( 0.000000000000000000, -0.9974881498328389551, -0.07083354391148079243 ) ) ;
#2478 = B_SPLINE_CURVE_WITH_KNOTS ( 'NONE', 3,
 ( #10348, #10507, #443, #4616 ),
 .UNSPECIFIED., .F., .F.,
 ( 4, 4 ),
 ( 0.000000000000000000, 1.000000000000000000 ),
 .UNSPECIFIED. ) ;
#2479 = EDGE_CURVE ( 'NONE', #661, #1232, #6386, .T. ) ;
#2480 = ORIENTED_EDGE ( 'NONE', *, *, #5495, .T. ) ;
#2481 = AXIS2_PLACEMENT_3D ( 'NONE', #3109, #6416, #4940 ) ;
#2482 = STYLED_ITEM ( 'NONE', ( #7913 ), #10449 ) ;
#2483 = CARTESIAN_POINT ( 'NONE',  ( 2.900000000000001243, 1.639999999999999680, 2.799999999999998490 ) ) ;
#2484 = CARTESIAN_POINT ( 'NONE',  ( 3.197123022628389322, 0.1661989060850456168, -1.600000000000000977 ) ) ;
#2485 = LINE ( 'NONE', #10025, #1602 ) ;
#2486 = B_SPLINE_CURVE_WITH_KNOTS ( 'NONE', 3,
 ( #1965, #5267, #8640, #318 ),
 .UNSPECIFIED., .F., .F.,
 ( 4, 4 ),
 ( 0.000000000000000000, 1.000000000000000000 ),
 .UNSPECIFIED. ) ;
#2487 = CARTESIAN_POINT ( 'NONE',  ( -3.000000000000000000, 0.2000000000000000111, -1.600000000000000311 ) ) ;
#2488 = CARTESIAN_POINT ( 'NONE',  ( 2.899999999999999467, 1.639999999999999902, -2.900000000000001243 ) ) ;
#2489 = CARTESIAN_POINT ( 'NONE',  ( -3.197123022628389322, 0.1661989060850449229, -2.400000000000000799 ) ) ;
#2490 = DIRECTION ( 'NONE',  ( -0.000000000000000000, 0.000000000000000000, 1.000000000000000000 ) ) ;
#2491 = ORIENTED_EDGE ( 'NONE', *, *, #10613, .F. ) ;
#2492 = ORIENTED_EDGE ( 'NONE', *, *, #5794, .F. ) ;
#2493 = AXIS2_PLACEMENT_3D ( 'NONE', #1094, #45, #5934 ) ;
#2494 = UNCERTAINTY_MEASURE_WITH_UNIT (LENGTH_MEASURE( 1.000000000000000082E-05 ), #4390, 'distance_accuracy_value', 'NONE');
#2495 = EDGE_LOOP ( 'NONE', ( #10047, #1103, #891, #4906 ) ) ;
#2496 = PLANE ( 'NONE',  #9666 ) ;
#2497 = ORIENTED_EDGE ( 'NONE', *, *, #7257, .T. ) ;
#2498 = LINE ( 'NONE', #3296, #9368 ) ;
#2499 = EDGE_LOOP ( 'NONE', ( #3403, #291, #3086, #6919 ) ) ;
#2500 = CARTESIAN_POINT ( 'NONE',  ( 3.000000000000000888, 1.649999999999999911, 2.500000000000001332 ) ) ;
#2501 = CARTESIAN_POINT ( 'NONE',  ( 2.299311015651892109, 0.6535254445971312443, -2.896099686836160370 ) ) ;
#2502 = CARTESIAN_POINT ( 'NONE',  ( 3.145255262575063160, 0.05000000000000000278, -0.5000000000000003331 ) ) ;
#2503 = DIRECTION ( 'NONE',  ( 1.000000000000000000, 0.000000000000000000, 0.000000000000000000 ) ) ;
#2504 = EDGE_CURVE ( 'NONE', #9460, #10671, #2622, .T. ) ;
#2505 = AXIS2_PLACEMENT_3D ( 'NONE', #3843, #2269, #8951 ) ;
#2506 = ORIENTED_EDGE ( 'NONE', *, *, #7160, .T. ) ;
#2507 = ORIENTED_EDGE ( 'NONE', *, *, #1141, .F. ) ;
#2508 = CARTESIAN_POINT ( 'NONE',  ( -3.000000000000000444, 1.639999999999999902, -1.900000000000000133 ) ) ;
#2509 = ORIENTED_EDGE ( 'NONE', *, *, #711, .T. ) ;
#2510 = SURFACE_STYLE_FILL_AREA ( #153 ) ;
#2511 = MECHANICAL_DESIGN_GEOMETRIC_PRESENTATION_REPRESENTATION (  '', ( #62 ), #585 ) ;
#2512 = CARTESIAN_POINT ( 'NONE',  ( 3.102876977371610945, 0.7999634446562073897, -4.500000000000001776 ) ) ;
#2513 = PRESENTATION_LAYER_ASSIGNMENT (  '', '', ( #8798 ) ) ;
#2514 = EDGE_CURVE ( 'NONE', #6962, #3390, #7725, .T. ) ;
#2515 = CARTESIAN_POINT ( 'NONE',  ( 5.000000000000000888, 0.000000000000000000, -2.700000000000001066 ) ) ;
#2517 = CARTESIAN_POINT ( 'NONE',  ( 3.000000000000000888, 1.797345146833222218, -1.500000000000008882 ) ) ;
#2516 = LINE ( 'NONE', #7527, #8014 ) ;
#2518 = CARTESIAN_POINT ( 'NONE',  ( 0.8000000000000000444, 1.650000000000001021, 2.701845832985407814 ) ) ;
#2519 = CARTESIAN_POINT ( 'NONE',  ( 3.000000000000000888, 1.639999999999999902, 2.500000000000000888 ) ) ;
#2520 = VECTOR ( 'NONE', #6700, 1000.000000000000000 ) ;
#2521 = LINE ( 'NONE', #10225, #7858 ) ;
#2522 = VECTOR ( 'NONE', #2160, 1000.000000000000000 ) ;
#2523 = ORIENTED_EDGE ( 'NONE', *, *, #6113, .T. ) ;
#2524 = EDGE_CURVE ( 'NONE', #7320, #6070, #8147, .T. ) ;
#2525 =( NAMED_UNIT ( * ) SI_UNIT ( $, .STERADIAN. ) SOLID_ANGLE_UNIT ( ) );
#2526 = PRESENTATION_LAYER_ASSIGNMENT (  '', '', ( #2691 ) ) ;
#2527 = ADVANCED_FACE ( 'NONE', ( #9581 ), #6258, .F. ) ;
#2528 = CARTESIAN_POINT ( 'NONE',  ( -2.973901564648084861, 1.607414793494839289, 2.832611756432542816 ) ) ;
#2529 = DIRECTION ( 'NONE',  ( -0.000000000000000000, -1.000000000000000000, -0.000000000000000000 ) ) ;
#2530 = DIRECTION ( 'NONE',  ( 1.000000000000000000, 0.000000000000000000, 0.000000000000000000 ) ) ;
#2531 = ORIENTED_EDGE ( 'NONE', *, *, #6930, .F. ) ;
#2532 = VERTEX_POINT ( 'NONE', #10228 ) ;
#2533 = ADVANCED_FACE ( 'NONE', ( #9628 ), #2024, .F. ) ;
#2534 = ORIENTED_EDGE ( 'NONE', *, *, #10544, .F. ) ;
#2535 = MECHANICAL_DESIGN_GEOMETRIC_PRESENTATION_REPRESENTATION (  '', ( #4765 ), #10217 ) ;
#2536 = CARTESIAN_POINT ( 'NONE',  ( -2.176831603997347209, 0.5449102240437043720, -2.778325043173702991 ) ) ;
#2537 = EDGE_CURVE ( 'NONE', #8231, #10587, #6155, .T. ) ;
#2538 = DIRECTION ( 'NONE',  ( 0.000000000000000000, -0.9998264715454812102, -0.01862865526314227624 ) ) ;
#2539 = CARTESIAN_POINT ( 'NONE',  ( 3.100000000000000977, 1.800000000000000488, 2.500000000000000888 ) ) ;
#2540 = PRESENTATION_STYLE_ASSIGNMENT (( #10026 ) ) ;
#2541 = CARTESIAN_POINT ( 'NONE',  ( -1.733283001604472684, 1.105833291217681813, -2.760403304684965420 ) ) ;
#2542 = CARTESIAN_POINT ( 'NONE',  ( 0.000000000000000000, 3.000000000000000000, 1.400000000000000133 ) ) ;
#2543 = ORIENTED_EDGE ( 'NONE', *, *, #4819, .F. ) ;
#2544 = ORIENTED_EDGE ( 'NONE', *, *, #563, .F. ) ;
#2545 = VECTOR ( 'NONE', #5410, 1000.000000000000000 ) ;
#2546 = EDGE_LOOP ( 'NONE', ( #1841, #7461, #1295 ) ) ;
#2547 =( NAMED_UNIT ( * ) SI_UNIT ( $, .STERADIAN. ) SOLID_ANGLE_UNIT ( ) );
#2548 = ORIENTED_EDGE ( 'NONE', *, *, #2982, .F. ) ;
#2549 = DIRECTION ( 'NONE',  ( 0.000000000000000000, 0.000000000000000000, -1.000000000000000000 ) ) ;
#2550 = ORIENTED_EDGE ( 'NONE', *, *, #9786, .F. ) ;
#2551 =( NAMED_UNIT ( * ) PLANE_ANGLE_UNIT ( ) SI_UNIT ( $, .RADIAN. ) );
#2552 = PRESENTATION_STYLE_ASSIGNMENT (( #10040 ) ) ;
#2553 = CARTESIAN_POINT ( 'NONE',  ( 1.725000000000000089, 0.5606250315867218337, 2.999623222474925743 ) ) ;
#2554 = CARTESIAN_POINT ( 'NONE',  ( -1.733333333333332948, 0.9793749684132778688, 2.819509261152938429 ) ) ;
#2555 = PRESENTATION_LAYER_ASSIGNMENT (  '', '', ( #8839 ) ) ;
#2556 = DIRECTION ( 'NONE',  ( 0.000000000000000000, -0.7108982099748822892, 0.7032949132863881569 ) ) ;
#2557 = ORIENTED_EDGE ( 'NONE', *, *, #2722, .F. ) ;
#2558 = ORIENTED_EDGE ( 'NONE', *, *, #1556, .F. ) ;
#2559 = EDGE_LOOP ( 'NONE', ( #10796, #2850, #8767, #10637, #3791, #1372, #4215 ) ) ;
#2560 = PLANE ( 'NONE',  #7690 ) ;
#2561 = FILL_AREA_STYLE ('',( #7632 ) ) ;
#2562 = ORIENTED_EDGE ( 'NONE', *, *, #9493, .F. ) ;
#2563 = CARTESIAN_POINT ( 'NONE',  ( 2.199999999999999734, -4.065758146820641628E-17, 1.800000000000000488 ) ) ;
#2564 = DIRECTION ( 'NONE',  ( 1.000000000000000000, 0.000000000000000000, 0.000000000000000000 ) ) ;
#2565 = SURFACE_STYLE_USAGE ( .BOTH. , #6527 ) ;
#2566 = LINE ( 'NONE', #3372, #5774 ) ;
#2568 = CARTESIAN_POINT ( 'NONE',  ( 1.750000000000000444, 0.9789199044281209350, -2.819541576118065329 ) ) ;
#2567 = FACE_OUTER_BOUND ( 'NONE', #5226, .T. ) ;
#2569 = DIRECTION ( 'NONE',  ( 1.000000000000000000, 0.000000000000000000, -0.000000000000000000 ) ) ;
#2570 = CARTESIAN_POINT ( 'NONE',  ( 3.000000000000001332, 0.000000000000000000, 2.799999999999999822 ) ) ;
#2571 = CARTESIAN_POINT ( 'NONE',  ( 3.187564840029499802, -1.161587776278568684, 0.5999999999999999778 ) ) ;
#2572 = VERTEX_POINT ( 'NONE', #4603 ) ;
#2573 = PRESENTATION_STYLE_ASSIGNMENT (( #2738 ) ) ;
#2574 = SURFACE_STYLE_FILL_AREA ( #60 ) ;
#2575 = DIRECTION ( 'NONE',  ( 1.000000000000000000, 0.000000000000000000, 0.000000000000000000 ) ) ;
#2576 = ORIENTED_EDGE ( 'NONE', *, *, #9014, .F. ) ;
#2577 = CARTESIAN_POINT ( 'NONE',  ( -3.000000000000000000, -2.710505431213761085E-17, -1.600000000000000311 ) ) ;
#2578 = ORIENTED_EDGE ( 'NONE', *, *, #1654, .F. ) ;
#2579 = CARTESIAN_POINT ( 'NONE',  ( 1.750000000000000222, 0.000000000000000000, 2.999999999999999112 ) ) ;
#2580 = CARTESIAN_POINT ( 'NONE',  ( 1.850000000000000089, 0.9899999999999999911, 2.700000000000000178 ) ) ;
#2581 = CARTESIAN_POINT ( 'NONE',  ( -1.749999999999999112, 1.649999999999999911, 2.773820061220084732 ) ) ;
#2582 = DIRECTION ( 'NONE',  ( 0.000000000000000000, 0.9974881498328389551, -0.07083354391148079243 ) ) ;
#2583 = CARTESIAN_POINT ( 'NONE',  ( -3.000000000000000000, 1.023333333333333650, 2.900000000000000799 ) ) ;
#2584 = B_SPLINE_CURVE_WITH_KNOTS ( 'NONE', 3,
 ( #3318, #2412, #4769, #9081, #1580, #3914 ),
 .UNSPECIFIED., .F., .F.,
 ( 4, 2, 4 ),
 ( 0.000000000000000000, 0.5000000000000000000, 1.000000000000000000 ),
 .UNSPECIFIED. ) ;
#2585 = DIRECTION ( 'NONE',  ( -0.1031413735657407821, 0.6995440351107085064, -0.7071067811865476838 ) ) ;
#2586 = DIRECTION ( 'NONE',  ( 0.000000000000000000, -0.000000000000000000, -1.000000000000000000 ) ) ;
#2587 = ORIENTED_EDGE ( 'NONE', *, *, #7997, .F. ) ;
#2588 = VERTEX_POINT ( 'NONE', #9532 ) ;
#2589 = EDGE_CURVE ( 'NONE', #10478, #2360, #2840, .T. ) ;
#2590 = UNCERTAINTY_MEASURE_WITH_UNIT (LENGTH_MEASURE( 1.000000000000000082E-05 ), #10717, 'distance_accuracy_value', 'NONE');
#2591 = EDGE_CURVE ( 'NONE', #6909, #6543, #4913, .T. ) ;
#2592 = ORIENTED_EDGE ( 'NONE', *, *, #5107, .F. ) ;
#2593 = ADVANCED_FACE ( 'NONE', ( #1908 ), #7964, .T. ) ;
#2594 = CARTESIAN_POINT ( 'NONE',  ( -1.733283001604471574, 0.5606250315867202794, -2.999623222474925743 ) ) ;
#2595 = VERTEX_POINT ( 'NONE', #6209 ) ;
#2596 = EDGE_CURVE ( 'NONE', #3514, #10478, #1260, .T. ) ;
#2597 = PRESENTATION_STYLE_ASSIGNMENT (( #1560 ) ) ;
#2598 = VERTEX_POINT ( 'NONE', #7910 ) ;
#2599 = DIRECTION ( 'NONE',  ( 0.1660101621115978587, 0.06985066062633378536, -0.9836470460921161729 ) ) ;
#2600 = FACE_OUTER_BOUND ( 'NONE', #3405, .T. ) ;
#2601 = CARTESIAN_POINT ( 'NONE',  ( 1.725000000000000089, 1.551862865526314250, -2.801828480139958888 ) ) ;
#2602 = DIRECTION ( 'NONE',  ( 0.000000000000000000, -1.000000000000000000, 0.000000000000000000 ) ) ;
#2603 = VERTEX_POINT ( 'NONE', #6049 ) ;
#2604 = ORIENTED_EDGE ( 'NONE', *, *, #7197, .F. ) ;
#2605 = ORIENTED_EDGE ( 'NONE', *, *, #6682, .T. ) ;
#2606 = SURFACE_STYLE_FILL_AREA ( #8514 ) ;
#2607 = EDGE_CURVE ( 'NONE', #9280, #2222, #9421, .T. ) ;
#2608 = DIRECTION ( 'NONE',  ( -0.9993908270190958731, -0.03489949670249287150, 0.000000000000000000 ) ) ;
#2609 = VERTEX_POINT ( 'NONE', #1102 ) ;
#2610 = CARTESIAN_POINT ( 'NONE',  ( 2.900000000000000355, 1.639999999999999902, 2.799999999999998046 ) ) ;
#2611 = EDGE_CURVE ( 'NONE', #547, #6503, #430, .T. ) ;
#2612 = STYLED_ITEM ( 'NONE', ( #9888 ), #6776 ) ;
#2613 = CARTESIAN_POINT ( 'NONE',  ( 3.000000000000000888, 1.039999999999999813, 2.999999999999999556 ) ) ;
#2614 = CARTESIAN_POINT ( 'NONE',  ( 1.749972624337438054, 0.9897492686847881860, 2.968821944913498267 ) ) ;
#2615 = PRESENTATION_STYLE_ASSIGNMENT (( #2565 ) ) ;
#2616 = PLANE ( 'NONE',  #7261 ) ;
#2617 = FACE_OUTER_BOUND ( 'NONE', #10088, .T. ) ;
#2618 = B_SPLINE_CURVE_WITH_KNOTS ( 'NONE', 3,
 ( #9272, #4193, #7552, #7659, #2696, #6066 ),
 .UNSPECIFIED., .F., .F.,
 ( 4, 2, 4 ),
 ( 0.000000000000000000, 0.5000000000000000000, 1.000000000000000000 ),
 .UNSPECIFIED. ) ;
#2619 = STYLED_ITEM ( 'NONE', ( #6224 ), #8124 ) ;
#2620 = PLANE ( 'NONE',  #4851 ) ;
#2621 = CARTESIAN_POINT ( 'NONE',  ( 1.725000000000000311, 1.800000000000000488, 2.799999999999999822 ) ) ;
#2622 = LINE ( 'NONE', #7589, #5612 ) ;
#2623 = ORIENTED_EDGE ( 'NONE', *, *, #3128, .T. ) ;
#2624 = AXIS2_PLACEMENT_3D ( 'NONE', #2903, #6319, #4659 ) ;
#2625 =( NAMED_UNIT ( * ) SI_UNIT ( $, .STERADIAN. ) SOLID_ANGLE_UNIT ( ) );
#2626 = SURFACE_SIDE_STYLE ('',( #1864 ) ) ;
#2627 = SURFACE_STYLE_FILL_AREA ( #3434 ) ;
#2628 = ADVANCED_FACE ( 'NONE', ( #9475 ), #10444, .F. ) ;
#2629 = STYLED_ITEM ( 'NONE', ( #5820 ), #9883 ) ;
#2630 = PRESENTATION_LAYER_ASSIGNMENT (  '', '', ( #4677 ) ) ;
#2631 = DIRECTION ( 'NONE',  ( 0.000000000000000000, -0.000000000000000000, 1.000000000000000000 ) ) ;
#2632 = ORIENTED_EDGE ( 'NONE', *, *, #5775, .T. ) ;
#2633 = PLANE ( 'NONE',  #2470 ) ;
#2634 = VECTOR ( 'NONE', #3708, 1000.000000000000000 ) ;
#2635 = ORIENTED_EDGE ( 'NONE', *, *, #3388, .F. ) ;
#2636 = CARTESIAN_POINT ( 'NONE',  ( -1.950000000000000622, 0.2000000000000000111, -1.800000000000000266 ) ) ;
#2637 = VECTOR ( 'NONE', #6885, 1000.000000000000000 ) ;
#2638 = CARTESIAN_POINT ( 'NONE',  ( -1.834732689992140342, 1.650000000000000133, 0.5007314990558802137 ) ) ;
#2639 = DIRECTION ( 'NONE',  ( -1.000000000000000000, 0.000000000000000000, -0.000000000000000000 ) ) ;
#2640 = DIRECTION ( 'NONE',  ( -0.000000000000000000, 0.000000000000000000, -1.000000000000000000 ) ) ;
#2641 = CARTESIAN_POINT ( 'NONE',  ( 1.868750000000000133, 0.4000000000000000222, 0.8999999999999993561 ) ) ;
#2642 = CARTESIAN_POINT ( 'NONE',  ( 3.000000000000000888, 1.649999999999999911, -2.900000000000001243 ) ) ;
#2643 = ORIENTED_EDGE ( 'NONE', *, *, #6708, .T. ) ;
#2644 = ORIENTED_EDGE ( 'NONE', *, *, #4629, .F. ) ;
#2645 = B_SPLINE_CURVE_WITH_KNOTS ( 'NONE', 3,
 ( #9385, #10125, #7605, #6011, #6827, #127, #5125, #6940, #6170, #1057, #3443, #8598, #7655, #10244, #1175, #10293, #9435, #7772, #3501, #286, #6768, #2638, #6063, #2040, #959, #2801, #2693, #1818, #5285, #5952, #9544, #2750, #6889, #4355, #335, #3667, #1008, #1926 ),
 .UNSPECIFIED., .F., .F.,
 ( 4, 1, 1, 1, 2, 2, 2, 1, 1, 1, 2, 2, 2, 1, 1, 1, 2, 2, 2, 1, 1, 1, 2, 2, 4 ),
 ( 0.000000000000000000, 0.06249999999999970857, 0.09374999999999955591, 0.1093749999999994588, 0.1171874999999994310, 0.1249999999999993894, 0.2499999999999992228, 0.3124999999999991118, 0.3437499999999991118, 0.3593749999999991673, 0.3671874999999991673, 0.3749999999999991673, 0.4999999999999993339, 0.5624999999999993339, 0.5937499999999994449, 0.6093749999999994449, 0.6171874999999995559, 0.6249999999999996669, 0.7499999999999998890, 0.8125000000000001110, 0.8437500000000002220, 0.8593750000000002220, 0.8671875000000002220, 0.8750000000000001110, 1.000000000000000000 ),
 .UNSPECIFIED. ) ;
#2646 = ORIENTED_EDGE ( 'NONE', *, *, #6777, .T. ) ;
#2647 = MECHANICAL_DESIGN_GEOMETRIC_PRESENTATION_REPRESENTATION (  '', ( #10164 ), #550 ) ;
#2648 = DIRECTION ( 'NONE',  ( -1.000000000000000000, 0.000000000000000000, -0.000000000000000000 ) ) ;
#2649 = ORIENTED_EDGE ( 'NONE', *, *, #3971, .F. ) ;
#2650 = FACE_OUTER_BOUND ( 'NONE', #10516, .T. ) ;
#2651 = EDGE_LOOP ( 'NONE', ( #10534, #10136, #10744, #7240, #2755 ) ) ;
#2652 = LINE ( 'NONE', #8615, #4779 ) ;
#2653 = FACE_OUTER_BOUND ( 'NONE', #7633, .T. ) ;
#2654 = PLANE ( 'NONE',  #3178 ) ;
#2655 = B_SPLINE_CURVE_WITH_KNOTS ( 'NONE', 3,
 ( #3894, #3742, #2978, #3950 ),
 .UNSPECIFIED., .F., .F.,
 ( 4, 4 ),
 ( 0.000000000000000000, 1.000000000000000000 ),
 .UNSPECIFIED. ) ;
#2656 = CARTESIAN_POINT ( 'NONE',  ( 0.000000000000000000, 0.000000000000000000, 0.000000000000000000 ) ) ;
#2657 = ADVANCED_FACE ( 'NONE', ( #9736 ), #10652, .T. ) ;
#2658 = CARTESIAN_POINT ( 'NONE',  ( 0.8046111561472241158, 1.800000000000000266, 1.721844117652029160 ) ) ;
#2659 = CARTESIAN_POINT ( 'NONE',  ( 1.725000000000000089, 1.119999999999999885, 2.959900934651531479 ) ) ;
#2660 = ADVANCED_FACE ( 'NONE', ( #5535, #537 ), #10711, .T. ) ;
#2661 = CARTESIAN_POINT ( 'NONE',  ( -2.265478008709824742, 0.5925460744744306396, -2.759981471960128996 ) ) ;
#2662 = ORIENTED_EDGE ( 'NONE', *, *, #7128, .F. ) ;
#2663 = ORIENTED_EDGE ( 'NONE', *, *, #1464, .F. ) ;
#2664 = EDGE_LOOP ( 'NONE', ( #2107, #1216, #2219, #3620, #2981, #10790, #1934 ) ) ;
#2665 = DIRECTION ( 'NONE',  ( 0.000000000000000000, 1.000000000000000000, 0.000000000000000000 ) ) ;
#2666 = EDGE_CURVE ( 'NONE', #2943, #5996, #7246, .T. ) ;
#2667 = DIRECTION ( 'NONE',  ( 0.000000000000000000, -0.000000000000000000, -1.000000000000000000 ) ) ;
#2668 = VERTEX_POINT ( 'NONE', #7191 ) ;
#2669 =( GEOMETRIC_REPRESENTATION_CONTEXT ( 3 ) GLOBAL_UNCERTAINTY_ASSIGNED_CONTEXT ( ( #9404 ) ) GLOBAL_UNIT_ASSIGNED_CONTEXT ( ( #1578, #3418, #38 ) ) REPRESENTATION_CONTEXT ( 'NONE', 'WORKASPACE' ) );
#2670 = CARTESIAN_POINT ( 'NONE',  ( -2.575937217861056894, 1.525738483164363668, 1.500000000000004219 ) ) ;
#2671 = FILL_AREA_STYLE ('',( #9359 ) ) ;
#2672 = VERTEX_POINT ( 'NONE', #8911 ) ;
#2673 = CARTESIAN_POINT ( 'NONE',  ( 0.000000000000000000, 0.000000000000000000, 1.800000000000000266 ) ) ;
#2675 = LINE ( 'NONE', #8466, #9212 ) ;
#2674 = FACE_OUTER_BOUND ( 'NONE', #8529, .T. ) ;
#2676 = AXIS2_PLACEMENT_3D ( 'NONE', #1827, #1883, #8443 ) ;
#2677 = DIRECTION ( 'NONE',  ( -1.000000000000000000, 0.000000000000000000, -0.000000000000000000 ) ) ;
#2678 = EDGE_CURVE ( 'NONE', #5949, #5838, #8013, .T. ) ;
#2679 =( GEOMETRIC_REPRESENTATION_CONTEXT ( 3 ) GLOBAL_UNCERTAINTY_ASSIGNED_CONTEXT ( ( #8497 ) ) GLOBAL_UNIT_ASSIGNED_CONTEXT ( ( #5866, #9236, #1778 ) ) REPRESENTATION_CONTEXT ( 'NONE', 'WORKASPACE' ) );
#2680 = CARTESIAN_POINT ( 'NONE',  ( -2.900000000000001688, 1.640000000000000346, -2.700000000000000178 ) ) ;
#2681 = ORIENTED_EDGE ( 'NONE', *, *, #4817, .F. ) ;
#2682 = AXIS2_PLACEMENT_3D ( 'NONE', #7758, #5325, #6101 ) ;
#2683 = DIRECTION ( 'NONE',  ( -0.9860555265491618426, 0.000000000000000000, 0.1664166414811187877 ) ) ;
#2684 = DIRECTION ( 'NONE',  ( 1.057443735643706578E-16, -0.7071067811865475727, 0.7071067811865475727 ) ) ;
#2685 = CARTESIAN_POINT ( 'NONE',  ( -1.724999999999999867, 1.554657163815786003, -2.951802450871778394 ) ) ;
#2686 = STYLED_ITEM ( 'NONE', ( #510 ), #6937 ) ;
#2687 = CARTESIAN_POINT ( 'NONE',  ( 1.725000000000000089, 1.729398958727847768, 2.882419360948555109 ) ) ;
#2688 = ORIENTED_EDGE ( 'NONE', *, *, #7259, .F. ) ;
#2689 = LINE ( 'NONE', #5227, #2637 ) ;
#2690 = EDGE_LOOP ( 'NONE', ( #7268, #7293, #2578, #8228, #1006, #4009 ) ) ;
#2691 = STYLED_ITEM ( 'NONE', ( #117 ), #7526 ) ;
#2692 = CARTESIAN_POINT ( 'NONE',  ( -3.000000000000000444, 0.000000000000000000, -2.799999999999999822 ) ) ;
#2693 = CARTESIAN_POINT ( 'NONE',  ( -1.670229291564397922, 1.650000000000000133, 0.9429951757516299438 ) ) ;
#2694 = CARTESIAN_POINT ( 'NONE',  ( -2.200000000000000178, 0.2000000000000000111, 1.800000000000000266 ) ) ;
#2695 = CARTESIAN_POINT ( 'NONE',  ( -4.049999999999998046, 0.000000000000000000, -2.400000000000000799 ) ) ;
#2696 = CARTESIAN_POINT ( 'NONE',  ( 2.228957023951192884, 0.5549136833131280699, -2.919195194906551549 ) ) ;
#2697 = FACE_OUTER_BOUND ( 'NONE', #5587, .T. ) ;
#2698 = EDGE_LOOP ( 'NONE', ( #136, #3454, #8444, #151, #4184, #7980, #9353, #9051 ) ) ;
#2699 = UNCERTAINTY_MEASURE_WITH_UNIT (LENGTH_MEASURE( 1.000000000000000082E-05 ), #5197, 'distance_accuracy_value', 'NONE');
#2700 = ORIENTED_EDGE ( 'NONE', *, *, #6113, .F. ) ;
#2701 = ORIENTED_EDGE ( 'NONE', *, *, #9577, .T. ) ;
#2702 = AXIS2_PLACEMENT_3D ( 'NONE', #3954, #5525, #8790 ) ;
#2703 = EDGE_CURVE ( 'NONE', #1822, #4731, #5486, .T. ) ;
#2704 = VERTEX_POINT ( 'NONE', #6462 ) ;
#2705 = B_SPLINE_CURVE_WITH_KNOTS ( 'NONE', 3,
 ( #7347, #8283, #8903, #806 ),
 .UNSPECIFIED., .F., .F.,
 ( 4, 4 ),
 ( 0.000000000000000000, 1.000000000000000000 ),
 .UNSPECIFIED. ) ;
#2706 = CARTESIAN_POINT ( 'NONE',  ( -3.099999999999985878, 1.649999999999999911, 2.799999999999999822 ) ) ;
#2707 = CARTESIAN_POINT ( 'NONE',  ( 3.000000000000000888, 1.539999999999997371, 2.699999999999999734 ) ) ;
#2708 = DIRECTION ( 'NONE',  ( -1.000000000000000000, 0.000000000000000000, 0.000000000000000000 ) ) ;
#2709 = CARTESIAN_POINT ( 'NONE',  ( -2.227204262854005634, 0.5549345842052036959, -2.919489524273899406 ) ) ;
#2710 = CARTESIAN_POINT ( 'NONE',  ( 1.900000000000000133, 0.4500000000000001776, -0.9000000000000006883 ) ) ;
#2711 =( GEOMETRIC_REPRESENTATION_CONTEXT ( 3 ) GLOBAL_UNCERTAINTY_ASSIGNED_CONTEXT ( ( #10267 ) ) GLOBAL_UNIT_ASSIGNED_CONTEXT ( ( #6579, #7417, #7462 ) ) REPRESENTATION_CONTEXT ( 'NONE', 'WORKASPACE' ) );
#2712 = ORIENTED_EDGE ( 'NONE', *, *, #2071, .F. ) ;
#2713 = UNCERTAINTY_MEASURE_WITH_UNIT (LENGTH_MEASURE( 1.000000000000000082E-05 ), #6042, 'distance_accuracy_value', 'NONE');
#2714 = ORIENTED_EDGE ( 'NONE', *, *, #2390, .F. ) ;
#2715 = VERTEX_POINT ( 'NONE', #10546 ) ;
#2716 =( NAMED_UNIT ( * ) SI_UNIT ( $, .STERADIAN. ) SOLID_ANGLE_UNIT ( ) );
#2717 = CARTESIAN_POINT ( 'NONE',  ( 3.000000000000000888, 1.643164487128668139, -1.500000000000032863 ) ) ;
#2718 = ORIENTED_EDGE ( 'NONE', *, *, #4151, .F. ) ;
#2719 = EDGE_CURVE ( 'NONE', #4111, #5204, #594, .T. ) ;
#2720 = CARTESIAN_POINT ( 'NONE',  ( 2.399999999999999911, 0.3999999999999999667, -0.9000000000000005773 ) ) ;
#2721 = VECTOR ( 'NONE', #10349, 1000.000000000000000 ) ;
#2722 = EDGE_CURVE ( 'NONE', #10706, #572, #9785, .T. ) ;
#2723 = VECTOR ( 'NONE', #347, 1000.000000000000000 ) ;
#2724 = PRESENTATION_STYLE_ASSIGNMENT (( #4441 ) ) ;
#2725 = ORIENTED_EDGE ( 'NONE', *, *, #9325, .F. ) ;
#2727 = DIRECTION ( 'NONE',  ( -0.000000000000000000, -0.000000000000000000, -1.000000000000000000 ) ) ;
#2726 = CARTESIAN_POINT ( 'NONE',  ( -3.197123022628389322, 0.1661989060850449784, 2.400000000000001243 ) ) ;
#2728 = CARTESIAN_POINT ( 'NONE',  ( -9.905539167793427418E-18, 1.649999999999999023, 0.000000000000000000 ) ) ;
#2729 = DIRECTION ( 'NONE',  ( 0.000000000000000000, 0.000000000000000000, -1.000000000000000000 ) ) ;
#2730 = VECTOR ( 'NONE', #2564, 1000.000000000000000 ) ;
#2731 = ORIENTED_EDGE ( 'NONE', *, *, #10596, .F. ) ;
#2732 = DIRECTION ( 'NONE',  ( 0.000000000000000000, 1.000000000000000000, -0.000000000000000000 ) ) ;
#2733 = PRESENTATION_LAYER_ASSIGNMENT (  '', '', ( #7430 ) ) ;
#2734 = EDGE_CURVE ( 'NONE', #5734, #3999, #5751, .T. ) ;
#2735 = ADVANCED_FACE ( 'NONE', ( #8974 ), #2996, .F. ) ;
#2736 = VERTEX_POINT ( 'NONE', #2563 ) ;
#2737 = B_SPLINE_CURVE_WITH_KNOTS ( 'NONE', 3,
 ( #3080, #349, #6185, #4583 ),
 .UNSPECIFIED., .F., .F.,
 ( 4, 4 ),
 ( 0.000000000000000000, 1.000000000000000000 ),
 .UNSPECIFIED. ) ;
#2738 = SURFACE_STYLE_USAGE ( .BOTH. , #111 ) ;
#2739 = CARTESIAN_POINT ( 'NONE',  ( -2.960430303930588369, 1.619748273901461699, -2.820288957344889713 ) ) ;
#2740 = VECTOR ( 'NONE', #6664, 1000.000000000000000 ) ;
#2741 = CARTESIAN_POINT ( 'NONE',  ( -3.099999999999985878, 1.800000000000000488, 1.899999999999999911 ) ) ;
#2742 = CARTESIAN_POINT ( 'NONE',  ( -3.099999999999985878, 1.649999999999999911, 2.799999999999999822 ) ) ;
#2743 = VERTEX_POINT ( 'NONE', #10163 ) ;
#2744 = FACE_OUTER_BOUND ( 'NONE', #2083, .T. ) ;
#2745 = ADVANCED_FACE ( 'NONE', ( #5758 ), #8349, .T. ) ;
#2746 = ADVANCED_FACE ( 'NONE', ( #3266 ), #7634, .T. ) ;
#2747 = ORIENTED_EDGE ( 'NONE', *, *, #3252, .T. ) ;
#2748 = B_SPLINE_CURVE_WITH_KNOTS ( 'NONE', 3,
 ( #8170, #7242, #3099, #3964, #5533, #3209 ),
 .UNSPECIFIED., .F., .F.,
 ( 4, 2, 4 ),
 ( 0.000000000000000000, 0.5000000000000000000, 1.000000000000000000 ),
 .UNSPECIFIED. ) ;
#2749 = LINE ( 'NONE', #2692, #4776 ) ;
#2750 = CARTESIAN_POINT ( 'NONE',  ( -0.8046111561472573115, 1.650000000000000133, 1.721844117652016060 ) ) ;
#2751 = CARTESIAN_POINT ( 'NONE',  ( -3.100000000000000533, 1.800000000000000488, -1.900000000000000799 ) ) ;
#2752 = CARTESIAN_POINT ( 'NONE',  ( -1.755481998853009706, 0.9896145935288412909, -2.967998861909349362 ) ) ;
#2753 = DIRECTION ( 'NONE',  ( 0.1660101621115992465, -0.06985066062633372985, 0.9836470460921159509 ) ) ;
#2754 = CYLINDRICAL_SURFACE ( 'NONE', #9439, 0.09999999999999982514 ) ;
#2755 = ORIENTED_EDGE ( 'NONE', *, *, #8660, .T. ) ;
#2756 = ORIENTED_EDGE ( 'NONE', *, *, #9612, .T. ) ;
#2757 = B_SPLINE_CURVE_WITH_KNOTS ( 'NONE', 3,
 ( #4410, #1055, #5896, #4353, #7771, #6887 ),
 .UNSPECIFIED., .F., .F.,
 ( 4, 2, 4 ),
 ( 0.000000000000000000, 0.5000000000000000000, 1.000000000000000000 ),
 .UNSPECIFIED. ) ;
#2758 = DIRECTION ( 'NONE',  ( -0.8682431421244589664, 0.4961389383568342026, -1.568918501561634309E-16 ) ) ;
#2759 = ORIENTED_EDGE ( 'NONE', *, *, #6509, .F. ) ;
#2760 = EDGE_LOOP ( 'NONE', ( #9668, #8715, #9878, #7223 ) ) ;
#2761 = FACE_OUTER_BOUND ( 'NONE', #10388, .T. ) ;
#2762 = CARTESIAN_POINT ( 'NONE',  ( 3.102876977371612721, 0.7999634446562063905, 2.400000000000000799 ) ) ;
#2763 = CARTESIAN_POINT ( 'NONE',  ( 1.725000000000000089, 1.120000000000000773, -2.959900934651531479 ) ) ;
#2764 = DIRECTION ( 'NONE',  ( 0.000000000000000000, 0.000000000000000000, 1.000000000000000000 ) ) ;
#2765 = CARTESIAN_POINT ( 'NONE',  ( 1.834732689992075727, 1.800000000000000044, 0.5007314990560443047 ) ) ;
#2766 = FACE_OUTER_BOUND ( 'NONE', #3475, .T. ) ;
#2767 = DIRECTION ( 'NONE',  ( 0.000000000000000000, 1.000000000000000000, 0.000000000000000000 ) ) ;
#2768 = ORIENTED_EDGE ( 'NONE', *, *, #4816, .F. ) ;
#2769 = ORIENTED_EDGE ( 'NONE', *, *, #1365, .F. ) ;
#2770 = LINE ( 'NONE', #6383, #6444 ) ;
#2771 = LINE ( 'NONE', #10210, #8428 ) ;
#2772 = ORIENTED_EDGE ( 'NONE', *, *, #6860, .T. ) ;
#2773 = PLANE ( 'NONE',  #10747 ) ;
#2774 = MANIFOLD_SOLID_BREP ( 'ŒﬁΩ - âüÇµèoÇµ1[2]', #3869 ) ;
#2775 = DIRECTION ( 'NONE',  ( 1.000000000000000000, -0.000000000000000000, -1.495451272393799049E-16 ) ) ;
#2776 = DIRECTION ( 'NONE',  ( 0.000000000000000000, 1.000000000000000000, 0.000000000000000000 ) ) ;
#2777 = ORIENTED_EDGE ( 'NONE', *, *, #4151, .T. ) ;
#2778 = CARTESIAN_POINT ( 'NONE',  ( -2.176831603997348541, 0.5449102240437043720, 2.778325043173701658 ) ) ;
#2779 = DIRECTION ( 'NONE',  ( 1.000000000000000000, 0.000000000000000000, 0.000000000000000000 ) ) ;
#2780 = PLANE ( 'NONE',  #8259 ) ;
#2781 = CARTESIAN_POINT ( 'NONE',  ( -2.999999999999999112, 1.797345146833222218, 1.500000000000004663 ) ) ;
#2782 = VERTEX_POINT ( 'NONE', #5817 ) ;
#2783 = DIRECTION ( 'NONE',  ( -6.351562327609935049E-15, 0.9974881498328389551, 0.07083354391148077855 ) ) ;
#2784 = MECHANICAL_DESIGN_GEOMETRIC_PRESENTATION_REPRESENTATION (  '', ( #8365 ), #7843 ) ;
#2785 = DIRECTION ( 'NONE',  ( -1.000000000000000000, -0.000000000000000000, -0.000000000000000000 ) ) ;
#2786 = CARTESIAN_POINT ( 'NONE',  ( 1.749999999999999778, 1.002007106109024548, -2.772042636654148851 ) ) ;
#2787 = ADVANCED_FACE ( 'NONE', ( #1846 ), #9192, .F. ) ;
#2788 = MANIFOLD_SOLID_BREP ( 'ŒﬁΩ - âüÇµèoÇµ1', #6464 ) ;
#2789 = DIRECTION ( 'NONE',  ( -0.9856151131419452760, -0.1690054695747755520, 0.000000000000000000 ) ) ;
#2790 = ADVANCED_FACE ( 'NONE', ( #2935 ), #1686, .F. ) ;
#2791 = PRESENTATION_STYLE_ASSIGNMENT (( #6934 ) ) ;
#2792 =( GEOMETRIC_REPRESENTATION_CONTEXT ( 3 ) GLOBAL_UNCERTAINTY_ASSIGNED_CONTEXT ( ( #9719 ) ) GLOBAL_UNIT_ASSIGNED_CONTEXT ( ( #10767, #4872, #4019 ) ) REPRESENTATION_CONTEXT ( 'NONE', 'WORKASPACE' ) );
#2793 = EDGE_CURVE ( 'NONE', #7870, #1885, #1088, .T. ) ;
#2794 =( NAMED_UNIT ( * ) SI_UNIT ( $, .STERADIAN. ) SOLID_ANGLE_UNIT ( ) );
#2795 = VERTEX_POINT ( 'NONE', #3531 ) ;
#2796 = PRESENTATION_LAYER_ASSIGNMENT (  '', '', ( #3309 ) ) ;
#2797 = EDGE_CURVE ( 'NONE', #2821, #6216, #296, .T. ) ;
#2798 = ORIENTED_EDGE ( 'NONE', *, *, #2942, .F. ) ;
#2799 = COLOUR_RGB ( '',0.6470588235294117974, 0.6196078431372549211, 0.5882352941176470784 ) ;
#2800 = CARTESIAN_POINT ( 'NONE',  ( 1.766485034026791023, 1.119803423342970339, -2.957132713903387167 ) ) ;
#2801 = CARTESIAN_POINT ( 'NONE',  ( -1.772620802047006228, 1.649999999999999467, 0.6841539964435541243 ) ) ;
#2802 = DIRECTION ( 'NONE',  ( 1.000000000000000000, 0.000000000000000000, -0.000000000000000000 ) ) ;
#2803 = EDGE_CURVE ( 'NONE', #10758, #2603, #360, .T. ) ;
#2804 = CARTESIAN_POINT ( 'NONE',  ( 0.3400669509497137866, 0.05000000000000000278, 1.403618573042993312 ) ) ;
#2805 = CARTESIAN_POINT ( 'NONE',  ( 0.000000000000000000, 0.000000000000000000, 0.000000000000000000 ) ) ;
#2806 = VERTEX_POINT ( 'NONE', #7017 ) ;
#2807 = ORIENTED_EDGE ( 'NONE', *, *, #378, .T. ) ;
#2808 = VECTOR ( 'NONE', #9309, 1000.000000000000000 ) ;
#2809 = ADVANCED_FACE ( 'NONE', ( #9519 ), #9610, .F. ) ;
#2810 = EDGE_LOOP ( 'NONE', ( #1559, #6058, #7281, #1245, #3730, #1230 ) ) ;
#2811 = EDGE_LOOP ( 'NONE', ( #2918, #5852, #10046, #1803 ) ) ;
#2812 = AXIS2_PLACEMENT_3D ( 'NONE', #7886, #406, #3734 ) ;
#2813 = VECTOR ( 'NONE', #8869, 1000.000000000000227 ) ;
#2814 = ORIENTED_EDGE ( 'NONE', *, *, #649, .T. ) ;
#2815 =( NAMED_UNIT ( * ) PLANE_ANGLE_UNIT ( ) SI_UNIT ( $, .RADIAN. ) );
#2816 = SURFACE_STYLE_FILL_AREA ( #10259 ) ;
#2817 = CARTESIAN_POINT ( 'NONE',  ( 1.725000000000000089, 1.117205701710529020, 2.809926963919710641 ) ) ;
#2818 = DIRECTION ( 'NONE',  ( 0.000000000000000000, 0.000000000000000000, 1.000000000000000000 ) ) ;
#2819 = FACE_OUTER_BOUND ( 'NONE', #5721, .T. ) ;
#2820 = DIRECTION ( 'NONE',  ( 0.000000000000000000, -0.000000000000000000, -1.000000000000000000 ) ) ;
#2821 = VERTEX_POINT ( 'NONE', #1956 ) ;
#2822 = UNCERTAINTY_MEASURE_WITH_UNIT (LENGTH_MEASURE( 1.000000000000000082E-05 ), #6510, 'distance_accuracy_value', 'NONE');
#2823 = VERTEX_POINT ( 'NONE', #4438 ) ;
#2824 = DIRECTION ( 'NONE',  ( 0.000000000000000000, -0.9974881498328390661, 0.07083354391147921036 ) ) ;
#2825 = FACE_OUTER_BOUND ( 'NONE', #2499, .T. ) ;
#2826 = ORIENTED_EDGE ( 'NONE', *, *, #7321, .T. ) ;
#2827 = CARTESIAN_POINT ( 'NONE',  ( 1.868750000000000133, 0.3999999999999999667, -0.5687499999999998668 ) ) ;
#2828 = COLOUR_RGB ( '',0.7921568627450980005, 0.8196078431372548767, 0.9333333333333333481 ) ;
#2829 = ADVANCED_FACE ( 'NONE', ( #3588 ), #2773, .T. ) ;
#2830 = CARTESIAN_POINT ( 'NONE',  ( -1.787978494314249378, 1.800000000000000266, -0.6429727190173486484 ) ) ;
#2831 = VERTEX_POINT ( 'NONE', #9410 ) ;
#2832 = SURFACE_STYLE_FILL_AREA ( #6967 ) ;
#2834 = DIRECTION ( 'NONE',  ( 0.000000000000000000, -0.9863939238321436376, -0.1643989873053577078 ) ) ;
#2833 = CARTESIAN_POINT ( 'NONE',  ( -3.189230603583417700, 0.1201714756737934237, 2.400000000000001243 ) ) ;
#2835 = CARTESIAN_POINT ( 'NONE',  ( 1.725000000000000089, 1.779925552076474959, -2.799999999999999822 ) ) ;
#2836 = DIRECTION ( 'NONE',  ( -0.000000000000000000, -0.000000000000000000, -1.000000000000000000 ) ) ;
#2837 = COLOUR_RGB ( '',0.6470588235294117974, 0.6196078431372549211, 0.5882352941176470784 ) ;
#2838 = ORIENTED_EDGE ( 'NONE', *, *, #2138, .T. ) ;
#2839 = DIRECTION ( 'NONE',  ( 0.9893046619307648282, -0.1458639293384594582, 0.000000000000000000 ) ) ;
#2840 = LINE ( 'NONE', #2078, #6484 ) ;
#2841 = VECTOR ( 'NONE', #804, 1000.000000000000114 ) ;
#2842 = EDGE_CURVE ( 'NONE', #1146, #1773, #6087, .T. ) ;
#2843 = DIRECTION ( 'NONE',  ( 0.000000000000000000, 0.9974881498328375118, -0.07083354391150188667 ) ) ;
#2844 = STYLED_ITEM ( 'NONE', ( #10035 ), #2059 ) ;
#2845 = CARTESIAN_POINT ( 'NONE',  ( -1.427074059136465012, 1.649999999999999689, -0.4627962262103256785 ) ) ;
#2846 = PLANE ( 'NONE',  #5854 ) ;
#2847 = FILL_AREA_STYLE ('',( #279 ) ) ;
#2848 = CARTESIAN_POINT ( 'NONE',  ( 3.000000000000000888, 1.643164487128668139, -1.500000000000032863 ) ) ;
#2849 = FILL_AREA_STYLE ('',( #7918 ) ) ;
#2850 = ORIENTED_EDGE ( 'NONE', *, *, #709, .F. ) ;
#2851 = MECHANICAL_DESIGN_GEOMETRIC_PRESENTATION_REPRESENTATION (  '', ( #5271 ), #3195 ) ;
#2852 = PRESENTATION_LAYER_ASSIGNMENT (  '', '', ( #2861 ) ) ;
#2853 = ORIENTED_EDGE ( 'NONE', *, *, #8191, .F. ) ;
#2854 = ADVANCED_FACE ( 'NONE', ( #207 ), #6035, .F. ) ;
#2855 = FACE_OUTER_BOUND ( 'NONE', #307, .T. ) ;
#2856 = CARTESIAN_POINT ( 'NONE',  ( 5.000000000000000888, 0.000000000000000000, 2.800000000000000266 ) ) ;
#2857 = ADVANCED_FACE ( 'NONE', ( #8731 ), #6146, .T. ) ;
#2858 = AXIS2_PLACEMENT_3D ( 'NONE', #2694, #9634, #4252 ) ;
#2859 = CARTESIAN_POINT ( 'NONE',  ( -2.983308966104477822, 1.481886566132849747, 2.958112390132833003 ) ) ;
#2860 = VECTOR ( 'NONE', #9060, 1000.000000000000000 ) ;
#2861 = STYLED_ITEM ( 'NONE', ( #8880 ), #2389 ) ;
#2862 = PLANE ( 'NONE',  #9397 ) ;
#2863 = EDGE_CURVE ( 'NONE', #1572, #7894, #10588, .T. ) ;
#2864 = CARTESIAN_POINT ( 'NONE',  ( 0.02852211150567357870, 0.05000000000000000278, 1.250000000000000444 ) ) ;
#2865 = PRESENTATION_STYLE_ASSIGNMENT (( #9547 ) ) ;
#2866 = ORIENTED_EDGE ( 'NONE', *, *, #3520, .T. ) ;
#2867 = ORIENTED_EDGE ( 'NONE', *, *, #7312, .F. ) ;
#2868 = VERTEX_POINT ( 'NONE', #628 ) ;
#2869 = FILL_AREA_STYLE ('',( #8666 ) ) ;
#2870 = ORIENTED_EDGE ( 'NONE', *, *, #2375, .F. ) ;
#2871 =( GEOMETRIC_REPRESENTATION_CONTEXT ( 3 ) GLOBAL_UNCERTAINTY_ASSIGNED_CONTEXT ( ( #7282 ) ) GLOBAL_UNIT_ASSIGNED_CONTEXT ( ( #10702, #1565, #4153 ) ) REPRESENTATION_CONTEXT ( 'NONE', 'WORKASPACE' ) );
#2872 = EDGE_CURVE ( 'NONE', #514, #1598, #1350, .T. ) ;
#2873 = EDGE_CURVE ( 'NONE', #6987, #2446, #8787, .T. ) ;
#2874 = ORIENTED_EDGE ( 'NONE', *, *, #1198, .F. ) ;
#2875 = CARTESIAN_POINT ( 'NONE',  ( 1.850000000000000311, 1.640999999999999792, -2.700000000000001510 ) ) ;
#2876 = LINE ( 'NONE', #2762, #2463 ) ;
#2877 = FACE_OUTER_BOUND ( 'NONE', #7002, .T. ) ;
#2878 = CARTESIAN_POINT ( 'NONE',  ( 2.550000000000002043, 0.2000000000000000111, -1.599999999999999645 ) ) ;
#2879 = DIRECTION ( 'NONE',  ( -0.000000000000000000, -0.000000000000000000, -1.000000000000000000 ) ) ;
#2880 = MECHANICAL_DESIGN_GEOMETRIC_PRESENTATION_REPRESENTATION (  '', ( #3384 ), #8461 ) ;
#2881 = PLANE ( 'NONE',  #4732 ) ;
#2882 = ORIENTED_EDGE ( 'NONE', *, *, #7987, .F. ) ;
#2883 = ORIENTED_EDGE ( 'NONE', *, *, #10017, .F. ) ;
#2884 = DIRECTION ( 'NONE',  ( -1.000000000000000000, 0.000000000000000000, -0.000000000000000000 ) ) ;
#2885 = VERTEX_POINT ( 'NONE', #10533 ) ;
#2886 = B_SPLINE_CURVE_WITH_KNOTS ( 'NONE', 3,
 ( #1273, #2952, #7093, #5380 ),
 .UNSPECIFIED., .F., .F.,
 ( 4, 4 ),
 ( 0.000000000000000000, 1.000000000000000000 ),
 .UNSPECIFIED. ) ;
#2887 = FILL_AREA_STYLE_COLOUR ( '', #5828 ) ;
#2888 = CARTESIAN_POINT ( 'NONE',  ( -0.7598578817009025155, 1.800000000000000711, -1.741543061873362275 ) ) ;
#2889 = DIRECTION ( 'NONE',  ( -0.9893046619307659384, -0.1458639293384518532, 5.782411586589289402E-15 ) ) ;
#2890 = VECTOR ( 'NONE', #5637, 1000.000000000000000 ) ;
#2891 = DIRECTION ( 'NONE',  ( -0.000000000000000000, -0.000000000000000000, -1.000000000000000000 ) ) ;
#2892 = FILL_AREA_STYLE ('',( #7849 ) ) ;
#2893 = ORIENTED_EDGE ( 'NONE', *, *, #7519, .T. ) ;
#2894 = DIRECTION ( 'NONE',  ( -1.000000000000000000, 0.000000000000000000, 1.445602896647336550E-15 ) ) ;
#2895 = VECTOR ( 'NONE', #2010, 1000.000000000000000 ) ;
#2896 = DIRECTION ( 'NONE',  ( 0.1660101621116042703, 0.06985066062633372985, 0.9836470460921151737 ) ) ;
#2897 = CARTESIAN_POINT ( 'NONE',  ( -1.749999999999999778, 0.9536496124483970771, 2.799999999999999822 ) ) ;
#2898 = CARTESIAN_POINT ( 'NONE',  ( -1.133785510258861873, 1.650000000000000355, 0.9875873162722274001 ) ) ;
#2899 = LINE ( 'NONE', #9633, #9561 ) ;
#2900 = VECTOR ( 'NONE', #1547, 1000.000000000000000 ) ;
#2901 =( NAMED_UNIT ( * ) PLANE_ANGLE_UNIT ( ) SI_UNIT ( $, .RADIAN. ) );
#2902 = VECTOR ( 'NONE', #2955, 1000.000000000000000 ) ;
#2903 = CARTESIAN_POINT ( 'NONE',  ( -3.099999999999985878, 1.649999999999999911, 2.799999999999999822 ) ) ;
#2904 = VERTEX_POINT ( 'NONE', #4642 ) ;
#2905 = ORIENTED_EDGE ( 'NONE', *, *, #1992, .F. ) ;
#2906 = COLOUR_RGB ( '',0.6470588235294117974, 0.6196078431372549211, 0.5882352941176470784 ) ;
#2907 = CARTESIAN_POINT ( 'NONE',  ( 2.973901564647378315, 1.472611756431506436, 2.967414793495601888 ) ) ;
#2908 = CARTESIAN_POINT ( 'NONE',  ( -1.849999999999999201, 1.640999999999999792, 2.700000000000000178 ) ) ;
#2909 = SURFACE_SIDE_STYLE ('',( #607 ) ) ;
#2910 = LINE ( 'NONE', #6222, #9276 ) ;
#2911 = CARTESIAN_POINT ( 'NONE',  ( 0.2609495294954677913, 0.04999999999999999584, 2.068994461004518559 ) ) ;
#2912 = SURFACE_STYLE_FILL_AREA ( #10408 ) ;
#2913 = VERTEX_POINT ( 'NONE', #6350 ) ;
#2914 = ORIENTED_EDGE ( 'NONE', *, *, #5043, .F. ) ;
#2915 =( GEOMETRIC_REPRESENTATION_CONTEXT ( 3 ) GLOBAL_UNCERTAINTY_ASSIGNED_CONTEXT ( ( #5631 ) ) GLOBAL_UNIT_ASSIGNED_CONTEXT ( ( #8152, #7331, #9713 ) ) REPRESENTATION_CONTEXT ( 'NONE', 'WORKASPACE' ) );
#2916 = EDGE_LOOP ( 'NONE', ( #4418, #7836, #4342, #2798, #2866, #1950, #560 ) ) ;
#2917 = DIRECTION ( 'NONE',  ( 0.000000000000000000, -2.670717223410072953E-17, -1.000000000000000000 ) ) ;
#2918 = ORIENTED_EDGE ( 'NONE', *, *, #8814, .T. ) ;
#2919 = ORIENTED_EDGE ( 'NONE', *, *, #10173, .F. ) ;
#2920 = CARTESIAN_POINT ( 'NONE',  ( 0.5281090114896480614, 1.649999999999999467, -1.404187350806434642 ) ) ;
#2921 = CARTESIAN_POINT ( 'NONE',  ( 1.725000000000000089, 1.800000000000000488, -2.947231250521888501 ) ) ;
#2922 = CARTESIAN_POINT ( 'NONE',  ( -3.062593455610858051, 1.564586392933845715, 1.467446827165956647 ) ) ;
#2923 = CARTESIAN_POINT ( 'NONE',  ( 0.3479521588353285400, 0.05000000000000000971, 1.656018017848579271 ) ) ;
#2924 = DIRECTION ( 'NONE',  ( 0.000000000000000000, 0.000000000000000000, 1.000000000000000000 ) ) ;
#2925 = LINE ( 'NONE', #3788, #2522 ) ;
#2926 = CARTESIAN_POINT ( 'NONE',  ( -1.750000000000000222, 0.9895449360148430573, 2.969164798592990984 ) ) ;
#2927 = EDGE_CURVE ( 'NONE', #10123, #1146, #2167, .T. ) ;
#2928 = EDGE_CURVE ( 'NONE', #8363, #7894, #4591, .T. ) ;
#2929 = CARTESIAN_POINT ( 'NONE',  ( -3.000000000000000000, 0.2000000000000000111, 2.400000000000000799 ) ) ;
#2930 = ORIENTED_EDGE ( 'NONE', *, *, #3268, .T. ) ;
#2931 = ORIENTED_EDGE ( 'NONE', *, *, #4177, .T. ) ;
#2932 = EDGE_CURVE ( 'NONE', #7684, #1813, #7286, .T. ) ;
#2933 = DIRECTION ( 'NONE',  ( 1.000000000000000000, 0.000000000000000000, -0.000000000000000000 ) ) ;
#2934 = EDGE_LOOP ( 'NONE', ( #5614, #2688, #2112, #6949 ) ) ;
#2935 = FACE_OUTER_BOUND ( 'NONE', #5193, .T. ) ;
#2936 = VERTEX_POINT ( 'NONE', #3087 ) ;
#2937 = SURFACE_STYLE_FILL_AREA ( #1958 ) ;
#2938 = CARTESIAN_POINT ( 'NONE',  ( -0.5008432282194961171, 1.800000000000000266, 1.834688492550781813 ) ) ;
#2939 = DIRECTION ( 'NONE',  ( 0.000000000000000000, 1.000000000000000000, 0.000000000000000000 ) ) ;
#2940 = CARTESIAN_POINT ( 'NONE',  ( 0.000000000000000000, 3.100000000000000533, 1.400000000000000133 ) ) ;
#2941 = CARTESIAN_POINT ( 'NONE',  ( 1.733283001604472240, 1.105833291217703573, -2.760403304684963643 ) ) ;
#2942 = EDGE_CURVE ( 'NONE', #7680, #8455, #9573, .T. ) ;
#2943 = VERTEX_POINT ( 'NONE', #4694 ) ;
#2944 = EDGE_CURVE ( 'NONE', #8713, #7572, #9667, .T. ) ;
#2945 = CARTESIAN_POINT ( 'NONE',  ( -1.849999999999999423, 0.000000000000000000, 2.799999999999999822 ) ) ;
#2946 = CARTESIAN_POINT ( 'NONE',  ( -0.4500000000000001776, 0.05000000000000003747, 0.3499999999999995892 ) ) ;
#2947 = FILL_AREA_STYLE_COLOUR ( '', #5593 ) ;
#2948 = CYLINDRICAL_SURFACE ( 'NONE', #9042, 0.1000000000000015599 ) ;
#2949 = CARTESIAN_POINT ( 'NONE',  ( 1.950000000000000622, 0.000000000000000000, -2.400000000000001243 ) ) ;
#2950 = FACE_OUTER_BOUND ( 'NONE', #674, .T. ) ;
#2951 = VERTEX_POINT ( 'NONE', #9772 ) ;
#2952 = CARTESIAN_POINT ( 'NONE',  ( -1.750000000000000222, 0.9975091068943310324, 2.798965296228217436 ) ) ;
#2953 = CARTESIAN_POINT ( 'NONE',  ( 1.725000000000000089, 1.800000000000000488, 2.947231250521888501 ) ) ;
#2954 = MECHANICAL_DESIGN_GEOMETRIC_PRESENTATION_REPRESENTATION (  '', ( #5724 ), #2792 ) ;
#2955 = DIRECTION ( 'NONE',  ( -1.000000000000000000, -0.000000000000000000, -0.000000000000000000 ) ) ;
#2956 = ADVANCED_FACE ( 'NONE', ( #2272 ), #8953, .F. ) ;
#2957 = PLANE ( 'NONE',  #6612 ) ;
#2958 =( LENGTH_UNIT ( ) NAMED_UNIT ( * ) SI_UNIT ( .MILLI., .METRE. ) );
#2959 = VECTOR ( 'NONE', #7610, 1000.000000000000000 ) ;
#2960 = DIRECTION ( 'NONE',  ( 1.000000000000000000, 0.000000000000000000, 8.673617379883937653E-15 ) ) ;
#2961 = ORIENTED_EDGE ( 'NONE', *, *, #10230, .T. ) ;
#2962 = EDGE_LOOP ( 'NONE', ( #2063, #5281, #8092, #5011 ) ) ;
#2963 = ORIENTED_EDGE ( 'NONE', *, *, #8753, .T. ) ;
#2964 = VECTOR ( 'NONE', #9688, 1000.000000000000000 ) ;
#2965 = ORIENTED_EDGE ( 'NONE', *, *, #10137, .T. ) ;
#2966 = CARTESIAN_POINT ( 'NONE',  ( 0.2357621813901620567, 1.649999999999999911, -1.486835306449205696 ) ) ;
#2967 = VECTOR ( 'NONE', #7766, 1000.000000000000114 ) ;
#2968 = DIRECTION ( 'NONE',  ( 0.1690054695747755520, 0.9856151131419452760, 0.000000000000000000 ) ) ;
#2969 = DIRECTION ( 'NONE',  ( -0.9893046619307649392, -0.1458639293384592361, 0.000000000000000000 ) ) ;
#2970 = DIRECTION ( 'NONE',  ( -1.047063412999457397E-16, 6.106320268017409079E-16, 1.000000000000000000 ) ) ;
#2971 = CARTESIAN_POINT ( 'NONE',  ( -3.099999999999985878, 1.800000000000000488, 2.799999999999999822 ) ) ;
#2972 = VECTOR ( 'NONE', #9143, 1000.000000000000000 ) ;
#2973 = FACE_OUTER_BOUND ( 'NONE', #5053, .T. ) ;
#2974 = ORIENTED_EDGE ( 'NONE', *, *, #1863, .T. ) ;
#2975 = VECTOR ( 'NONE', #8221, 1000.000000000000114 ) ;
#2976 = ORIENTED_EDGE ( 'NONE', *, *, #563, .T. ) ;
#2977 = AXIS2_PLACEMENT_3D ( 'NONE', #981, #10159, #5873 ) ;
#2978 = CARTESIAN_POINT ( 'NONE',  ( 0.8000000000000000444, 1.650000000000000799, 2.749117102749856656 ) ) ;
#2979 = ORIENTED_EDGE ( 'NONE', *, *, #3912, .T. ) ;
#2980 = CARTESIAN_POINT ( 'NONE',  ( 0.2644746679040200776, 0.05000000000000000971, 1.930552268869787813 ) ) ;
#2981 = ORIENTED_EDGE ( 'NONE', *, *, #650, .T. ) ;
#2982 = EDGE_CURVE ( 'NONE', #4650, #6072, #10795, .T. ) ;
#2983 =( NAMED_UNIT ( * ) SI_UNIT ( $, .STERADIAN. ) SOLID_ANGLE_UNIT ( ) );
#2984 = CARTESIAN_POINT ( 'NONE',  ( -0.7134091054948110688, 1.800000000000000266, -1.761039345852726701 ) ) ;
#2985 = DIRECTION ( 'NONE',  ( -0.000000000000000000, -1.000000000000000000, -0.000000000000000000 ) ) ;
#2986 = EDGE_CURVE ( 'NONE', #2109, #613, #8333, .T. ) ;
#2987 = AXIS2_PLACEMENT_3D ( 'NONE', #8427, #8537, #6765 ) ;
#2988 = CARTESIAN_POINT ( 'NONE',  ( -3.232597679844644301, 0.3730819044509715021, -4.500000000000001776 ) ) ;
#2989 = CARTESIAN_POINT ( 'NONE',  ( -1.750000000000000222, 0.9789199044281209350, 2.819541576118065329 ) ) ;
#2990 = SURFACE_STYLE_USAGE ( .BOTH. , #3042 ) ;
#2991 = ADVANCED_FACE ( 'NONE', ( #4914 ), #4261, .F. ) ;
#2992 = ORIENTED_EDGE ( 'NONE', *, *, #2703, .T. ) ;
#2993 = DIRECTION ( 'NONE',  ( 0.000000000000000000, -0.1643989873053583461, -0.9863939238321436376 ) ) ;
#2994 = CARTESIAN_POINT ( 'NONE',  ( 3.000000000000000000, 3.058578643762690508, 1.500000000000000222 ) ) ;
#2995 = COLOUR_RGB ( '',0.6470588235294117974, 0.6196078431372549211, 0.5882352941176470784 ) ;
#2996 = PLANE ( 'NONE',  #5131 ) ;
#2997 = AXIS2_PLACEMENT_3D ( 'NONE', #7104, #2969, #6951 ) ;
#2998 = DIRECTION ( 'NONE',  ( -1.000000000000000000, 0.000000000000000000, -0.000000000000000000 ) ) ;
#2999 = CARTESIAN_POINT ( 'NONE',  ( -1.230382299094870291, 1.649999999999999689, 0.8692179112119051698 ) ) ;
#3000 = FACE_OUTER_BOUND ( 'NONE', #4382, .T. ) ;
#3001 = DIRECTION ( 'NONE',  ( 0.9856151131419452760, -0.1690054695747755520, 0.000000000000000000 ) ) ;
#3002 = EDGE_CURVE ( 'NONE', #2588, #6124, #2498, .T. ) ;
#3003 = CARTESIAN_POINT ( 'NONE',  ( 1.850000000000000311, 1.640000000000000346, 2.700000000000000178 ) ) ;
#3004 = SURFACE_SIDE_STYLE ('',( #438 ) ) ;
#3005 = EDGE_LOOP ( 'NONE', ( #8312, #4637, #777, #2870 ) ) ;
#3006 = STYLED_ITEM ( 'NONE', ( #2058 ), #1585 ) ;
#3007 = LINE ( 'NONE', #9695, #7511 ) ;
#3008 = FACE_OUTER_BOUND ( 'NONE', #8000, .T. ) ;
#3009 = FACE_OUTER_BOUND ( 'NONE', #8399, .T. ) ;
#3010 = CARTESIAN_POINT ( 'NONE',  ( -1.733283001604469575, 0.5606250315867216116, 2.999623222474925743 ) ) ;
#3011 = CARTESIAN_POINT ( 'NONE',  ( 0.3618313006877641458, 0.05000000000000000971, 1.974460252702457508 ) ) ;
#3012 = AXIS2_PLACEMENT_3D ( 'NONE', #9394, #294, #4470 ) ;
#3013 = VERTEX_POINT ( 'NONE', #4053 ) ;
#3014 = ORIENTED_EDGE ( 'NONE', *, *, #4112, .T. ) ;
#3015 = ORIENTED_EDGE ( 'NONE', *, *, #1211, .F. ) ;
#3016 = SURFACE_SIDE_STYLE ('',( #7101 ) ) ;
#3017 = ORIENTED_EDGE ( 'NONE', *, *, #7369, .T. ) ;
#3018 = VECTOR ( 'NONE', #8490, 1000.000000000000000 ) ;
#3019 = COLOUR_RGB ( '',0.6470588235294117974, 0.6196078431372549211, 0.5882352941176470784 ) ;
#3020 = CARTESIAN_POINT ( 'NONE',  ( 0.1909217996565012732, 1.649999999999999911, 1.500000000000000000 ) ) ;
#3021 = CARTESIAN_POINT ( 'NONE',  ( 0.8046111561473502372, 1.649999999999999911, -1.721844117651962547 ) ) ;
#3022 = CARTESIAN_POINT ( 'NONE',  ( 0.08780002967203777431, 0.05000000000000000971, 1.358259374075948767 ) ) ;
#3023 = CARTESIAN_POINT ( 'NONE',  ( 3.000000000000000444, 0.2000000000000000111, 2.400000000000001243 ) ) ;
#3024 = PRESENTATION_LAYER_ASSIGNMENT (  '', '', ( #766 ) ) ;
#3025 = CARTESIAN_POINT ( 'NONE',  ( 3.141765312904833074, 0.1499390827019101702, -0.4999999999999998890 ) ) ;
#3026 = ORIENTED_EDGE ( 'NONE', *, *, #9442, .F. ) ;
#3027 = VECTOR ( 'NONE', #1552, 1000.000000000000000 ) ;
#3028 = UNCERTAINTY_MEASURE_WITH_UNIT (LENGTH_MEASURE( 1.000000000000000082E-05 ), #5832, 'distance_accuracy_value', 'NONE');
#3029 = ORIENTED_EDGE ( 'NONE', *, *, #6312, .T. ) ;
#3030 = EDGE_CURVE ( 'NONE', #9548, #7630, #9879, .T. ) ;
#3031 = LINE ( 'NONE', #5521, #1626 ) ;
#3032 = EDGE_LOOP ( 'NONE', ( #5055, #1715, #7392, #7998 ) ) ;
#3033 = CARTESIAN_POINT ( 'NONE',  ( 0.1065178130984469618, 0.05000000000000000278, 2.034222297170494631 ) ) ;
#3034 = ORIENTED_EDGE ( 'NONE', *, *, #6874, .T. ) ;
#3035 = LINE ( 'NONE', #10590, #6703 ) ;
#3036 = SURFACE_STYLE_FILL_AREA ( #9016 ) ;
#3037 = PRESENTATION_LAYER_ASSIGNMENT (  '', '', ( #10206 ) ) ;
#3038 = DIRECTION ( 'NONE',  ( -0.000000000000000000, -1.000000000000000000, -0.000000000000000000 ) ) ;
#3039 =( NAMED_UNIT ( * ) SI_UNIT ( $, .STERADIAN. ) SOLID_ANGLE_UNIT ( ) );
#3040 = LINE ( 'NONE', #4598, #1219 ) ;
#3041 = CARTESIAN_POINT ( 'NONE',  ( 2.963662989417781723, 1.550000000000000488, -2.076184765183203496 ) ) ;
#3042 = SURFACE_SIDE_STYLE ('',( #8799 ) ) ;
#3043 = EDGE_CURVE ( 'NONE', #10216, #3983, #5076, .T. ) ;
#3044 = ORIENTED_EDGE ( 'NONE', *, *, #9680, .T. ) ;
#3045 = DIRECTION ( 'NONE',  ( -0.000000000000000000, 0.000000000000000000, -1.000000000000000000 ) ) ;
#3046 = CARTESIAN_POINT ( 'NONE',  ( 1.836970198721030181E-16, 3.000000000000000000, -1.500000000000000222 ) ) ;
#3047 = ADVANCED_FACE ( 'NONE', ( #10037 ), #5805, .F. ) ;
#3048 = CARTESIAN_POINT ( 'NONE',  ( -1.868750000000000133, 0.4000000000000000777, -0.5687500000000000888 ) ) ;
#3049 = VECTOR ( 'NONE', #1153, 1000.000000000000000 ) ;
#3050 = DIRECTION ( 'NONE',  ( 0.000000000000000000, -0.000000000000000000, -1.000000000000000000 ) ) ;
#3051 = CARTESIAN_POINT ( 'NONE',  ( -1.499932675404364257, 1.649999999999999467, 0.1903948256146764106 ) ) ;
#3052 = CARTESIAN_POINT ( 'NONE',  ( 3.000000000000000888, 1.800000000000000488, -1.500000000000000222 ) ) ;
#3053 = FILL_AREA_STYLE_COLOUR ( '', #1318 ) ;
#3054 =( NAMED_UNIT ( * ) SI_UNIT ( $, .STERADIAN. ) SOLID_ANGLE_UNIT ( ) );
#3055 = ADVANCED_FACE ( 'NONE', ( #10089 ), #8218, .F. ) ;
#3056 = STYLED_ITEM ( 'NONE', ( #1152 ), #2857 ) ;
#3057 = EDGE_CURVE ( 'NONE', #9447, #9649, #740, .T. ) ;
#3058 = EDGE_CURVE ( 'NONE', #2609, #10598, #9231, .T. ) ;
#3059 = LINE ( 'NONE', #1479, #530 ) ;
#3060 = EDGE_CURVE ( 'NONE', #5510, #9944, #853, .T. ) ;
#3061 = ORIENTED_EDGE ( 'NONE', *, *, #8683, .F. ) ;
#3062 = DIRECTION ( 'NONE',  ( -1.000000000000000000, -0.000000000000000000, -0.000000000000000000 ) ) ;
#3063 = VECTOR ( 'NONE', #7355, 1000.000000000000000 ) ;
#3064 = DIRECTION ( 'NONE',  ( 0.000000000000000000, 0.000000000000000000, 1.000000000000000000 ) ) ;
#3065 = CARTESIAN_POINT ( 'NONE',  ( -3.000000000000000000, 9.857313811473279230, -2.700000000000000622 ) ) ;
#3066 = AXIS2_PLACEMENT_3D ( 'NONE', #2706, #10370, #5137 ) ;
#3067 = CARTESIAN_POINT ( 'NONE',  ( 3.000000000000000888, 1.640000000000000790, 2.700000000000000178 ) ) ;
#3068 = CARTESIAN_POINT ( 'NONE',  ( -0.7999999999999994893, 1.569124839807742644, 2.799999999999999822 ) ) ;
#3069 = CARTESIAN_POINT ( 'NONE',  ( 3.232597679844644301, 0.3730819044509722238, 1.749999999999998890 ) ) ;
#3070 = ORIENTED_EDGE ( 'NONE', *, *, #6983, .F. ) ;
#3071 = ORIENTED_EDGE ( 'NONE', *, *, #10233, .F. ) ;
#3072 = EDGE_CURVE ( 'NONE', #7636, #10086, #910, .T. ) ;
#3073 = EDGE_LOOP ( 'NONE', ( #7479, #1899, #7616, #2576, #6651 ) ) ;
#3074 = LINE ( 'NONE', #615, #6674 ) ;
#3075 = VECTOR ( 'NONE', #4558, 1000.000000000000000 ) ;
#3076 = VERTEX_POINT ( 'NONE', #970 ) ;
#3077 = CARTESIAN_POINT ( 'NONE',  ( 0.000000000000000000, 0.2000000000000000111, -1.599999999999999423 ) ) ;
#3078 = CARTESIAN_POINT ( 'NONE',  ( 2.899999999999999467, 1.639999999999999902, -2.900000000000001243 ) ) ;
#3079 = CARTESIAN_POINT ( 'NONE',  ( 1.250903821584771425, 1.649999999999999911, -1.436154448670913908 ) ) ;
#3080 = CARTESIAN_POINT ( 'NONE',  ( -1.733283001604471574, 0.5606250315867202794, -2.999623222474925743 ) ) ;
#3081 = LINE ( 'NONE', #6342, #8137 ) ;
#3082 = CARTESIAN_POINT ( 'NONE',  ( 2.500000000000000000, 0.05000000000000000278, -0.9999999999999993339 ) ) ;
#3083 = EDGE_LOOP ( 'NONE', ( #8095, #7098, #6690, #9773, #8105, #6936 ) ) ;
#3084 = ORIENTED_EDGE ( 'NONE', *, *, #9369, .F. ) ;
#3085 = FACE_OUTER_BOUND ( 'NONE', #706, .T. ) ;
#3086 = ORIENTED_EDGE ( 'NONE', *, *, #10611, .F. ) ;
#3087 = CARTESIAN_POINT ( 'NONE',  ( -2.999999999999999112, 0.000000000000000000, 2.400000000000001243 ) ) ;
#3088 = ORIENTED_EDGE ( 'NONE', *, *, #6638, .T. ) ;
#3089 = COLOUR_RGB ( '',0.6470588235294117974, 0.6196078431372549211, 0.5882352941176470784 ) ;
#3090 =( NAMED_UNIT ( * ) PLANE_ANGLE_UNIT ( ) SI_UNIT ( $, .RADIAN. ) );
#3091 = DIRECTION ( 'NONE',  ( 1.000000000000000000, 0.000000000000000000, 0.000000000000000000 ) ) ;
#3092 = CARTESIAN_POINT ( 'NONE',  ( -1.750000000000000222, 0.9791474364207025660, -2.819525418635503655 ) ) ;
#3093 = SURFACE_SIDE_STYLE ('',( #6356 ) ) ;
#3094 = LINE ( 'NONE', #1461, #5983 ) ;
#3095 = EDGE_CURVE ( 'NONE', #8455, #10706, #5740, .T. ) ;
#3096 = PLANE ( 'NONE',  #2115 ) ;
#3097 = ORIENTED_EDGE ( 'NONE', *, *, #10487, .F. ) ;
#3098 = ORIENTED_EDGE ( 'NONE', *, *, #354, .T. ) ;
#3099 = CARTESIAN_POINT ( 'NONE',  ( 1.759413843984071857, 1.650000000000000133, 2.748815536468908416 ) ) ;
#3100 =( NAMED_UNIT ( * ) SI_UNIT ( $, .STERADIAN. ) SOLID_ANGLE_UNIT ( ) );
#3101 = LINE ( 'NONE', #5986, #7881 ) ;
#3102 = CARTESIAN_POINT ( 'NONE',  ( -3.000000000000000000, 1.800000000000000488, 2.799999999999999822 ) ) ;
#3103 = CARTESIAN_POINT ( 'NONE',  ( 0.000000000000000000, 0.05000000000000000278, 1.700000000000000178 ) ) ;
#3104 = FACE_OUTER_BOUND ( 'NONE', #2546, .T. ) ;
#3105 = CARTESIAN_POINT ( 'NONE',  ( 1.750000000000000888, 1.640000000000000124, 2.772735025818148458 ) ) ;
#3106 = CARTESIAN_POINT ( 'NONE',  ( -3.000000000000000000, 1.649999999999999911, 1.899999999999999245 ) ) ;
#3107 = LINE ( 'NONE', #6413, #3486 ) ;
#3108 = ORIENTED_EDGE ( 'NONE', *, *, #9369, .T. ) ;
#3109 = CARTESIAN_POINT ( 'NONE',  ( 1.750000000000000222, 0.000000000000000000, -3.000000000000000444 ) ) ;
#3110 = CARTESIAN_POINT ( 'NONE',  ( 3.000000000000000000, 0.2000000000000000111, -2.400000000000000799 ) ) ;
#3111 = ADVANCED_FACE ( 'NONE', ( #2650 ), #7667, .F. ) ;
#3112 = FILL_AREA_STYLE_COLOUR ( '', #7954 ) ;
#3113 = EDGE_CURVE ( 'NONE', #2936, #1680, #9339, .T. ) ;
#3114 = CARTESIAN_POINT ( 'NONE',  ( -1.744401821570568112, 0.5606250315867217227, 2.999623222474925743 ) ) ;
#3115 = CARTESIAN_POINT ( 'NONE',  ( 0.3500000000258296495, 0.05000000010113581084, 1.700000000000000178 ) ) ;
#3116 = EDGE_LOOP ( 'NONE', ( #7826, #2992, #10431, #6178 ) ) ;
#3117 = ORIENTED_EDGE ( 'NONE', *, *, #9953, .F. ) ;
#3118 = EDGE_CURVE ( 'NONE', #7115, #9350, #1830, .T. ) ;
#3119 = CARTESIAN_POINT ( 'NONE',  ( -2.275444008190514733, 0.9726542196610569180, -2.731307302345951094 ) ) ;
#3120 = ORIENTED_EDGE ( 'NONE', *, *, #7519, .F. ) ;
#3121 = CARTESIAN_POINT ( 'NONE',  ( 1.230382299094681553, 1.649999999999999911, -0.8692179112120930196 ) ) ;
#3122 = DIRECTION ( 'NONE',  ( 0.000000000000000000, -0.9998264715454812102, -0.01862865526314227624 ) ) ;
#3123 = CARTESIAN_POINT ( 'NONE',  ( 1.436154448670975414, 1.649999999999999911, 1.250903821584789632 ) ) ;
#3124 = DIRECTION ( 'NONE',  ( -1.000000000000000000, -0.000000000000000000, 0.000000000000000000 ) ) ;
#3125 = VECTOR ( 'NONE', #3227, 1000.000000000000000 ) ;
#3126 = SURFACE_SIDE_STYLE ('',( #2018 ) ) ;
#3127 = LINE ( 'NONE', #9819, #3554 ) ;
#3128 = EDGE_CURVE ( 'NONE', #2885, #339, #5649, .T. ) ;
#3129 = CARTESIAN_POINT ( 'NONE',  ( 2.399999999999999467, 0.4500000000000001776, 0.9000000000000003553 ) ) ;
#3130 = ORIENTED_EDGE ( 'NONE', *, *, #8899, .T. ) ;
#3131 = ORIENTED_EDGE ( 'NONE', *, *, #2141, .F. ) ;
#3132 = LINE ( 'NONE', #10477, #750 ) ;
#3133 = ORIENTED_EDGE ( 'NONE', *, *, #5310, .T. ) ;
#3134 = CARTESIAN_POINT ( 'NONE',  ( 3.232597679844643856, 0.3730819044509726679, -1.600000000000000977 ) ) ;
#3135 = EDGE_LOOP ( 'NONE', ( #9154, #963, #8843 ) ) ;
#3136 = LINE ( 'NONE', #3199, #6179 ) ;
#3137 = CARTESIAN_POINT ( 'NONE',  ( -3.057587376248532607, 1.586092108864528116, -1.489452738600681725 ) ) ;
#3138 = LINE ( 'NONE', #10536, #739 ) ;
#3139 = CARTESIAN_POINT ( 'NONE',  ( -3.099999999999985878, 1.800000000000000488, -1.500000000000000000 ) ) ;
#3140 = CARTESIAN_POINT ( 'NONE',  ( 0.6841539964435864318, 1.800000000000000044, -1.772620802046980470 ) ) ;
#3141 = DIRECTION ( 'NONE',  ( -1.000000000000000000, -0.000000000000000000, -0.000000000000000000 ) ) ;
#3142 = PRESENTATION_LAYER_ASSIGNMENT (  '', '', ( #3493 ) ) ;
#3143 = VECTOR ( 'NONE', #10061, 1000.000000000000000 ) ;
#3144 = CARTESIAN_POINT ( 'NONE',  ( 1.744401817091226548, 0.9898318830829297976, -2.968911900840840001 ) ) ;
#3145 = VERTEX_POINT ( 'NONE', #9784 ) ;
#3146 = EDGE_LOOP ( 'NONE', ( #6280, #8144, #1590, #4048, #9044, #3335, #10344, #9758 ) ) ;
#3147 = FACE_OUTER_BOUND ( 'NONE', #2962, .T. ) ;
#3148 = STYLED_ITEM ( 'NONE', ( #1640 ), #5989 ) ;
#3149 = DIRECTION ( 'NONE',  ( 0.000000000000000000, -0.000000000000000000, -1.000000000000000000 ) ) ;
#3150 = ADVANCED_FACE ( 'NONE', ( #8857 ), #3906, .F. ) ;
#3151 = PRESENTATION_LAYER_ASSIGNMENT (  '', '', ( #8752 ) ) ;
#3152 = SURFACE_SIDE_STYLE ('',( #8296 ) ) ;
#3154 = DIRECTION ( 'NONE',  ( 0.000000000000000000, 0.000000000000000000, -1.000000000000000000 ) ) ;
#3153 = CARTESIAN_POINT ( 'NONE',  ( 3.000000000000000444, 0.2000000000000000111, -1.600000000000000977 ) ) ;
#3155 = DIRECTION ( 'NONE',  ( 0.000000000000000000, 0.000000000000000000, 1.000000000000000000 ) ) ;
#3156 = DIRECTION ( 'NONE',  ( -0.000000000000000000, 0.9974881498328389551, 0.07083354391148079243 ) ) ;
#3157 = CARTESIAN_POINT ( 'NONE',  ( 2.973901564647631890, 1.607414793495326677, -2.832611756431878902 ) ) ;
#3158 = CARTESIAN_POINT ( 'NONE',  ( -1.900000000000000133, 0.4500000000000001776, 0.8999999999999998002 ) ) ;
#3159 = ADVANCED_FACE ( 'NONE', ( #5589 ), #8803, .F. ) ;
#3160 = VERTEX_POINT ( 'NONE', #592 ) ;
#3161 = CARTESIAN_POINT ( 'NONE',  ( -0.1126151761461567230, 0.05000000000000000971, 1.260531754840636065 ) ) ;
#3162 = CARTESIAN_POINT ( 'NONE',  ( 3.000000000000001332, 1.800000000000000488, 2.799999999999999822 ) ) ;
#3163 = VECTOR ( 'NONE', #5693, 1000.000000000000000 ) ;
#3164 = CARTESIAN_POINT ( 'NONE',  ( -1.399999999999999911, 0.5499999999999999334, 2.850000000000000089 ) ) ;
#3165 = COLOUR_RGB ( '',0.6470588235294117974, 0.6196078431372549211, 0.5882352941176470784 ) ;
#3166 = CARTESIAN_POINT ( 'NONE',  ( -2.951186080913759557, 1.630235275323550947, 2.809763107293781204 ) ) ;
#3167 = CARTESIAN_POINT ( 'NONE',  ( 3.000000000000000888, 1.639999999999999902, 2.900000000000000355 ) ) ;
#3168 = SURFACE_STYLE_USAGE ( .BOTH. , #7318 ) ;
#3169 = AXIS2_PLACEMENT_3D ( 'NONE', #5582, #10485, #10592 ) ;
#3170 = VERTEX_POINT ( 'NONE', #1412 ) ;
#3171 = ORIENTED_EDGE ( 'NONE', *, *, #7312, .T. ) ;
#3172 = AXIS2_PLACEMENT_3D ( 'NONE', #9508, #2001, #5302 ) ;
#3173 = EDGE_CURVE ( 'NONE', #1162, #8622, #3857, .T. ) ;
#3174 = DIRECTION ( 'NONE',  ( -0.000000000000000000, -0.000000000000000000, -1.000000000000000000 ) ) ;
#3175 = ORIENTED_EDGE ( 'NONE', *, *, #3732, .T. ) ;
#3176 = EDGE_CURVE ( 'NONE', #4359, #9555, #691, .T. ) ;
#3177 = CARTESIAN_POINT ( 'NONE',  ( 1.725000000000000089, 1.551862865526314472, -2.801828480139957556 ) ) ;
#3178 = AXIS2_PLACEMENT_3D ( 'NONE', #5189, #3630, #1945 ) ;
#3179 = EDGE_CURVE ( 'NONE', #956, #1194, #3965, .T. ) ;
#3180 = FILL_AREA_STYLE ('',( #9216 ) ) ;
#3181 = FACE_OUTER_BOUND ( 'NONE', #4787, .T. ) ;
#3182 = CARTESIAN_POINT ( 'NONE',  ( 3.000000000000000444, 0.2000000000000000111, 1.599999999999999201 ) ) ;
#3183 = PRESENTATION_LAYER_ASSIGNMENT (  '', '', ( #2320 ) ) ;
#3184 = CARTESIAN_POINT ( 'NONE',  ( 2.275444008190515177, 0.9726542196610569180, 2.731307302345950205 ) ) ;
#3185 = CARTESIAN_POINT ( 'NONE',  ( 1.725000000000000089, 0.5499999999999999334, 2.850000000000000089 ) ) ;
#3186 = AXIS2_PLACEMENT_3D ( 'NONE', #2103, #1238, #10424 ) ;
#3187 = LINE ( 'NONE', #4905, #337 ) ;
#3188 = ORIENTED_EDGE ( 'NONE', *, *, #5775, .F. ) ;
#3189 = ADVANCED_FACE ( 'NONE', ( #9028 ), #8007, .T. ) ;
#3190 = EDGE_CURVE ( 'NONE', #10131, #5503, #9734, .T. ) ;
#3191 = ORIENTED_EDGE ( 'NONE', *, *, #10468, .F. ) ;
#3192 = ADVANCED_FACE ( 'NONE', ( #4117 ), #3235, .T. ) ;
#3193 = LINE ( 'NONE', #8275, #6663 ) ;
#3194 = ORIENTED_EDGE ( 'NONE', *, *, #930, .F. ) ;
#3195 =( GEOMETRIC_REPRESENTATION_CONTEXT ( 3 ) GLOBAL_UNCERTAINTY_ASSIGNED_CONTEXT ( ( #7396 ) ) GLOBAL_UNIT_ASSIGNED_CONTEXT ( ( #7892, #9716, #8047 ) ) REPRESENTATION_CONTEXT ( 'NONE', 'WORKASPACE' ) );
#3196 = COLOUR_RGB ( '',0.6470588235294117974, 0.6196078431372549211, 0.5882352941176470784 ) ;
#3197 = CARTESIAN_POINT ( 'NONE',  ( -0.1390914280404625392, 0.05000000000000000278, 2.021347225297328798 ) ) ;
#3198 = ORIENTED_EDGE ( 'NONE', *, *, #9663, .F. ) ;
#3199 = CARTESIAN_POINT ( 'NONE',  ( 2.399999999999999911, 0.05000000000000000278, 0.9999999999999993339 ) ) ;
#3200 = CARTESIAN_POINT ( 'NONE',  ( -2.963662989417781279, 1.550000000000000488, -2.076184765183203496 ) ) ;
#3201 = DIRECTION ( 'NONE',  ( -0.000000000000000000, -1.000000000000000000, -0.000000000000000000 ) ) ;
#3202 = VECTOR ( 'NONE', #1097, 1000.000000000000000 ) ;
#3203 = CARTESIAN_POINT ( 'NONE',  ( 1.649999999999999911, 0.05000000000000000971, -0.3500000000000005884 ) ) ;
#3204 = CARTESIAN_POINT ( 'NONE',  ( -1.849999999999999201, 1.650000000000000133, -2.700000000000001066 ) ) ;
#3205 = LINE ( 'NONE', #1624, #6864 ) ;
#3206 = PLANE ( 'NONE',  #181 ) ;
#3207 = ORIENTED_EDGE ( 'NONE', *, *, #4561, .F. ) ;
#3208 = ORIENTED_EDGE ( 'NONE', *, *, #5435, .T. ) ;
#3209 = CARTESIAN_POINT ( 'NONE',  ( 1.850000000000000311, 1.650000000000000355, 2.700000000000000178 ) ) ;
#3210 = EDGE_CURVE ( 'NONE', #2250, #5290, #8203, .T. ) ;
#3211 = ORIENTED_EDGE ( 'NONE', *, *, #3210, .T. ) ;
#3212 = SURFACE_SIDE_STYLE ('',( #7358 ) ) ;
#3213 = COLOUR_RGB ( '',0.6470588235294117974, 0.6196078431372549211, 0.5882352941176470784 ) ;
#3214 = CARTESIAN_POINT ( 'NONE',  ( -1.399999999999999911, 1.111981563471723611, 2.810092612869348638 ) ) ;
#3215 = CARTESIAN_POINT ( 'NONE',  ( 1.725000000000000311, 1.602511008277608173, -2.950910843381014281 ) ) ;
#3217 = LINE ( 'NONE', #6530, #1181 ) ;
#3216 = FACE_OUTER_BOUND ( 'NONE', #4077, .T. ) ;
#3218 = CARTESIAN_POINT ( 'NONE',  ( 3.195224803926018264, 0.05174497483512457974, 0.5000000000000000000 ) ) ;
#3219 = CARTESIAN_POINT ( 'NONE',  ( -3.040897557006596141, 1.618310533701241338, -1.500000000000000000 ) ) ;
#3220 = MECHANICAL_DESIGN_GEOMETRIC_PRESENTATION_REPRESENTATION (  '', ( #8650 ), #2180 ) ;
#3221 = ORIENTED_EDGE ( 'NONE', *, *, #10289, .T. ) ;
#3222 = CARTESIAN_POINT ( 'NONE',  ( -0.02852211150562845160, 0.05000000000000002359, 2.150000000000000355 ) ) ;
#3223 = DIRECTION ( 'NONE',  ( 0.1690054695747762459, -0.9856151131419451650, 0.000000000000000000 ) ) ;
#3224 = AXIS2_PLACEMENT_3D ( 'NONE', #9985, #5690, #6675 ) ;
#3225 = VECTOR ( 'NONE', #8019, 1000.000000000000000 ) ;
#3226 = PLANE ( 'NONE',  #8998 ) ;
#3227 = DIRECTION ( 'NONE',  ( 0.000000000000000000, 1.000000000000000000, -2.439454888092388921E-15 ) ) ;
#3228 = ORIENTED_EDGE ( 'NONE', *, *, #8261, .F. ) ;
#3229 = ORIENTED_EDGE ( 'NONE', *, *, #9617, .T. ) ;
#3230 = PRESENTATION_STYLE_ASSIGNMENT (( #7381 ) ) ;
#3231 = ADVANCED_BREP_SHAPE_REPRESENTATION ( '', ( #10185, #4552 ), #7710 ) ;
#3232 = CARTESIAN_POINT ( 'NONE',  ( 1.725000000000000089, 1.117205701710528798, 2.809926963919710641 ) ) ;
#3233 = ORIENTED_EDGE ( 'NONE', *, *, #1384, .T. ) ;
#3234 = AXIS2_PLACEMENT_3D ( 'NONE', #10292, #5284, #8656 ) ;
#3235 = PLANE ( 'NONE',  #2029 ) ;
#3236 = SURFACE_SIDE_STYLE ('',( #5002 ) ) ;
#3237 = CARTESIAN_POINT ( 'NONE',  ( 3.000000000000001332, 1.567957363345845456, 2.700000000000000178 ) ) ;
#3238 = CARTESIAN_POINT ( 'NONE',  ( -1.399999999999999911, 0.5606250315866946332, -2.999623222474927520 ) ) ;
#3239 = CARTESIAN_POINT ( 'NONE',  ( 2.176831603997347653, 0.5449102240437043720, -2.778325043173702547 ) ) ;
#3240 = CARTESIAN_POINT ( 'NONE',  ( -3.232597679844644301, 0.3730819044509728344, 1.749999999999998890 ) ) ;
#3241 = STYLED_ITEM ( 'NONE', ( #6748 ), #3717 ) ;
#3242 = FILL_AREA_STYLE ('',( #8104 ) ) ;
#3243 = ORIENTED_EDGE ( 'NONE', *, *, #648, .F. ) ;
#3244 = ORIENTED_EDGE ( 'NONE', *, *, #3636, .T. ) ;
#3245 = UNCERTAINTY_MEASURE_WITH_UNIT (LENGTH_MEASURE( 1.000000000000000082E-05 ), #6577, 'distance_accuracy_value', 'NONE');
#3246 = ORIENTED_EDGE ( 'NONE', *, *, #8279, .T. ) ;
#3247 = VERTEX_POINT ( 'NONE', #8368 ) ;
#3248 = DIRECTION ( 'NONE',  ( -0.4216370213557839586, -0.7378647873726214002, -0.5270462766947304756 ) ) ;
#3249 = VERTEX_POINT ( 'NONE', #4952 ) ;
#3250 = AXIS2_PLACEMENT_3D ( 'NONE', #2541, #5730, #3343 ) ;
#3251 = LINE ( 'NONE', #6568, #5484 ) ;
#3252 = EDGE_CURVE ( 'NONE', #5130, #148, #7327, .T. ) ;
#3253 = CARTESIAN_POINT ( 'NONE',  ( -1.725000000000000089, 0.9793749684132834199, -2.819509261152939761 ) ) ;
#3254 = EDGE_CURVE ( 'NONE', #1279, #3587, #8318, .T. ) ;
#3255 = EDGE_CURVE ( 'NONE', #6241, #2250, #4086, .T. ) ;
#3256 = SURFACE_STYLE_FILL_AREA ( #4755 ) ;
#3257 = CYLINDRICAL_SURFACE ( 'NONE', #10004, 0.09999999999999982514 ) ;
#3258 = ADVANCED_FACE ( 'NONE', ( #7485 ), #2427, .T. ) ;
#3259 = FACE_OUTER_BOUND ( 'NONE', #9430, .T. ) ;
#3260 = VERTEX_POINT ( 'NONE', #12 ) ;
#3261 = VERTEX_POINT ( 'NONE', #724 ) ;
#3262 = PLANE ( 'NONE',  #5037 ) ;
#3263 = B_SPLINE_CURVE_WITH_KNOTS ( 'NONE', 3,
 ( #9891, #10646, #2398, #2445 ),
 .UNSPECIFIED., .F., .F.,
 ( 4, 4 ),
 ( 0.000000000000000000, 1.000000000000000000 ),
 .UNSPECIFIED. ) ;
#3264 = VECTOR ( 'NONE', #9492, 1000.000000000000114 ) ;
#3265 = EDGE_LOOP ( 'NONE', ( #8555, #3997, #6624, #8949, #2523, #7 ) ) ;
#3266 = FACE_OUTER_BOUND ( 'NONE', #4966, .T. ) ;
#3267 = LINE ( 'NONE', #2512, #7535 ) ;
#3268 = EDGE_CURVE ( 'NONE', #7572, #5893, #1079, .T. ) ;
#3269 = CARTESIAN_POINT ( 'NONE',  ( 3.000000000000000888, 1.797345146833222218, 1.499999999999999778 ) ) ;
#3270 = CARTESIAN_POINT ( 'NONE',  ( 3.337473464082365116, -1.156352851773194246, 0.6000000000000121902 ) ) ;
#3271 = DIRECTION ( 'NONE',  ( -0.000000000000000000, -1.000000000000000000, 0.000000000000000000 ) ) ;
#3272 = ADVANCED_FACE ( 'NONE', ( #897, #4189, #5677, #4834, #9921, #7547, #5622 ), #4039, .T. ) ;
#3273 = CARTESIAN_POINT ( 'NONE',  ( -3.052456489953507823, 1.595996894053969273, -1.500000000000000222 ) ) ;
#3274 = ORIENTED_EDGE ( 'NONE', *, *, #1455, .T. ) ;
#3275 = CARTESIAN_POINT ( 'NONE',  ( -0.2500000000000001110, 0.4000000000000000777, 0.6000000000000000888 ) ) ;
#3276 = DIRECTION ( 'NONE',  ( 0.8682431421244597436, 0.000000000000000000, 0.4961389383568329259 ) ) ;
#3277 = B_SPLINE_CURVE_WITH_KNOTS ( 'NONE', 3,
 ( #5712, #8082, #3219, #3273 ),
 .UNSPECIFIED., .F., .F.,
 ( 4, 4 ),
 ( 0.000000000000000000, 1.000000000000000000 ),
 .UNSPECIFIED. ) ;
#3278 = FILL_AREA_STYLE ('',( #7317 ) ) ;
#3279 =( NAMED_UNIT ( * ) PLANE_ANGLE_UNIT ( ) SI_UNIT ( $, .RADIAN. ) );
#3280 = EDGE_LOOP ( 'NONE', ( #10345, #9412, #6611 ) ) ;
#3281 = ORIENTED_EDGE ( 'NONE', *, *, #7059, .T. ) ;
#3282 = CARTESIAN_POINT ( 'NONE',  ( 1.725000000000000089, 1.119999999999999885, -2.959900934651531479 ) ) ;
#3283 = VERTEX_POINT ( 'NONE', #71 ) ;
#3284 = EDGE_CURVE ( 'NONE', #9908, #2821, #10736, .T. ) ;
#3285 = CARTESIAN_POINT ( 'NONE',  ( 1.750000000000000666, 0.000000000000000000, 2.799999999999999822 ) ) ;
#3286 = CARTESIAN_POINT ( 'NONE',  ( -1.399999999999999911, 0.5499999999999999334, -2.850000000000000089 ) ) ;
#3287 = FACE_OUTER_BOUND ( 'NONE', #7231, .T. ) ;
#3288 = DIRECTION ( 'NONE',  ( -0.4682929057908478687, -0.7492686492653550800, -0.4682929057908462034 ) ) ;
#3289 = PLANE ( 'NONE',  #4921 ) ;
#3290 = DIRECTION ( 'NONE',  ( -1.000000000000000000, -0.000000000000000000, -0.000000000000000000 ) ) ;
#3291 = VERTEX_POINT ( 'NONE', #6658 ) ;
#3292 = ORIENTED_EDGE ( 'NONE', *, *, #6504, .T. ) ;
#3293 = ORIENTED_EDGE ( 'NONE', *, *, #3912, .F. ) ;
#3294 = DIRECTION ( 'NONE',  ( 1.000000000000000000, 0.000000000000000000, 0.000000000000000000 ) ) ;
#3295 = ORIENTED_EDGE ( 'NONE', *, *, #10283, .T. ) ;
#3296 = CARTESIAN_POINT ( 'NONE',  ( -1.724999999999999867, 0.000000000000000000, -2.799999999999999822 ) ) ;
#3297 = EDGE_CURVE ( 'NONE', #7478, #10112, #6549, .T. ) ;
#3298 = ORIENTED_EDGE ( 'NONE', *, *, #10609, .T. ) ;
#3299 = AXIS2_PLACEMENT_3D ( 'NONE', #76, #10130, #3400 ) ;
#3300 =( NAMED_UNIT ( * ) SI_UNIT ( $, .STERADIAN. ) SOLID_ANGLE_UNIT ( ) );
#3301 = CARTESIAN_POINT ( 'NONE',  ( 2.075244797380500383, 1.800000000000000933, -2.701845832985407814 ) ) ;
#3302 = LINE ( 'NONE', #1515, #8073 ) ;
#3303 = CARTESIAN_POINT ( 'NONE',  ( 2.999999999999999556, 1.800000000000000488, 2.799999999999999822 ) ) ;
#3304 = CARTESIAN_POINT ( 'NONE',  ( 1.649999999999999911, 0.05000000000000005829, 0.8999999999999998002 ) ) ;
#3305 = VECTOR ( 'NONE', #10390, 1000.000000000000000 ) ;
#3306 = CARTESIAN_POINT ( 'NONE',  ( 2.957693958919682231, 1.458305826175837705, -2.981747856389897144 ) ) ;
#3307 = ORIENTED_EDGE ( 'NONE', *, *, #4996, .F. ) ;
#3308 = ORIENTED_EDGE ( 'NONE', *, *, #6371, .T. ) ;
#3309 = STYLED_ITEM ( 'NONE', ( #7974 ), #8335 ) ;
#3310 = DIRECTION ( 'NONE',  ( -1.057443735643710153E-16, -0.7071067811865452413, -0.7071067811865499042 ) ) ;
#3311 = SURFACE_STYLE_FILL_AREA ( #2561 ) ;
#3312 = ORIENTED_EDGE ( 'NONE', *, *, #10609, .F. ) ;
#3313 = EDGE_CURVE ( 'NONE', #3247, #364, #3394, .T. ) ;
#3314 = VECTOR ( 'NONE', #3, 1000.000000000000000 ) ;
#3315 = EDGE_CURVE ( 'NONE', #8084, #8896, #8999, .T. ) ;
#3316 = CARTESIAN_POINT ( 'NONE',  ( 3.035474657216254535, 0.4068829983659271732, 1.599999999999999423 ) ) ;
#3317 = VECTOR ( 'NONE', #1111, 1000.000000000000000 ) ;
#3318 = CARTESIAN_POINT ( 'NONE',  ( 3.141765312904813534, 0.1499390827019098371, 0.6000000000000060840 ) ) ;
#3319 = EDGE_CURVE ( 'NONE', #752, #7601, #2373, .T. ) ;
#3321 = CARTESIAN_POINT ( 'NONE',  ( -1.724999999999999867, 1.117205701710566323, 2.809926963919709308 ) ) ;
#3320 = CARTESIAN_POINT ( 'NONE',  ( -1.849999999999999201, 1.640000000000000568, -2.700000000000001066 ) ) ;
#3322 = CARTESIAN_POINT ( 'NONE',  ( -2.999999999999999556, 1.522731960134407814, -2.917268039865589468 ) ) ;
#3323 = VECTOR ( 'NONE', #5159, 1000.000000000000000 ) ;
#3324 = LINE ( 'NONE', #7587, #5224 ) ;
#3325 = AXIS2_PLACEMENT_3D ( 'NONE', #6619, #2599, #1775 ) ;
#3326 = EDGE_CURVE ( 'NONE', #1705, #6081, #10075, .T. ) ;
#3327 = VECTOR ( 'NONE', #2665, 1000.000000000000000 ) ;
#3328 = APPLICATION_CONTEXT ( 'automotive_design' ) ;
#3329 = ORIENTED_EDGE ( 'NONE', *, *, #7654, .T. ) ;
#3330 = LINE ( 'NONE', #3164, #818 ) ;
#3331 = VECTOR ( 'NONE', #3062, 1000.000000000000000 ) ;
#3332 = CARTESIAN_POINT ( 'NONE',  ( 3.197123022628389322, 0.1661989060850461719, 1.599999999999999423 ) ) ;
#3333 = CARTESIAN_POINT ( 'NONE',  ( -3.100000000000000533, 1.800000000000000488, 1.900000000000000799 ) ) ;
#3334 = CARTESIAN_POINT ( 'NONE',  ( 2.550000000000002043, 0.2000000000000000111, -1.599999999999999423 ) ) ;
#3335 = ORIENTED_EDGE ( 'NONE', *, *, #6311, .T. ) ;
#3336 = VERTEX_POINT ( 'NONE', #10243 ) ;
#3337 = DIRECTION ( 'NONE',  ( -0.000000000000000000, -1.000000000000000000, -0.000000000000000000 ) ) ;
#3338 = VERTEX_POINT ( 'NONE', #4303 ) ;
#3339 = VECTOR ( 'NONE', #8127, 1000.000000000000000 ) ;
#3340 = DIRECTION ( 'NONE',  ( 0.000000000000000000, -1.000000000000000000, 0.000000000000000000 ) ) ;
#3341 = DIRECTION ( 'NONE',  ( -1.000000000000000000, -0.000000000000000000, -0.000000000000000000 ) ) ;
#3342 = FACE_OUTER_BOUND ( 'NONE', #1171, .T. ) ;
#3343 = DIRECTION ( 'NONE',  ( 0.000000000000000000, 0.07083354391148109774, -0.9974881498328389551 ) ) ;
#3344 = CARTESIAN_POINT ( 'NONE',  ( 3.000000000000000444, 0.000000000000000000, -4.500000000000001776 ) ) ;
#3345 = VERTEX_POINT ( 'NONE', #6939 ) ;
#3346 = VERTEX_POINT ( 'NONE', #958 ) ;
#3347 = STYLED_ITEM ( 'NONE', ( #7902 ), #10680 ) ;
#3348 = UNCERTAINTY_MEASURE_WITH_UNIT (LENGTH_MEASURE( 1.000000000000000082E-05 ), #9477, 'distance_accuracy_value', 'NONE');
#3349 = VERTEX_POINT ( 'NONE', #2636 ) ;
#3350 = FACE_OUTER_BOUND ( 'NONE', #8317, .T. ) ;
#3351 = ORIENTED_EDGE ( 'NONE', *, *, #8420, .T. ) ;
#3352 = ORIENTED_EDGE ( 'NONE', *, *, #4100, .T. ) ;
#3353 = FACE_OUTER_BOUND ( 'NONE', #10211, .T. ) ;
#3354 = AXIS2_PLACEMENT_3D ( 'NONE', #6234, #10262, #9506 ) ;
#3355 = CARTESIAN_POINT ( 'NONE',  ( 2.290372365173643399, 0.6025319880219649482, 2.905448657621637842 ) ) ;
#3356 = CYLINDRICAL_SURFACE ( 'NONE', #2137, 0.09999999999999982514 ) ;
#3357 = CARTESIAN_POINT ( 'NONE',  ( 1.899932651518029036, 1.800000000000000266, -0.2412597832619844118 ) ) ;
#3358 = FACE_OUTER_BOUND ( 'NONE', #2314, .T. ) ;
#3359 = PRESENTATION_LAYER_ASSIGNMENT (  '', '', ( #6841 ) ) ;
#3360 = PRESENTATION_STYLE_ASSIGNMENT (( #647 ) ) ;
#3361 = ORIENTED_EDGE ( 'NONE', *, *, #6251, .F. ) ;
#3362 = VECTOR ( 'NONE', #4745, 1000.000000000000114 ) ;
#3363 = ORIENTED_EDGE ( 'NONE', *, *, #1340, .T. ) ;
#3364 = ORIENTED_EDGE ( 'NONE', *, *, #5236, .T. ) ;
#3365 = CARTESIAN_POINT ( 'NONE',  ( 2.200000000000000178, 0.2000000000000000111, 1.800000000000000266 ) ) ;
#3366 = CARTESIAN_POINT ( 'NONE',  ( 1.836970198721029934E-16, 3.058578643762690064, -1.500000000000000444 ) ) ;
#3367 = ORIENTED_EDGE ( 'NONE', *, *, #582, .F. ) ;
#3368 = FILL_AREA_STYLE ('',( #5927 ) ) ;
#3369 = PLANE ( 'NONE',  #1333 ) ;
#3370 = VECTOR ( 'NONE', #5350, 1000.000000000000000 ) ;
#3371 = VECTOR ( 'NONE', #9052, 1000.000000000000000 ) ;
#3372 = CARTESIAN_POINT ( 'NONE',  ( 3.035474657216254535, 0.4068829983659284499, -4.500000000000001776 ) ) ;
#3374 = CARTESIAN_POINT ( 'NONE',  ( -2.900000000000001243, 1.040000000000000036, -3.000000000000000444 ) ) ;
#3373 = CARTESIAN_POINT ( 'NONE',  ( 2.299999999999999822, 0.6538153425844858146, -2.900182071975721421 ) ) ;
#3375 = CARTESIAN_POINT ( 'NONE',  ( -1.749999999999999334, 0.000000000000000000, -2.799999999999999822 ) ) ;
#3376 = DIRECTION ( 'NONE',  ( 0.000000000000000000, -0.000000000000000000, -1.000000000000000000 ) ) ;
#3377 = B_SPLINE_CURVE_WITH_KNOTS ( 'NONE', 3,
 ( #2614, #5154, #4167, #7635 ),
 .UNSPECIFIED., .F., .F.,
 ( 4, 4 ),
 ( 0.000000000000000000, 1.000000000000000000 ),
 .UNSPECIFIED. ) ;
#3378 = EDGE_CURVE ( 'NONE', #10587, #9372, #6009, .T. ) ;
#3379 = LINE ( 'NONE', #6045, #7328 ) ;
#3380 = VECTOR ( 'NONE', #6891, 1000.000000000000000 ) ;
#3381 = ORIENTED_EDGE ( 'NONE', *, *, #3660, .F. ) ;
#3382 = FACE_OUTER_BOUND ( 'NONE', #2205, .T. ) ;
#3383 = EDGE_CURVE ( 'NONE', #9981, #2913, #5951, .T. ) ;
#3384 = STYLED_ITEM ( 'NONE', ( #7038 ), #7608 ) ;
#3385 = ADVANCED_FACE ( 'NONE', ( #9384 ), #3500, .T. ) ;
#3386 = EDGE_CURVE ( 'NONE', #180, #9135, #7653, .T. ) ;
#3387 = DIRECTION ( 'NONE',  ( 0.000000000000000000, 0.000000000000000000, 1.000000000000000000 ) ) ;
#3388 = EDGE_CURVE ( 'NONE', #3622, #2360, #2749, .T. ) ;
#3389 = CARTESIAN_POINT ( 'NONE',  ( 2.899999999999999467, 1.639999999999999902, -2.900000000000001243 ) ) ;
#3390 = VERTEX_POINT ( 'NONE', #1007 ) ;
#3391 = CARTESIAN_POINT ( 'NONE',  ( -3.000000000000000444, 1.639999999999999902, -1.500000000000000000 ) ) ;
#3392 = ORIENTED_EDGE ( 'NONE', *, *, #1670, .F. ) ;
#3393 = VECTOR ( 'NONE', #6199, 1000.000000000000000 ) ;
#3394 = LINE ( 'NONE', #9814, #6716 ) ;
#3395 = CARTESIAN_POINT ( 'NONE',  ( 1.750000000000000444, 1.006666666666666599, 2.799999999999999378 ) ) ;
#3396 = DIRECTION ( 'NONE',  ( 0.000000000000000000, -0.000000000000000000, -1.000000000000000000 ) ) ;
#3397 = CARTESIAN_POINT ( 'NONE',  ( 2.227305834058733058, 0.5543891892319727788, -2.769133385321098206 ) ) ;
#3398 = EDGE_CURVE ( 'NONE', #9324, #8270, #8597, .T. ) ;
#3399 = CARTESIAN_POINT ( 'NONE',  ( 2.951527589385404049, 1.038372815451035880, 2.990236892706216842 ) ) ;
#3400 = DIRECTION ( 'NONE',  ( 1.000000000000000000, 0.000000000000000000, -0.000000000000000000 ) ) ;
#3401 = ORIENTED_EDGE ( 'NONE', *, *, #5029, .F. ) ;
#3402 = VERTEX_POINT ( 'NONE', #1118 ) ;
#3403 = ORIENTED_EDGE ( 'NONE', *, *, #3838, .F. ) ;
#3404 = DIRECTION ( 'NONE',  ( 0.000000000000000000, 0.000000000000000000, 1.000000000000000000 ) ) ;
#3405 = EDGE_LOOP ( 'NONE', ( #6446, #4826, #5685, #6523 ) ) ;
#3406 = CARTESIAN_POINT ( 'NONE',  ( -3.000000000000000888, 1.649999999999999911, -2.900000000000000355 ) ) ;
#3407 = ORIENTED_EDGE ( 'NONE', *, *, #2406, .F. ) ;
#3408 = CARTESIAN_POINT ( 'NONE',  ( 3.101604300710384621, 1.300000000000000266, -2.076184765183203496 ) ) ;
#3409 = AXIS2_PLACEMENT_3D ( 'NONE', #1874, #3441, #5174 ) ;
#3410 = CARTESIAN_POINT ( 'NONE',  ( 0.9066147603744124650, 1.800000000000000488, 1.672248268019053130 ) ) ;
#3411 = CARTESIAN_POINT ( 'NONE',  ( -1.733283001604471796, 0.9900000000000058753, -2.969132483627868080 ) ) ;
#3412 = VECTOR ( 'NONE', #6133, 1000.000000000000000 ) ;
#3413 = CYLINDRICAL_SURFACE ( 'NONE', #8083, 0.1000000000000000056 ) ;
#3414 = VERTEX_POINT ( 'NONE', #9326 ) ;
#3415 = EDGE_LOOP ( 'NONE', ( #2139, #7776, #8653, #1362, #5092, #4717, #5646, #8212, #10019 ) ) ;
#3416 = VERTEX_POINT ( 'NONE', #9434 ) ;
#3417 = DIRECTION ( 'NONE',  ( 6.353297051085604201E-15, -0.9974881498328389551, 0.07083354391148079243 ) ) ;
#3418 =( NAMED_UNIT ( * ) PLANE_ANGLE_UNIT ( ) SI_UNIT ( $, .RADIAN. ) );
#3419 = ORIENTED_EDGE ( 'NONE', *, *, #5421, .F. ) ;
#3420 = CARTESIAN_POINT ( 'NONE',  ( 3.000000000000000888, 1.797345146833222218, -1.500000000000008882 ) ) ;
#3421 = EDGE_CURVE ( 'NONE', #1616, #5098, #6826, .T. ) ;
#3422 = SURFACE_SIDE_STYLE ('',( #2510 ) ) ;
#3423 = CARTESIAN_POINT ( 'NONE',  ( -1.725000000000000089, 1.119999999999985674, -2.959900934651532367 ) ) ;
#3424 = DIRECTION ( 'NONE',  ( -0.000000000000000000, 0.9998264715454813212, -0.01862865526313777637 ) ) ;
#3426 = CARTESIAN_POINT ( 'NONE',  ( -3.000000000000004441, 1.027877495696963628, -2.927264974181781110 ) ) ;
#3425 = DIRECTION ( 'NONE',  ( 0.000000000000000000, 0.9998264715454812102, -0.01862865526314227624 ) ) ;
#3427 = CARTESIAN_POINT ( 'NONE',  ( 3.197123022628389322, 0.1661989060850457556, 1.599999999999999201 ) ) ;
#3428 = CARTESIAN_POINT ( 'NONE',  ( 1.725000000000000089, 1.114592996245837186, -2.809975643556418490 ) ) ;
#3429 = DIRECTION ( 'NONE',  ( 0.03489949670249566094, -0.9993908270190958731, -0.000000000000000000 ) ) ;
#3430 = PLANE ( 'NONE',  #1288 ) ;
#3431 = VERTEX_POINT ( 'NONE', #334 ) ;
#3432 = DIRECTION ( 'NONE',  ( -8.673617379883937653E-15, 0.000000000000000000, -1.000000000000000000 ) ) ;
#3433 = DIRECTION ( 'NONE',  ( 0.1690054695747755520, 0.9856151131419452760, 0.000000000000000000 ) ) ;
#3434 = FILL_AREA_STYLE ('',( #7595 ) ) ;
#3435 = FILL_AREA_STYLE ('',( #3492 ) ) ;
#3436 = LINE ( 'NONE', #6057, #1400 ) ;
#3437 = EDGE_LOOP ( 'NONE', ( #239, #673, #5532, #10474 ) ) ;
#3438 = CARTESIAN_POINT ( 'NONE',  ( 3.000000000000000444, -1.350416637735500913, -1.500000000000000000 ) ) ;
#3439 = ORIENTED_EDGE ( 'NONE', *, *, #7809, .T. ) ;
#3440 = EDGE_CURVE ( 'NONE', #4388, #5129, #2757, .T. ) ;
#3441 = DIRECTION ( 'NONE',  ( 0.000000000000000000, -0.9863939238321436376, 0.1643989873053577078 ) ) ;
#3442 = EDGE_CURVE ( 'NONE', #6791, #4948, #285, .T. ) ;
#3443 = CARTESIAN_POINT ( 'NONE',  ( -1.436154448670948547, 1.649999999999999245, -1.250903821584735898 ) ) ;
#3444 = CARTESIAN_POINT ( 'NONE',  ( 2.299999999999999822, 0.6521171533643739249, -1.788982343607209202 ) ) ;
#3445 = LINE ( 'NONE', #10128, #4105 ) ;
#3446 = ADVANCED_FACE ( 'NONE', ( #3615 ), #6718, .F. ) ;
#3447 = DIRECTION ( 'NONE',  ( 1.000000000000000000, 0.000000000000000000, 0.000000000000000000 ) ) ;
#3448 = CARTESIAN_POINT ( 'NONE',  ( 3.052456489953507823, 1.595996894053970383, 1.500000000000009326 ) ) ;
#3449 = ORIENTED_EDGE ( 'NONE', *, *, #9325, .T. ) ;
#3450 = ORIENTED_EDGE ( 'NONE', *, *, #1457, .T. ) ;
#3451 = UNCERTAINTY_MEASURE_WITH_UNIT (LENGTH_MEASURE( 1.000000000000000082E-05 ), #7804, 'distance_accuracy_value', 'NONE');
#3452 = EDGE_LOOP ( 'NONE', ( #3499, #7559, #3465, #206 ) ) ;
#3453 = FACE_OUTER_BOUND ( 'NONE', #1937, .T. ) ;
#3454 = ORIENTED_EDGE ( 'NONE', *, *, #3284, .T. ) ;
#3455 = DIRECTION ( 'NONE',  ( 1.000000000000000000, 0.000000000000000000, 0.000000000000000000 ) ) ;
#3456 = ORIENTED_EDGE ( 'NONE', *, *, #4890, .T. ) ;
#3457 = EDGE_CURVE ( 'NONE', #10671, #3963, #5591, .T. ) ;
#3458 = FILL_AREA_STYLE ('',( #7621 ) ) ;
#3459 = SURFACE_STYLE_USAGE ( .BOTH. , #7566 ) ;
#3460 = LINE ( 'NONE', #2817, #3704 ) ;
#3461 =( NAMED_UNIT ( * ) PLANE_ANGLE_UNIT ( ) SI_UNIT ( $, .RADIAN. ) );
#3462 =( NAMED_UNIT ( * ) PLANE_ANGLE_UNIT ( ) SI_UNIT ( $, .RADIAN. ) );
#3463 =( LENGTH_UNIT ( ) NAMED_UNIT ( * ) SI_UNIT ( .MILLI., .METRE. ) );
#3464 = SURFACE_STYLE_USAGE ( .BOTH. , #1080 ) ;
#3465 = ORIENTED_EDGE ( 'NONE', *, *, #5917, .T. ) ;
#3466 = UNCERTAINTY_MEASURE_WITH_UNIT (LENGTH_MEASURE( 1.000000000000000082E-05 ), #8230, 'distance_accuracy_value', 'NONE');
#3467 = VERTEX_POINT ( 'NONE', #1174 ) ;
#3468 = ORIENTED_EDGE ( 'NONE', *, *, #6056, .F. ) ;
#3469 = FACE_OUTER_BOUND ( 'NONE', #6285, .T. ) ;
#3470 = CARTESIAN_POINT ( 'NONE',  ( -1.798472410614603723, 0.9916271845489637027, -2.709763107293782003 ) ) ;
#3471 = ORIENTED_EDGE ( 'NONE', *, *, #3652, .T. ) ;
#3472 = PRESENTATION_LAYER_ASSIGNMENT (  '', '', ( #4664 ) ) ;
#3473 = DIRECTION ( 'NONE',  ( 0.000000000000000000, 0.000000000000000000, 1.000000000000000000 ) ) ;
#3474 = DIRECTION ( 'NONE',  ( 0.000000000000000000, 1.000000000000000000, -0.000000000000000000 ) ) ;
#3475 = EDGE_LOOP ( 'NONE', ( #10021, #6576, #660, #1977 ) ) ;
#3476 = LINE ( 'NONE', #2673, #7891 ) ;
#3478 = CARTESIAN_POINT ( 'NONE',  ( -2.927957363345884634, 1.040000000000000258, -3.000000000000001332 ) ) ;
#3477 = CARTESIAN_POINT ( 'NONE',  ( -1.399999999999999911, 0.5606250315867216116, 2.999623222474925299 ) ) ;
#3479 = CARTESIAN_POINT ( 'NONE',  ( -2.986931380452461315, 1.490527714162061201, -2.949857516156413784 ) ) ;
#3480 = AXIS2_PLACEMENT_3D ( 'NONE', #3946, #5796, #10632 ) ;
#3481 = CARTESIAN_POINT ( 'NONE',  ( -3.197123022628389322, 0.1661989060850449229, -1.600000000000000311 ) ) ;
#3482 = LINE ( 'NONE', #3543, #10141 ) ;
#3483 = AXIS2_PLACEMENT_3D ( 'NONE', #1866, #9481, #5167 ) ;
#3484 = EDGE_CURVE ( 'NONE', #717, #6112, #4464, .T. ) ;
#3485 = EDGE_LOOP ( 'NONE', ( #4408, #8690, #10748, #6008 ) ) ;
#3486 = VECTOR ( 'NONE', #2417, 1000.000000000000000 ) ;
#3487 = B_SPLINE_CURVE_WITH_KNOTS ( 'NONE', 3,
 ( #7861, #4654, #3706, #8017, #5371, #2027 ),
 .UNSPECIFIED., .F., .F.,
 ( 4, 2, 4 ),
 ( 0.000000000000000000, 0.5000000000000000000, 1.000000000000000000 ),
 .UNSPECIFIED. ) ;
#3488 =( NAMED_UNIT ( * ) PLANE_ANGLE_UNIT ( ) SI_UNIT ( $, .RADIAN. ) );
#3489 = VECTOR ( 'NONE', #9780, 1000.000000000000000 ) ;
#3490 = DIRECTION ( 'NONE',  ( 0.000000000000000000, -0.07083354391147970996, 0.9974881498328390661 ) ) ;
#3491 = DIRECTION ( 'NONE',  ( 0.1690054695747755520, -0.9856151131419452760, 0.000000000000000000 ) ) ;
#3492 = FILL_AREA_STYLE_COLOUR ( '', #9531 ) ;
#3493 = STYLED_ITEM ( 'NONE', ( #4697 ), #9919 ) ;
#3494 = CARTESIAN_POINT ( 'NONE',  ( 3.000000000000000444, 0.2000000000000000111, 1.599999999999999867 ) ) ;
#3495 = EDGE_CURVE ( 'NONE', #1662, #10384, #1758, .T. ) ;
#3496 = ORIENTED_EDGE ( 'NONE', *, *, #9089, .F. ) ;
#3497 = DIRECTION ( 'NONE',  ( 0.000000000000000000, 0.000000000000000000, -1.000000000000000000 ) ) ;
#3498 = VECTOR ( 'NONE', #7410, 1000.000000000000000 ) ;
#3499 = ORIENTED_EDGE ( 'NONE', *, *, #9568, .T. ) ;
#3500 = PLANE ( 'NONE',  #3409 ) ;
#3501 = CARTESIAN_POINT ( 'NONE',  ( -1.899932651517930005, 1.649999999999999689, -0.2412597832617355276 ) ) ;
#3502 = CARTESIAN_POINT ( 'NONE',  ( -3.000000000000000444, 1.797345146833222218, -1.499999999999999778 ) ) ;
#3503 = DIRECTION ( 'NONE',  ( 0.000000000000000000, -0.5299989400031790421, -0.8479983040050885768 ) ) ;
#3504 = LINE ( 'NONE', #10192, #4234 ) ;
#3505 = EDGE_CURVE ( 'NONE', #3587, #3013, #4513, .T. ) ;
#3506 = DIRECTION ( 'NONE',  ( -0.000000000000000000, -0.000000000000000000, -1.000000000000000000 ) ) ;
#3507 = ORIENTED_EDGE ( 'NONE', *, *, #2375, .T. ) ;
#3508 = ORIENTED_EDGE ( 'NONE', *, *, #9797, .F. ) ;
#3509 = ORIENTED_EDGE ( 'NONE', *, *, #7734, .T. ) ;
#3510 = EDGE_CURVE ( 'NONE', #3674, #2598, #10062, .T. ) ;
#3511 = DIRECTION ( 'NONE',  ( -1.000000000000000000, 0.000000000000000000, 0.000000000000000000 ) ) ;
#3512 = COLOUR_RGB ( '',0.6470588235294117974, 0.6196078431372549211, 0.5882352941176470784 ) ;
#3513 = ORIENTED_EDGE ( 'NONE', *, *, #90, .T. ) ;
#3514 = VERTEX_POINT ( 'NONE', #2198 ) ;
#3515 = CARTESIAN_POINT ( 'NONE',  ( 2.500000000000000000, 0.05000000000000000278, 0.3500000000000004774 ) ) ;
#3516 = DIRECTION ( 'NONE',  ( 1.000000000000000000, 0.000000000000000000, 0.000000000000000000 ) ) ;
#3517 = DIRECTION ( 'NONE',  ( 0.000000000000000000, 0.000000000000000000, 1.000000000000000000 ) ) ;
#3518 = PRESENTATION_STYLE_ASSIGNMENT (( #5083 ) ) ;
#3519 = CARTESIAN_POINT ( 'NONE',  ( 3.232597679844644301, 0.3730819044509728344, -1.600000000000000755 ) ) ;
#3520 = EDGE_CURVE ( 'NONE', #7680, #6543, #495, .T. ) ;
#3521 = EDGE_CURVE ( 'NONE', #3676, #8344, #4568, .T. ) ;
#3522 = EDGE_CURVE ( 'NONE', #6332, #4110, #9031, .T. ) ;
#3523 = CARTESIAN_POINT ( 'NONE',  ( -3.000000000000000000, -2.439454888092384977E-17, -2.400000000000000799 ) ) ;
#3524 = ORIENTED_EDGE ( 'NONE', *, *, #8264, .F. ) ;
#3525 = ORIENTED_EDGE ( 'NONE', *, *, #10548, .T. ) ;
#3526 = VERTEX_POINT ( 'NONE', #3768 ) ;
#3527 = CARTESIAN_POINT ( 'NONE',  ( 1.725000000000000311, 0.000000000000000000, -2.799999999999999822 ) ) ;
#3528 = CARTESIAN_POINT ( 'NONE',  ( -3.000000000000000000, 1.640999999999999792, 2.700000000000000178 ) ) ;
#3529 = EDGE_LOOP ( 'NONE', ( #4760, #5700, #3108, #3881, #1402 ) ) ;
#3530 =( GEOMETRIC_REPRESENTATION_CONTEXT ( 3 ) GLOBAL_UNCERTAINTY_ASSIGNED_CONTEXT ( ( #9606 ) ) GLOBAL_UNIT_ASSIGNED_CONTEXT ( ( #4870, #43, #4070 ) ) REPRESENTATION_CONTEXT ( 'NONE', 'WORKASPACE' ) );
#3531 = CARTESIAN_POINT ( 'NONE',  ( 2.899999999999999467, 1.439999999999996394, -3.000000000000001776 ) ) ;
#3532 = DIRECTION ( 'NONE',  ( 0.000000000000000000, 0.000000000000000000, 1.000000000000000000 ) ) ;
#3533 = CARTESIAN_POINT ( 'NONE',  ( 1.750000000000000444, 0.9860032588192689795, -2.919290391101349691 ) ) ;
#3534 = SURFACE_STYLE_FILL_AREA ( #5318 ) ;
#3535 = VECTOR ( 'NONE', #7062, 1000.000000000000114 ) ;
#3536 = DIRECTION ( 'NONE',  ( -0.000000000000000000, 0.000000000000000000, 1.000000000000000000 ) ) ;
#3537 = DIRECTION ( 'NONE',  ( 1.000000000000000000, 0.000000000000000000, -0.000000000000000000 ) ) ;
#3538 = PRESENTATION_STYLE_ASSIGNMENT (( #214 ) ) ;
#3539 = EDGE_CURVE ( 'NONE', #2831, #6070, #8758, .T. ) ;
#3540 = CARTESIAN_POINT ( 'NONE',  ( -2.927264974181788659, 1.039999999999999813, 3.000000000000000444 ) ) ;
#3541 = ADVANCED_FACE ( 'NONE', ( #3008 ), #1423, .F. ) ;
#3542 = ORIENTED_EDGE ( 'NONE', *, *, #3173, .T. ) ;
#3543 = CARTESIAN_POINT ( 'NONE',  ( -1.624278986266878944, -7.823003196369318957, 2.400000000000000355 ) ) ;
#3544 = MECHANICAL_DESIGN_GEOMETRIC_PRESENTATION_REPRESENTATION (  '', ( #1286 ), #8982 ) ;
#3545 = CARTESIAN_POINT ( 'NONE',  ( -3.000000000000000888, 1.639999999999999902, -2.700000000000000178 ) ) ;
#3546 = ORIENTED_EDGE ( 'NONE', *, *, #1829, .F. ) ;
#3547 = STYLED_ITEM ( 'NONE', ( #9455 ), #7735 ) ;
#3548 = AXIS2_PLACEMENT_3D ( 'NONE', #559, #6384, #503 ) ;
#3549 = SURFACE_STYLE_USAGE ( .BOTH. , #3607 ) ;
#3550 = DIRECTION ( 'NONE',  ( 0.000000000000000000, -0.7071067811865474617, -0.7071067811865474617 ) ) ;
#3551 = VECTOR ( 'NONE', #764, 1000.000000000000000 ) ;
#3552 =( NAMED_UNIT ( * ) SI_UNIT ( $, .STERADIAN. ) SOLID_ANGLE_UNIT ( ) );
#3553 = CARTESIAN_POINT ( 'NONE',  ( 3.060966364800982387, 1.575621941824483452, -1.478601680989375611 ) ) ;
#3554 = VECTOR ( 'NONE', #620, 1000.000000000000000 ) ;
#3555 = DIRECTION ( 'NONE',  ( 0.000000000000000000, 1.000000000000000000, 0.000000000000000000 ) ) ;
#3556 = EDGE_LOOP ( 'NONE', ( #3546, #2882, #9314, #3613 ) ) ;
#3557 = DIRECTION ( 'NONE',  ( -0.9856151131419451650, 0.1690054695747758851, 0.000000000000000000 ) ) ;
#3558 = VERTEX_POINT ( 'NONE', #4720 ) ;
#3559 = DIRECTION ( 'NONE',  ( -2.990902544787597113E-16, 0.000000000000000000, -1.000000000000000000 ) ) ;
#3560 = CARTESIAN_POINT ( 'NONE',  ( -3.000000000000000888, 1.800000000000000488, -2.500000000000000444 ) ) ;
#3561 = LINE ( 'NONE', #4356, #7200 ) ;
#3562 = DIRECTION ( 'NONE',  ( -0.1690054695747735813, 0.9856151131419457201, 0.000000000000000000 ) ) ;
#3563 = CARTESIAN_POINT ( 'NONE',  ( 1.949999999999999956, 0.2000000000000000111, 2.400000000000001243 ) ) ;
#3564 =( NAMED_UNIT ( * ) PLANE_ANGLE_UNIT ( ) SI_UNIT ( $, .RADIAN. ) );
#3565 = EDGE_LOOP ( 'NONE', ( #3133, #721, #3211, #10664 ) ) ;
#3566 = ORIENTED_EDGE ( 'NONE', *, *, #10003, .F. ) ;
#3567 = UNCERTAINTY_MEASURE_WITH_UNIT (LENGTH_MEASURE( 1.000000000000000082E-05 ), #778, 'distance_accuracy_value', 'NONE');
#3568 = ORIENTED_EDGE ( 'NONE', *, *, #5095, .T. ) ;
#3569 = CARTESIAN_POINT ( 'NONE',  ( 0.2500000000000000555, 0.4000000000000000222, -0.9000000000000003553 ) ) ;
#3570 = VERTEX_POINT ( 'NONE', #6326 ) ;
#3571 = COLOUR_RGB ( '',0.6470588235294117974, 0.6196078431372549211, 0.5882352941176470784 ) ;
#3572 = VECTOR ( 'NONE', #9039, 1000.000000000000114 ) ;
#3573 = ORIENTED_EDGE ( 'NONE', *, *, #4950, .T. ) ;
#3574 = DIRECTION ( 'NONE',  ( 1.000000000000000000, 0.000000000000000000, 0.000000000000000000 ) ) ;
#3575 = FILL_AREA_STYLE_COLOUR ( '', #2828 ) ;
#3576 = DIRECTION ( 'NONE',  ( 0.9856151131419452760, -0.1690054695747755520, 0.000000000000000000 ) ) ;
#3577 = PRODUCT_CONTEXT ( 'NONE', #8716, 'mechanical' ) ;
#3578 = CARTESIAN_POINT ( 'NONE',  ( 3.000000000000000888, 1.639999999999999902, 1.899999999999999245 ) ) ;
#3579 = FACE_OUTER_BOUND ( 'NONE', #8669, .T. ) ;
#3580 = STYLED_ITEM ( 'NONE', ( #4161 ), #2788 ) ;
#3581 = B_SPLINE_CURVE_WITH_KNOTS ( 'NONE', 3,
 ( #808, #10802, #8224, #6681, #1779, #3306, #7349, #860, #10756, #9991, #917, #10042 ),
 .UNSPECIFIED., .F., .F.,
 ( 4, 2, 2, 2, 2, 4 ),
 ( 0.000000000000000000, 0.2500000000000014988, 0.3750000000000022204, 0.4375000000000042744, 0.5000000000000063283, 1.000000000000000000 ),
 .UNSPECIFIED. ) ;
#3582 = ORIENTED_EDGE ( 'NONE', *, *, #1161, .T. ) ;
#3583 = UNCERTAINTY_MEASURE_WITH_UNIT (LENGTH_MEASURE( 1.000000000000000082E-05 ), #8009, 'distance_accuracy_value', 'NONE');
#3584 = ORIENTED_EDGE ( 'NONE', *, *, #8129, .F. ) ;
#3585 =( NAMED_UNIT ( * ) SI_UNIT ( $, .STERADIAN. ) SOLID_ANGLE_UNIT ( ) );
#3586 = CARTESIAN_POINT ( 'NONE',  ( 1.738998454789241894E-16, 3.100000000000000533, -1.400000000000000133 ) ) ;
#3587 = VERTEX_POINT ( 'NONE', #4617 ) ;
#3588 = FACE_OUTER_BOUND ( 'NONE', #216, .T. ) ;
#3589 = ADVANCED_FACE ( 'NONE', ( #1374 ), #4663, .F. ) ;
#3590 = COLOUR_RGB ( '',0.8431372549019607865, 0.8156862745098039102, 0.7529411764705882248 ) ;
#3591 = COLOUR_RGB ( '',0.6470588235294117974, 0.6196078431372549211, 0.5882352941176470784 ) ;
#3592 = FACE_OUTER_BOUND ( 'NONE', #10090, .T. ) ;
#3593 = DIRECTION ( 'NONE',  ( 0.1656046194388337001, 0.000000000000000000, -0.9861922277226274902 ) ) ;
#3594 = ORIENTED_EDGE ( 'NONE', *, *, #6103, .T. ) ;
#3595 = EDGE_CURVE ( 'NONE', #9496, #3661, #6127, .T. ) ;
#3596 = FACE_OUTER_BOUND ( 'NONE', #6895, .T. ) ;
#3598 = DIRECTION ( 'NONE',  ( 0.000000000000000000, -0.07083354391148094509, 0.9974881498328389551 ) ) ;
#3597 =( NAMED_UNIT ( * ) SI_UNIT ( $, .STERADIAN. ) SOLID_ANGLE_UNIT ( ) );
#3599 = LINE ( 'NONE', #5208, #10545 ) ;
#3600 = CARTESIAN_POINT ( 'NONE',  ( -2.951184463531094870, 1.038315627808647168, 2.989893766851885459 ) ) ;
#3601 = EDGE_CURVE ( 'NONE', #3855, #4377, #8028, .T. ) ;
#3602 = ORIENTED_EDGE ( 'NONE', *, *, #5236, .F. ) ;
#3603 = FILL_AREA_STYLE ('',( #6702 ) ) ;
#3604 = AXIS2_PLACEMENT_3D ( 'NONE', #9479, #5048, #3490 ) ;
#3605 = CARTESIAN_POINT ( 'NONE',  ( 3.232597679844643412, 0.3730819044509736671, 1.749999999999999112 ) ) ;
#3606 = EDGE_CURVE ( 'NONE', #6743, #837, #2085, .T. ) ;
#3607 = SURFACE_SIDE_STYLE ('',( #220 ) ) ;
#3608 = CARTESIAN_POINT ( 'NONE',  ( 2.990236892706219507, 1.591527589385397512, 2.699999999999999734 ) ) ;
#3609 = LINE ( 'NONE', #8531, #5668 ) ;
#3610 = EDGE_CURVE ( 'NONE', #168, #6987, #10453, .T. ) ;
#3611 = VECTOR ( 'NONE', #1039, 1000.000000000000000 ) ;
#3612 = VERTEX_POINT ( 'NONE', #6274 ) ;
#3613 = ORIENTED_EDGE ( 'NONE', *, *, #3738, .F. ) ;
#3614 = AXIS2_PLACEMENT_3D ( 'NONE', #8450, #972, #7404 ) ;
#3615 = FACE_OUTER_BOUND ( 'NONE', #3844, .T. ) ;
#3616 = CARTESIAN_POINT ( 'NONE',  ( -1.750000000000000222, 0.9791474364206997905, 2.819525418635504099 ) ) ;
#3617 = CARTESIAN_POINT ( 'NONE',  ( -1.724999999999999867, 1.800000000000000933, -2.735468749332210070 ) ) ;
#3618 = CARTESIAN_POINT ( 'NONE',  ( 0.1942266453702672646, 0.04999999999999999584, 2.106225433734324248 ) ) ;
#3619 = DIRECTION ( 'NONE',  ( 0.000000000000000000, -1.000000000000000000, 2.670717223410073261E-17 ) ) ;
#3620 = ORIENTED_EDGE ( 'NONE', *, *, #4882, .F. ) ;
#3621 = ORIENTED_EDGE ( 'NONE', *, *, #8631, .T. ) ;
#3622 = VERTEX_POINT ( 'NONE', #3716 ) ;
#3623 = LINE ( 'NONE', #5240, #8786 ) ;
#3624 = ORIENTED_EDGE ( 'NONE', *, *, #1595, .T. ) ;
#3625 = ADVANCED_FACE ( 'NONE', ( #3815 ), #9696, .F. ) ;
#3626 = VERTEX_POINT ( 'NONE', #1218 ) ;
#3627 = B_SPLINE_CURVE_WITH_KNOTS ( 'NONE', 3,
 ( #9234, #4916, #6678, #3355, #5967, #7506 ),
 .UNSPECIFIED., .F., .F.,
 ( 4, 2, 4 ),
 ( 0.000000000000000000, 0.5000000000000000000, 1.000000000000000000 ),
 .UNSPECIFIED. ) ;
#3628 = PLANE ( 'NONE',  #7247 ) ;
#3629 = FACE_OUTER_BOUND ( 'NONE', #1935, .T. ) ;
#3630 = DIRECTION ( 'NONE',  ( 1.000000000000000000, -0.000000000000000000, 0.000000000000000000 ) ) ;
#3631 = DIRECTION ( 'NONE',  ( 3.252606517456526318E-15, 0.000000000000000000, -1.000000000000000000 ) ) ;
#3632 = CARTESIAN_POINT ( 'NONE',  ( -1.750024094573129796, 0.9973621543013276858, 2.796895888684651332 ) ) ;
#3633 = ORIENTED_EDGE ( 'NONE', *, *, #1323, .F. ) ;
#3634 = ORIENTED_EDGE ( 'NONE', *, *, #7715, .T. ) ;
#3635 =( NAMED_UNIT ( * ) PLANE_ANGLE_UNIT ( ) SI_UNIT ( $, .RADIAN. ) );
#3636 = EDGE_CURVE ( 'NONE', #148, #5870, #5381, .T. ) ;
#3637 = EDGE_CURVE ( 'NONE', #2572, #6081, #2363, .T. ) ;
#3638 = CARTESIAN_POINT ( 'NONE',  ( 1.725000000000000089, 1.109374968413276985, 2.810277712176606713 ) ) ;
#3639 = ORIENTED_EDGE ( 'NONE', *, *, #3738, .T. ) ;
#3640 = SURFACE_STYLE_FILL_AREA ( #5259 ) ;
#3641 = CARTESIAN_POINT ( 'NONE',  ( -0.6005656797158169802, 1.800000000000000711, 1.803074943732276836 ) ) ;
#3642 = ORIENTED_EDGE ( 'NONE', *, *, #1268, .T. ) ;
#3643 = DIRECTION ( 'NONE',  ( 0.000000000000000000, 0.9998264715454812102, -0.01862865526314227624 ) ) ;
#3645 = CARTESIAN_POINT ( 'NONE',  ( 2.952198665876329731, 1.629222690360981218, -2.700000000000001066 ) ) ;
#3644 = DIRECTION ( 'NONE',  ( 0.000000000000000000, -0.1643989873053572914, 0.9863939238321437486 ) ) ;
#3646 = CARTESIAN_POINT ( 'NONE',  ( 1.399999999999999911, 1.109374968413277873, -2.810277712176606713 ) ) ;
#3647 = ORIENTED_EDGE ( 'NONE', *, *, #1202, .T. ) ;
#3648 = CARTESIAN_POINT ( 'NONE',  ( -3.101604300710384621, 1.300000000000000266, -2.076184765183203496 ) ) ;
#3649 = ADVANCED_FACE ( 'NONE', ( #99 ), #1688, .T. ) ;
#3650 = ADVANCED_FACE ( 'NONE', ( #9859 ), #3369, .T. ) ;
#3651 = CARTESIAN_POINT ( 'NONE',  ( 1.750000000000000222, 0.9895449360148430573, 2.969164798592990984 ) ) ;
#3652 = EDGE_CURVE ( 'NONE', #7792, #5856, #5033, .T. ) ;
#3653 = CARTESIAN_POINT ( 'NONE',  ( 3.101604300710384621, 1.300000000000000266, -0.5999999999999996447 ) ) ;
#3654 = FILL_AREA_STYLE ('',( #2947 ) ) ;
#3655 = DIRECTION ( 'NONE',  ( 1.734723475976810250E-14, -0.000000000000000000, 1.000000000000000000 ) ) ;
#3656 = PRESENTATION_LAYER_ASSIGNMENT (  '', '', ( #7483 ) ) ;
#3657 = EDGE_CURVE ( 'NONE', #2211, #8253, #4166, .T. ) ;
#3658 = EDGE_CURVE ( 'NONE', #10574, #5996, #2303, .T. ) ;
#3659 = LINE ( 'NONE', #4505, #1748 ) ;
#3660 = EDGE_CURVE ( 'NONE', #9333, #4576, #6800, .T. ) ;
#3661 = VERTEX_POINT ( 'NONE', #8986 ) ;
#3662 = VECTOR ( 'NONE', #6370, 1000.000000000000000 ) ;
#3663 = ORIENTED_EDGE ( 'NONE', *, *, #7670, .F. ) ;
#3664 = VECTOR ( 'NONE', #2247, 1000.000000000000000 ) ;
#3665 = DIRECTION ( 'NONE',  ( -0.1690054695747755520, -0.9856151131419452760, -5.782411586589376177E-15 ) ) ;
#3666 = CARTESIAN_POINT ( 'NONE',  ( -1.724999999999999645, 1.761134074253985604, 2.844018924963482409 ) ) ;
#3667 = CARTESIAN_POINT ( 'NONE',  ( -0.4749134309314139712, 1.650000000000000133, 1.855532590672873017 ) ) ;
#3668 = VECTOR ( 'NONE', #8519, 1000.000000000000114 ) ;
#3669 = FACE_OUTER_BOUND ( 'NONE', #9210, .T. ) ;
#3670 =( LENGTH_UNIT ( ) NAMED_UNIT ( * ) SI_UNIT ( .MILLI., .METRE. ) );
#3671 = ORIENTED_EDGE ( 'NONE', *, *, #6156, .F. ) ;
#3672 = VERTEX_POINT ( 'NONE', #8350 ) ;
#3673 = UNCERTAINTY_MEASURE_WITH_UNIT (LENGTH_MEASURE( 1.000000000000000082E-05 ), #5492, 'distance_accuracy_value', 'NONE');
#3674 = VERTEX_POINT ( 'NONE', #655 ) ;
#3675 = DIRECTION ( 'NONE',  ( -1.000000000000000000, -0.000000000000000000, -0.000000000000000000 ) ) ;
#3676 = VERTEX_POINT ( 'NONE', #8462 ) ;
#3677 = STYLED_ITEM ( 'NONE', ( #7013 ), #9045 ) ;
#3678 = ORIENTED_EDGE ( 'NONE', *, *, #10487, .T. ) ;
#3679 = DIRECTION ( 'NONE',  ( -1.314184451497581013E-15, 0.9974881498328390661, 0.07083354391147902995 ) ) ;
#3680 = LINE ( 'NONE', #7729, #9313 ) ;
#3681 = CARTESIAN_POINT ( 'NONE',  ( 3.000000000000000888, 0.2000000000000010936, 1.599999999999999645 ) ) ;
#3682 = APPLICATION_PROTOCOL_DEFINITION ( 'draft international standard', 'automotive_design', 1998, #7228 ) ;
#3683 = CARTESIAN_POINT ( 'NONE',  ( -3.000000000000000888, 1.539999999999998037, -2.900000000000000355 ) ) ;
#3684 = CYLINDRICAL_SURFACE ( 'NONE', #6470, 0.1499999999999990785 ) ;
#3685 = COLOUR_RGB ( '',0.6470588235294117974, 0.6196078431372549211, 0.5882352941176470784 ) ;
#3686 = DIRECTION ( 'NONE',  ( 1.000000000000000000, 0.000000000000000000, 0.000000000000000000 ) ) ;
#3687 = ORIENTED_EDGE ( 'NONE', *, *, #2349, .F. ) ;
#3688 = UNCERTAINTY_MEASURE_WITH_UNIT (LENGTH_MEASURE( 1.000000000000000082E-05 ), #4649, 'distance_accuracy_value', 'NONE');
#3689 = ORIENTED_EDGE ( 'NONE', *, *, #3522, .F. ) ;
#3690 = DIRECTION ( 'NONE',  ( 0.000000000000000000, 0.07083354391147922424, -0.9974881498328391771 ) ) ;
#3691 = ORIENTED_EDGE ( 'NONE', *, *, #3002, .F. ) ;
#3692 = CARTESIAN_POINT ( 'NONE',  ( -3.000000000000000888, 0.2000000000000000944, -2.900000000000000355 ) ) ;
#3693 = VECTOR ( 'NONE', #6901, 1000.000000000000000 ) ;
#3694 = CARTESIAN_POINT ( 'NONE',  ( -0.9429951757512854416, 1.800000000000000266, 1.670229291564636620 ) ) ;
#3695 = CARTESIAN_POINT ( 'NONE',  ( 1.754121258506704528, 0.5499508558357426580, -2.849307944812963900 ) ) ;
#3696 = DIRECTION ( 'NONE',  ( -0.000000000000000000, -0.000000000000000000, -1.000000000000000000 ) ) ;
#3697 = DIRECTION ( 'NONE',  ( -1.000000000000000000, 0.000000000000000000, -1.734723475976810250E-14 ) ) ;
#3698 = CARTESIAN_POINT ( 'NONE',  ( -1.749999999999999556, 1.640999999999999792, 2.799999999999999822 ) ) ;
#3699 = AXIS2_PLACEMENT_3D ( 'NONE', #4926, #9245, #4218 ) ;
#3700 = VERTEX_POINT ( 'NONE', #3420 ) ;
#3701 =( NAMED_UNIT ( * ) SI_UNIT ( $, .STERADIAN. ) SOLID_ANGLE_UNIT ( ) );
#3702 = VECTOR ( 'NONE', #4803, 1000.000000000000114 ) ;
#3703 =( LENGTH_UNIT ( ) NAMED_UNIT ( * ) SI_UNIT ( .MILLI., .METRE. ) );
#3704 = VECTOR ( 'NONE', #3516, 1000.000000000000000 ) ;
#3705 = VECTOR ( 'NONE', #2330, 1000.000000000000000 ) ;
#3706 = CARTESIAN_POINT ( 'NONE',  ( -2.952198665876327954, 1.629222690360981218, 2.699999999999998401 ) ) ;
#3707 = DIRECTION ( 'NONE',  ( 0.000000000000000000, 1.000000000000000000, 0.000000000000000000 ) ) ;
#3708 = DIRECTION ( 'NONE',  ( -0.000000000000000000, -1.000000000000000000, 0.000000000000000000 ) ) ;
#3709 = SURFACE_SIDE_STYLE ('',( #7138 ) ) ;
#3710 = B_SPLINE_CURVE_WITH_KNOTS ( 'NONE', 3,
 ( #9364, #7023, #1040, #2835 ),
 .UNSPECIFIED., .F., .F.,
 ( 4, 4 ),
 ( 0.000000000000000000, 1.000000000000000000 ),
 .UNSPECIFIED. ) ;
#3711 = ORIENTED_EDGE ( 'NONE', *, *, #6656, .F. ) ;
#3712 = MECHANICAL_DESIGN_GEOMETRIC_PRESENTATION_REPRESENTATION (  '', ( #8435 ), #1635 ) ;
#3713 = VERTEX_POINT ( 'NONE', #870 ) ;
#3714 = ADVANCED_FACE ( 'NONE', ( #6693 ), #7522, .F. ) ;
#3715 = PLANE ( 'NONE',  #7338 ) ;
#3716 = CARTESIAN_POINT ( 'NONE',  ( -3.000000000000000444, 1.800000000000000488, -2.799999999999999822 ) ) ;
#3717 = ADVANCED_FACE ( 'NONE', ( #41 ), #10666, .F. ) ;
#3718 = VECTOR ( 'NONE', #10595, 1000.000000000000000 ) ;
#3719 = EDGE_CURVE ( 'NONE', #9066, #3345, #606, .T. ) ;
#3720 = AXIS2_PLACEMENT_3D ( 'NONE', #2158, #2970, #1291 ) ;
#3721 = COLOUR_RGB ( '',0.6470588235294117974, 0.6196078431372549211, 0.5882352941176470784 ) ;
#3722 = EDGE_CURVE ( 'NONE', #4407, #6406, #7311, .T. ) ;
#3723 = DIRECTION ( 'NONE',  ( 0.000000000000000000, 0.000000000000000000, 1.000000000000000000 ) ) ;
#3724 = FACE_OUTER_BOUND ( 'NONE', #5479, .T. ) ;
#3725 = ORIENTED_EDGE ( 'NONE', *, *, #9890, .F. ) ;
#3726 = VERTEX_POINT ( 'NONE', #7800 ) ;
#3727 = CARTESIAN_POINT ( 'NONE',  ( -2.400000000000000355, 0.4500000000000001776, -0.6000000000000000888 ) ) ;
#3728 = VERTEX_POINT ( 'NONE', #8633 ) ;
#3729 = VECTOR ( 'NONE', #5669, 1000.000000000000000 ) ;
#3730 = ORIENTED_EDGE ( 'NONE', *, *, #8471, .T. ) ;
#3731 = LINE ( 'NONE', #9759, #10145 ) ;
#3732 = EDGE_CURVE ( 'NONE', #2672, #7721, #2012, .T. ) ;
#3733 = LINE ( 'NONE', #10146, #4951 ) ;
#3734 = DIRECTION ( 'NONE',  ( -0.1458639293384589863, -0.9893046619307648282, 0.000000000000000000 ) ) ;
#3735 = CARTESIAN_POINT ( 'NONE',  ( -3.099999999999985878, 1.800000000000000488, -2.799999999999999822 ) ) ;
#3736 = DIRECTION ( 'NONE',  ( 1.000000000000000000, 0.000000000000000000, 0.000000000000000000 ) ) ;
#3737 = FACE_OUTER_BOUND ( 'NONE', #8738, .T. ) ;
#3738 = EDGE_CURVE ( 'NONE', #7721, #10706, #6246, .T. ) ;
#3739 = PRESENTATION_STYLE_ASSIGNMENT (( #1242 ) ) ;
#3740 = ORIENTED_EDGE ( 'NONE', *, *, #10797, .T. ) ;
#3741 = EDGE_LOOP ( 'NONE', ( #5960, #9119, #920, #5636 ) ) ;
#3742 = CARTESIAN_POINT ( 'NONE',  ( 0.8000000000000000444, 1.616658332281425636, 2.790738340951672836 ) ) ;
#3743 = ORIENTED_EDGE ( 'NONE', *, *, #3657, .T. ) ;
#3744 = CARTESIAN_POINT ( 'NONE',  ( 3.101604300710406825, 1.300000000000003153, -0.5999999999999999778 ) ) ;
#3745 = ORIENTED_EDGE ( 'NONE', *, *, #10468, .T. ) ;
#3746 = SURFACE_SIDE_STYLE ('',( #2937 ) ) ;
#3747 = DIRECTION ( 'NONE',  ( -1.000000000000000000, 0.000000000000000000, -0.000000000000000000 ) ) ;
#3748 = LINE ( 'NONE', #8902, #933 ) ;
#3749 = CARTESIAN_POINT ( 'NONE',  ( 3.209401869767085191, 1.597231553983454511, -1.478297884777322935 ) ) ;
#3750 = CARTESIAN_POINT ( 'NONE',  ( -2.799999999999999822, 3.100000000000000089, 1.400000000000000133 ) ) ;
#3751 = DIRECTION ( 'NONE',  ( 0.000000000000000000, 0.000000000000000000, 1.000000000000000000 ) ) ;
#3752 = PRESENTATION_STYLE_ASSIGNMENT (( #2990 ) ) ;
#3753 = ORIENTED_EDGE ( 'NONE', *, *, #718, .T. ) ;
#3754 = CARTESIAN_POINT ( 'NONE',  ( 2.299999999999999822, 0.9829864320293230096, -2.876807002484933040 ) ) ;
#3755 = ADVANCED_FACE ( 'NONE', ( #7846 ), #7018, .F. ) ;
#3756 = PLANE ( 'NONE',  #1259 ) ;
#3757 = CARTESIAN_POINT ( 'NONE',  ( -0.5281090114896574983, 1.649999999999999689, 1.404187350806425094 ) ) ;
#3758 = DIRECTION ( 'NONE',  ( -0.000000000000000000, -1.000000000000000000, 0.000000000000000000 ) ) ;
#3759 = LINE ( 'NONE', #10079, #5118 ) ;
#3760 = VECTOR ( 'NONE', #1020, 1000.000000000000000 ) ;
#3761 = LINE ( 'NONE', #1694, #894 ) ;
#3762 = CARTESIAN_POINT ( 'NONE',  ( 1.725000000000000089, 0.5606250315867218337, 2.999623222474925743 ) ) ;
#3763 = VECTOR ( 'NONE', #1314, 1000.000000000000000 ) ;
#3764 = CARTESIAN_POINT ( 'NONE',  ( -3.100000000000000533, 1.649999999999999911, 1.900000000000000133 ) ) ;
#3765 = EDGE_LOOP ( 'NONE', ( #10648, #4331, #736, #3198, #3097, #839, #6422, #6442, #6382 ) ) ;
#3766 = AXIS2_PLACEMENT_3D ( 'NONE', #10057, #9252, #10221 ) ;
#3767 = CARTESIAN_POINT ( 'NONE',  ( 2.973151252769520081, 1.471730098704790102, 2.968270103467792076 ) ) ;
#3768 = CARTESIAN_POINT ( 'NONE',  ( 1.868750000000000133, 0.3999999999999999667, -0.9000000000000005773 ) ) ;
#3769 = DIRECTION ( 'NONE',  ( 0.000000000000000000, 0.000000000000000000, 1.000000000000000000 ) ) ;
#3770 = FACE_OUTER_BOUND ( 'NONE', #964, .T. ) ;
#3771 = CARTESIAN_POINT ( 'NONE',  ( -3.000000000000000000, 0.000000000000000000, -1.600000000000000089 ) ) ;
#3772 = ORIENTED_EDGE ( 'NONE', *, *, #9367, .F. ) ;
#3773 = ORIENTED_EDGE ( 'NONE', *, *, #2607, .F. ) ;
#3774 = B_SPLINE_CURVE_WITH_KNOTS ( 'NONE', 3,
 ( #9414, #7583, #5263, #8465, #2833, #2726 ),
 .UNSPECIFIED., .F., .F.,
 ( 4, 2, 4 ),
 ( 0.000000000000000000, 0.5000000000000000000, 1.000000000000000000 ),
 .UNSPECIFIED. ) ;
#3775 = VECTOR ( 'NONE', #9436, 1000.000000000000114 ) ;
#3776 = PRODUCT ( 'EVQQ2-DHMSW2-03W_2', 'EVQQ2-DHMSW2-03W_2', '', ( #5459 ) ) ;
#3777 = ORIENTED_EDGE ( 'NONE', *, *, #4708, .T. ) ;
#3778 = EDGE_CURVE ( 'NONE', #6803, #9981, #4541, .T. ) ;
#3779 = CARTESIAN_POINT ( 'NONE',  ( -1.399999999999999911, 1.119999999999999885, 2.959900934651531479 ) ) ;
#3780 = ORIENTED_EDGE ( 'NONE', *, *, #2514, .F. ) ;
#3781 = EDGE_CURVE ( 'NONE', #6563, #10752, #9463, .T. ) ;
#3782 = CARTESIAN_POINT ( 'NONE',  ( 1.949999999999999956, 0.2000000000000000111, 1.800000000000000266 ) ) ;
#3783 = EDGE_CURVE ( 'NONE', #3431, #9262, #6964, .T. ) ;
#3784 = FACE_OUTER_BOUND ( 'NONE', #8603, .T. ) ;
#3785 = DIRECTION ( 'NONE',  ( 0.000000000000000000, 1.000000000000000000, 0.000000000000000000 ) ) ;
#3786 = CARTESIAN_POINT ( 'NONE',  ( 0.3500000000546606982, 0.04999999999999999584, 1.677836075697206608 ) ) ;
#3787 = PRODUCT_CONTEXT ( 'NONE', #6111, 'mechanical' ) ;
#3788 = CARTESIAN_POINT ( 'NONE',  ( -0.2500000000000000000, 0.4000000000000000222, -0.9000000000000004663 ) ) ;
#3789 = ORIENTED_EDGE ( 'NONE', *, *, #10551, .F. ) ;
#3790 = UNCERTAINTY_MEASURE_WITH_UNIT (LENGTH_MEASURE( 1.000000000000000082E-05 ), #3832, 'distance_accuracy_value', 'NONE');
#3791 = ORIENTED_EDGE ( 'NONE', *, *, #8129, .T. ) ;
#3792 = CARTESIAN_POINT ( 'NONE',  ( -1.725000000000000089, 0.9793749684132834199, -2.819509261152939761 ) ) ;
#3793 = ORIENTED_EDGE ( 'NONE', *, *, #6915, .T. ) ;
#3794 = CARTESIAN_POINT ( 'NONE',  ( -1.798815536468909348, 0.9916843721913489729, 2.710106233148094734 ) ) ;
#3795 = ORIENTED_EDGE ( 'NONE', *, *, #1112, .T. ) ;
#3796 = ADVANCED_FACE ( 'NONE', ( #10436 ), #1199, .T. ) ;
#3797 = CARTESIAN_POINT ( 'NONE',  ( -0.2013630580740587983, 0.2400000000000000744, 1.547703981435586185 ) ) ;
#3798 = CARTESIAN_POINT ( 'NONE',  ( -1.436154448670935890, 1.800000000000000711, 1.250903821584749220 ) ) ;
#3799 = DIRECTION ( 'NONE',  ( -2.775557561562892584E-17, 0.9974881498328391771, -0.07083354391147926588 ) ) ;
#3800 =( NAMED_UNIT ( * ) PLANE_ANGLE_UNIT ( ) SI_UNIT ( $, .RADIAN. ) );
#3801 = DIRECTION ( 'NONE',  ( -1.000000000000000000, -0.000000000000000000, -0.000000000000000000 ) ) ;
#3802 = FACE_OUTER_BOUND ( 'NONE', #9296, .T. ) ;
#3803 = VERTEX_POINT ( 'NONE', #2116 ) ;
#3804 = CARTESIAN_POINT ( 'NONE',  ( -2.399999999999999467, 0.4500000000000001776, 0.9000000000000003553 ) ) ;
#3805 = CARTESIAN_POINT ( 'NONE',  ( -3.099999999999985878, 1.800000000000000488, 2.799999999999999822 ) ) ;
#3806 = PLANE ( 'NONE',  #1090 ) ;
#3807 = CARTESIAN_POINT ( 'NONE',  ( 0.2500000000000000555, 0.3999999999999999112, -0.5999999999999998668 ) ) ;
#3808 = CARTESIAN_POINT ( 'NONE',  ( -3.000000000000001332, 1.023333333333333428, -2.900000000000000355 ) ) ;
#3809 = DIRECTION ( 'NONE',  ( 0.1690054695747755520, -0.9856151131419452760, -2.891205793294666789E-15 ) ) ;
#3810 = DIRECTION ( 'NONE',  ( -0.1660101621116044646, -0.06985066062633371597, -0.9836470460921150627 ) ) ;
#3811 = B_SPLINE_CURVE_WITH_KNOTS ( 'NONE', 3,
 ( #940, #6809, #3428, #6873 ),
 .UNSPECIFIED., .F., .F.,
 ( 4, 4 ),
 ( 0.000000000000000000, 1.000000000000000000 ),
 .UNSPECIFIED. ) ;
#3812 = FACE_OUTER_BOUND ( 'NONE', #8933, .T. ) ;
#3813 = VERTEX_POINT ( 'NONE', #2827 ) ;
#3814 = CARTESIAN_POINT ( 'NONE',  ( 2.978811022986190160, 1.478537786308647073, 2.961614823219602233 ) ) ;
#3815 = FACE_OUTER_BOUND ( 'NONE', #500, .T. ) ;
#3816 = B_SPLINE_CURVE_WITH_KNOTS ( 'NONE', 3,
 ( #6695, #7524, #932, #1689 ),
 .UNSPECIFIED., .F., .F.,
 ( 4, 4 ),
 ( 0.000000000000000000, 1.000000000000000000 ),
 .UNSPECIFIED. ) ;
#3817 = AXIS2_PLACEMENT_3D ( 'NONE', #5991, #2017, #7637 ) ;
#3818 = DIRECTION ( 'NONE',  ( -0.1660101621116054638, 0.06985066062633364659, 0.9836470460921149517 ) ) ;
#3819 = ADVANCED_FACE ( 'NONE', ( #6148 ), #9520, .T. ) ;
#3820 = CARTESIAN_POINT ( 'NONE',  ( -1.750000000000000222, 0.9791474364206997905, 2.819525418635504099 ) ) ;
#3821 = DIRECTION ( 'NONE',  ( -1.000000000000000000, 0.000000000000000000, -0.000000000000000000 ) ) ;
#3822 = VECTOR ( 'NONE', #3290, 1000.000000000000000 ) ;
#3823 =( LENGTH_UNIT ( ) NAMED_UNIT ( * ) SI_UNIT ( .MILLI., .METRE. ) );
#3824 = ORIENTED_EDGE ( 'NONE', *, *, #4696, .F. ) ;
#3825 = VERTEX_POINT ( 'NONE', #8688 ) ;
#3826 = ORIENTED_EDGE ( 'NONE', *, *, #10284, .F. ) ;
#3827 = PLANE ( 'NONE',  #3548 ) ;
#3828 = AXIS2_PLACEMENT_3D ( 'NONE', #6418, #8090, #9645 ) ;
#3829 = VERTEX_POINT ( 'NONE', #362 ) ;
#3830 = CARTESIAN_POINT ( 'NONE',  ( 1.411702626632181712, 1.649999999999999467, 0.5076179141242610493 ) ) ;
#3831 = AXIS2_PLACEMENT_3D ( 'NONE', #6588, #10557, #2462 ) ;
#3832 =( LENGTH_UNIT ( ) NAMED_UNIT ( * ) SI_UNIT ( .MILLI., .METRE. ) );
#3833 = CARTESIAN_POINT ( 'NONE',  ( 1.754329820263841766, 1.649999999999999467, 0.7297918222781298869 ) ) ;
#3834 = DIRECTION ( 'NONE',  ( -0.000000000000000000, -0.000000000000000000, -1.000000000000000000 ) ) ;
#3835 = ADVANCED_FACE ( 'NONE', ( #3592 ), #10386, .F. ) ;
#3836 = CARTESIAN_POINT ( 'NONE',  ( -0.2500000000000001110, 0.4000000000000000222, 0.8999999999999998002 ) ) ;
#3837 = MECHANICAL_DESIGN_GEOMETRIC_PRESENTATION_REPRESENTATION (  '', ( #8922 ), #2459 ) ;
#3838 = EDGE_CURVE ( 'NONE', #4145, #7680, #3035, .T. ) ;
#3839 = FACE_OUTER_BOUND ( 'NONE', #501, .T. ) ;
#3840 = VERTEX_POINT ( 'NONE', #7343 ) ;
#3841 = ORIENTED_EDGE ( 'NONE', *, *, #4281, .T. ) ;
#3842 = VECTOR ( 'NONE', #10109, 1000.000000000000114 ) ;
#3843 = CARTESIAN_POINT ( 'NONE',  ( 1.950000000000000622, 0.2000000000000000111, -2.400000000000001243 ) ) ;
#3844 = EDGE_LOOP ( 'NONE', ( #5257, #9943, #10084, #8093 ) ) ;
#3845 = SURFACE_STYLE_FILL_AREA ( #8001 ) ;
#3846 = EDGE_LOOP ( 'NONE', ( #10707, #2436, #6486, #341, #5720 ) ) ;
#3847 = DIRECTION ( 'NONE',  ( -0.9993908270190958731, -0.03489949670249400948, 0.000000000000000000 ) ) ;
#3848 = LINE ( 'NONE', #9068, #3163 ) ;
#3849 = ADVANCED_FACE ( 'NONE', ( #8900 ), #580, .F. ) ;
#3850 = EDGE_CURVE ( 'NONE', #3672, #3170, #2169, .T. ) ;
#3851 = ADVANCED_FACE ( 'NONE', ( #9833 ), #6400, .T. ) ;
#3852 = SURFACE_STYLE_USAGE ( .BOTH. , #528 ) ;
#3853 = DIRECTION ( 'NONE',  ( -0.9860555265491618426, 0.000000000000000000, -0.1664166414811187877 ) ) ;
#3854 = EDGE_CURVE ( 'NONE', #4879, #3726, #10640, .T. ) ;
#3855 = VERTEX_POINT ( 'NONE', #7179 ) ;
#3856 = CARTESIAN_POINT ( 'NONE',  ( -3.000000000000000000, 0.2000000000000000111, -1.600000000000000311 ) ) ;
#3857 = LINE ( 'NONE', #2125, #6197 ) ;
#3858 = VECTOR ( 'NONE', #10714, 1000.000000000000000 ) ;
#3859 = DIRECTION ( 'NONE',  ( 0.000000000000000000, -0.000000000000000000, 1.000000000000000000 ) ) ;
#3860 = AXIS2_PLACEMENT_3D ( 'NONE', #9870, #6289, #9657 ) ;
#3861 = FACE_OUTER_BOUND ( 'NONE', #1377, .T. ) ;
#3862 = CARTESIAN_POINT ( 'NONE',  ( -1.318643257891406462, 1.649999999999999689, -0.7444064871679497708 ) ) ;
#3863 = EDGE_CURVE ( 'NONE', #4138, #7601, #3136, .T. ) ;
#3864 = LINE ( 'NONE', #5327, #7254 ) ;
#3865 = PLANE ( 'NONE',  #6492 ) ;
#3866 = SURFACE_STYLE_FILL_AREA ( #4657 ) ;
#3867 =( NAMED_UNIT ( * ) SI_UNIT ( $, .STERADIAN. ) SOLID_ANGLE_UNIT ( ) );
#3868 = CARTESIAN_POINT ( 'NONE',  ( -2.500000000000000000, 0.05000000000000000278, -0.9999999999999993339 ) ) ;
#3869 = CLOSED_SHELL ( 'NONE', ( #9750, #4831, #5110, #8390, #999, #5165, #4938, #8742 ) ) ;
#3870 = ORIENTED_EDGE ( 'NONE', *, *, #4629, .T. ) ;
#3871 = PRESENTATION_LAYER_ASSIGNMENT (  '', '', ( #6307 ) ) ;
#3872 = LINE ( 'NONE', #7203, #898 ) ;
#3873 = CARTESIAN_POINT ( 'NONE',  ( 3.295163886627928473, 0.05523492450537408061, 0.4999999999999997780 ) ) ;
#3874 = CARTESIAN_POINT ( 'NONE',  ( -3.191055894963175099, 1.664369324725896604, -1.500000000000000222 ) ) ;
#3875 = DIRECTION ( 'NONE',  ( 1.000000000000000000, 0.000000000000000000, 2.639796593877750544E-15 ) ) ;
#3876 = DIRECTION ( 'NONE',  ( 1.224646799147353207E-16, 0.000000000000000000, -1.000000000000000000 ) ) ;
#3877 = VECTOR ( 'NONE', #2933, 1000.000000000000000 ) ;
#3878 = ORIENTED_EDGE ( 'NONE', *, *, #6221, .T. ) ;
#3879 = ORIENTED_EDGE ( 'NONE', *, *, #9356, .F. ) ;
#3880 = CARTESIAN_POINT ( 'NONE',  ( -0.7999999999999993783, 1.649999999999999911, 2.701230555323605120 ) ) ;
#3881 = ORIENTED_EDGE ( 'NONE', *, *, #662, .T. ) ;
#3882 = CARTESIAN_POINT ( 'NONE',  ( 3.300000000000000266, 0.7661623507412516076, 1.749999999999999778 ) ) ;
#3883 = VERTEX_POINT ( 'NONE', #1355 ) ;
#3884 = EDGE_CURVE ( 'NONE', #9155, #2609, #10698, .T. ) ;
#3885 = VECTOR ( 'NONE', #1545, 1000.000000000000000 ) ;
#3886 = CARTESIAN_POINT ( 'NONE',  ( 0.9875873162723011189, 1.650000000000000133, 1.133785510258746410 ) ) ;
#3887 = CARTESIAN_POINT ( 'NONE',  ( 0.7598578817009230546, 1.649999999999999911, -1.741543061873352949 ) ) ;
#3888 = DIRECTION ( 'NONE',  ( -0.000000000000000000, -1.000000000000000000, 0.000000000000000000 ) ) ;
#3889 = CARTESIAN_POINT ( 'NONE',  ( 1.725000000000000089, 0.5606250315867218337, -2.999623222474925743 ) ) ;
#3890 = LINE ( 'NONE', #5461, #947 ) ;
#3891 = EDGE_LOOP ( 'NONE', ( #5703, #2914, #2492, #4613, #3071, #2005 ) ) ;
#3892 = AXIS2_PLACEMENT_3D ( 'NONE', #7731, #8452, #1139 ) ;
#3893 = ORIENTED_EDGE ( 'NONE', *, *, #1537, .T. ) ;
#3894 = CARTESIAN_POINT ( 'NONE',  ( 0.8000000000000000444, 1.569124839807742644, 2.799999999999999822 ) ) ;
#3895 = ORIENTED_EDGE ( 'NONE', *, *, #5912, .F. ) ;
#3896 = CARTESIAN_POINT ( 'NONE',  ( -1.624278986266878944, -7.823003196369318957, 1.749999999999998890 ) ) ;
#3897 = ORIENTED_EDGE ( 'NONE', *, *, #2797, .F. ) ;
#3898 = DIRECTION ( 'NONE',  ( -1.000000000000000000, -0.000000000000000000, 0.000000000000000000 ) ) ;
#3899 = AXIS2_PLACEMENT_3D ( 'NONE', #1916, #7090, #1110 ) ;
#3900 = DIRECTION ( 'NONE',  ( 0.000000000000000000, 0.07083354391147925200, 0.9974881498328390661 ) ) ;
#3901 = CARTESIAN_POINT ( 'NONE',  ( -1.399999999999999911, 1.109374968413276763, -2.810277712176606713 ) ) ;
#3902 = CARTESIAN_POINT ( 'NONE',  ( -0.3500000000258296495, 0.05000000010113581084, 1.700000000000000178 ) ) ;
#3903 = EDGE_LOOP ( 'NONE', ( #9054, #10402, #6395, #6544 ) ) ;
#3904 = ORIENTED_EDGE ( 'NONE', *, *, #7484, .T. ) ;
#3905 = FACE_OUTER_BOUND ( 'NONE', #4196, .T. ) ;
#3906 = PLANE ( 'NONE',  #9030 ) ;
#3907 = ADVANCED_FACE ( 'NONE', ( #5470 ), #6352, .F. ) ;
#3908 = SURFACE_STYLE_FILL_AREA ( #6524 ) ;
#3909 = EDGE_CURVE ( 'NONE', #9135, #1185, #1403, .T. ) ;
#3910 = EDGE_CURVE ( 'NONE', #2736, #1331, #9015, .T. ) ;
#3911 = VECTOR ( 'NONE', #6089, 1000.000000000000000 ) ;
#3912 = EDGE_CURVE ( 'NONE', #9422, #2150, #7702, .T. ) ;
#3913 = CARTESIAN_POINT ( 'NONE',  ( -3.000000000000000000, 1.640000000000000790, -2.700000000000000178 ) ) ;
#3914 = CARTESIAN_POINT ( 'NONE',  ( 3.145255262575063160, 0.04999999999999998196, 0.5000000000000000000 ) ) ;
#3915 = EDGE_CURVE ( 'NONE', #2360, #3825, #7505, .T. ) ;
#3916 = CARTESIAN_POINT ( 'NONE',  ( -1.900000000000000133, 0.4000000000000000222, 0.8999999999999999112 ) ) ;
#3917 = CARTESIAN_POINT ( 'NONE',  ( 3.000000000000000888, 1.649999999999999689, -2.900000000000001243 ) ) ;
#3918 = CARTESIAN_POINT ( 'NONE',  ( -1.849999999999999201, 0.000000000000000000, -2.700000000000000178 ) ) ;
#3919 = DIRECTION ( 'NONE',  ( 0.000000000000000000, -0.9998264715454813212, 0.01862865526313777637 ) ) ;
#3920 = VECTOR ( 'NONE', #5355, 1000.000000000000000 ) ;
#3921 = CARTESIAN_POINT ( 'NONE',  ( 0.000000000000000000, 0.2000000000000000111, 0.000000000000000000 ) ) ;
#3922 = EDGE_CURVE ( 'NONE', #8838, #2868, #2095, .T. ) ;
#3923 = ORIENTED_EDGE ( 'NONE', *, *, #3910, .F. ) ;
#3924 = B_SPLINE_CURVE_WITH_KNOTS ( 'NONE', 3,
 ( #7207, #4665, #8760, #1275, #3874, #447 ),
 .UNSPECIFIED., .F., .F.,
 ( 4, 2, 4 ),
 ( 0.000000000000000000, 0.5000000000000000000, 1.000000000000000000 ),
 .UNSPECIFIED. ) ;
#3925 = ADVANCED_FACE ( 'NONE', ( #139 ), #9179, .F. ) ;
#3926 = DIRECTION ( 'NONE',  ( -0.1031413735657399355, 0.6995440351107082844, -0.7071067811865480168 ) ) ;
#3927 = CARTESIAN_POINT ( 'NONE',  ( 3.000000000000000888, 1.650000000000000133, -2.900000000000001243 ) ) ;
#3928 = SURFACE_STYLE_USAGE ( .BOTH. , #2909 ) ;
#3929 = AXIS2_PLACEMENT_3D ( 'NONE', #3078, #2260, #8831 ) ;
#3930 = DIRECTION ( 'NONE',  ( -0.000000000000000000, -0.000000000000000000, 1.000000000000000000 ) ) ;
#3931 = CARTESIAN_POINT ( 'NONE',  ( -1.950000000000000622, 0.2000000000000000111, -2.400000000000001243 ) ) ;
#3932 =( LENGTH_UNIT ( ) NAMED_UNIT ( * ) SI_UNIT ( .MILLI., .METRE. ) );
#3933 = ORIENTED_EDGE ( 'NONE', *, *, #2611, .T. ) ;
#3934 = ORIENTED_EDGE ( 'NONE', *, *, #10091, .T. ) ;
#3935 = CARTESIAN_POINT ( 'NONE',  ( -2.549999999999999822, -4.065758146820641628E-17, 1.600000000000000533 ) ) ;
#3936 = LINE ( 'NONE', #9810, #3885 ) ;
#3937 = PRESENTATION_LAYER_ASSIGNMENT (  '', '', ( #9725 ) ) ;
#3938 = ORIENTED_EDGE ( 'NONE', *, *, #5556, .T. ) ;
#3939 = FILL_AREA_STYLE ('',( #5344 ) ) ;
#3940 = PLANE ( 'NONE',  #8125 ) ;
#3941 = CARTESIAN_POINT ( 'NONE',  ( 3.071387591998028911E-16, 1.649999999999999911, -1.899999999999999911 ) ) ;
#3942 = CARTESIAN_POINT ( 'NONE',  ( 0.2195447855233677581, 0.2400000000000001299, 1.824418466224454694 ) ) ;
#3943 = SURFACE_STYLE_FILL_AREA ( #9004 ) ;
#3944 = DIRECTION ( 'NONE',  ( 0.000000000000000000, -0.9974881498328390661, 0.07083354391147921036 ) ) ;
#3945 = VECTOR ( 'NONE', #3598, 1000.000000000000227 ) ;
#3946 = CARTESIAN_POINT ( 'NONE',  ( 1.733283001604469575, 1.105833291217703573, 2.760403304684963643 ) ) ;
#3947 = VERTEX_POINT ( 'NONE', #2500 ) ;
#3948 = ADVANCED_FACE ( 'NONE', ( #3353 ), #8220, .T. ) ;
#3949 = ORIENTED_EDGE ( 'NONE', *, *, #4037, .T. ) ;
#3950 = CARTESIAN_POINT ( 'NONE',  ( 0.8000000000000000444, 1.650000000000001021, 2.701845832985407814 ) ) ;
#3951 = ORIENTED_EDGE ( 'NONE', *, *, #10287, .T. ) ;
#3952 = CARTESIAN_POINT ( 'NONE',  ( -0.3500000000546607537, 0.05000000000000000278, 1.722163924302807736 ) ) ;
#3953 = ORIENTED_EDGE ( 'NONE', *, *, #3326, .T. ) ;
#3954 = CARTESIAN_POINT ( 'NONE',  ( -2.899999999999999467, 1.639999999999999902, -3.000000000000000000 ) ) ;
#3955 = SURFACE_STYLE_USAGE ( .BOTH. , #631 ) ;
#3956 = LINE ( 'NONE', #6249, #9315 ) ;
#3957 = CARTESIAN_POINT ( 'NONE',  ( -1.733283001604471574, 1.119999999999999885, -2.959900934651531479 ) ) ;
#3958 = CARTESIAN_POINT ( 'NONE',  ( 1.883383651424051841, 1.800000000000000488, 0.2985248038751809885 ) ) ;
#3959 = DIRECTION ( 'NONE',  ( 0.1660101621116076009, -0.06985066062633368822, -0.9836470460921146186 ) ) ;
#3960 = EDGE_CURVE ( 'NONE', #572, #956, #3251, .T. ) ;
#3961 = CARTESIAN_POINT ( 'NONE',  ( -9.905539167793427418E-18, 1.649999999999999023, 1.899999999999999911 ) ) ;
#3962 = ORIENTED_EDGE ( 'NONE', *, *, #1326, .F. ) ;
#3963 = VERTEX_POINT ( 'NONE', #913 ) ;
#3964 = CARTESIAN_POINT ( 'NONE',  ( 1.799164799778621315, 1.649999999999999689, 2.709763107293782003 ) ) ;
#3965 = LINE ( 'NONE', #8910, #7778 ) ;
#3966 = CARTESIAN_POINT ( 'NONE',  ( 1.850000000000000533, 1.643333333333334201, 2.700000000000000178 ) ) ;
#3967 = CARTESIAN_POINT ( 'NONE',  ( -3.210989154900473430, 1.586465982334615665, 1.467446827165956202 ) ) ;
#3968 = CARTESIAN_POINT ( 'NONE',  ( -3.197123022628389322, 0.1661989060850449507, 1.599999999999999867 ) ) ;
#3969 = CARTESIAN_POINT ( 'NONE',  ( 1.725000000000000089, 0.5606250315867215006, 2.999623222474925743 ) ) ;
#3970 = LINE ( 'NONE', #6532, #9101 ) ;
#3971 = EDGE_CURVE ( 'NONE', #9648, #9875, #8281, .T. ) ;
#3972 = CARTESIAN_POINT ( 'NONE',  ( -1.725000000000000089, 1.551862865526314250, 2.801828480139958888 ) ) ;
#3973 = EDGE_CURVE ( 'NONE', #1667, #6855, #5966, .T. ) ;
#3974 = LINE ( 'NONE', #4715, #9621 ) ;
#3975 = ADVANCED_FACE ( 'NONE', ( #1186 ), #3628, .T. ) ;
#3976 = ORIENTED_EDGE ( 'NONE', *, *, #10783, .T. ) ;
#3977 = SURFACE_STYLE_USAGE ( .BOTH. , #8985 ) ;
#3978 = EDGE_CURVE ( 'NONE', #7601, #616, #7004, .T. ) ;
#3979 = EDGE_CURVE ( 'NONE', #3713, #6443, #2652, .T. ) ;
#3980 = LINE ( 'NONE', #3067, #1 ) ;
#3981 = CARTESIAN_POINT ( 'NONE',  ( 3.189230603583416368, 0.1201714756737941869, 2.400000000000000799 ) ) ;
#3982 = DIRECTION ( 'NONE',  ( 0.000000000000000000, -1.000000000000000000, 2.670717223410072953E-17 ) ) ;
#3983 = VERTEX_POINT ( 'NONE', #5187 ) ;
#3984 = ORIENTED_EDGE ( 'NONE', *, *, #4367, .T. ) ;
#3985 = CARTESIAN_POINT ( 'NONE',  ( 2.399999999999999911, 0.04999999999999998890, -0.3500000000000006994 ) ) ;
#3986 = VERTEX_POINT ( 'NONE', #193 ) ;
#3987 = CARTESIAN_POINT ( 'NONE',  ( 2.983308966103924043, 1.598112390133385574, 2.841886566132065362 ) ) ;
#3988 = CARTESIAN_POINT ( 'NONE',  ( -3.000000000000000444, 1.800000000000000488, 2.799999999999999822 ) ) ;
#3989 = CARTESIAN_POINT ( 'NONE',  ( -0.3054427034493755189, 0.05000000000000000278, 1.527354543875298676 ) ) ;
#3990 = STYLED_ITEM ( 'NONE', ( #1714 ), #8060 ) ;
#3991 = CONTEXT_DEPENDENT_SHAPE_REPRESENTATION ( #5330, #475 ) ;
#3992 = CARTESIAN_POINT ( 'NONE',  ( 3.145255262575063160, 0.05000000000000000278, -0.5000000000000003331 ) ) ;
#3993 = CARTESIAN_POINT ( 'NONE',  ( 1.766485034026787249, 0.5604284549296919549, 2.996855001726780987 ) ) ;
#3994 = EDGE_LOOP ( 'NONE', ( #6323, #5783, #8595, #4368 ) ) ;
#3995 = AXIS2_PLACEMENT_3D ( 'NONE', #10286, #3810, #10608 ) ;
#3996 = UNCERTAINTY_MEASURE_WITH_UNIT (LENGTH_MEASURE( 1.000000000000000082E-05 ), #7280, 'distance_accuracy_value', 'NONE');
#3997 = ORIENTED_EDGE ( 'NONE', *, *, #2942, .T. ) ;
#3998 = CARTESIAN_POINT ( 'NONE',  ( 0.2500000000000000000, 0.4000000000000000222, 0.8999999999999998002 ) ) ;
#3999 = VERTEX_POINT ( 'NONE', #4473 ) ;
#4000 = CARTESIAN_POINT ( 'NONE',  ( -0.3078331219270901142, 0.04999999999999999584, 1.873463818903386091 ) ) ;
#4001 = VERTEX_POINT ( 'NONE', #2053 ) ;
#4002 = LINE ( 'NONE', #5865, #6650 ) ;
#4003 = CARTESIAN_POINT ( 'NONE',  ( 2.400000000000000355, 0.3999999999999999667, -0.9000000000000005773 ) ) ;
#4004 = CARTESIAN_POINT ( 'NONE',  ( 3.071387591998028911E-16, 1.800000000000000266, -1.899999999999999911 ) ) ;
#4005 = DIRECTION ( 'NONE',  ( 1.000000000000000000, 0.000000000000000000, 0.000000000000000000 ) ) ;
#4006 = VECTOR ( 'NONE', #7248, 1000.000000000000000 ) ;
#4007 = VECTOR ( 'NONE', #4231, 1000.000000000000227 ) ;
#4008 = CARTESIAN_POINT ( 'NONE',  ( -1.649999999999999911, 0.05000000000000004441, -0.9000000000000003553 ) ) ;
#4009 = ORIENTED_EDGE ( 'NONE', *, *, #5393, .F. ) ;
#4010 = ORIENTED_EDGE ( 'NONE', *, *, #6115, .F. ) ;
#4011 = DIRECTION ( 'NONE',  ( -0.4216370213557841251, 0.7378647873726211781, 0.5270462766947305866 ) ) ;
#4012 = VECTOR ( 'NONE', #8040, 1000.000000000000000 ) ;
#4013 = CARTESIAN_POINT ( 'NONE',  ( -3.099999999999985878, 1.800000000000000488, -2.500000000000000888 ) ) ;
#4014 = VERTEX_POINT ( 'NONE', #9556 ) ;
#4015 = FILL_AREA_STYLE ('',( #4809 ) ) ;
#4016 = COLOUR_RGB ( '',0.6470588235294117974, 0.6196078431372549211, 0.5882352941176470784 ) ;
#4017 = PLANE ( 'NONE',  #8403 ) ;
#4018 = FILL_AREA_STYLE_COLOUR ( '', #10523 ) ;
#4020 = CARTESIAN_POINT ( 'NONE',  ( 1.850000000000000311, 1.640999999999999792, 2.700000000000000178 ) ) ;
#4019 =( NAMED_UNIT ( * ) SI_UNIT ( $, .STERADIAN. ) SOLID_ANGLE_UNIT ( ) );
#4021 = CARTESIAN_POINT ( 'NONE',  ( 0.2500000000000000000, 0.4000000000000000222, -0.9000000000000003553 ) ) ;
#4022 = CARTESIAN_POINT ( 'NONE',  ( 2.951186080912469478, 1.630235275324840583, -2.809763107293779871 ) ) ;
#4023 = AXIS2_PLACEMENT_3D ( 'NONE', #829, #3926, #9858 ) ;
#4024 = LINE ( 'NONE', #546, #3662 ) ;
#4025 = STYLED_ITEM ( 'NONE', ( #2214 ), #10185 ) ;
#4026 = ORIENTED_EDGE ( 'NONE', *, *, #9102, .T. ) ;
#4027 = VECTOR ( 'NONE', #8960, 1000.000000000000000 ) ;
#4028 = PLANE ( 'NONE',  #1512 ) ;
#4029 = CARTESIAN_POINT ( 'NONE',  ( -2.899999999999999467, 1.639999999999999680, 2.799999999999998934 ) ) ;
#4030 = DIRECTION ( 'NONE',  ( -1.000000000000000000, 0.000000000000000000, -0.000000000000000000 ) ) ;
#4031 = AXIS2_PLACEMENT_3D ( 'NONE', #5988, #9466, #4443 ) ;
#4032 = ORIENTED_EDGE ( 'NONE', *, *, #9824, .T. ) ;
#4033 = ORIENTED_EDGE ( 'NONE', *, *, #3440, .T. ) ;
#4034 =( NAMED_UNIT ( * ) SI_UNIT ( $, .STERADIAN. ) SOLID_ANGLE_UNIT ( ) );
#4035 = PRODUCT_DEFINITION_SHAPE ( 'NONE', 'NONE',  #7651 ) ;
#4036 = ORIENTED_EDGE ( 'NONE', *, *, #7187, .F. ) ;
#4037 = EDGE_CURVE ( 'NONE', #4468, #7070, #9342, .T. ) ;
#4038 = EDGE_CURVE ( 'NONE', #9350, #3983, #3733, .T. ) ;
#4039 = PLANE ( 'NONE',  #7943 ) ;
#4040 = EDGE_CURVE ( 'NONE', #5802, #5130, #10258, .T. ) ;
#4041 = CARTESIAN_POINT ( 'NONE',  ( 3.000000000000000444, 0.2000000000000000111, 1.599999999999999201 ) ) ;
#4042 = LINE ( 'NONE', #5791, #8248 ) ;
#4043 = AXIS2_PLACEMENT_3D ( 'NONE', #6896, #2758, #6947 ) ;
#4044 = CARTESIAN_POINT ( 'NONE',  ( -1.649999999999999911, 0.05000000000000000278, 0.9999999999999993339 ) ) ;
#4045 = DIRECTION ( 'NONE',  ( -0.000000000000000000, 0.07083354391147922424, 0.9974881498328391771 ) ) ;
#4046 = LINE ( 'NONE', #7391, #1223 ) ;
#4047 = ORIENTED_EDGE ( 'NONE', *, *, #6913, .T. ) ;
#4048 = ORIENTED_EDGE ( 'NONE', *, *, #4884, .T. ) ;
#4049 = ORIENTED_EDGE ( 'NONE', *, *, #2524, .F. ) ;
#4050 = LINE ( 'NONE', #8331, #6843 ) ;
#4051 = ORIENTED_EDGE ( 'NONE', *, *, #5407, .T. ) ;
#4052 = VECTOR ( 'NONE', #2767, 1000.000000000000000 ) ;
#4053 = CARTESIAN_POINT ( 'NONE',  ( 0.8000000000000000444, 0.000000000000000000, 2.800000000000000266 ) ) ;
#4054 = VERTEX_POINT ( 'NONE', #4371 ) ;
#4055 = EDGE_CURVE ( 'NONE', #4388, #9066, #5345, .T. ) ;
#4056 = ADVANCED_FACE ( 'NONE', ( #1998 ), #8670, .F. ) ;
#4057 = CARTESIAN_POINT ( 'NONE',  ( -1.399999999999999911, 1.117205701710529020, -2.809926963919710641 ) ) ;
#4058 = CARTESIAN_POINT ( 'NONE',  ( 1.766485034026790357, 1.119803423342970339, 2.957132713903386723 ) ) ;
#4059 =( GEOMETRIC_REPRESENTATION_CONTEXT ( 3 ) GLOBAL_UNCERTAINTY_ASSIGNED_CONTEXT ( ( #3583 ) ) GLOBAL_UNIT_ASSIGNED_CONTEXT ( ( #8009, #6306, #481 ) ) REPRESENTATION_CONTEXT ( 'NONE', 'WORKASPACE' ) );
#4060 = CARTESIAN_POINT ( 'NONE',  ( 2.299999999999999822, 0.9829864320293227875, 2.876807002484929043 ) ) ;
#4061 = CARTESIAN_POINT ( 'NONE',  ( -1.724999999999999867, 0.9793749684132778688, 2.819509261152939761 ) ) ;
#4062 = CARTESIAN_POINT ( 'NONE',  ( 3.100000000000000977, 1.800000000000000488, 2.500000000000000444 ) ) ;
#4063 = VERTEX_POINT ( 'NONE', #4526 ) ;
#4064 = ORIENTED_EDGE ( 'NONE', *, *, #6501, .T. ) ;
#4065 = CARTESIAN_POINT ( 'NONE',  ( 3.000000000000000444, 0.000000000000000000, -2.400000000000000799 ) ) ;
#4066 = CARTESIAN_POINT ( 'NONE',  ( -2.275444008190514733, 0.9726542196610570290, 2.731307302345950205 ) ) ;
#4067 = ORIENTED_EDGE ( 'NONE', *, *, #1125, .T. ) ;
#4068 =( GEOMETRIC_REPRESENTATION_CONTEXT ( 3 ) GLOBAL_UNCERTAINTY_ASSIGNED_CONTEXT ( ( #8378 ) ) GLOBAL_UNIT_ASSIGNED_CONTEXT ( ( #5833, #8423, #1810 ) ) REPRESENTATION_CONTEXT ( 'NONE', 'WORKASPACE' ) );
#4069 = SURFACE_STYLE_USAGE ( .BOTH. , #8174 ) ;
#4070 =( NAMED_UNIT ( * ) SI_UNIT ( $, .STERADIAN. ) SOLID_ANGLE_UNIT ( ) );
#4072 = CARTESIAN_POINT ( 'NONE',  ( -2.550000000000002487, 0.000000000000000000, -1.599999999999999867 ) ) ;
#4071 = CARTESIAN_POINT ( 'NONE',  ( 3.191055894963199080, 1.664369324725854637, -1.499999999999999778 ) ) ;
#4073 = CARTESIAN_POINT ( 'NONE',  ( -2.899999999999999467, 1.439999999999997282, -3.000000000000000444 ) ) ;
#4074 = CARTESIAN_POINT ( 'NONE',  ( -2.252200190522553935, 0.5643751027795050890, 2.914600570982607053 ) ) ;
#4075 = LINE ( 'NONE', #1642, #8567 ) ;
#4076 = EDGE_CURVE ( 'NONE', #7213, #10481, #4423, .T. ) ;
#4077 = EDGE_LOOP ( 'NONE', ( #791, #6226, #7370, #9703 ) ) ;
#4078 = PLANE ( 'NONE',  #4023 ) ;
#4079 = FACE_OUTER_BOUND ( 'NONE', #7340, .T. ) ;
#4080 = AXIS2_PLACEMENT_3D ( 'NONE', #1896, #9461, #5200 ) ;
#4081 = CARTESIAN_POINT ( 'NONE',  ( 1.744401821570566558, 0.5606250315867218337, -2.999623222474925743 ) ) ;
#4082 = VERTEX_POINT ( 'NONE', #7671 ) ;
#4083 = ORIENTED_EDGE ( 'NONE', *, *, #3095, .F. ) ;
#4084 = VERTEX_POINT ( 'NONE', #10201 ) ;
#4085 = AXIS2_PLACEMENT_3D ( 'NONE', #9543, #10562, #3064 ) ;
#4086 = LINE ( 'NONE', #4130, #990 ) ;
#4087 = LINE ( 'NONE', #3988, #5315 ) ;
#4088 = CARTESIAN_POINT ( 'NONE',  ( 2.900000000000001243, 1.640000000000000346, 2.700000000000000178 ) ) ;
#4089 = DIRECTION ( 'NONE',  ( -0.000000000000000000, -1.000000000000000000, -0.000000000000000000 ) ) ;
#4090 = LINE ( 'NONE', #7440, #3775 ) ;
#4091 = DIRECTION ( 'NONE',  ( -1.000000000000000000, 0.000000000000000000, -0.000000000000000000 ) ) ;
#4092 = VECTOR ( 'NONE', #7580, 1000.000000000000000 ) ;
#4093 = CARTESIAN_POINT ( 'NONE',  ( 2.201387595806831854, 0.5552424364119703526, -2.923824743312683605 ) ) ;
#4094 = VERTEX_POINT ( 'NONE', #6022 ) ;
#4095 = ORIENTED_EDGE ( 'NONE', *, *, #532, .T. ) ;
#4096 = ADVANCED_FACE ( 'NONE', ( #2761 ), #1886, .F. ) ;
#4097 = AXIS2_PLACEMENT_3D ( 'NONE', #8306, #4941, #3276 ) ;
#4098 = UNCERTAINTY_MEASURE_WITH_UNIT (LENGTH_MEASURE( 1.000000000000000082E-05 ), #10202, 'distance_accuracy_value', 'NONE');
#4099 = EDGE_LOOP ( 'NONE', ( #9232, #7336, #8291, #4095 ) ) ;
#4100 = EDGE_CURVE ( 'NONE', #10291, #1787, #8150, .T. ) ;
#4101 = CARTESIAN_POINT ( 'NONE',  ( -1.649999999999999911, 0.05000000000000000278, 0.9999999999999993339 ) ) ;
#4102 = ORIENTED_EDGE ( 'NONE', *, *, #8743, .T. ) ;
#4103 = ORIENTED_EDGE ( 'NONE', *, *, #10745, .F. ) ;
#4104 = ADVANCED_FACE ( 'NONE', ( #4631 ), #506, .F. ) ;
#4105 = VECTOR ( 'NONE', #2640, 1000.000000000000000 ) ;
#4106 = DIRECTION ( 'NONE',  ( -0.000000000000000000, 1.000000000000000000, 0.000000000000000000 ) ) ;
#4107 = CARTESIAN_POINT ( 'NONE',  ( -3.000000000000000888, 0.2000000000000001221, -2.400000000000000799 ) ) ;
#4108 = DIRECTION ( 'NONE',  ( 0.000000000000000000, 0.07083354391148070917, 0.9974881498328389551 ) ) ;
#4109 = EDGE_CURVE ( 'NONE', #8713, #1279, #9656, .T. ) ;
#4110 = VERTEX_POINT ( 'NONE', #6339 ) ;
#4111 = VERTEX_POINT ( 'NONE', #10465 ) ;
#4112 = EDGE_CURVE ( 'NONE', #452, #4400, #5513, .T. ) ;
#4113 = ORIENTED_EDGE ( 'NONE', *, *, #1792, .F. ) ;
#4114 = VECTOR ( 'NONE', #8872, 1000.000000000000000 ) ;
#4115 = DIRECTION ( 'NONE',  ( 1.000000000000000000, 0.000000000000000000, -2.168404344971010840E-16 ) ) ;
#4116 = CARTESIAN_POINT ( 'NONE',  ( 0.000000000000000000, 0.2000000000000000111, 0.000000000000000000 ) ) ;
#4117 = FACE_OUTER_BOUND ( 'NONE', #1017, .T. ) ;
#4118 =( NAMED_UNIT ( * ) PLANE_ANGLE_UNIT ( ) SI_UNIT ( $, .RADIAN. ) );
#4119 = CARTESIAN_POINT ( 'NONE',  ( -2.999999999999999112, 1.539999999999999591, 2.699999999999998401 ) ) ;
#4120 = CARTESIAN_POINT ( 'NONE',  ( 2.299999999999999822, 0.6538153425844858146, 2.900182071975717424 ) ) ;
#4121 = DIRECTION ( 'NONE',  ( -0.9856151131419449429, 0.1690054695747774949, 0.000000000000000000 ) ) ;
#4122 = ORIENTED_EDGE ( 'NONE', *, *, #5709, .T. ) ;
#4123 = CARTESIAN_POINT ( 'NONE',  ( -0.1369084018057297736, 0.05000000000000000278, 2.129742239522868008 ) ) ;
#4124 = SURFACE_STYLE_USAGE ( .BOTH. , #7539 ) ;
#4125 =( NAMED_UNIT ( * ) PLANE_ANGLE_UNIT ( ) SI_UNIT ( $, .RADIAN. ) );
#4126 = ORIENTED_EDGE ( 'NONE', *, *, #9486, .T. ) ;
#4127 = EDGE_LOOP ( 'NONE', ( #4524, #3711, #1330, #1297 ) ) ;
#4128 = SURFACE_STYLE_FILL_AREA ( #8315 ) ;
#4129 = EDGE_LOOP ( 'NONE', ( #10792, #4820, #1032, #5121 ) ) ;
#4130 = CARTESIAN_POINT ( 'NONE',  ( 2.500000000000000000, 0.05000000000000000278, 0.3500000000000002554 ) ) ;
#4131 = EDGE_CURVE ( 'NONE', #517, #5390, #8774, .T. ) ;
#4132 = PLANE ( 'NONE',  #9553 ) ;
#4133 = CARTESIAN_POINT ( 'NONE',  ( 1.725000000000000089, 1.569124839807742644, 2.799999999999999822 ) ) ;
#4134 = CARTESIAN_POINT ( 'NONE',  ( -0.2644746679040280157, 0.05000000000000000278, 1.469447731130226975 ) ) ;
#4135 = FACE_OUTER_BOUND ( 'NONE', #555, .T. ) ;
#4136 = CARTESIAN_POINT ( 'NONE',  ( 2.200000000000000178, 0.2000000000000000111, -1.800000000000000266 ) ) ;
#4137 = FACE_OUTER_BOUND ( 'NONE', #199, .T. ) ;
#4138 = VERTEX_POINT ( 'NONE', #9816 ) ;
#4139 = ORIENTED_EDGE ( 'NONE', *, *, #8557, .T. ) ;
#4140 = B_SPLINE_CURVE_WITH_KNOTS ( 'NONE', 3,
 ( #5542, #8919, #6757, #107 ),
 .UNSPECIFIED., .F., .F.,
 ( 4, 4 ),
 ( 0.000000000000000000, 1.000000000000000000 ),
 .UNSPECIFIED. ) ;
#4141 = ORIENTED_EDGE ( 'NONE', *, *, #6550, .F. ) ;
#4142 = CARTESIAN_POINT ( 'NONE',  ( 0.2500000000295548030, 0.2400000000684449353, 1.700000000000000178 ) ) ;
#4143 = EDGE_LOOP ( 'NONE', ( #10461, #5814, #6061, #6652 ) ) ;
#4144 = CARTESIAN_POINT ( 'NONE',  ( 3.000000000000000888, 0.9899999999999997691, 2.699999999999999734 ) ) ;
#4145 = VERTEX_POINT ( 'NONE', #8938 ) ;
#4146 = ADVANCED_FACE ( 'NONE', ( #3784 ), #3940, .F. ) ;
#4147 = VECTOR ( 'NONE', #8662, 1000.000000000000000 ) ;
#4148 = FILL_AREA_STYLE ('',( #5692 ) ) ;
#4149 = LINE ( 'NONE', #2501, #5383 ) ;
#4150 = CARTESIAN_POINT ( 'NONE',  ( 1.649999999999999911, 0.4000000000000001332, 0.5687499999999998668 ) ) ;
#4151 = EDGE_CURVE ( 'NONE', #8845, #5853, #5564, .T. ) ;
#4152 =( NAMED_UNIT ( * ) SI_UNIT ( $, .STERADIAN. ) SOLID_ANGLE_UNIT ( ) );
#4153 =( NAMED_UNIT ( * ) SI_UNIT ( $, .STERADIAN. ) SOLID_ANGLE_UNIT ( ) );
#4154 = VECTOR ( 'NONE', #6466, 1000.000000000000000 ) ;
#4155 = LINE ( 'NONE', #5916, #411 ) ;
#4156 = ORIENTED_EDGE ( 'NONE', *, *, #5849, .T. ) ;
#4157 = ORIENTED_EDGE ( 'NONE', *, *, #8605, .T. ) ;
#4158 = ORIENTED_EDGE ( 'NONE', *, *, #5777, .F. ) ;
#4159 = LINE ( 'NONE', #2508, #6812 ) ;
#4160 = VERTEX_POINT ( 'NONE', #8099 ) ;
#4161 = PRESENTATION_STYLE_ASSIGNMENT (( #8460 ) ) ;
#4162 =( GEOMETRIC_REPRESENTATION_CONTEXT ( 3 ) GLOBAL_UNCERTAINTY_ASSIGNED_CONTEXT ( ( #4326 ) ) GLOBAL_UNIT_ASSIGNED_CONTEXT ( ( #6277, #9699, #10619 ) ) REPRESENTATION_CONTEXT ( 'NONE', 'WORKASPACE' ) );
#4163 = ADVANCED_FACE ( 'NONE', ( #1437 ), #7275, .F. ) ;
#4164 = EDGE_CURVE ( 'NONE', #4797, #1828, #1498, .T. ) ;
#4165 = EDGE_CURVE ( 'NONE', #5290, #7099, #6231, .T. ) ;
#4166 = LINE ( 'NONE', #5666, #7428 ) ;
#4167 = CARTESIAN_POINT ( 'NONE',  ( 1.738842411587514292, 0.9899241560024736319, 2.969137869455384493 ) ) ;
#4168 = EDGE_CURVE ( 'NONE', #1226, #10481, #8667, .T. ) ;
#4169 = STYLED_ITEM ( 'NONE', ( #5367 ), #8781 ) ;
#4170 = SURFACE_STYLE_USAGE ( .BOTH. , #5881 ) ;
#4172 = CYLINDRICAL_SURFACE ( 'NONE', #2391, 0.1000000000000002554 ) ;
#4171 = CARTESIAN_POINT ( 'NONE',  ( -3.207110692211502467, 1.607893289865765629, -1.489148942388642149 ) ) ;
#4173 = DIRECTION ( 'NONE',  ( -1.314184451497580618E-15, 0.9974881498328390661, -0.07083354391148032059 ) ) ;
#4174 = DIRECTION ( 'NONE',  ( 0.1031413735657398523, 0.6995440351107095056, 0.7071067811865467956 ) ) ;
#4175 = VECTOR ( 'NONE', #4662, 1000.000000000000000 ) ;
#4176 = ORIENTED_EDGE ( 'NONE', *, *, #3190, .T. ) ;
#4177 = EDGE_CURVE ( 'NONE', #3622, #4359, #4087, .T. ) ;
#4178 = EDGE_CURVE ( 'NONE', #7426, #1430, #841, .T. ) ;
#4179 = DIRECTION ( 'NONE',  ( 0.000000000000000000, 0.000000000000000000, -1.000000000000000000 ) ) ;
#4180 = CARTESIAN_POINT ( 'NONE',  ( 2.549999999999999822, 0.2000000000000000111, 1.600000000000000533 ) ) ;
#4181 = STYLED_ITEM ( 'NONE', ( #2573 ), #9563 ) ;
#4182 = CARTESIAN_POINT ( 'NONE',  ( -0.2499999999999999445, 0.4000000000000000777, 0.6000000000000000888 ) ) ;
#4183 = EDGE_LOOP ( 'NONE', ( #3281, #9116, #4506, #1520 ) ) ;
#4184 = ORIENTED_EDGE ( 'NONE', *, *, #3778, .F. ) ;
#4185 = DIRECTION ( 'NONE',  ( -0.000000000000000000, -0.9974881498328389551, 0.07083354391148079243 ) ) ;
#4186 = ORIENTED_EDGE ( 'NONE', *, *, #10745, .T. ) ;
#4187 = VECTOR ( 'NONE', #9303, 1000.000000000000000 ) ;
#4188 = MECHANICAL_DESIGN_GEOMETRIC_PRESENTATION_REPRESENTATION (  '', ( #4025 ), #8225 ) ;
#4189 = FACE_BOUND ( 'NONE', #401, .T. ) ;
#4190 = CARTESIAN_POINT ( 'NONE',  ( 0.8000000000000002665, 0.000000000000000000, 2.699999999999999734 ) ) ;
#4191 = DIRECTION ( 'NONE',  ( 1.000000000000000000, 0.000000000000000000, 0.000000000000000000 ) ) ;
#4192 = PLANE ( 'NONE',  #8652 ) ;
#4193 = CARTESIAN_POINT ( 'NONE',  ( 2.299999999999999822, 0.6266188539326301710, -2.902113346721674425 ) ) ;
#4194 = VECTOR ( 'NONE', #6750, 1000.000000000000227 ) ;
#4195 = FACE_OUTER_BOUND ( 'NONE', #4588, .T. ) ;
#4196 = EDGE_LOOP ( 'NONE', ( #2807, #4627, #10313, #10252 ) ) ;
#4197 = ORIENTED_EDGE ( 'NONE', *, *, #10110, .F. ) ;
#4198 = VECTOR ( 'NONE', #2891, 1000.000000000000000 ) ;
#4199 = UNCERTAINTY_MEASURE_WITH_UNIT (LENGTH_MEASURE( 1.000000000000000082E-05 ), #7418, 'distance_accuracy_value', 'NONE');
#4200 = ORIENTED_EDGE ( 'NONE', *, *, #4735, .T. ) ;
#4201 = LINE ( 'NONE', #4101, #1450 ) ;
#4202 = VERTEX_POINT ( 'NONE', #9108 ) ;
#4203 = ADVANCED_FACE ( 'NONE', ( #9267 ), #9974, .T. ) ;
#4204 = ORIENTED_EDGE ( 'NONE', *, *, #8649, .T. ) ;
#4205 = MECHANICAL_DESIGN_GEOMETRIC_PRESENTATION_REPRESENTATION (  '', ( #2320 ), #5965 ) ;
#4206 =( NAMED_UNIT ( * ) PLANE_ANGLE_UNIT ( ) SI_UNIT ( $, .RADIAN. ) );
#4207 = AXIS2_PLACEMENT_3D ( 'NONE', #6270, #9639, #2082 ) ;
#4208 = CARTESIAN_POINT ( 'NONE',  ( 3.101604300710384621, 1.300000000000000266, -1.200000000000053912 ) ) ;
#4209 = FACE_OUTER_BOUND ( 'NONE', #21, .T. ) ;
#4210 = CARTESIAN_POINT ( 'NONE',  ( 1.670229291564363727, 1.800000000000000711, 0.9429951757517157640 ) ) ;
#4211 = CARTESIAN_POINT ( 'NONE',  ( -1.750000000000000222, 0.9791474364206997905, 2.819525418635504099 ) ) ;
#4212 = CARTESIAN_POINT ( 'NONE',  ( -0.2500000000000002776, 0.3999999999999999667, -0.6000000000000000888 ) ) ;
#4213 = ORIENTED_EDGE ( 'NONE', *, *, #10173, .T. ) ;
#4214 = AXIS2_PLACEMENT_3D ( 'NONE', #6758, #10111, #7323 ) ;
#4215 = ORIENTED_EDGE ( 'NONE', *, *, #4361, .T. ) ;
#4216 = ORIENTED_EDGE ( 'NONE', *, *, #2129, .F. ) ;
#4217 = DIRECTION ( 'NONE',  ( 0.000000000000000000, 0.5299989400031790421, -0.8479983040050885768 ) ) ;
#4218 = DIRECTION ( 'NONE',  ( 0.000000000000000000, 0.000000000000000000, -1.000000000000000000 ) ) ;
#4219 = VERTEX_POINT ( 'NONE', #4190 ) ;
#4220 = VECTOR ( 'NONE', #174, 1000.000000000000000 ) ;
#4221 = DIRECTION ( 'NONE',  ( 3.373073425510469502E-15, 0.000000000000000000, 1.000000000000000000 ) ) ;
#4222 = DIRECTION ( 'NONE',  ( 1.000000000000000000, 0.000000000000000000, 0.000000000000000000 ) ) ;
#4223 = AXIS2_PLACEMENT_3D ( 'NONE', #9183, #1676, #6572 ) ;
#4224 = CARTESIAN_POINT ( 'NONE',  ( 3.100000000000000977, 1.649999999999999911, 2.500000000000000444 ) ) ;
#4225 = AXIS2_PLACEMENT_3D ( 'NONE', #3805, #1575, #3859 ) ;
#4226 = FACE_OUTER_BOUND ( 'NONE', #7748, .T. ) ;
#4228 = CARTESIAN_POINT ( 'NONE',  ( -3.299999999999999822, 0.7661623507412476108, -4.500000000000001776 ) ) ;
#4227 = CARTESIAN_POINT ( 'NONE',  ( -0.8000000000000000444, 1.649999999999999911, 2.700000000000000178 ) ) ;
#4229 = CARTESIAN_POINT ( 'NONE',  ( 5.000000000000000888, 0.000000000000000000, -2.699999999999999734 ) ) ;
#4230 = CARTESIAN_POINT ( 'NONE',  ( -9.901648023587490550E-17, 1.800000000000000266, 1.899999999999999911 ) ) ;
#4231 = DIRECTION ( 'NONE',  ( 0.000000000000000000, -0.7071067811865505703, -0.7071067811865444641 ) ) ;
#4232 = PRODUCT_RELATED_PRODUCT_CATEGORY ( 'part', '', ( #6566 ) ) ;
#4233 = EDGE_CURVE ( 'NONE', #1989, #4471, #7953, .T. ) ;
#4234 = VECTOR ( 'NONE', #1062, 1000.000000000000000 ) ;
#4235 = EDGE_CURVE ( 'NONE', #5503, #3414, #900, .T. ) ;
#4236 = LINE ( 'NONE', #4290, #5976 ) ;
#4237 = ORIENTED_EDGE ( 'NONE', *, *, #5907, .F. ) ;
#4238 = EDGE_CURVE ( 'NONE', #5242, #8801, #1548, .T. ) ;
#4239 =( NAMED_UNIT ( * ) PLANE_ANGLE_UNIT ( ) SI_UNIT ( $, .RADIAN. ) );
#4240 = CARTESIAN_POINT ( 'NONE',  ( -2.943344128593647913, 1.630355538519311587, -2.809763107293780759 ) ) ;
#4241 = CARTESIAN_POINT ( 'NONE',  ( 2.899999999999999467, 1.639999999999999902, -2.799999999999997602 ) ) ;
#4242 = CARTESIAN_POINT ( 'NONE',  ( 2.299999999999999378, 0.9900000000000056533, -2.969132483627864083 ) ) ;
#4243 = ORIENTED_EDGE ( 'NONE', *, *, #1011, .T. ) ;
#4244 = B_SPLINE_CURVE_WITH_KNOTS ( 'NONE', 3,
 ( #5990, #9361, #5156, #4445, #4647, #6305 ),
 .UNSPECIFIED., .F., .F.,
 ( 4, 2, 4 ),
 ( 0.000000000000000000, 0.5000000000000000000, 1.000000000000000000 ),
 .UNSPECIFIED. ) ;
#4245 = CARTESIAN_POINT ( 'NONE',  ( 3.232597679844643856, 0.3730819044509719462, 1.599999999999999423 ) ) ;
#4246 = EDGE_CURVE ( 'NONE', #7894, #8765, #9420, .T. ) ;
#4247 = VERTEX_POINT ( 'NONE', #8319 ) ;
#4248 = VECTOR ( 'NONE', #9614, 1000.000000000000000 ) ;
#4249 = CARTESIAN_POINT ( 'NONE',  ( -3.000000000000000888, 0.2000000000000003164, -2.900000000000000355 ) ) ;
#4250 = LINE ( 'NONE', #5233, #9032 ) ;
#4251 = LINE ( 'NONE', #7761, #7704 ) ;
#4252 = DIRECTION ( 'NONE',  ( -0.8682431421244595215, 0.000000000000000000, -0.4961389383568331479 ) ) ;
#4253 = CARTESIAN_POINT ( 'NONE',  ( 1.868750000000000133, 0.4000000000000001332, 0.5687499999999998668 ) ) ;
#4254 = CARTESIAN_POINT ( 'NONE',  ( 1.850000000000000089, 0.9899999999999999911, -2.700000000000001066 ) ) ;
#4255 = CARTESIAN_POINT ( 'NONE',  ( 2.899999999999999467, 1.639999999999999902, -2.900000000000001243 ) ) ;
#4256 = ORIENTED_EDGE ( 'NONE', *, *, #1900, .F. ) ;
#4257 = ORIENTED_EDGE ( 'NONE', *, *, #8899, .F. ) ;
#4258 = ORIENTED_EDGE ( 'NONE', *, *, #10137, .F. ) ;
#4259 =( NAMED_UNIT ( * ) PLANE_ANGLE_UNIT ( ) SI_UNIT ( $, .RADIAN. ) );
#4260 = ORIENTED_EDGE ( 'NONE', *, *, #5638, .T. ) ;
#4261 = PLANE ( 'NONE',  #3224 ) ;
#4262 = ORIENTED_EDGE ( 'NONE', *, *, #6656, .T. ) ;
#4263 = CARTESIAN_POINT ( 'NONE',  ( 0.2500000000229193886, 0.2400000000000000466, 1.631175148780815931 ) ) ;
#4264 = FILL_AREA_STYLE_COLOUR ( '', #6802 ) ;
#4265 = DIRECTION ( 'NONE',  ( 0.9856151131419451650, 0.1690054695747762459, 0.000000000000000000 ) ) ;
#4266 = VECTOR ( 'NONE', #3559, 1000.000000000000000 ) ;
#4267 = CYLINDRICAL_SURFACE ( 'NONE', #5422, 0.1499999999999990785 ) ;
#4268 = VECTOR ( 'NONE', #3818, 1000.000000000000114 ) ;
#4269 = ADVANCED_FACE ( 'NONE', ( #6551 ), #4132, .T. ) ;
#4270 = CARTESIAN_POINT ( 'NONE',  ( 0.8000000000000001554, 1.649999999999999911, 2.700000000000000178 ) ) ;
#4271 = VERTEX_POINT ( 'NONE', #72 ) ;
#4272 = B_SPLINE_CURVE_WITH_KNOTS ( 'NONE', 3,
 ( #9254, #7640, #1098, #3646 ),
 .UNSPECIFIED., .F., .F.,
 ( 4, 4 ),
 ( 0.000000000000000000, 1.000000000000000000 ),
 .UNSPECIFIED. ) ;
#4273 = ORIENTED_EDGE ( 'NONE', *, *, #4493, .F. ) ;
#4274 = ORIENTED_EDGE ( 'NONE', *, *, #5109, .T. ) ;
#4275 = ORIENTED_EDGE ( 'NONE', *, *, #10783, .F. ) ;
#4276 = DIRECTION ( 'NONE',  ( -1.000000000000000000, 0.000000000000000000, 0.000000000000000000 ) ) ;
#4277 = VECTOR ( 'NONE', #9686, 1000.000000000000000 ) ;
#4278 = SURFACE_STYLE_USAGE ( .BOTH. , #6481 ) ;
#4279 = LINE ( 'NONE', #7523, #7326 ) ;
#4280 = ORIENTED_EDGE ( 'NONE', *, *, #7321, .F. ) ;
#4281 = EDGE_CURVE ( 'NONE', #1279, #6021, #6366, .T. ) ;
#4282 = DIRECTION ( 'NONE',  ( 1.000000000000000000, 0.000000000000000000, 0.000000000000000000 ) ) ;
#4284 = CARTESIAN_POINT ( 'NONE',  ( -1.849999999999999423, 1.640999999999999792, -2.800000000000001155 ) ) ;
#4283 = PLANE ( 'NONE',  #3817 ) ;
#4285 = CARTESIAN_POINT ( 'NONE',  ( -2.951186080913201337, 1.449763107293779330, -2.990235275324108599 ) ) ;
#4286 = PLANE ( 'NONE',  #9 ) ;
#4287 = B_SPLINE_CURVE_WITH_KNOTS ( 'NONE', 3,
 ( #531, #426, #4489, #2123, #9731, #9622 ),
 .UNSPECIFIED., .F., .F.,
 ( 4, 2, 4 ),
 ( 0.000000000000000000, 0.5000000000000000000, 1.000000000000000000 ),
 .UNSPECIFIED. ) ;
#4288 = VECTOR ( 'NONE', #3288, 1000.000000000000114 ) ;
#4289 = CARTESIAN_POINT ( 'NONE',  ( -1.849999999999999201, 0.9899999999999999911, -2.700000000000001510 ) ) ;
#4290 = CARTESIAN_POINT ( 'NONE',  ( -2.899999999999999467, 1.439999999999997504, -3.000000000000000000 ) ) ;
#4291 = ORIENTED_EDGE ( 'NONE', *, *, #3254, .F. ) ;
#4292 = FILL_AREA_STYLE ('',( #7699 ) ) ;
#4293 = EDGE_CURVE ( 'NONE', #979, #5129, #6495, .T. ) ;
#4294 = CARTESIAN_POINT ( 'NONE',  ( -2.983308966104007531, 1.598112390133303640, -2.841886566132183933 ) ) ;
#4295 = EDGE_CURVE ( 'NONE', #7828, #5958, #2645, .T. ) ;
#4296 = CARTESIAN_POINT ( 'NONE',  ( -1.821402008895268487, -7.856804290284272518, -4.500000000000001776 ) ) ;
#4297 = DIRECTION ( 'NONE',  ( 0.000000000000000000, 0.000000000000000000, -1.000000000000000000 ) ) ;
#4298 = FACE_OUTER_BOUND ( 'NONE', #8825, .T. ) ;
#4299 = ORIENTED_EDGE ( 'NONE', *, *, #9162, .T. ) ;
#4300 = LINE ( 'NONE', #3391, #1419 ) ;
#4301 = VERTEX_POINT ( 'NONE', #173 ) ;
#4302 = EDGE_CURVE ( 'NONE', #969, #9460, #1089, .T. ) ;
#4303 = CARTESIAN_POINT ( 'NONE',  ( -2.275444008190515177, 0.6434831302162200561, -2.754682371836739918 ) ) ;
#4304 = EDGE_CURVE ( 'NONE', #6615, #3883, #4250, .T. ) ;
#4305 = EDGE_CURVE ( 'NONE', #2672, #9769, #10471, .T. ) ;
#4306 = CARTESIAN_POINT ( 'NONE',  ( -2.999999999999999556, 1.505456792172400915, 2.934543207827597033 ) ) ;
#4307 = FILL_AREA_STYLE_COLOUR ( '', #5619 ) ;
#4308 = LINE ( 'NONE', #8547, #4928 ) ;
#4309 = ORIENTED_EDGE ( 'NONE', *, *, #2467, .T. ) ;
#4310 = ORIENTED_EDGE ( 'NONE', *, *, #4177, .F. ) ;
#4311 = UNCERTAINTY_MEASURE_WITH_UNIT (LENGTH_MEASURE( 1.000000000000000082E-05 ), #5348, 'distance_accuracy_value', 'NONE');
#4312 = ORIENTED_EDGE ( 'NONE', *, *, #518, .F. ) ;
#4313 =( LENGTH_UNIT ( ) NAMED_UNIT ( * ) SI_UNIT ( .MILLI., .METRE. ) );
#4314 = EDGE_LOOP ( 'NONE', ( #1052, #3687, #5195, #6728 ) ) ;
#4315 = CARTESIAN_POINT ( 'NONE',  ( 3.000000000000000444, 0.2000000000000000111, 2.400000000000001243 ) ) ;
#4316 = ORIENTED_EDGE ( 'NONE', *, *, #4996, .T. ) ;
#4317 = EDGE_CURVE ( 'NONE', #8069, #6217, #5175, .T. ) ;
#4318 = DIRECTION ( 'NONE',  ( -0.9993908270190958731, -0.03489949670249432867, 0.000000000000000000 ) ) ;
#4319 = SURFACE_SIDE_STYLE ('',( #9988 ) ) ;
#4320 = DIRECTION ( 'NONE',  ( -0.1660101621116044646, 0.06985066062633371597, 0.9836470460921150627 ) ) ;
#4321 = CARTESIAN_POINT ( 'NONE',  ( 1.766485034026790357, 0.9893483593578136226, -2.966396577844844895 ) ) ;
#4322 = LINE ( 'NONE', #10151, #2140 ) ;
#4323 = B_SPLINE_CURVE_WITH_KNOTS ( 'NONE', 3,
 ( #6634, #765, #8179, #4074, #50, #8300 ),
 .UNSPECIFIED., .F., .F.,
 ( 4, 2, 4 ),
 ( 0.000000000000000000, 0.5000000000000000000, 1.000000000000000000 ),
 .UNSPECIFIED. ) ;
#4324 = CARTESIAN_POINT ( 'NONE',  ( 0.8000000000000000444, 1.650000000000000577, 2.701230555323605120 ) ) ;
#4325 = EDGE_LOOP ( 'NONE', ( #9103, #6578, #8010, #2826, #2404, #2388, #1611 ) ) ;
#4326 = UNCERTAINTY_MEASURE_WITH_UNIT (LENGTH_MEASURE( 1.000000000000000082E-05 ), #6277, 'distance_accuracy_value', 'NONE');
#4327 = VERTEX_POINT ( 'NONE', #234 ) ;
#4328 = ORIENTED_EDGE ( 'NONE', *, *, #8743, .F. ) ;
#4329 = CARTESIAN_POINT ( 'NONE',  ( -1.949999999999999956, 0.2000000000000000111, 1.800000000000000266 ) ) ;
#4330 = CARTESIAN_POINT ( 'NONE',  ( -2.999999999999999112, 0.000000000000000000, -4.500000000000001776 ) ) ;
#4331 = ORIENTED_EDGE ( 'NONE', *, *, #6103, .F. ) ;
#4332 = DIRECTION ( 'NONE',  ( -0.000000000000000000, -0.000000000000000000, -1.000000000000000000 ) ) ;
#4333 = AXIS2_PLACEMENT_3D ( 'NONE', #4932, #6632, #936 ) ;
#4334 = CARTESIAN_POINT ( 'NONE',  ( -1.399999999999999911, 1.551862865526314250, -2.801828480139958888 ) ) ;
#4335 = ORIENTED_EDGE ( 'NONE', *, *, #6849, .F. ) ;
#4336 = CARTESIAN_POINT ( 'NONE',  ( -2.550000000000002487, 0.2000000000000000111, -1.599999999999999867 ) ) ;
#4337 = CARTESIAN_POINT ( 'NONE',  ( 1.399999999999999911, 1.551862865526314250, 2.801828480139958888 ) ) ;
#4338 = LINE ( 'NONE', #1800, #3323 ) ;
#4339 = CARTESIAN_POINT ( 'NONE',  ( -1.724999999999999867, 0.9793749684132778688, 2.819509261152939761 ) ) ;
#4340 = AXIS2_PLACEMENT_3D ( 'NONE', #10565, #2307, #6378 ) ;
#4341 =( NAMED_UNIT ( * ) SI_UNIT ( $, .STERADIAN. ) SOLID_ANGLE_UNIT ( ) );
#4342 = ORIENTED_EDGE ( 'NONE', *, *, #6214, .F. ) ;
#4343 = VECTOR ( 'NONE', #4502, 1000.000000000000000 ) ;
#4344 = CARTESIAN_POINT ( 'NONE',  ( 1.750000000000000222, 1.006666666666666599, -2.800000000000000266 ) ) ;
#4345 =( LENGTH_UNIT ( ) NAMED_UNIT ( * ) SI_UNIT ( .MILLI., .METRE. ) );
#4346 = CARTESIAN_POINT ( 'NONE',  ( 2.899999999999999467, 1.639999999999999902, -2.799999999999999378 ) ) ;
#4347 = AXIS2_PLACEMENT_3D ( 'NONE', #1514, #9775, #1404 ) ;
#4348 = AXIS2_PLACEMENT_3D ( 'NONE', #1682, #3310, #5028 ) ;
#4349 = DIRECTION ( 'NONE',  ( -0.000000000000000000, -1.000000000000000000, -0.000000000000000000 ) ) ;
#4350 = ORIENTED_EDGE ( 'NONE', *, *, #1161, .F. ) ;
#4351 = LINE ( 'NONE', #7708, #8585 ) ;
#4352 = ORIENTED_EDGE ( 'NONE', *, *, #310, .T. ) ;
#4353 = CARTESIAN_POINT ( 'NONE',  ( 1.797801334123673156, 1.650000000000000355, -2.710777309639019084 ) ) ;
#4354 = STYLED_ITEM ( 'NONE', ( #9756 ), #9098 ) ;
#4355 = CARTESIAN_POINT ( 'NONE',  ( -0.7297918222780965802, 1.649999999999999911, 1.754329820263843764 ) ) ;
#4356 = CARTESIAN_POINT ( 'NONE',  ( -3.099999999999985878, 1.649999999999999911, -2.699999999999999734 ) ) ;
#4357 = PRESENTATION_STYLE_ASSIGNMENT (( #5126 ) ) ;
#4358 = CARTESIAN_POINT ( 'NONE',  ( 3.250000000000001332, 1.321879589400769328, 1.200000000000025047 ) ) ;
#4359 = VERTEX_POINT ( 'NONE', #3560 ) ;
#4360 = EDGE_LOOP ( 'NONE', ( #4033, #1285, #10363, #2009 ) ) ;
#4361 = EDGE_CURVE ( 'NONE', #2904, #9176, #2199, .T. ) ;
#4362 = ORIENTED_EDGE ( 'NONE', *, *, #518, .T. ) ;
#4363 = EDGE_CURVE ( 'NONE', #1021, #8332, #7147, .T. ) ;
#4364 = CARTESIAN_POINT ( 'NONE',  ( -2.299999999999999822, 0.9829864320293227875, 2.876807002484928599 ) ) ;
#4365 = PRESENTATION_LAYER_ASSIGNMENT (  '', '', ( #2482 ) ) ;
#4366 = ORIENTED_EDGE ( 'NONE', *, *, #7670, .T. ) ;
#4367 = EDGE_CURVE ( 'NONE', #1707, #1826, #6328, .T. ) ;
#4368 = ORIENTED_EDGE ( 'NONE', *, *, #6958, .F. ) ;
#4369 = SHAPE_REPRESENTATION ( 'EVQQ2-DHMSW2-03W_2', ( #4552 ), #6825 ) ;
#4370 = ADVANCED_FACE ( 'NONE', ( #10510 ), #5498, .F. ) ;
#4371 = CARTESIAN_POINT ( 'NONE',  ( -1.950000000000000622, 0.2000000000000000111, -2.400000000000001243 ) ) ;
#4372 = CARTESIAN_POINT ( 'NONE',  ( -3.060966364800982387, 1.575621941824485228, 1.478601680989350298 ) ) ;
#4373 = PLANE ( 'NONE',  #5075 ) ;
#4374 = CARTESIAN_POINT ( 'NONE',  ( 5.000000000000000888, 0.000000000000000000, -0.9999999999999991118 ) ) ;
#4375 = CARTESIAN_POINT ( 'NONE',  ( -2.999999999999999112, 0.2000000000000000111, 0.000000000000000000 ) ) ;
#4376 =( LENGTH_UNIT ( ) NAMED_UNIT ( * ) SI_UNIT ( .MILLI., .METRE. ) );
#4377 = VERTEX_POINT ( 'NONE', #7924 ) ;
#4378 = VERTEX_POINT ( 'NONE', #1425 ) ;
#4379 = LINE ( 'NONE', #10316, #7867 ) ;
#4380 = EDGE_CURVE ( 'NONE', #4359, #9395, #551, .T. ) ;
#4381 = CARTESIAN_POINT ( 'NONE',  ( -3.035474657216254979, 0.4068829983659270066, 1.599999999999999867 ) ) ;
#4382 = EDGE_LOOP ( 'NONE', ( #1028, #7497, #6192, #9441 ) ) ;
#4383 = MECHANICAL_DESIGN_GEOMETRIC_PRESENTATION_REPRESENTATION (  '', ( #3006 ), #5258 ) ;
#4384 = FILL_AREA_STYLE_COLOUR ( '', #1664 ) ;
#4385 = ADVANCED_FACE ( 'NONE', ( #10563 ), #9697, .T. ) ;
#4386 = CARTESIAN_POINT ( 'NONE',  ( -3.099999999999985878, 1.800000000000000488, -2.799999999999998934 ) ) ;
#4387 =( LENGTH_UNIT ( ) NAMED_UNIT ( * ) SI_UNIT ( .MILLI., .METRE. ) );
#4388 = VERTEX_POINT ( 'NONE', #9643 ) ;
#4389 =( GEOMETRIC_REPRESENTATION_CONTEXT ( 3 ) GLOBAL_UNCERTAINTY_ASSIGNED_CONTEXT ( ( #7837 ) ) GLOBAL_UNIT_ASSIGNED_CONTEXT ( ( #8505, #8451, #10148 ) ) REPRESENTATION_CONTEXT ( 'NONE', 'WORKASPACE' ) );
#4390 =( LENGTH_UNIT ( ) NAMED_UNIT ( * ) SI_UNIT ( .MILLI., .METRE. ) );
#4392 = LINE ( 'NONE', #268, #3945 ) ;
#4391 = PRESENTATION_STYLE_ASSIGNMENT (( #102 ) ) ;
#4393 = CARTESIAN_POINT ( 'NONE',  ( -1.750000000000000444, 0.9895449360148430573, -2.969164798592990984 ) ) ;
#4394 = VECTOR ( 'NONE', #5408, 1000.000000000000114 ) ;
#4395 = CARTESIAN_POINT ( 'NONE',  ( -3.164445200455194396, 1.706442895848813368, 1.499999999999999112 ) ) ;
#4396 = EDGE_LOOP ( 'NONE', ( #3508, #241, #3633, #3363, #3014 ) ) ;
#4397 = SURFACE_STYLE_FILL_AREA ( #1100 ) ;
#4398 = VECTOR ( 'NONE', #9110, 1000.000000000000000 ) ;
#4399 = CARTESIAN_POINT ( 'NONE',  ( -3.035474657216254979, 0.4068829983659273952, -1.750000000000000888 ) ) ;
#4400 = VERTEX_POINT ( 'NONE', #2087 ) ;
#4401 = CARTESIAN_POINT ( 'NONE',  ( -0.2500000000000000555, 0.3999999999999999667, -0.9000000000000004663 ) ) ;
#4402 = CARTESIAN_POINT ( 'NONE',  ( -2.965718182652216761, 1.615450177549796251, -2.824560316785919678 ) ) ;
#4403 = MECHANICAL_DESIGN_GEOMETRIC_PRESENTATION_REPRESENTATION (  '', ( #766 ), #9336 ) ;
#4404 = EDGE_CURVE ( 'NONE', #10758, #3526, #6376, .T. ) ;
#4405 = VECTOR ( 'NONE', #9006, 1000.000000000000000 ) ;
#4406 = LINE ( 'NONE', #953, #2967 ) ;
#4407 = VERTEX_POINT ( 'NONE', #1375 ) ;
#4408 = ORIENTED_EDGE ( 'NONE', *, *, #3057, .T. ) ;
#4409 = COLOUR_RGB ( '',0.6470588235294117974, 0.6196078431372549211, 0.5882352941176470784 ) ;
#4410 = CARTESIAN_POINT ( 'NONE',  ( 1.750000000000000222, 1.650000000000000355, -2.799999999999999822 ) ) ;
#4411 = DIRECTION ( 'NONE',  ( 0.000000000000000000, 1.000000000000000000, -2.670717223410073261E-17 ) ) ;
#4412 = SURFACE_SIDE_STYLE ('',( #5062 ) ) ;
#4413 = EDGE_CURVE ( 'NONE', #8394, #10275, #4569, .T. ) ;
#4414 = CARTESIAN_POINT ( 'NONE',  ( 3.100000000000000977, 1.649999999999999911, 1.899999999999999911 ) ) ;
#4415 = EDGE_CURVE ( 'NONE', #5098, #161, #3924, .T. ) ;
#4416 = CARTESIAN_POINT ( 'NONE',  ( 0.3921082124561909299, 0.05000000000000001665, 1.478542808860453750 ) ) ;
#4417 = ORIENTED_EDGE ( 'NONE', *, *, #6311, .F. ) ;
#4418 = ORIENTED_EDGE ( 'NONE', *, *, #7755, .F. ) ;
#4419 = ORIENTED_EDGE ( 'NONE', *, *, #3297, .T. ) ;
#4420 = DIRECTION ( 'NONE',  ( -0.000000000000000000, -0.000000000000000000, -1.000000000000000000 ) ) ;
#4421 = EDGE_LOOP ( 'NONE', ( #919, #10463, #9300, #7543 ) ) ;
#4422 = ORIENTED_EDGE ( 'NONE', *, *, #2873, .F. ) ;
#4423 = LINE ( 'NONE', #2875, #3412 ) ;
#4424 = LINE ( 'NONE', #7061, #3693 ) ;
#4425 = CARTESIAN_POINT ( 'NONE',  ( -2.105618771419816238, 0.6146954311529773118, 2.349289854522854437 ) ) ;
#4426 = APPLICATION_PROTOCOL_DEFINITION ( 'draft international standard', 'automotive_design', 1998, #4767 ) ;
#4427 = ADVANCED_FACE ( 'NONE', ( #3009 ), #2144, .F. ) ;
#4428 = CARTESIAN_POINT ( 'NONE',  ( -1.399999999999999911, 1.189999999999999281, -2.808570668675935966 ) ) ;
#4429 = LINE ( 'NONE', #7788, #742 ) ;
#4430 =( GEOMETRIC_REPRESENTATION_CONTEXT ( 3 ) GLOBAL_UNCERTAINTY_ASSIGNED_CONTEXT ( ( #1951 ) ) GLOBAL_UNIT_ASSIGNED_CONTEXT ( ( #7796, #5313, #6195 ) ) REPRESENTATION_CONTEXT ( 'NONE', 'WORKASPACE' ) );
#4431 = ADVANCED_FACE ( 'NONE', ( #8818 ), #10406, .T. ) ;
#4432 = ORIENTED_EDGE ( 'NONE', *, *, #10500, .T. ) ;
#4433 = UNCERTAINTY_MEASURE_WITH_UNIT (LENGTH_MEASURE( 1.000000000000000082E-05 ), #7501, 'distance_accuracy_value', 'NONE');
#4434 = ORIENTED_EDGE ( 'NONE', *, *, #1703, .F. ) ;
#4435 = EDGE_CURVE ( 'NONE', #5978, #10300, #496, .T. ) ;
#4436 = FACE_OUTER_BOUND ( 'NONE', #7631, .T. ) ;
#4437 = ORIENTED_EDGE ( 'NONE', *, *, #6713, .T. ) ;
#4438 = CARTESIAN_POINT ( 'NONE',  ( -2.275444008190515177, 0.9726542196610570290, -2.731307302345951538 ) ) ;
#4439 =( GEOMETRIC_REPRESENTATION_CONTEXT ( 3 ) GLOBAL_UNCERTAINTY_ASSIGNED_CONTEXT ( ( #10475 ) ) GLOBAL_UNIT_ASSIGNED_CONTEXT ( ( #6257, #484, #3100 ) ) REPRESENTATION_CONTEXT ( 'NONE', 'WORKASPACE' ) );
#4440 = AXIS2_PLACEMENT_3D ( 'NONE', #7937, #5845, #8432 ) ;
#4441 = SURFACE_STYLE_USAGE ( .BOTH. , #3746 ) ;
#4442 = CARTESIAN_POINT ( 'NONE',  ( -0.2986737760931168495, 1.800000000000000711, 1.883324721502327437 ) ) ;
#4443 = DIRECTION ( 'NONE',  ( -0.5299989400031804854, 0.8479983040050876886, 0.000000000000000000 ) ) ;
#4444 = ADVANCED_FACE ( 'NONE', ( #9802 ), #9589, .T. ) ;
#4445 = CARTESIAN_POINT ( 'NONE',  ( 3.164445200455193952, 1.706442895848813590, 1.500000000000000222 ) ) ;
#4447 = CARTESIAN_POINT ( 'NONE',  ( -1.724999999999999867, 1.800000000000000488, 2.799999999999999822 ) ) ;
#4446 = LINE ( 'NONE', #1902, #8553 ) ;
#4448 = FACE_OUTER_BOUND ( 'NONE', #4907, .T. ) ;
#4449 = CARTESIAN_POINT ( 'NONE',  ( -3.092515106404898795, 1.769510837724638685, 1.499999999999998890 ) ) ;
#4450 = ORIENTED_EDGE ( 'NONE', *, *, #1395, .T. ) ;
#4451 = FACE_OUTER_BOUND ( 'NONE', #5755, .T. ) ;
#4452 = PRESENTATION_LAYER_ASSIGNMENT (  '', '', ( #4786 ) ) ;
#4453 = CARTESIAN_POINT ( 'NONE',  ( -3.099999999999985878, 1.800000000000000488, 2.799999999999999822 ) ) ;
#4454 = SURFACE_STYLE_FILL_AREA ( #432 ) ;
#4455 = CARTESIAN_POINT ( 'NONE',  ( -1.823820061220084554, 1.650000000000000577, 2.700000000000000178 ) ) ;
#4456 = CARTESIAN_POINT ( 'NONE',  ( -2.912371676056458636, 1.639999999999999680, -2.799999999999998490 ) ) ;
#4457 = VECTOR ( 'NONE', #1343, 1000.000000000000000 ) ;
#4458 = FACE_OUTER_BOUND ( 'NONE', #1747, .T. ) ;
#4459 =( NAMED_UNIT ( * ) PLANE_ANGLE_UNIT ( ) SI_UNIT ( $, .RADIAN. ) );
#4460 = VERTEX_POINT ( 'NONE', #7429 ) ;
#4461 = ORIENTED_EDGE ( 'NONE', *, *, #3421, .F. ) ;
#4462 = VECTOR ( 'NONE', #1341, 1000.000000000000000 ) ;
#4463 = CARTESIAN_POINT ( 'NONE',  ( 3.164620985312510015, 0.07719631184943058499, -2.400000000000000799 ) ) ;
#4464 = LINE ( 'NONE', #124, #10411 ) ;
#4465 = CARTESIAN_POINT ( 'NONE',  ( -2.957693958919882515, 1.458305826175838593, 2.981747856389754148 ) ) ;
#4466 = CARTESIAN_POINT ( 'NONE',  ( -1.749972624337438054, 0.9897492686847881860, 2.968821944913498267 ) ) ;
#4467 = ORIENTED_EDGE ( 'NONE', *, *, #5505, .T. ) ;
#4468 = VERTEX_POINT ( 'NONE', #4778 ) ;
#4469 = ORIENTED_EDGE ( 'NONE', *, *, #7124, .T. ) ;
#4470 = DIRECTION ( 'NONE',  ( 0.000000000000000000, 0.07083354391148109774, 0.9974881498328389551 ) ) ;
#4471 = VERTEX_POINT ( 'NONE', #772 ) ;
#4472 = EDGE_LOOP ( 'NONE', ( #9717, #6676, #10568, #2643 ) ) ;
#4473 = CARTESIAN_POINT ( 'NONE',  ( 1.850000000000000311, 1.640000000000000346, 2.700000000000000178 ) ) ;
#4474 = SURFACE_SIDE_STYLE ('',( #2816 ) ) ;
#4475 = CARTESIAN_POINT ( 'NONE',  ( 3.314333682014634075, 2.033147935050136912, -4.500000000000001776 ) ) ;
#4476 = CARTESIAN_POINT ( 'NONE',  ( 3.299999999999999378, 0.7661623507412514966, -2.400000000000000799 ) ) ;
#4477 = SURFACE_SIDE_STYLE ('',( #9560 ) ) ;
#4478 = LINE ( 'NONE', #5144, #5974 ) ;
#4479 = ORIENTED_EDGE ( 'NONE', *, *, #7741, .F. ) ;
#4480 = EDGE_LOOP ( 'NONE', ( #5754, #9050, #3624, #9744 ) ) ;
#4481 = CARTESIAN_POINT ( 'NONE',  ( -1.849999999999999645, 0.9899999999999999911, -2.700000000000001066 ) ) ;
#4482 = ORIENTED_EDGE ( 'NONE', *, *, #8946, .T. ) ;
#4483 = DIRECTION ( 'NONE',  ( 0.000000000000000000, -1.000000000000000000, 2.670717223410072953E-17 ) ) ;
#4484 = DIRECTION ( 'NONE',  ( -1.000000000000000000, 0.000000000000000000, 0.000000000000000000 ) ) ;
#4485 = ORIENTED_EDGE ( 'NONE', *, *, #3915, .F. ) ;
#4486 =( LENGTH_UNIT ( ) NAMED_UNIT ( * ) SI_UNIT ( .MILLI., .METRE. ) );
#4487 = DIRECTION ( 'NONE',  ( 1.000000000000000000, 0.000000000000000000, -2.891205793294684539E-15 ) ) ;
#4488 = DIRECTION ( 'NONE',  ( 0.000000000000000000, 0.000000000000000000, 1.000000000000000000 ) ) ;
#4489 = CARTESIAN_POINT ( 'NONE',  ( 3.293495644125304711, 0.1030071393478469849, -0.5892226903609816269 ) ) ;
#4490 = ORIENTED_EDGE ( 'NONE', *, *, #1863, .F. ) ;
#4491 = DIRECTION ( 'NONE',  ( -0.1458639293384594582, -0.9893046619307648282, 0.000000000000000000 ) ) ;
#4492 = ADVANCED_FACE ( 'NONE', ( #4079 ), #1539, .T. ) ;
#4493 = EDGE_CURVE ( 'NONE', #6855, #5329, #5607, .T. ) ;
#4494 = ADVANCED_FACE ( 'NONE', ( #3382 ), #831, .T. ) ;
#4495 = FILL_AREA_STYLE ('',( #5368 ) ) ;
#4496 = AXIS2_PLACEMENT_3D ( 'NONE', #2553, #8963, #4919 ) ;
#4497 = EDGE_CURVE ( 'NONE', #3883, #2668, #3330, .T. ) ;
#4498 = DIRECTION ( 'NONE',  ( 0.000000000000000000, -0.07083354391148195817, 0.9974881498328389551 ) ) ;
#4499 = VECTOR ( 'NONE', #10193, 1000.000000000000114 ) ;
#4500 = LINE ( 'NONE', #3807, #6639 ) ;
#4501 = DIRECTION ( 'NONE',  ( 1.000000000000000000, -0.000000000000000000, 0.000000000000000000 ) ) ;
#4502 = DIRECTION ( 'NONE',  ( -0.8682431421244599656, 0.000000000000000000, 0.4961389383568325373 ) ) ;
#4503 = FILL_AREA_STYLE_COLOUR ( '', #4409 ) ;
#4504 = PRESENTATION_LAYER_ASSIGNMENT (  '', '', ( #5724 ) ) ;
#4505 = CARTESIAN_POINT ( 'NONE',  ( 2.900000000000001243, 1.639999999999999680, -2.900000000000001243 ) ) ;
#4506 = ORIENTED_EDGE ( 'NONE', *, *, #6180, .T. ) ;
#4507 = VECTOR ( 'NONE', #2575, 1000.000000000000000 ) ;
#4508 = EDGE_CURVE ( 'NONE', #8570, #6667, #656, .T. ) ;
#4509 = ORIENTED_EDGE ( 'NONE', *, *, #5640, .T. ) ;
#4510 = AXIS2_PLACEMENT_3D ( 'NONE', #10115, #10340, #1168 ) ;
#4511 = EDGE_CURVE ( 'NONE', #9075, #8257, #9204, .T. ) ;
#4512 = CARTESIAN_POINT ( 'NONE',  ( 2.983712137607568593, 1.485320523505697876, 2.954977569564526618 ) ) ;
#4513 = LINE ( 'NONE', #2856, #1847 ) ;
#4514 = AXIS2_PLACEMENT_3D ( 'NONE', #2170, #7847, #3593 ) ;
#4515 = MECHANICAL_DESIGN_GEOMETRIC_PRESENTATION_REPRESENTATION (  '', ( #4677 ), #5750 ) ;
#4516 = FACE_OUTER_BOUND ( 'NONE', #10639, .T. ) ;
#4517 = CARTESIAN_POINT ( 'NONE',  ( 0.4368856012232915087, 0.05000000000000000278, 1.811673456241803759 ) ) ;
#4518 = FILL_AREA_STYLE_COLOUR ( '', #2090 ) ;
#4519 = VERTEX_POINT ( 'NONE', #10011 ) ;
#4520 = EDGE_LOOP ( 'NONE', ( #84, #254, #2718, #1182, #3061, #9446 ) ) ;
#4521 = VERTEX_POINT ( 'NONE', #9047 ) ;
#4522 = ORIENTED_EDGE ( 'NONE', *, *, #6580, .F. ) ;
#4523 = VECTOR ( 'NONE', #3337, 1000.000000000000000 ) ;
#4524 = ORIENTED_EDGE ( 'NONE', *, *, #66, .T. ) ;
#4525 = PRESENTATION_STYLE_ASSIGNMENT (( #1233 ) ) ;
#4526 = CARTESIAN_POINT ( 'NONE',  ( -1.399999999999999911, 0.5499999999999999334, -2.850000000000000089 ) ) ;
#4527 = DIRECTION ( 'NONE',  ( -0.000000000000000000, -1.000000000000000000, -0.000000000000000000 ) ) ;
#4528 = CARTESIAN_POINT ( 'NONE',  ( 0.000000000000000000, 0.000000000000000000, 0.000000000000000000 ) ) ;
#4529 = B_SPLINE_CURVE_WITH_KNOTS ( 'NONE', 3,
 ( #6007, #5054, #1814, #9379 ),
 .UNSPECIFIED., .F., .F.,
 ( 4, 4 ),
 ( 0.000000000000000000, 1.000000000000000000 ),
 .UNSPECIFIED. ) ;
#4530 = DIRECTION ( 'NONE',  ( 2.990902544787597113E-16, -0.000000000000000000, 1.000000000000000000 ) ) ;
#4531 = DIRECTION ( 'NONE',  ( 0.9860555265491623977, 0.000000000000000000, 0.1664166414811154293 ) ) ;
#4532 = PRESENTATION_LAYER_ASSIGNMENT (  '', '', ( #722 ) ) ;
#4533 = CARTESIAN_POINT ( 'NONE',  ( -1.849999999999999201, 1.650000000000000133, -2.700000000000001066 ) ) ;
#4534 = ORIENTED_EDGE ( 'NONE', *, *, #6367, .F. ) ;
#4535 = MECHANICAL_DESIGN_GEOMETRIC_PRESENTATION_REPRESENTATION (  '', ( #4542 ), #9834 ) ;
#4536 = EDGE_CURVE ( 'NONE', #8969, #7111, #7536, .T. ) ;
#4537 = UNCERTAINTY_MEASURE_WITH_UNIT (LENGTH_MEASURE( 1.000000000000000082E-05 ), #1266, 'distance_accuracy_value', 'NONE');
#4538 = EDGE_LOOP ( 'NONE', ( #9771, #4291, #10433, #6073, #8457, #3895, #4675, #5339, #10304, #10490, #10158 ) ) ;
#4539 = DIRECTION ( 'NONE',  ( -1.000000000000000000, 0.000000000000000000, -0.000000000000000000 ) ) ;
#4540 = ORIENTED_EDGE ( 'NONE', *, *, #9635, .T. ) ;
#4541 = LINE ( 'NONE', #4334, #3911 ) ;
#4542 = STYLED_ITEM ( 'NONE', ( #1901 ), #10558 ) ;
#4543 = CARTESIAN_POINT ( 'NONE',  ( 3.071387591998028911E-16, 1.800000000000000266, -1.899999999999999911 ) ) ;
#4544 = CARTESIAN_POINT ( 'NONE',  ( -1.399999999999999911, 1.120000000000003659, -2.959900934651531035 ) ) ;
#4545 = CARTESIAN_POINT ( 'NONE',  ( -1.749999999999999556, 1.640000000000000568, 2.799999999999999822 ) ) ;
#4546 = DIRECTION ( 'NONE',  ( -0.1660101621115962489, 0.06985066062633384087, -0.9836470460921165060 ) ) ;
#4547 = VECTOR ( 'NONE', #2889, 1000.000000000000000 ) ;
#4548 = DIRECTION ( 'NONE',  ( 0.000000000000000000, -0.000000000000000000, 1.000000000000000000 ) ) ;
#4549 = AXIS2_PLACEMENT_3D ( 'NONE', #8175, #5761, #5880 ) ;
#4550 = ORIENTED_EDGE ( 'NONE', *, *, #2944, .T. ) ;
#4551 = PLANE ( 'NONE',  #9281 ) ;
#4552 = AXIS2_PLACEMENT_3D ( 'NONE', #2656, #3517, #5082 ) ;
#4553 = DIRECTION ( 'NONE',  ( 0.000000000000000000, 1.000000000000000000, 0.000000000000000000 ) ) ;
#4554 = VECTOR ( 'NONE', #10260, 1000.000000000000000 ) ;
#4555 = CARTESIAN_POINT ( 'NONE',  ( -1.724999999999999867, 1.800000000000000266, 2.701845832985406926 ) ) ;
#4556 = VECTOR ( 'NONE', #8107, 1000.000000000000000 ) ;
#4557 = CARTESIAN_POINT ( 'NONE',  ( -7.347880794884120229E-17, 1.649999999999999911, -1.500000000000000222 ) ) ;
#4558 = DIRECTION ( 'NONE',  ( 1.000000000000000000, 0.000000000000000000, -0.000000000000000000 ) ) ;
#4559 = CARTESIAN_POINT ( 'NONE',  ( -2.200000000000000622, 0.2000000000000000111, -1.800000000000000266 ) ) ;
#4560 = ADVANCED_FACE ( 'NONE', ( #5667 ), #4028, .F. ) ;
#4561 = EDGE_CURVE ( 'NONE', #4407, #9066, #7644, .T. ) ;
#4562 = CARTESIAN_POINT ( 'NONE',  ( 1.399999999999999911, 0.5500000000000000444, 2.850000000000000089 ) ) ;
#4563 = MECHANICAL_DESIGN_GEOMETRIC_PRESENTATION_REPRESENTATION (  '', ( #3547 ), #8623 ) ;
#4564 = STYLED_ITEM ( 'NONE', ( #8173 ), #2660 ) ;
#4565 = ADVANCED_FACE ( 'NONE', ( #6761 ), #1913, .F. ) ;
#4566 = VERTEX_POINT ( 'NONE', #1107 ) ;
#4567 = CARTESIAN_POINT ( 'NONE',  ( 3.000000000000000888, 1.539999999999997371, 2.900000000000000355 ) ) ;
#4568 = LINE ( 'NONE', #7922, #2381 ) ;
#4569 = LINE ( 'NONE', #6275, #1859 ) ;
#4570 = CARTESIAN_POINT ( 'NONE',  ( -1.755520498340308988, 0.5605592021133274372, 2.998696202365601859 ) ) ;
#4571 = CARTESIAN_POINT ( 'NONE',  ( -2.105618771419822011, 0.6146954311529791992, -2.349289854522879750 ) ) ;
#4572 = CYLINDRICAL_SURFACE ( 'NONE', #878, 0.1000000000000000333 ) ;
#4573 = ORIENTED_EDGE ( 'NONE', *, *, #998, .T. ) ;
#4574 = ORIENTED_EDGE ( 'NONE', *, *, #2259, .T. ) ;
#4575 = EDGE_CURVE ( 'NONE', #616, #6741, #3609, .T. ) ;
#4576 = VERTEX_POINT ( 'NONE', #5275 ) ;
#4577 = CARTESIAN_POINT ( 'NONE',  ( 0.2500000000000000000, 0.4000000000000000222, 0.8999999999999998002 ) ) ;
#4578 = VERTEX_POINT ( 'NONE', #1806 ) ;
#4579 = MECHANICAL_DESIGN_GEOMETRIC_PRESENTATION_REPRESENTATION (  '', ( #7757 ), #8096 ) ;
#4580 = CARTESIAN_POINT ( 'NONE',  ( 1.206805882794862006, 1.649999999999999467, 0.9144094948219712027 ) ) ;
#4581 = CARTESIAN_POINT ( 'NONE',  ( 2.500000000000000000, 0.05000000000000000278, 0.9000000000000005773 ) ) ;
#4582 = DIRECTION ( 'NONE',  ( 0.9861240419316837924, -0.01175908810768392342, 0.1655931694581465052 ) ) ;
#4583 = CARTESIAN_POINT ( 'NONE',  ( -1.766485034026788803, 0.5604284549296915108, -2.996855001726781431 ) ) ;
#4584 = APPLICATION_PROTOCOL_DEFINITION ( 'draft international standard', 'automotive_design', 1998, #6659 ) ;
#4585 = LINE ( 'NONE', #6236, #6329 ) ;
#4586 = ORIENTED_EDGE ( 'NONE', *, *, #7257, .F. ) ;
#4587 = AXIS2_PLACEMENT_3D ( 'NONE', #4750, #5412, #7232 ) ;
#4588 = EDGE_LOOP ( 'NONE', ( #3951, #6131, #10020, #6610 ) ) ;
#4589 = CARTESIAN_POINT ( 'NONE',  ( 1.750000000000000000, 0.9791474364206995684, 2.819525418635503655 ) ) ;
#4590 = VERTEX_POINT ( 'NONE', #222 ) ;
#4591 = LINE ( 'NONE', #5635, #2545 ) ;
#4592 = ORIENTED_EDGE ( 'NONE', *, *, #1723, .T. ) ;
#4593 = CARTESIAN_POINT ( 'NONE',  ( -0.2500000000295548030, 0.2400000000684449630, 1.700000000000000178 ) ) ;
#4594 = EDGE_CURVE ( 'NONE', #3676, #5254, #6105, .T. ) ;
#4595 = CARTESIAN_POINT ( 'NONE',  ( -1.528701009593865789, 1.800000000000000266, -1.158199755421460697 ) ) ;
#4596 = CARTESIAN_POINT ( 'NONE',  ( 0.000000000000000000, 3.000000000000000000, 0.000000000000000000 ) ) ;
#4597 = MECHANICAL_DESIGN_GEOMETRIC_PRESENTATION_REPRESENTATION (  '', ( #3580 ), #274 ) ;
#4598 = CARTESIAN_POINT ( 'NONE',  ( -1.950000000000000622, 0.000000000000000000, -2.400000000000001243 ) ) ;
#4599 = DIRECTION ( 'NONE',  ( -1.000000000000000000, -0.000000000000000000, -1.951563910473911137E-15 ) ) ;
#4600 = ORIENTED_EDGE ( 'NONE', *, *, #10213, .F. ) ;
#4601 = CARTESIAN_POINT ( 'NONE',  ( 0.000000000000000000, 0.000000000000000000, 0.000000000000000000 ) ) ;
#4602 = SURFACE_STYLE_FILL_AREA ( #1364 ) ;
#4603 = CARTESIAN_POINT ( 'NONE',  ( 2.900000000000001243, 1.039999999999999813, 2.999999999999999112 ) ) ;
#4604 = EDGE_CURVE ( 'NONE', #7213, #440, #9053, .T. ) ;
#4605 = CARTESIAN_POINT ( 'NONE',  ( -2.990236892706219507, 1.591527589385390629, -2.699999999999999734 ) ) ;
#4606 = CARTESIAN_POINT ( 'NONE',  ( -1.464826579301639953, 1.649999999999999689, 0.3751396643598958192 ) ) ;
#4607 = FACE_OUTER_BOUND ( 'NONE', #9578, .T. ) ;
#4608 = PRESENTATION_LAYER_ASSIGNMENT (  '', '', ( #3241 ) ) ;
#4609 = CARTESIAN_POINT ( 'NONE',  ( 1.798815536468910459, 1.640000000000000124, 2.709413843984095127 ) ) ;
#4610 = SURFACE_STYLE_FILL_AREA ( #1316 ) ;
#4611 = VECTOR ( 'NONE', #763, 1000.000000000000000 ) ;
#4612 = SURFACE_STYLE_FILL_AREA ( #2034 ) ;
#4613 = ORIENTED_EDGE ( 'NONE', *, *, #8945, .F. ) ;
#4614 = ADVANCED_FACE ( 'NONE', ( #6816 ), #7700, .F. ) ;
#4615 = MECHANICAL_DESIGN_GEOMETRIC_PRESENTATION_REPRESENTATION (  '', ( #1695 ), #2915 ) ;
#4616 = CARTESIAN_POINT ( 'NONE',  ( 1.750000000000000444, 0.9791474364207024550, -2.819525418635502767 ) ) ;
#4617 = CARTESIAN_POINT ( 'NONE',  ( 1.750000000000000666, 0.000000000000000000, 2.800000000000000266 ) ) ;
#4618 = EDGE_CURVE ( 'NONE', #6667, #6072, #2253, .T. ) ;
#4619 = CARTESIAN_POINT ( 'NONE',  ( 1.900000000000000133, 0.3999999999999999667, -0.9000000000000004663 ) ) ;
#4620 = CARTESIAN_POINT ( 'NONE',  ( -1.949999999999999956, 0.2000000000000000111, 0.000000000000000000 ) ) ;
#4621 = DIRECTION ( 'NONE',  ( 0.000000000000000000, 1.000000000000000000, -0.000000000000000000 ) ) ;
#4622 = DIRECTION ( 'NONE',  ( -0.9860555265491637300, 0.000000000000000000, -0.1664166414811079908 ) ) ;
#4623 = VERTEX_POINT ( 'NONE', #9423 ) ;
#4624 = ORIENTED_EDGE ( 'NONE', *, *, #1529, .F. ) ;
#4625 = VECTOR ( 'NONE', #3562, 999.9999999999998863 ) ;
#4626 = ORIENTED_EDGE ( 'NONE', *, *, #782, .F. ) ;
#4627 = ORIENTED_EDGE ( 'NONE', *, *, #10676, .F. ) ;
#4628 = EDGE_CURVE ( 'NONE', #5947, #5978, #5221, .T. ) ;
#4629 = EDGE_CURVE ( 'NONE', #6962, #7445, #8477, .T. ) ;
#4630 = CARTESIAN_POINT ( 'NONE',  ( 1.749999999999999778, 1.040000000000000036, -3.000000000000000444 ) ) ;
#4631 = FACE_OUTER_BOUND ( 'NONE', #7011, .T. ) ;
#4632 = CARTESIAN_POINT ( 'NONE',  ( 1.900033674241084380, 1.649999999999999911, -0.1206298916306469959 ) ) ;
#4633 = CARTESIAN_POINT ( 'NONE',  ( 0.1722903811750751690, 0.05000000000000000971, 1.395056988940865939 ) ) ;
#4634 = DIRECTION ( 'NONE',  ( 1.000000000000000000, 0.000000000000000000, 0.000000000000000000 ) ) ;
#4635 = SURFACE_STYLE_FILL_AREA ( #1344 ) ;
#4636 = FACE_OUTER_BOUND ( 'NONE', #8456, .T. ) ;
#4637 = ORIENTED_EDGE ( 'NONE', *, *, #8445, .T. ) ;
#4638 = UNCERTAINTY_MEASURE_WITH_UNIT (LENGTH_MEASURE( 1.000000000000000082E-05 ), #728, 'distance_accuracy_value', 'NONE');
#4639 = ORIENTED_EDGE ( 'NONE', *, *, #10809, .F. ) ;
#4640 = DIRECTION ( 'NONE',  ( 0.1690054695747755520, 0.9856151131419452760, 0.000000000000000000 ) ) ;
#4641 = ORIENTED_EDGE ( 'NONE', *, *, #10762, .T. ) ;
#4642 = CARTESIAN_POINT ( 'NONE',  ( 1.399999999999999911, 0.5606250315866361245, -2.999623222474931961 ) ) ;
#4643 = ORIENTED_EDGE ( 'NONE', *, *, #9310, .F. ) ;
#4644 = EDGE_CURVE ( 'NONE', #1301, #1679, #5488, .T. ) ;
#4645 = DIRECTION ( 'NONE',  ( 0.8682431421244592995, 0.000000000000000000, -0.4961389383568335920 ) ) ;
#4646 =( LENGTH_UNIT ( ) NAMED_UNIT ( * ) SI_UNIT ( .MILLI., .METRE. ) );
#4647 = CARTESIAN_POINT ( 'NONE',  ( 3.191055894963187090, 1.664369324725876842, 1.500000000000000222 ) ) ;
#4648 = SURFACE_STYLE_FILL_AREA ( #8852 ) ;
#4649 =( LENGTH_UNIT ( ) NAMED_UNIT ( * ) SI_UNIT ( .MILLI., .METRE. ) );
#4650 = VERTEX_POINT ( 'NONE', #3808 ) ;
#4651 = CARTESIAN_POINT ( 'NONE',  ( -2.399999999999999911, 0.05000000000000000278, 0.9999999999999993339 ) ) ;
#4652 = CARTESIAN_POINT ( 'NONE',  ( 0.000000000000000000, 3.099999999999999645, 1.458578643762690419 ) ) ;
#4653 = CARTESIAN_POINT ( 'NONE',  ( -2.900000000000001688, 1.640000000000000346, -2.700000000000000178 ) ) ;
#4654 = CARTESIAN_POINT ( 'NONE',  ( -2.926179938779914114, 1.639999999999999458, 2.699999999999997513 ) ) ;
#4655 = CARTESIAN_POINT ( 'NONE',  ( 2.399999999999999911, 0.4500000000000001776, 0.9000000000000003553 ) ) ;
#4656 = DIRECTION ( 'NONE',  ( 0.000000000000000000, 0.000000000000000000, 1.000000000000000000 ) ) ;
#4657 = FILL_AREA_STYLE ('',( #8810 ) ) ;
#4658 = CARTESIAN_POINT ( 'NONE',  ( 3.000000000000000888, 1.557268039866394505, -2.882731960133602112 ) ) ;
#4659 = DIRECTION ( 'NONE',  ( 0.000000000000000000, -0.000000000000000000, 1.000000000000000000 ) ) ;
#4660 = VERTEX_POINT ( 'NONE', #6364 ) ;
#4661 = AXIS2_PLACEMENT_3D ( 'NONE', #5288, #1178, #4622 ) ;
#4662 = DIRECTION ( 'NONE',  ( 0.000000000000000000, 1.000000000000000000, 0.000000000000000000 ) ) ;
#4663 = CYLINDRICAL_SURFACE ( 'NONE', #6017, 0.1000000000000002554 ) ;
#4664 = STYLED_ITEM ( 'NONE', ( #7122 ), #6706 ) ;
#4665 = CARTESIAN_POINT ( 'NONE',  ( -3.047323801004677257, 1.790392896183010674, -1.499999999999999778 ) ) ;
#4666 = CARTESIAN_POINT ( 'NONE',  ( 2.500000000000000000, 0.05000000000000000278, -0.9999999999999993339 ) ) ;
#4667 = DIRECTION ( 'NONE',  ( 0.000000000000000000, 1.000000000000000000, 0.000000000000000000 ) ) ;
#4668 = VECTOR ( 'NONE', #3429, 1000.000000000000114 ) ;
#4669 =( NAMED_UNIT ( * ) SI_UNIT ( $, .STERADIAN. ) SOLID_ANGLE_UNIT ( ) );
#4670 = ORIENTED_EDGE ( 'NONE', *, *, #3313, .T. ) ;
#4671 = ORIENTED_EDGE ( 'NONE', *, *, #4246, .T. ) ;
#4672 = DIRECTION ( 'NONE',  ( -0.1690054695747755520, -0.9856151131419452760, -0.000000000000000000 ) ) ;
#4673 = ORIENTED_EDGE ( 'NONE', *, *, #1659, .T. ) ;
#4674 = CARTESIAN_POINT ( 'NONE',  ( 2.299999999999999378, 0.6521171533643795870, 1.788982343607209646 ) ) ;
#4675 = ORIENTED_EDGE ( 'NONE', *, *, #6928, .F. ) ;
#4676 = CARTESIAN_POINT ( 'NONE',  ( 2.963662989417781279, 1.800000000000000711, -1.500000000000000000 ) ) ;
#4677 = STYLED_ITEM ( 'NONE', ( #6207 ), #8741 ) ;
#4678 = CARTESIAN_POINT ( 'NONE',  ( -3.204135107032042296, 1.618360519674102882, 1.499999999999998668 ) ) ;
#4679 = CARTESIAN_POINT ( 'NONE',  ( 1.721844117652010064, 1.649999999999999689, 0.8046111561473634488 ) ) ;
#4680 = CARTESIAN_POINT ( 'NONE',  ( -0.1734638189033561317, 0.05000000000000000278, 1.392166878072880642 ) ) ;
#4681 = FILL_AREA_STYLE ('',( #1158 ) ) ;
#4682 = CONTEXT_DEPENDENT_SHAPE_REPRESENTATION ( #9848, #8956 ) ;
#4683 = VECTOR ( 'NONE', #105, 1000.000000000000000 ) ;
#4684 = EDGE_CURVE ( 'NONE', #1352, #263, #7086, .T. ) ;
#4685 = SURFACE_STYLE_USAGE ( .BOTH. , #977 ) ;
#4686 = ORIENTED_EDGE ( 'NONE', *, *, #8473, .T. ) ;
#4687 = ADVANCED_FACE ( 'NONE', ( #10446 ), #1367, .F. ) ;
#4688 = MECHANICAL_DESIGN_GEOMETRIC_PRESENTATION_REPRESENTATION (  '', ( #6108 ), #5223 ) ;
#4689 = ORIENTED_EDGE ( 'NONE', *, *, #1474, .F. ) ;
#4690 = ADVANCED_FACE ( 'NONE', ( #4607 ), #2948, .F. ) ;
#4691 = STYLED_ITEM ( 'NONE', ( #9297 ), #9033 ) ;
#4692 = PLANE ( 'NONE',  #6478 ) ;
#4693 = ORIENTED_EDGE ( 'NONE', *, *, #6783, .T. ) ;
#4694 = CARTESIAN_POINT ( 'NONE',  ( -1.868750000000000133, 0.4000000000000000222, -0.5687500000000000888 ) ) ;
#4695 = ORIENTED_EDGE ( 'NONE', *, *, #8155, .F. ) ;
#4696 = EDGE_CURVE ( 'NONE', #9857, #10519, #375, .T. ) ;
#4697 = PRESENTATION_STYLE_ASSIGNMENT (( #581 ) ) ;
#4698 = LINE ( 'NONE', #5415, #5255 ) ;
#4699 = MECHANICAL_DESIGN_GEOMETRIC_PRESENTATION_REPRESENTATION (  '', ( #4868 ), #6116 ) ;
#4700 = LINE ( 'NONE', #8062, #1790 ) ;
#4701 = LINE ( 'NONE', #2988, #10117 ) ;
#4702 = LINE ( 'NONE', #8964, #10022 ) ;
#4703 = FACE_OUTER_BOUND ( 'NONE', #9131, .T. ) ;
#4704 = ADVANCED_FACE ( 'NONE', ( #8701, #9738 ), #2846, .T. ) ;
#4705 = ORIENTED_EDGE ( 'NONE', *, *, #253, .T. ) ;
#4706 = ORIENTED_EDGE ( 'NONE', *, *, #3442, .T. ) ;
#4707 = DIRECTION ( 'NONE',  ( 0.000000000000000000, 0.000000000000000000, -1.000000000000000000 ) ) ;
#4708 = EDGE_CURVE ( 'NONE', #4138, #7982, #8915, .T. ) ;
#4709 = COLOUR_RGB ( '',0.6470588235294117974, 0.6196078431372549211, 0.5882352941176470784 ) ;
#4710 =( NAMED_UNIT ( * ) PLANE_ANGLE_UNIT ( ) SI_UNIT ( $, .RADIAN. ) );
#4711 =( GEOMETRIC_REPRESENTATION_CONTEXT ( 3 ) GLOBAL_UNCERTAINTY_ASSIGNED_CONTEXT ( ( #2590 ) ) GLOBAL_UNIT_ASSIGNED_CONTEXT ( ( #10717, #4118, #6584 ) ) REPRESENTATION_CONTEXT ( 'NONE', 'WORKASPACE' ) );
#4712 = DIRECTION ( 'NONE',  ( 0.000000000000000000, 1.000000000000000000, 0.000000000000000000 ) ) ;
#4713 = DIRECTION ( 'NONE',  ( 0.000000000000000000, -1.000000000000000000, -0.000000000000000000 ) ) ;
#4714 = PRESENTATION_STYLE_ASSIGNMENT (( #7970 ) ) ;
#4715 = CARTESIAN_POINT ( 'NONE',  ( -1.399999999999999911, 0.5499999999999999334, -2.850000000000000089 ) ) ;
#4716 = CLOSED_SHELL ( 'NONE', ( #10282, #9357, #793, #8950, #10218, #1386, #6450, #8043 ) ) ;
#4717 = ORIENTED_EDGE ( 'NONE', *, *, #7471, .F. ) ;
#4718 = VECTOR ( 'NONE', #5250, 1000.000000000000000 ) ;
#4719 =( NAMED_UNIT ( * ) SI_UNIT ( $, .STERADIAN. ) SOLID_ANGLE_UNIT ( ) );
#4720 = CARTESIAN_POINT ( 'NONE',  ( -2.999999999999999556, 1.800000000000000488, 1.899999999999999245 ) ) ;
#4721 = DIRECTION ( 'NONE',  ( -7.542275982507851230E-16, -2.670717223410073261E-17, -1.000000000000000000 ) ) ;
#4722 = EDGE_CURVE ( 'NONE', #6216, #2588, #8018, .T. ) ;
#4723 = PLANE ( 'NONE',  #3828 ) ;
#4724 = CARTESIAN_POINT ( 'NONE',  ( 3.093215324066170169, 0.01699257395427095779, 2.400000000000000799 ) ) ;
#4725 = VECTOR ( 'NONE', #4846, 1000.000000000000000 ) ;
#4726 = LINE ( 'NONE', #5670, #6963 ) ;
#4727 = ORIENTED_EDGE ( 'NONE', *, *, #3113, .F. ) ;
#4728 = VERTEX_POINT ( 'NONE', #2028 ) ;
#4729 = CARTESIAN_POINT ( 'NONE',  ( -0.7999999999999994893, 1.650000000000001021, 2.701845832985407814 ) ) ;
#4730 = DIRECTION ( 'NONE',  ( 1.000000000000000000, 0.000000000000000000, 0.000000000000000000 ) ) ;
#4731 = VERTEX_POINT ( 'NONE', #541 ) ;
#4732 = AXIS2_PLACEMENT_3D ( 'NONE', #2324, #5851, #5628 ) ;
#4733 =( GEOMETRIC_REPRESENTATION_CONTEXT ( 3 ) GLOBAL_UNCERTAINTY_ASSIGNED_CONTEXT ( ( #6959 ) ) GLOBAL_UNIT_ASSIGNED_CONTEXT ( ( #3703, #8744, #5214 ) ) REPRESENTATION_CONTEXT ( 'NONE', 'WORKASPACE' ) );
#4734 = DIRECTION ( 'NONE',  ( -1.445602896647336550E-15, -0.000000000000000000, -1.000000000000000000 ) ) ;
#4735 = EDGE_CURVE ( 'NONE', #77, #3986, #3864, .T. ) ;
#4736 = CARTESIAN_POINT ( 'NONE',  ( 1.100939157571659166, 1.649999999999999911, -1.558529982953790860 ) ) ;
#4737 = DIRECTION ( 'NONE',  ( -0.4216370213557839586, -0.7378647873726221773, 0.5270462766947294764 ) ) ;
#4738 = DIRECTION ( 'NONE',  ( 0.9861240419316826822, -0.01175908810768421138, -0.1655931694581540548 ) ) ;
#4739 = CARTESIAN_POINT ( 'NONE',  ( -2.100296005460343451, 0.9748186252476053193, -2.760713341109134689 ) ) ;
#4740 = LINE ( 'NONE', #10742, #2263 ) ;
#4741 = ORIENTED_EDGE ( 'NONE', *, *, #5435, .F. ) ;
#4742 = VECTOR ( 'NONE', #961, 1000.000000000000114 ) ;
#4743 = UNCERTAINTY_MEASURE_WITH_UNIT (LENGTH_MEASURE( 1.000000000000000082E-05 ), #7214, 'distance_accuracy_value', 'NONE');
#4744 = ORIENTED_EDGE ( 'NONE', *, *, #512, .T. ) ;
#4745 = DIRECTION ( 'NONE',  ( -0.1660101621115982751, -0.06985066062633331352, 0.9836470460921161729 ) ) ;
#4746 = ORIENTED_EDGE ( 'NONE', *, *, #7334, .T. ) ;
#4747 = DIRECTION ( 'NONE',  ( 0.1690054695747755520, -0.9856151131419452760, 0.000000000000000000 ) ) ;
#4748 = EDGE_LOOP ( 'NONE', ( #6166, #10249, #2061, #2301, #1719, #4139 ) ) ;
#4749 = EDGE_CURVE ( 'NONE', #8270, #419, #2899, .T. ) ;
#4750 = CARTESIAN_POINT ( 'NONE',  ( 1.900000000000000133, 0.4500000000000001776, -0.5999999999999998668 ) ) ;
#4751 = DIRECTION ( 'NONE',  ( 1.000000000000000000, 0.000000000000000000, 0.000000000000000000 ) ) ;
#4752 = LINE ( 'NONE', #5472, #6829 ) ;
#4753 = EDGE_CURVE ( 'NONE', #8896, #1301, #1210, .T. ) ;
#4754 = CARTESIAN_POINT ( 'NONE',  ( -3.189230603583417700, 0.1201714756737934375, -1.600000000000000311 ) ) ;
#4755 = FILL_AREA_STYLE ('',( #5696 ) ) ;
#4756 = CARTESIAN_POINT ( 'NONE',  ( 3.000000000000000444, 0.000000000000000000, 2.400000000000001243 ) ) ;
#4757 = CARTESIAN_POINT ( 'NONE',  ( 1.733283001604470464, 0.9900000000000056533, -2.969132483627864083 ) ) ;
#4758 = B_SPLINE_CURVE_WITH_KNOTS ( 'NONE', 3,
 ( #7133, #8807, #6262, #540, #9534, #10499, #3757, #9583, #5429, #2898, #2999, #7085, #9631, #10549, #10445, #4606, #3051, #6315, #9685, #7195, #2845, #7035, #2131, #3862, #2183, #1313, #5487, #6211, #8862, #6977, #10335, #1366, #1263, #4557 ),
 .UNSPECIFIED., .F., .F.,
 ( 4, 1, 1, 2, 2, 2, 1, 1, 2, 2, 2, 1, 1, 2, 2, 2, 1, 1, 2, 2, 4 ),
 ( 0.000000000000000000, 0.06249999999999987510, 0.09374999999999980571, 0.1093749999999997641, 0.1249999999999997363, 0.2499999999999995559, 0.3124999999999995004, 0.3437499999999994449, 0.3593749999999993339, 0.3749999999999992228, 0.4999999999999986677, 0.5624999999999984457, 0.5937499999999982236, 0.6093749999999982236, 0.6249999999999982236, 0.7499999999999984457, 0.8124999999999984457, 0.8437499999999985567, 0.8593749999999986677, 0.8749999999999986677, 1.000000000000000000 ),
 .UNSPECIFIED. ) ;
#4759 = ADVANCED_FACE ( 'NONE', ( #3000 ), #9584, .T. ) ;
#4760 = ORIENTED_EDGE ( 'NONE', *, *, #5245, .T. ) ;
#4761 = ORIENTED_EDGE ( 'NONE', *, *, #6567, .T. ) ;
#4762 = CARTESIAN_POINT ( 'NONE',  ( -1.725000000000000089, 1.551862865526314028, 2.801828480139958000 ) ) ;
#4763 = DIRECTION ( 'NONE',  ( 1.000000000000000000, 0.000000000000000000, 2.639796593877750544E-15 ) ) ;
#4764 = CARTESIAN_POINT ( 'NONE',  ( -2.899999999999999467, 1.639999999999999902, -2.900000000000000355 ) ) ;
#4765 = STYLED_ITEM ( 'NONE', ( #1250 ), #3835 ) ;
#4766 = EDGE_CURVE ( 'NONE', #272, #4378, #8808, .T. ) ;
#4767 = APPLICATION_CONTEXT ( 'automotive_design' ) ;
#4768 = PLANE ( 'NONE',  #8382 ) ;
#4769 = CARTESIAN_POINT ( 'NONE',  ( 3.143587020072439397, 0.09777221484247243521, 0.5892226903609816269 ) ) ;
#4770 = CARTESIAN_POINT ( 'NONE',  ( 2.900000000000001243, 1.640000000000000346, -2.700000000000001066 ) ) ;
#4771 = DIRECTION ( 'NONE',  ( -1.000000000000000000, 0.000000000000000000, 0.000000000000000000 ) ) ;
#4772 = DIRECTION ( 'NONE',  ( -1.000000000000000000, -0.000000000000000000, 0.000000000000000000 ) ) ;
#4773 = CARTESIAN_POINT ( 'NONE',  ( 1.399999999999999911, 1.189999999999999281, -2.999623222474934181 ) ) ;
#4774 = VERTEX_POINT ( 'NONE', #2080 ) ;
#4775 = CARTESIAN_POINT ( 'NONE',  ( -0.4474173560639269631, 0.05000000000000000971, 1.643540750192457045 ) ) ;
#4776 = VECTOR ( 'NONE', #6062, 1000.000000000000000 ) ;
#4777 = CARTESIAN_POINT ( 'NONE',  ( -3.100000000000000533, 1.800000000000000488, 2.500000000000001332 ) ) ;
#4778 = CARTESIAN_POINT ( 'NONE',  ( 3.291673936957678848, 0.1551740072072840260, -0.5999999999999968692 ) ) ;
#4779 = VECTOR ( 'NONE', #3574, 1000.000000000000000 ) ;
#4780 = LINE ( 'NONE', #3931, #5818 ) ;
#4781 = B_SPLINE_CURVE_WITH_KNOTS ( 'NONE', 3,
 ( #4757, #8117, #3144, #1625 ),
 .UNSPECIFIED., .F., .F.,
 ( 4, 4 ),
 ( 0.000000000000000000, 1.000000000000000000 ),
 .UNSPECIFIED. ) ;
#4782 = CARTESIAN_POINT ( 'NONE',  ( 3.512456704643023286, 0.4000000000000000222, 1.050000000000000266 ) ) ;
#4783 = EDGE_LOOP ( 'NONE', ( #6597, #1225, #4927, #10443, #4509 ) ) ;
#4784 = ORIENTED_EDGE ( 'NONE', *, *, #3863, .F. ) ;
#4785 = CARTESIAN_POINT ( 'NONE',  ( -2.900000000000001243, 1.040000000000000036, -3.000000000000000444 ) ) ;
#4786 = STYLED_ITEM ( 'NONE', ( #7264 ), #4444 ) ;
#4787 = EDGE_LOOP ( 'NONE', ( #6836, #8158, #8681, #6019 ) ) ;
#4788 = CARTESIAN_POINT ( 'NONE',  ( 2.943344128593598619, 1.630355538519334901, 2.809763107293779427 ) ) ;
#4789 = CARTESIAN_POINT ( 'NONE',  ( 3.000000000000000444, 0.2000000000000001221, -1.600000000000000977 ) ) ;
#4790 =( NAMED_UNIT ( * ) SI_UNIT ( $, .STERADIAN. ) SOLID_ANGLE_UNIT ( ) );
#4791 = CARTESIAN_POINT ( 'NONE',  ( -1.399999999999999911, 1.800000000000000488, 2.947231250521888501 ) ) ;
#4792 = SURFACE_STYLE_USAGE ( .BOTH. , #3126 ) ;
#4793 = LINE ( 'NONE', #8153, #952 ) ;
#4794 =( GEOMETRIC_REPRESENTATION_CONTEXT ( 3 ) GLOBAL_UNCERTAINTY_ASSIGNED_CONTEXT ( ( #4638 ) ) GLOBAL_UNIT_ASSIGNED_CONTEXT ( ( #728, #10740, #8373 ) ) REPRESENTATION_CONTEXT ( 'NONE', 'WORKASPACE' ) );
#4795 = CARTESIAN_POINT ( 'NONE',  ( -3.052456489953507823, 1.595996894053969273, -1.500000000000000222 ) ) ;
#4796 = EDGE_LOOP ( 'NONE', ( #7188, #3795, #93, #2035 ) ) ;
#4797 = VERTEX_POINT ( 'NONE', #6317 ) ;
#4798 = ORIENTED_EDGE ( 'NONE', *, *, #7033, .T. ) ;
#4799 = CARTESIAN_POINT ( 'NONE',  ( 0.2135127845537876101, 0.04999999999999998890, 1.981357582622253366 ) ) ;
#4800 = ORIENTED_EDGE ( 'NONE', *, *, #6860, .F. ) ;
#4801 = PRODUCT_DEFINITION_SHAPE ( 'NONE', 'NONE',  #10818 ) ;
#4802 = DIRECTION ( 'NONE',  ( 2.990902544787597113E-16, 0.000000000000000000, 1.000000000000000000 ) ) ;
#4803 = DIRECTION ( 'NONE',  ( 0.000000000000000000, 0.07083354391148072304, 0.9974881498328389551 ) ) ;
#4804 = FACE_OUTER_BOUND ( 'NONE', #906, .T. ) ;
#4805 = VERTEX_POINT ( 'NONE', #2184 ) ;
#4806 = EDGE_LOOP ( 'NONE', ( #3208, #6558, #1196, #7434 ) ) ;
#4807 = CARTESIAN_POINT ( 'NONE',  ( 0.4500000000000001776, 0.05000000000000007910, 0.3499999999999995337 ) ) ;
#4808 = VERTEX_POINT ( 'NONE', #3052 ) ;
#4809 = FILL_AREA_STYLE_COLOUR ( '', #3721 ) ;
#4810 =( NAMED_UNIT ( * ) SI_UNIT ( $, .STERADIAN. ) SOLID_ANGLE_UNIT ( ) );
#4811 = DIRECTION ( 'NONE',  ( 0.1690054695747755520, 0.9856151131419452760, 0.000000000000000000 ) ) ;
#4812 = LINE ( 'NONE', #2352, #8415 ) ;
#4813 = CARTESIAN_POINT ( 'NONE',  ( 2.987973688037981468, 1.799111909717491020, 1.500000000000000000 ) ) ;
#4814 = FILL_AREA_STYLE_COLOUR ( '', #7226 ) ;
#4815 = LINE ( 'NONE', #700, #5220 ) ;
#4816 = EDGE_CURVE ( 'NONE', #3829, #8329, #5372, .T. ) ;
#4817 = EDGE_CURVE ( 'NONE', #3626, #4578, #8079, .T. ) ;
#4818 = LINE ( 'NONE', #8183, #9788 ) ;
#4819 = EDGE_CURVE ( 'NONE', #8084, #10409, #8355, .T. ) ;
#4820 = ORIENTED_EDGE ( 'NONE', *, *, #9920, .F. ) ;
#4821 = SURFACE_STYLE_FILL_AREA ( #2302 ) ;
#4822 = SURFACE_STYLE_USAGE ( .BOTH. , #9149 ) ;
#4823 = DIRECTION ( 'NONE',  ( 0.9893046619307648282, 0.1458639293384593749, 0.000000000000000000 ) ) ;
#4824 = CARTESIAN_POINT ( 'NONE',  ( -1.399999999999999911, 1.189999999999999281, 2.808570668675935966 ) ) ;
#4825 = CARTESIAN_POINT ( 'NONE',  ( -2.963662989417781279, 1.550000000000000488, -1.826752213202440522 ) ) ;
#4826 = ORIENTED_EDGE ( 'NONE', *, *, #2064, .F. ) ;
#4827 = ORIENTED_EDGE ( 'NONE', *, *, #8314, .F. ) ;
#4828 = ADVANCED_FACE ( 'NONE', ( #1582 ), #7364, .F. ) ;
#4829 = CARTESIAN_POINT ( 'NONE',  ( 1.725000000000000089, 1.119999999999999885, 2.959900934651531479 ) ) ;
#4830 = PRESENTATION_STYLE_ASSIGNMENT (( #6813 ) ) ;
#4831 = ADVANCED_FACE ( 'NONE', ( #6410 ), #9790, .T. ) ;
#4832 = ORIENTED_EDGE ( 'NONE', *, *, #2589, .T. ) ;
#4833 = MECHANICAL_DESIGN_GEOMETRIC_PRESENTATION_REPRESENTATION (  '', ( #7483 ), #10653 ) ;
#4834 = FACE_BOUND ( 'NONE', #4143, .T. ) ;
#4835 = CARTESIAN_POINT ( 'NONE',  ( 1.798472410614596839, 0.9916271845489632586, 2.709763107293782003 ) ) ;
#4836 = CARTESIAN_POINT ( 'NONE',  ( 1.772620802046993571, 1.649999999999999689, -0.6841539964435733312 ) ) ;
#4837 = DIRECTION ( 'NONE',  ( -0.9861240419316836814, 0.01175908810768368402, -0.1655931694581470048 ) ) ;
#4838 = MECHANICAL_DESIGN_GEOMETRIC_PRESENTATION_REPRESENTATION (  '', ( #8186 ), #1743 ) ;
#4839 = DIRECTION ( 'NONE',  ( -0.000000000000000000, 0.000000000000000000, 1.000000000000000000 ) ) ;
#4840 = CARTESIAN_POINT ( 'NONE',  ( 3.232597679844644301, 0.3730819044509719462, -4.500000000000001776 ) ) ;
#4841 = SURFACE_STYLE_FILL_AREA ( #3242 ) ;
#4842 = ORIENTED_EDGE ( 'NONE', *, *, #2666, .T. ) ;
#4843 = ORIENTED_EDGE ( 'NONE', *, *, #4684, .F. ) ;
#4844 = UNCERTAINTY_MEASURE_WITH_UNIT (LENGTH_MEASURE( 1.000000000000000082E-05 ), #10400, 'distance_accuracy_value', 'NONE');
#4845 = ORIENTED_EDGE ( 'NONE', *, *, #10810, .T. ) ;
#4846 = DIRECTION ( 'NONE',  ( 0.000000000000000000, 1.000000000000000000, 0.000000000000000000 ) ) ;
#4847 = ORIENTED_EDGE ( 'NONE', *, *, #4178, .T. ) ;
#4848 = AXIS2_PLACEMENT_3D ( 'NONE', #6649, #4349, #9208 ) ;
#4849 = CARTESIAN_POINT ( 'NONE',  ( 1.949999999999999956, 0.2000000000000000111, 1.800000000000000266 ) ) ;
#4850 = ORIENTED_EDGE ( 'NONE', *, *, #1112, .F. ) ;
#4851 = AXIS2_PLACEMENT_3D ( 'NONE', #8526, #2729, #2677 ) ;
#4852 = FACE_OUTER_BOUND ( 'NONE', #7393, .T. ) ;
#4853 = SURFACE_SIDE_STYLE ('',( #6679 ) ) ;
#4854 = LINE ( 'NONE', #3139, #5070 ) ;
#4855 = CARTESIAN_POINT ( 'NONE',  ( 0.6430119572355686985, 1.800000000000000044, -1.787962972593760247 ) ) ;
#4856 = CARTESIAN_POINT ( 'NONE',  ( 1.725000000000000089, 1.119999999999986562, -2.959900934651532367 ) ) ;
#4857 = EDGE_CURVE ( 'NONE', #2913, #2821, #5657, .T. ) ;
#4858 = COLOUR_RGB ( '',0.7921568627450980005, 0.8196078431372548767, 0.9333333333333333481 ) ;
#4859 = AXIS2_PLACEMENT_3D ( 'NONE', #5588, #7189, #9678 ) ;
#4860 = CARTESIAN_POINT ( 'NONE',  ( -2.176831603997348541, 0.5449102240437042610, 2.778325043173702102 ) ) ;
#4861 = ORIENTED_EDGE ( 'NONE', *, *, #5373, .F. ) ;
#4862 = ORIENTED_EDGE ( 'NONE', *, *, #4644, .F. ) ;
#4863 = CARTESIAN_POINT ( 'NONE',  ( -2.899999999999999467, 1.439999999999996394, -3.000000000000000000 ) ) ;
#4864 = VECTOR ( 'NONE', #4734, 1000.000000000000000 ) ;
#4865 = CARTESIAN_POINT ( 'NONE',  ( -2.275444008190515177, 0.9726542196610569180, 2.731307302345950205 ) ) ;
#4866 = EDGE_LOOP ( 'NONE', ( #3789, #1072, #8538, #2644, #8002, #1147, #5215, #2474 ) ) ;
#4867 = SURFACE_STYLE_USAGE ( .BOTH. , #3212 ) ;
#4868 = STYLED_ITEM ( 'NONE', ( #3230 ), #9150 ) ;
#4869 = SURFACE_STYLE_FILL_AREA ( #1472 ) ;
#4870 =( LENGTH_UNIT ( ) NAMED_UNIT ( * ) SI_UNIT ( .MILLI., .METRE. ) );
#4871 = CARTESIAN_POINT ( 'NONE',  ( 1.399999999999999911, 1.189999999999999281, 2.808570668675935522 ) ) ;
#4873 = LINE ( 'NONE', #3969, #2403 ) ;
#4872 =( NAMED_UNIT ( * ) PLANE_ANGLE_UNIT ( ) SI_UNIT ( $, .RADIAN. ) );
#4874 = CYLINDRICAL_SURFACE ( 'NONE', #10722, 0.09999999999999982514 ) ;
#4875 = SURFACE_STYLE_FILL_AREA ( #2356 ) ;
#4876 = MECHANICAL_DESIGN_GEOMETRIC_PRESENTATION_REPRESENTATION (  '', ( #6636 ), #2298 ) ;
#4877 = DIRECTION ( 'NONE',  ( -0.000000000000000000, -1.000000000000000000, -0.000000000000000000 ) ) ;
#4878 = VECTOR ( 'NONE', #1187, 1000.000000000000114 ) ;
#4879 = VERTEX_POINT ( 'NONE', #4988 ) ;
#4880 = CARTESIAN_POINT ( 'NONE',  ( -0.05740096971187588770, 0.05000000000000000971, 1.250000000000000444 ) ) ;
#4881 = PRODUCT_DEFINITION ( 'UNKNOWN', '', #223, #7720 ) ;
#4882 = EDGE_CURVE ( 'NONE', #6565, #7444, #10658, .T. ) ;
#4883 = CARTESIAN_POINT ( 'NONE',  ( 2.500000000000000000, 0.05000000000000000278, -0.9999999999999993339 ) ) ;
#4884 = EDGE_CURVE ( 'NONE', #9274, #10506, #679, .T. ) ;
#4885 =( LENGTH_UNIT ( ) NAMED_UNIT ( * ) SI_UNIT ( .MILLI., .METRE. ) );
#4886 = DIRECTION ( 'NONE',  ( -1.000000000000000000, 0.000000000000000000, 8.673617379884087537E-15 ) ) ;
#4887 = SURFACE_SIDE_STYLE ('',( #5719 ) ) ;
#4888 = ORIENTED_EDGE ( 'NONE', *, *, #3072, .F. ) ;
#4889 = ORIENTED_EDGE ( 'NONE', *, *, #125, .T. ) ;
#4890 = EDGE_CURVE ( 'NONE', #9065, #1616, #1531, .T. ) ;
#4891 = SURFACE_STYLE_USAGE ( .BOTH. , #7480 ) ;
#4892 = VECTOR ( 'NONE', #820, 1000.000000000000000 ) ;
#4893 = DIRECTION ( 'NONE',  ( 0.1690054695747755520, -0.9856151131419452760, 8.673617379884078071E-15 ) ) ;
#4894 = VERTEX_POINT ( 'NONE', #6585 ) ;
#4895 = CARTESIAN_POINT ( 'NONE',  ( 1.725000000000000089, 1.119999999999985674, -2.959900934651531923 ) ) ;
#4896 = COLOUR_RGB ( '',0.6470588235294117974, 0.6196078431372549211, 0.5882352941176470784 ) ;
#4897 = SURFACE_STYLE_USAGE ( .BOTH. , #3236 ) ;
#4898 = LINE ( 'NONE', #1761, #9128 ) ;
#4899 = CARTESIAN_POINT ( 'NONE',  ( -0.2794631927931318094, 0.04999999999999999584, 1.487803135512908881 ) ) ;
#4900 = AXIS2_PLACEMENT_3D ( 'NONE', #3528, #5311, #4539 ) ;
#4901 = DIRECTION ( 'NONE',  ( 0.000000000000000000, -0.000000000000000000, -1.000000000000000000 ) ) ;
#4902 = CONTEXT_DEPENDENT_SHAPE_REPRESENTATION ( #10457, #4801 ) ;
#4903 = PLANE ( 'NONE',  #7208 ) ;
#4904 = ADVANCED_FACE ( 'NONE', ( #643 ), #6633, .T. ) ;
#4905 = CARTESIAN_POINT ( 'NONE',  ( 2.227773526702036690E-16, 1.649999999999999023, -1.899999999999999911 ) ) ;
#4906 = ORIENTED_EDGE ( 'NONE', *, *, #9766, .F. ) ;
#4907 = EDGE_LOOP ( 'NONE', ( #799, #3381, #1794, #6518, #1445, #9433, #2424, #10199, #9067, #4695, #2149, #10625, #6345, #7012, #8877, #5388, #604, #1698, #2400, #5675, #816, #9929, #7931, #7416, #1600, #1918, #863, #6519, #3207, #4639, #6144, #6015, #1561, #9026, #6500, #10670, #9551, #244 ) ) ;
#4908 = ORIENTED_EDGE ( 'NONE', *, *, #10214, .T. ) ;
#4909 = VECTOR ( 'NONE', #4837, 1000.000000000000227 ) ;
#4910 = CARTESIAN_POINT ( 'NONE',  ( -3.000000000000000000, 0.000000000000000000, -1.600000000000000311 ) ) ;
#4911 = ORIENTED_EDGE ( 'NONE', *, *, #6795, .T. ) ;
#4912 = PRESENTATION_LAYER_ASSIGNMENT (  '', '', ( #5271 ) ) ;
#4913 = CIRCLE ( 'NONE', #5440, 0.09999999999999982514 ) ;
#4914 = FACE_OUTER_BOUND ( 'NONE', #5180, .T. ) ;
#4915 = ORIENTED_EDGE ( 'NONE', *, *, #3909, .F. ) ;
#4916 = CARTESIAN_POINT ( 'NONE',  ( 2.228274242350159362, 0.5549218251783130107, 2.919309849822719904 ) ) ;
#4917 = DIRECTION ( 'NONE',  ( 6.353297051085604201E-15, 0.9974881498328389551, -0.07083354391148079243 ) ) ;
#4918 = DIRECTION ( 'NONE',  ( 0.000000000000000000, 0.000000000000000000, 1.000000000000000000 ) ) ;
#4919 = DIRECTION ( 'NONE',  ( 0.000000000000000000, 0.07083354391147970996, 0.9974881498328390661 ) ) ;
#4920 = CARTESIAN_POINT ( 'NONE',  ( 1.750000000000000000, 0.9791474364206995684, 2.819525418635503655 ) ) ;
#4921 = AXIS2_PLACEMENT_3D ( 'NONE', #3185, #4045, #3944 ) ;
#4922 = LINE ( 'NONE', #4062, #3498 ) ;
#4923 = VERTEX_POINT ( 'NONE', #4770 ) ;
#4924 = ORIENTED_EDGE ( 'NONE', *, *, #4962, .T. ) ;
#4925 = CARTESIAN_POINT ( 'NONE',  ( 3.204135107032050289, 1.618360519674075571, -1.500000000000000000 ) ) ;
#4926 = CARTESIAN_POINT ( 'NONE',  ( -1.725000000000000089, 1.550000000000000488, 2.701845832985407814 ) ) ;
#4927 = ORIENTED_EDGE ( 'NONE', *, *, #5427, .T. ) ;
#4928 = VECTOR ( 'NONE', #177, 1000.000000000000114 ) ;
#4929 = CARTESIAN_POINT ( 'NONE',  ( -1.399999999999999911, 1.114592996245837409, 2.809975643556418490 ) ) ;
#4930 = PLANE ( 'NONE',  #568 ) ;
#4931 = FILL_AREA_STYLE ('',( #7249 ) ) ;
#4933 = DIRECTION ( 'NONE',  ( 0.000000000000000000, 1.000000000000000000, 0.000000000000000000 ) ) ;
#4932 = CARTESIAN_POINT ( 'NONE',  ( 3.187564840029499802, -1.161587776278568684, 0.6000000000000121902 ) ) ;
#4934 = CARTESIAN_POINT ( 'NONE',  ( -3.250000000000001332, 1.321879589400769328, -1.199999999999998179 ) ) ;
#4935 = DIRECTION ( 'NONE',  ( -1.000000000000000000, 0.000000000000000000, 0.000000000000000000 ) ) ;
#4936 = CARTESIAN_POINT ( 'NONE',  ( 2.275444008190514733, 0.9726542196610570290, 2.731307302345950205 ) ) ;
#4937 =( GEOMETRIC_REPRESENTATION_CONTEXT ( 3 ) GLOBAL_UNCERTAINTY_ASSIGNED_CONTEXT ( ( #5194 ) ) GLOBAL_UNIT_ASSIGNED_CONTEXT ( ( #5743, #4206, #3300 ) ) REPRESENTATION_CONTEXT ( 'NONE', 'WORKASPACE' ) );
#4938 = ADVANCED_FACE ( 'NONE', ( #7301 ), #8177, .T. ) ;
#4939 = ORIENTED_EDGE ( 'NONE', *, *, #6429, .F. ) ;
#4940 = DIRECTION ( 'NONE',  ( 0.000000000000000000, 0.000000000000000000, -1.000000000000000000 ) ) ;
#4941 = DIRECTION ( 'NONE',  ( -0.4961389383568329259, 0.000000000000000000, 0.8682431421244597436 ) ) ;
#4942 = SURFACE_SIDE_STYLE ('',( #9206 ) ) ;
#4943 = PLANE ( 'NONE',  #5283 ) ;
#4944 = ORIENTED_EDGE ( 'NONE', *, *, #7502, .T. ) ;
#4945 = ORIENTED_EDGE ( 'NONE', *, *, #5512, .F. ) ;
#4946 = DIRECTION ( 'NONE',  ( -1.000000000000000000, 0.000000000000000000, 0.000000000000000000 ) ) ;
#4947 = EDGE_CURVE ( 'NONE', #6615, #6256, #4873, .T. ) ;
#4948 = VERTEX_POINT ( 'NONE', #1638 ) ;
#4949 = VECTOR ( 'NONE', #5059, 1000.000000000000000 ) ;
#4950 = EDGE_CURVE ( 'NONE', #6021, #2595, #9141, .T. ) ;
#4951 = VECTOR ( 'NONE', #1235, 1000.000000000000000 ) ;
#4952 = CARTESIAN_POINT ( 'NONE',  ( 1.733283001604470464, 0.9900000000000056533, -2.969132483627864083 ) ) ;
#4953 = CARTESIAN_POINT ( 'NONE',  ( 3.000000000000000888, -2.710505431213761085E-17, -1.600000000000000755 ) ) ;
#4954 = CARTESIAN_POINT ( 'NONE',  ( -3.099999999999985878, 1.800000000000000488, 2.500000000000001332 ) ) ;
#4955 = SURFACE_STYLE_FILL_AREA ( #9817 ) ;
#4956 = DIRECTION ( 'NONE',  ( 0.000000000000000000, 0.000000000000000000, -1.000000000000000000 ) ) ;
#4957 = CARTESIAN_POINT ( 'NONE',  ( -3.210989154900473430, 1.586465982334615665, -1.467446827165929335 ) ) ;
#4958 = ORIENTED_EDGE ( 'NONE', *, *, #1268, .F. ) ;
#4959 = ORIENTED_EDGE ( 'NONE', *, *, #10012, .T. ) ;
#4960 = EDGE_CURVE ( 'NONE', #6351, #482, #10815, .T. ) ;
#4961 = UNCERTAINTY_MEASURE_WITH_UNIT (LENGTH_MEASURE( 1.000000000000000082E-05 ), #10094, 'distance_accuracy_value', 'NONE');
#4962 = EDGE_CURVE ( 'NONE', #8838, #6282, #3217, .T. ) ;
#4963 = ORIENTED_EDGE ( 'NONE', *, *, #1609, .T. ) ;
#4964 = EDGE_CURVE ( 'NONE', #3947, #1662, #9902, .T. ) ;
#4965 = DIRECTION ( 'NONE',  ( -1.000000000000000000, 0.000000000000000000, -4.130293990420969883E-16 ) ) ;
#4966 = EDGE_LOOP ( 'NONE', ( #2046, #10529, #2930, #10330 ) ) ;
#4967 = EDGE_CURVE ( 'NONE', #3700, #6337, #8111, .T. ) ;
#4968 = DIRECTION ( 'NONE',  ( 0.000000000000000000, -0.000000000000000000, -1.000000000000000000 ) ) ;
#4969 = ORIENTED_EDGE ( 'NONE', *, *, #652, .F. ) ;
#4970 = AXIS2_PLACEMENT_3D ( 'NONE', #10327, #2834, #9872 ) ;
#4971 = DIRECTION ( 'NONE',  ( 0.000000000000000000, 0.07083354391148079243, -0.9974881498328389551 ) ) ;
#4972 = DIRECTION ( 'NONE',  ( -0.000000000000000000, 0.000000000000000000, 1.000000000000000000 ) ) ;
#4973 = LINE ( 'NONE', #1621, #8235 ) ;
#4974 = CARTESIAN_POINT ( 'NONE',  ( 2.549999999999999822, -8.131516293641283255E-17, 1.600000000000000533 ) ) ;
#4975 = ORIENTED_EDGE ( 'NONE', *, *, #5229, .T. ) ;
#4976 = EDGE_LOOP ( 'NONE', ( #7896, #7975, #3568, #8288, #2270, #3584 ) ) ;
#4977 = VERTEX_POINT ( 'NONE', #4119 ) ;
#4978 = CARTESIAN_POINT ( 'NONE',  ( -2.399999999999999911, 0.4500000000000001776, 0.5999999999999998668 ) ) ;
#4979 = EDGE_CURVE ( 'NONE', #9187, #9171, #10337, .T. ) ;
#4980 = VERTEX_POINT ( 'NONE', #7468 ) ;
#4981 = VECTOR ( 'NONE', #7990, 1000.000000000000000 ) ;
#4982 = SURFACE_STYLE_FILL_AREA ( #3368 ) ;
#4983 = SHAPE_REPRESENTATION ( 'EVQQ2-DHMSW2-03W', ( #4552 ), #9653 ) ;
#4984 = CARTESIAN_POINT ( 'NONE',  ( 2.550000000000002043, 0.2000000000000000111, -1.599999999999999423 ) ) ;
#4985 = FILL_AREA_STYLE ('',( #9197 ) ) ;
#4986 = DIRECTION ( 'NONE',  ( 0.03489949670249574420, -0.9993908270190958731, 0.000000000000000000 ) ) ;
#4988 = CARTESIAN_POINT ( 'NONE',  ( 1.868750000000000133, 0.4000000000000000777, 0.9000000000000000222 ) ) ;
#4987 = CARTESIAN_POINT ( 'NONE',  ( 3.164445200455208163, 1.706442895848798491, -1.500000000000000222 ) ) ;
#4989 = SURFACE_SIDE_STYLE ('',( #1798 ) ) ;
#4990 = DIRECTION ( 'NONE',  ( 0.000000000000000000, 0.000000000000000000, -1.000000000000000000 ) ) ;
#4991 = CARTESIAN_POINT ( 'NONE',  ( 1.755481998853010372, 0.9896145935288412909, -2.967998861909348918 ) ) ;
#4992 = ORIENTED_EDGE ( 'NONE', *, *, #1371, .F. ) ;
#4993 = DIRECTION ( 'NONE',  ( -0.1660101621116076009, -0.06985066062633368822, -0.9836470460921146186 ) ) ;
#4994 =( NAMED_UNIT ( * ) PLANE_ANGLE_UNIT ( ) SI_UNIT ( $, .RADIAN. ) );
#4995 = SURFACE_SIDE_STYLE ('',( #2574 ) ) ;
#4996 = EDGE_CURVE ( 'NONE', #2446, #10207, #6920, .T. ) ;
#4997 = LINE ( 'NONE', #4182, #9270 ) ;
#4998 = ORIENTED_EDGE ( 'NONE', *, *, #930, .T. ) ;
#4999 = ORIENTED_EDGE ( 'NONE', *, *, #2194, .F. ) ;
#5000 = ORIENTED_EDGE ( 'NONE', *, *, #3854, .F. ) ;
#5001 = CARTESIAN_POINT ( 'NONE',  ( 2.965718182652202550, 1.615450177549807576, 2.824560316785918346 ) ) ;
#5002 = SURFACE_STYLE_FILL_AREA ( #3180 ) ;
#5003 = CARTESIAN_POINT ( 'NONE',  ( 3.000000000000000444, 0.000000000000000000, -1.600000000000000977 ) ) ;
#5004 = SURFACE_STYLE_USAGE ( .BOTH. , #4412 ) ;
#5005 = CARTESIAN_POINT ( 'NONE',  ( 3.100000000000000533, 1.800000000000000488, -1.900000000000001688 ) ) ;
#5006 = CARTESIAN_POINT ( 'NONE',  ( 3.000000000000000888, 1.023333333333333428, 2.900000000000000355 ) ) ;
#5007 = ORIENTED_EDGE ( 'NONE', *, *, #4305, .T. ) ;
#5008 = ORIENTED_EDGE ( 'NONE', *, *, #6928, .T. ) ;
#5009 = EDGE_LOOP ( 'NONE', ( #9597, #5462, #10238, #2562 ) ) ;
#5010 = CARTESIAN_POINT ( 'NONE',  ( -2.204364238465235514E-17, 0.05000000000000000278, 1.250000000000000222 ) ) ;
#5011 = ORIENTED_EDGE ( 'NONE', *, *, #4076, .F. ) ;
#5012 = CARTESIAN_POINT ( 'NONE',  ( -3.000000000000000888, 1.639999999999999902, -2.900000000000000355 ) ) ;
#5013 = ORIENTED_EDGE ( 'NONE', *, *, #457, .F. ) ;
#5014 = VECTOR ( 'NONE', #2309, 1000.000000000000000 ) ;
#5015 =( NAMED_UNIT ( * ) PLANE_ANGLE_UNIT ( ) SI_UNIT ( $, .RADIAN. ) );
#5016 = DIRECTION ( 'NONE',  ( 1.000000000000000000, -0.000000000000000000, 0.000000000000000000 ) ) ;
#5017 = CARTESIAN_POINT ( 'NONE',  ( 3.000000000000000888, -2.439454888092384977E-17, -2.400000000000000799 ) ) ;
#5018 = PRODUCT_RELATED_PRODUCT_CATEGORY ( 'part', '', ( #2416 ) ) ;
#5019 = ADVANCED_FACE ( 'NONE', ( #10170 ), #1797, .T. ) ;
#5020 =( LENGTH_UNIT ( ) NAMED_UNIT ( * ) SI_UNIT ( .MILLI., .METRE. ) );
#5021 = PRESENTATION_LAYER_ASSIGNMENT (  '', '', ( #1566 ) ) ;
#5022 = DIRECTION ( 'NONE',  ( -0.000000000000000000, 0.000000000000000000, 1.000000000000000000 ) ) ;
#5023 = EDGE_CURVE ( 'NONE', #1616, #8344, #5103, .T. ) ;
#5024 = ORIENTED_EDGE ( 'NONE', *, *, #7049, .T. ) ;
#5025 = ORIENTED_EDGE ( 'NONE', *, *, #3539, .T. ) ;
#5026 = ORIENTED_EDGE ( 'NONE', *, *, #2932, .T. ) ;
#5027 = VECTOR ( 'NONE', #9794, 1000.000000000000000 ) ;
#5028 = DIRECTION ( 'NONE',  ( 0.000000000000000000, 0.7071067811865499042, -0.7071067811865452413 ) ) ;
#5029 = EDGE_CURVE ( 'NONE', #134, #2806, #2675, .T. ) ;
#5030 = CARTESIAN_POINT ( 'NONE',  ( 1.836970198721030181E-16, 3.000000000000000000, 1.500000000000000222 ) ) ;
#5031 = ORIENTED_EDGE ( 'NONE', *, *, #6719, .T. ) ;
#5032 = DIRECTION ( 'NONE',  ( 2.168404344971010840E-16, -1.355252715606883008E-16, 1.000000000000000000 ) ) ;
#5033 = LINE ( 'NONE', #4777, #4092 ) ;
#5034 = CARTESIAN_POINT ( 'NONE',  ( 2.549999999999999822, 0.2000000000000000111, 1.600000000000000533 ) ) ;
#5035 = AXIS2_PLACEMENT_3D ( 'NONE', #7955, #5358, #3747 ) ;
#5036 = FACE_OUTER_BOUND ( 'NONE', #2664, .T. ) ;
#5037 = AXIS2_PLACEMENT_3D ( 'NONE', #5648, #2401, #7295 ) ;
#5038 = DIRECTION ( 'NONE',  ( 1.000000000000000000, 0.000000000000000000, 0.000000000000000000 ) ) ;
#5040 = CARTESIAN_POINT ( 'NONE',  ( -2.951527589385436467, 1.038372815451036324, -2.990236892706219507 ) ) ;
#5039 = CARTESIAN_POINT ( 'NONE',  ( 2.899999999999999467, 1.639999999999999902, -3.000000000000001776 ) ) ;
#5041 = LINE ( 'NONE', #215, #5569 ) ;
#5042 = AXIS2_PLACEMENT_3D ( 'NONE', #7907, #6205, #9576 ) ;
#5043 = EDGE_CURVE ( 'NONE', #6448, #5973, #1741, .T. ) ;
#5044 = CARTESIAN_POINT ( 'NONE',  ( -1.749999999999999334, 1.640000000000000124, -2.799999999999999378 ) ) ;
#5045 =( GEOMETRIC_REPRESENTATION_CONTEXT ( 3 ) GLOBAL_UNCERTAINTY_ASSIGNED_CONTEXT ( ( #7496 ) ) GLOBAL_UNIT_ASSIGNED_CONTEXT ( ( #9705, #3635, #3585 ) ) REPRESENTATION_CONTEXT ( 'NONE', 'WORKASPACE' ) );
#5046 = ORIENTED_EDGE ( 'NONE', *, *, #2927, .F. ) ;
#5047 = SURFACE_STYLE_FILL_AREA ( #10231 ) ;
#5048 = DIRECTION ( 'NONE',  ( -0.000000000000000000, 0.9974881498328391771, 0.07083354391147972384 ) ) ;
#5049 = VECTOR ( 'NONE', #949, 1000.000000000000000 ) ;
#5050 = CARTESIAN_POINT ( 'NONE',  ( -2.973151252769267394, 1.608270103468042000, 2.831730098704789977 ) ) ;
#5051 = LINE ( 'NONE', #4241, #1478 ) ;
#5052 = DIRECTION ( 'NONE',  ( 0.000000000000000000, 0.000000000000000000, -1.000000000000000000 ) ) ;
#5053 = EDGE_LOOP ( 'NONE', ( #3044, #3513, #1541, #5341 ) ) ;
#5054 = CARTESIAN_POINT ( 'NONE',  ( -1.750000000000000222, 0.9860032588192692016, 2.919290391101349691 ) ) ;
#5055 = ORIENTED_EDGE ( 'NONE', *, *, #7799, .F. ) ;
#5056 = AXIS2_PLACEMENT_3D ( 'NONE', #8791, #2776, #6304 ) ;
#5057 = VECTOR ( 'NONE', #3424, 1000.000000000000000 ) ;
#5058 = ADVANCED_FACE ( 'NONE', ( #987 ), #4172, .F. ) ;
#5059 = DIRECTION ( 'NONE',  ( -0.000000000000000000, -1.000000000000000000, -0.000000000000000000 ) ) ;
#5060 =( LENGTH_UNIT ( ) NAMED_UNIT ( * ) SI_UNIT ( .MILLI., .METRE. ) );
#5061 = DIRECTION ( 'NONE',  ( 0.000000000000000000, 1.000000000000000000, 0.000000000000000000 ) ) ;
#5062 = SURFACE_STYLE_FILL_AREA ( #7713 ) ;
#5063 = STYLED_ITEM ( 'NONE', ( #1037 ), #68 ) ;
#5064 = CARTESIAN_POINT ( 'NONE',  ( 2.265816373364159197, 0.5921997756536964141, -2.759948957482659448 ) ) ;
#5065 = LINE ( 'NONE', #3344, #70 ) ;
#5066 = COLOUR_RGB ( '',0.6470588235294117974, 0.6196078431372549211, 0.5882352941176470784 ) ;
#5067 = LINE ( 'NONE', #1063, #7132 ) ;
#5068 = ORIENTED_EDGE ( 'NONE', *, *, #9960, .F. ) ;
#5069 = ORIENTED_EDGE ( 'NONE', *, *, #4413, .F. ) ;
#5070 = VECTOR ( 'NONE', #10701, 1000.000000000000000 ) ;
#5071 = UNCERTAINTY_MEASURE_WITH_UNIT (LENGTH_MEASURE( 1.000000000000000082E-05 ), #7909, 'distance_accuracy_value', 'NONE');
#5072 = ORIENTED_EDGE ( 'NONE', *, *, #2057, .T. ) ;
#5073 = CARTESIAN_POINT ( 'NONE',  ( 1.733283001604466911, 0.5606250315867211675, 2.999623222474925743 ) ) ;
#5074 = ORIENTED_EDGE ( 'NONE', *, *, #2872, .F. ) ;
#5075 = AXIS2_PLACEMENT_3D ( 'NONE', #4475, #3576, #6787 ) ;
#5076 = LINE ( 'NONE', #4849, #7602 ) ;
#5077 = EDGE_CURVE ( 'NONE', #418, #419, #7638, .T. ) ;
#5078 = ORIENTED_EDGE ( 'NONE', *, *, #596, .F. ) ;
#5079 = AXIS2_PLACEMENT_3D ( 'NONE', #5353, #3690, #9352 ) ;
#5080 = AXIS2_PLACEMENT_3D ( 'NONE', #4528, #6953, #8721 ) ;
#5081 = CARTESIAN_POINT ( 'NONE',  ( -2.999999999999999112, -2.439454888092384977E-17, 2.400000000000001243 ) ) ;
#5082 = DIRECTION ( 'NONE',  ( 1.000000000000000000, 0.000000000000000000, 0.000000000000000000 ) ) ;
#5083 = SURFACE_STYLE_USAGE ( .BOTH. , #1835 ) ;
#5084 = LINE ( 'NONE', #6621, #2161 ) ;
#5085 = SURFACE_STYLE_FILL_AREA ( #1781 ) ;
#5086 = VERTEX_POINT ( 'NONE', #8410 ) ;
#5087 = VECTOR ( 'NONE', #7084, 1000.000000000000114 ) ;
#5088 = ORIENTED_EDGE ( 'NONE', *, *, #1858, .F. ) ;
#5089 = ORIENTED_EDGE ( 'NONE', *, *, #7414, .F. ) ;
#5090 = FACE_OUTER_BOUND ( 'NONE', #1299, .T. ) ;
#5091 = CARTESIAN_POINT ( 'NONE',  ( -2.799999999999999822, 3.100000000000000089, -1.400000000000000577 ) ) ;
#5092 = ORIENTED_EDGE ( 'NONE', *, *, #4722, .T. ) ;
#5093 = SURFACE_STYLE_FILL_AREA ( #5877 ) ;
#5094 = EDGE_CURVE ( 'NONE', #4650, #1232, #7309, .T. ) ;
#5095 = EDGE_CURVE ( 'NONE', #8855, #8782, #6807, .T. ) ;
#5096 = CARTESIAN_POINT ( 'NONE',  ( 2.275444008190515177, 0.9726542196610570290, -2.731307302345951094 ) ) ;
#5097 = VECTOR ( 'NONE', #7007, 1000.000000000000000 ) ;
#5098 = VERTEX_POINT ( 'NONE', #6699 ) ;
#5099 =( GEOMETRIC_REPRESENTATION_CONTEXT ( 3 ) GLOBAL_UNCERTAINTY_ASSIGNED_CONTEXT ( ( #1840 ) ) GLOBAL_UNIT_ASSIGNED_CONTEXT ( ( #8859, #4710, #1524 ) ) REPRESENTATION_CONTEXT ( 'NONE', 'WORKASPACE' ) );
#5100 = CARTESIAN_POINT ( 'NONE',  ( 3.197123022628389322, 0.1661989060850455890, -2.400000000000000799 ) ) ;
#5101 = ADVANCED_FACE ( 'NONE', ( #1853 ), #213, .T. ) ;
#5103 = LINE ( 'NONE', #5883, #9571 ) ;
#5102 = CARTESIAN_POINT ( 'NONE',  ( -1.849999999999999201, 0.000000000000000000, 2.700000000000000178 ) ) ;
#5104 = LINE ( 'NONE', #4229, #3551 ) ;
#5105 = CARTESIAN_POINT ( 'NONE',  ( 1.399999999999999911, 1.117205701710528798, 2.809926963919710641 ) ) ;
#5106 = LINE ( 'NONE', #991, #5562 ) ;
#5107 = EDGE_CURVE ( 'NONE', #9753, #7112, #5158, .T. ) ;
#5108 = AXIS2_PLACEMENT_3D ( 'NONE', #554, #2472, #9911 ) ;
#5109 = EDGE_CURVE ( 'NONE', #8276, #6044, #10107, .T. ) ;
#5110 = ADVANCED_FACE ( 'NONE', ( #6041 ), #2616, .T. ) ;
#5111 = FILL_AREA_STYLE_COLOUR ( '', #7201 ) ;
#5112 = ORIENTED_EDGE ( 'NONE', *, *, #4404, .F. ) ;
#5113 = CARTESIAN_POINT ( 'NONE',  ( 1.759763107293781825, 0.9980787351024326126, -2.748472410614597461 ) ) ;
#5114 = CARTESIAN_POINT ( 'NONE',  ( 3.300000000000000711, 0.7661623507412516076, 2.400000000000001243 ) ) ;
#5115 = CARTESIAN_POINT ( 'NONE',  ( 3.300000000000000266, 0.7661623507412516076, -1.750000000000000666 ) ) ;
#5116 = AXIS2_PLACEMENT_3D ( 'NONE', #855, #1774, #4971 ) ;
#5117 = DIRECTION ( 'NONE',  ( 0.000000000000000000, -2.670717223410072953E-17, -1.000000000000000000 ) ) ;
#5118 = VECTOR ( 'NONE', #2582, 1000.000000000000114 ) ;
#5119 = ORIENTED_EDGE ( 'NONE', *, *, #8280, .T. ) ;
#5120 = CARTESIAN_POINT ( 'NONE',  ( 2.963662989417781279, 1.800000000000000711, 1.500000000000000222 ) ) ;
#5121 = ORIENTED_EDGE ( 'NONE', *, *, #7394, .T. ) ;
#5122 = PRESENTATION_LAYER_ASSIGNMENT (  '', '', ( #7764 ) ) ;
#5123 = CARTESIAN_POINT ( 'NONE',  ( -3.000000000000000444, 1.639999999999999902, -1.500000000000000222 ) ) ;
#5124 = VECTOR ( 'NONE', #3001, 1000.000000000000000 ) ;
#5125 = CARTESIAN_POINT ( 'NONE',  ( -0.6712446053646765609, 1.649999999999999911, -1.777540923532715089 ) ) ;
#5126 = SURFACE_STYLE_USAGE ( .BOTH. , #9330 ) ;
#5127 = LINE ( 'NONE', #9331, #5620 ) ;
#5128 = PLANE ( 'NONE',  #10296 ) ;
#5129 = VERTEX_POINT ( 'NONE', #7751 ) ;
#5130 = VERTEX_POINT ( 'NONE', #6871 ) ;
#5131 = AXIS2_PLACEMENT_3D ( 'NONE', #1789, #1631, #7518 ) ;
#5132 = ORIENTED_EDGE ( 'NONE', *, *, #1924, .F. ) ;
#5133 = CARTESIAN_POINT ( 'NONE',  ( -2.400000000000000355, 0.04999999999999991951, 0.3500000000000003109 ) ) ;
#5134 = ORIENTED_EDGE ( 'NONE', *, *, #322, .T. ) ;
#5135 = DIRECTION ( 'NONE',  ( 0.000000000000000000, -0.000000000000000000, 1.000000000000000000 ) ) ;
#5136 = ORIENTED_EDGE ( 'NONE', *, *, #8631, .F. ) ;
#5137 = DIRECTION ( 'NONE',  ( 0.000000000000000000, -0.000000000000000000, 1.000000000000000000 ) ) ;
#5138 = PLANE ( 'NONE',  #5931 ) ;
#5139 = DIRECTION ( 'NONE',  ( 0.8479983040050877996, 0.5299989400031803743, -0.000000000000000000 ) ) ;
#5140 = VECTOR ( 'NONE', #3248, 1000.000000000000114 ) ;
#5141 = CYLINDRICAL_SURFACE ( 'NONE', #3892, 0.09999999999999982514 ) ;
#5142 = CARTESIAN_POINT ( 'NONE',  ( 3.000000000000000888, 1.639999999999999902, -2.700000000000001066 ) ) ;
#5143 = VECTOR ( 'NONE', #4713, 1000.000000000000000 ) ;
#5144 = CARTESIAN_POINT ( 'NONE',  ( -1.749999999999999556, 0.000000000000000000, 2.799999999999999822 ) ) ;
#5145 = ORIENTED_EDGE ( 'NONE', *, *, #588, .T. ) ;
#5146 = EDGE_LOOP ( 'NONE', ( #9409, #4924, #4103, #4992, #7210 ) ) ;
#5147 = EDGE_LOOP ( 'NONE', ( #5132, #7947, #2432, #7919, #6423, #2004 ) ) ;
#5148 = CARTESIAN_POINT ( 'NONE',  ( -2.275444008190514733, 0.6434831302162200561, 2.754682371836737698 ) ) ;
#5149 = DIRECTION ( 'NONE',  ( 0.000000000000000000, -0.000000000000000000, -1.000000000000000000 ) ) ;
#5150 = VERTEX_POINT ( 'NONE', #103 ) ;
#5151 = CARTESIAN_POINT ( 'NONE',  ( -1.750000000000000000, 1.021479141375624344, 3.136514768213620297 ) ) ;
#5152 = VECTOR ( 'NONE', #1712, 1000.000000000000000 ) ;
#5153 = DIRECTION ( 'NONE',  ( 0.000000000000000000, 0.7108982099748830663, 0.7032949132863872688 ) ) ;
#5154 = CARTESIAN_POINT ( 'NONE',  ( 1.744401817091225659, 0.9898318830829255788, 2.968911900840840001 ) ) ;
#5155 = SURFACE_STYLE_USAGE ( .BOTH. , #1850 ) ;
#5156 = CARTESIAN_POINT ( 'NONE',  ( 3.092515106404900127, 1.769510837724638685, 1.500000000000000222 ) ) ;
#5158 = LINE ( 'NONE', #937, #6036 ) ;
#5157 = DIRECTION ( 'NONE',  ( -8.673617379883937653E-15, 0.000000000000000000, -1.000000000000000000 ) ) ;
#5159 = DIRECTION ( 'NONE',  ( -0.000000000000000000, -1.000000000000000000, 0.000000000000000000 ) ) ;
#5160 = AXIS2_PLACEMENT_3D ( 'NONE', #2695, #3723, #2802 ) ;
#5161 = FACE_BOUND ( 'NONE', #10710, .T. ) ;
#5162 = PLANE ( 'NONE',  #4214 ) ;
#5163 = ORIENTED_EDGE ( 'NONE', *, *, #2678, .F. ) ;
#5164 = DIRECTION ( 'NONE',  ( 0.9893046619307648282, 0.1458639293384593749, 0.000000000000000000 ) ) ;
#5165 = ADVANCED_FACE ( 'NONE', ( #5936 ), #9415, .T. ) ;
#5166 = EDGE_CURVE ( 'NONE', #6443, #3570, #4392, .T. ) ;
#5167 = DIRECTION ( 'NONE',  ( -2.891205793294684539E-15, 0.000000000000000000, 1.000000000000000000 ) ) ;
#5168 = DIRECTION ( 'NONE',  ( 0.000000000000000000, 0.000000000000000000, -1.000000000000000000 ) ) ;
#5169 = EDGE_CURVE ( 'NONE', #4923, #1627, #6265, .T. ) ;
#5170 = CARTESIAN_POINT ( 'NONE',  ( 1.850000000000000311, 1.640999999999999792, -2.800000000000000711 ) ) ;
#5171 = EDGE_LOOP ( 'NONE', ( #1466, #1431, #6175 ) ) ;
#5172 = PLANE ( 'NONE',  #2987 ) ;
#5173 = ORIENTED_EDGE ( 'NONE', *, *, #3072, .T. ) ;
#5174 = DIRECTION ( 'NONE',  ( 0.000000000000000000, -0.1643989873053577078, -0.9863939238321436376 ) ) ;
#5175 = LINE ( 'NONE', #8544, #1506 ) ;
#5176 = DIRECTION ( 'NONE',  ( 0.000000000000000000, -0.07083354391148079243, -0.9974881498328389551 ) ) ;
#5177 = CARTESIAN_POINT ( 'NONE',  ( 1.868750000000000133, 0.4000000000000000222, -0.5999999999999998668 ) ) ;
#5178 = ADVANCED_FACE ( 'NONE', ( #8941 ), #5626, .T. ) ;
#5179 = CARTESIAN_POINT ( 'NONE',  ( 0.2500000000000000000, 0.4000000000000000222, -0.6000000000000000888 ) ) ;
#5180 = EDGE_LOOP ( 'NONE', ( #1014, #1380, #7493, #10161 ) ) ;
#5181 = EDGE_CURVE ( 'NONE', #246, #9548, #10524, .T. ) ;
#5182 = UNCERTAINTY_MEASURE_WITH_UNIT (LENGTH_MEASURE( 1.000000000000000082E-05 ), #4646, 'distance_accuracy_value', 'NONE');
#5183 = ORIENTED_EDGE ( 'NONE', *, *, #8756, .F. ) ;
#5184 = CARTESIAN_POINT ( 'NONE',  ( -3.101604300710384621, 1.299999999999999822, -1.199999999999999067 ) ) ;
#5185 = ORIENTED_EDGE ( 'NONE', *, *, #7734, .F. ) ;
#5186 = ORIENTED_EDGE ( 'NONE', *, *, #5918, .F. ) ;
#5187 = CARTESIAN_POINT ( 'NONE',  ( 1.949999999999999956, 0.2000000000000000111, 1.800000000000000266 ) ) ;
#5188 = PLANE ( 'NONE',  #5749 ) ;
#5189 = CARTESIAN_POINT ( 'NONE',  ( 2.500000000000000000, 0.05000000000000000278, -0.9999999999999993339 ) ) ;
#5190 = CARTESIAN_POINT ( 'NONE',  ( 3.101604300710384621, 1.300000000000000266, -0.5999999999999958700 ) ) ;
#5191 = DIRECTION ( 'NONE',  ( 0.000000000000000000, 0.000000000000000000, 1.000000000000000000 ) ) ;
#5192 = CARTESIAN_POINT ( 'NONE',  ( -2.275444008190514733, 0.6162866415643560858, -2.756613646582692478 ) ) ;
#5193 = EDGE_LOOP ( 'NONE', ( #3780, #3870, #6908, #5687, #5089, #5797, #5576, #9994 ) ) ;
#5194 = UNCERTAINTY_MEASURE_WITH_UNIT (LENGTH_MEASURE( 1.000000000000000082E-05 ), #5743, 'distance_accuracy_value', 'NONE');
#5195 = ORIENTED_EDGE ( 'NONE', *, *, #9826, .F. ) ;
#5196 = ORIENTED_EDGE ( 'NONE', *, *, #1654, .T. ) ;
#5197 =( LENGTH_UNIT ( ) NAMED_UNIT ( * ) SI_UNIT ( .MILLI., .METRE. ) );
#5198 = CARTESIAN_POINT ( 'NONE',  ( -1.822042636654155778, 0.9899999999999999911, -2.700000000000001066 ) ) ;
#5199 = ORIENTED_EDGE ( 'NONE', *, *, #10153, .F. ) ;
#5200 = DIRECTION ( 'NONE',  ( -1.000000000000000000, 8.213652821859882870E-18, 0.000000000000000000 ) ) ;
#5201 =( NAMED_UNIT ( * ) SI_UNIT ( $, .STERADIAN. ) SOLID_ANGLE_UNIT ( ) );
#5202 = EDGE_CURVE ( 'NONE', #7412, #6124, #8044, .T. ) ;
#5203 = SURFACE_STYLE_FILL_AREA ( #2671 ) ;
#5204 = VERTEX_POINT ( 'NONE', #2321 ) ;
#5205 = LINE ( 'NONE', #1739, #8421 ) ;
#5207 = CARTESIAN_POINT ( 'NONE',  ( -1.950000000000000622, 0.2000000000000000111, -2.400000000000001243 ) ) ;
#5206 = DIRECTION ( 'NONE',  ( 1.000000000000000000, -0.000000000000000000, 0.000000000000000000 ) ) ;
#5208 = CARTESIAN_POINT ( 'NONE',  ( 3.000000000000000444, 0.2000000000000000111, -1.600000000000000977 ) ) ;
#5209 = AXIS2_PLACEMENT_3D ( 'NONE', #2805, #9332, #131 ) ;
#5210 = DIRECTION ( 'NONE',  ( 1.000000000000000000, 0.000000000000000000, -0.000000000000000000 ) ) ;
#5211 = ORIENTED_EDGE ( 'NONE', *, *, #378, .F. ) ;
#5212 = CARTESIAN_POINT ( 'NONE',  ( -2.999999999999999112, 1.023333333333333872, 2.900000000000001243 ) ) ;
#5213 = MECHANICAL_DESIGN_GEOMETRIC_PRESENTATION_REPRESENTATION (  '', ( #1229 ), #7495 ) ;
#5214 =( NAMED_UNIT ( * ) SI_UNIT ( $, .STERADIAN. ) SOLID_ANGLE_UNIT ( ) );
#5215 = ORIENTED_EDGE ( 'NONE', *, *, #1143, .F. ) ;
#5216 = AXIS2_PLACEMENT_3D ( 'NONE', #3921, #1586, #7199 ) ;
#5217 = EDGE_CURVE ( 'NONE', #9908, #3855, #3081, .T. ) ;
#5218 = ADVANCED_FACE ( 'NONE', ( #6437 ), #5567, .T. ) ;
#5219 = LINE ( 'NONE', #10064, #5049 ) ;
#5220 = VECTOR ( 'NONE', #4772, 1000.000000000000000 ) ;
#5221 = LINE ( 'NONE', #113, #1173 ) ;
#5222 = CARTESIAN_POINT ( 'NONE',  ( 2.399999999999999467, 0.05000000000000003053, 0.3500000000000004774 ) ) ;
#5223 =( GEOMETRIC_REPRESENTATION_CONTEXT ( 3 ) GLOBAL_UNCERTAINTY_ASSIGNED_CONTEXT ( ( #6729 ) ) GLOBAL_UNIT_ASSIGNED_CONTEXT ( ( #8504, #2551, #6736 ) ) REPRESENTATION_CONTEXT ( 'NONE', 'WORKASPACE' ) );
#5224 = VECTOR ( 'NONE', #9312, 1000.000000000000114 ) ;
#5225 = CARTESIAN_POINT ( 'NONE',  ( 1.725000000000000089, 1.779925552076473627, 2.799999999999999822 ) ) ;
#5226 = EDGE_LOOP ( 'NONE', ( #4689, #5450, #6393, #1129 ) ) ;
#5227 = CARTESIAN_POINT ( 'NONE',  ( 3.000000000000000888, 1.649999999999999911, -2.900000000000001243 ) ) ;
#5228 = VERTEX_POINT ( 'NONE', #8102 ) ;
#5229 = EDGE_CURVE ( 'NONE', #5926, #2885, #6391, .T. ) ;
#5230 = CARTESIAN_POINT ( 'NONE',  ( -2.200000000000000178, -1.084202172485504434E-16, 1.800000000000000266 ) ) ;
#5231 = EDGE_CURVE ( 'NONE', #7726, #5150, #5681, .T. ) ;
#5232 = COLOUR_RGB ( '',0.6470588235294117974, 0.6196078431372549211, 0.5882352941176470784 ) ;
#5233 = CARTESIAN_POINT ( 'NONE',  ( -1.399999999999999911, 0.5606250315867218337, 2.999623222474925743 ) ) ;
#5234 = PLANE ( 'NONE',  #2858 ) ;
#5235 = DIRECTION ( 'NONE',  ( 0.000000000000000000, 0.000000000000000000, -1.000000000000000000 ) ) ;
#5236 = EDGE_CURVE ( 'NONE', #4014, #8145, #7993, .T. ) ;
#5237 = CARTESIAN_POINT ( 'NONE',  ( -3.000000000000000888, 0.9899999999999999911, -2.699999999999999734 ) ) ;
#5238 = ORIENTED_EDGE ( 'NONE', *, *, #10498, .F. ) ;
#5239 = ORIENTED_EDGE ( 'NONE', *, *, #10017, .T. ) ;
#5240 = CARTESIAN_POINT ( 'NONE',  ( 1.725000000000000089, 1.189999999999999281, -2.808570668675936410 ) ) ;
#5241 = PRESENTATION_LAYER_ASSIGNMENT (  '', '', ( #4025 ) ) ;
#5242 = VERTEX_POINT ( 'NONE', #3836 ) ;
#5243 = ADVANCED_FACE ( 'NONE', ( #7165 ), #2216, .T. ) ;
#5244 = ORIENTED_EDGE ( 'NONE', *, *, #6000, .F. ) ;
#5245 = EDGE_CURVE ( 'NONE', #4001, #9648, #1332, .T. ) ;
#5246 = DIRECTION ( 'NONE',  ( 2.451737609243574407E-16, 0.5299989400031792641, -0.8479983040050884657 ) ) ;
#5247 = FACE_OUTER_BOUND ( 'NONE', #7337, .T. ) ;
#5248 = APPLICATION_PROTOCOL_DEFINITION ( 'draft international standard', 'automotive_design', 1998, #899 ) ;
#5249 = CARTESIAN_POINT ( 'NONE',  ( 3.062593455610858051, 1.564586392933846160, -1.467446827165984180 ) ) ;
#5250 = DIRECTION ( 'NONE',  ( -0.000000000000000000, -1.000000000000000000, 0.000000000000000000 ) ) ;
#5251 = AXIS2_PLACEMENT_3D ( 'NONE', #1305, #9020, #4918 ) ;
#5252 = CARTESIAN_POINT ( 'NONE',  ( -1.750000000000000222, 0.9682204597327073170, 2.798965296228217436 ) ) ;
#5253 = ORIENTED_EDGE ( 'NONE', *, *, #8539, .T. ) ;
#5254 = VERTEX_POINT ( 'NONE', #1763 ) ;
#5255 = VECTOR ( 'NONE', #7956, 1000.000000000000114 ) ;
#5256 = DIRECTION ( 'NONE',  ( -0.000000000000000000, -1.000000000000000000, -0.000000000000000000 ) ) ;
#5257 = ORIENTED_EDGE ( 'NONE', *, *, #185, .F. ) ;
#5258 =( GEOMETRIC_REPRESENTATION_CONTEXT ( 3 ) GLOBAL_UNCERTAINTY_ASSIGNED_CONTEXT ( ( #6082 ) ) GLOBAL_UNIT_ASSIGNED_CONTEXT ( ( #3463, #7890, #410 ) ) REPRESENTATION_CONTEXT ( 'NONE', 'WORKASPACE' ) );
#5259 = FILL_AREA_STYLE ('',( #4384 ) ) ;
#5260 = CARTESIAN_POINT ( 'NONE',  ( -1.749999999999999334, 0.000000000000000000, -3.000000000000000000 ) ) ;
#5261 = FILL_AREA_STYLE ('',( #420 ) ) ;
#5262 = ORIENTED_EDGE ( 'NONE', *, *, #2138, .F. ) ;
#5264 = CARTESIAN_POINT ( 'NONE',  ( 1.399999999999999911, 1.800000000000000488, 2.947231250521888501 ) ) ;
#5263 = CARTESIAN_POINT ( 'NONE',  ( -3.093215324066168836, 0.01699257395427042003, 2.400000000000001243 ) ) ;
#5265 = FILL_AREA_STYLE ('',( #9526 ) ) ;
#5266 = VECTOR ( 'NONE', #3294, 1000.000000000000000 ) ;
#5267 = CARTESIAN_POINT ( 'NONE',  ( -1.747290618602362233, 0.6930814536348304244, -2.840296774384020839 ) ) ;
#5268 = ORIENTED_EDGE ( 'NONE', *, *, #2349, .T. ) ;
#5269 = PLANE ( 'NONE',  #705 ) ;
#5270 = SURFACE_SIDE_STYLE ('',( #323 ) ) ;
#5271 = STYLED_ITEM ( 'NONE', ( #571 ), #7797 ) ;
#5272 = VECTOR ( 'NONE', #6228, 1000.000000000000000 ) ;
#5273 = CARTESIAN_POINT ( 'NONE',  ( 3.101604300710384621, 1.300000000000000266, -1.200000000000053690 ) ) ;
#5274 = CARTESIAN_POINT ( 'NONE',  ( 1.399999999999999911, 0.5606250315867212786, 2.999623222474925299 ) ) ;
#5275 = CARTESIAN_POINT ( 'NONE',  ( 3.000000000000000888, 1.800000000000000488, 1.500000000000000222 ) ) ;
#5276 = VECTOR ( 'NONE', #6456, 1000.000000000000000 ) ;
#5277 = PRESENTATION_STYLE_ASSIGNMENT (( #1975 ) ) ;
#5278 = FILL_AREA_STYLE ('',( #9482 ) ) ;
#5279 = AXIS2_PLACEMENT_3D ( 'NONE', #6343, #1293, #10470 ) ;
#5280 = DIRECTION ( 'NONE',  ( 8.673617379883937653E-15, -0.000000000000000000, 1.000000000000000000 ) ) ;
#5281 = ORIENTED_EDGE ( 'NONE', *, *, #7652, .T. ) ;
#5282 = ORIENTED_EDGE ( 'NONE', *, *, #4380, .F. ) ;
#5283 = AXIS2_PLACEMENT_3D ( 'NONE', #8309, #4297, #6710 ) ;
#5284 = DIRECTION ( 'NONE',  ( -1.495451272393799049E-16, 0.000000000000000000, -1.000000000000000000 ) ) ;
#5285 = CARTESIAN_POINT ( 'NONE',  ( -1.250903821584649078, 1.650000000000000133, 1.436154448670983186 ) ) ;
#5286 = CARTESIAN_POINT ( 'NONE',  ( -1.749972624337437832, 0.9897492686847915166, -2.968821944913500488 ) ) ;
#5287 = DIRECTION ( 'NONE',  ( 0.1660101621115978587, -0.06985066062633378536, 0.9836470460921161729 ) ) ;
#5288 = CARTESIAN_POINT ( 'NONE',  ( 1.750000000000000444, 0.9895449360148430573, -2.969164798592990984 ) ) ;
#5289 = VERTEX_POINT ( 'NONE', #5793 ) ;
#5290 = VERTEX_POINT ( 'NONE', #7490 ) ;
#5291 = UNCERTAINTY_MEASURE_WITH_UNIT (LENGTH_MEASURE( 1.000000000000000082E-05 ), #8779, 'distance_accuracy_value', 'NONE');
#5292 = ORIENTED_EDGE ( 'NONE', *, *, #4604, .F. ) ;
#5293 = EDGE_CURVE ( 'NONE', #339, #9065, #9166, .T. ) ;
#5294 = FACE_OUTER_BOUND ( 'NONE', #4783, .T. ) ;
#5295 = VERTEX_POINT ( 'NONE', #6724 ) ;
#5296 = ORIENTED_EDGE ( 'NONE', *, *, #7741, .T. ) ;
#5297 = CARTESIAN_POINT ( 'NONE',  ( -1.749999999999999334, 1.650000000000000355, -2.799999999999999822 ) ) ;
#5298 = PLANE ( 'NONE',  #2997 ) ;
#5299 = DIRECTION ( 'NONE',  ( -1.000000000000000000, 0.000000000000000000, -4.336808689942021680E-16 ) ) ;
#5300 = SHAPE_DEFINITION_REPRESENTATION ( #4035, #7237 ) ;
#5301 = CARTESIAN_POINT ( 'NONE',  ( -1.849999999999999201, 1.650000000000000355, 2.700000000000000178 ) ) ;
#5302 = DIRECTION ( 'NONE',  ( 0.4961389383568333145, -0.8682431421244595215, 0.000000000000000000 ) ) ;
#5303 = EDGE_CURVE ( 'NONE', #3726, #616, #1658, .T. ) ;
#5304 = COLOUR_RGB ( '',0.6470588235294117974, 0.6196078431372549211, 0.5882352941176470784 ) ;
#5305 = ADVANCED_FACE ( 'NONE', ( #4135 ), #6607, .T. ) ;
#5306 = ADVANCED_FACE ( 'NONE', ( #9925 ), #10080, .T. ) ;
#5307 = DIRECTION ( 'NONE',  ( 0.000000000000000000, -0.07083354391148080631, 0.9974881498328390661 ) ) ;
#5308 = ORIENTED_EDGE ( 'NONE', *, *, #8611, .T. ) ;
#5309 = ORIENTED_EDGE ( 'NONE', *, *, #7877, .T. ) ;
#5310 = EDGE_CURVE ( 'NONE', #7099, #6241, #1607, .T. ) ;
#5311 = DIRECTION ( 'NONE',  ( 0.000000000000000000, 0.000000000000000000, -1.000000000000000000 ) ) ;
#5312 = VERTEX_POINT ( 'NONE', #5900 ) ;
#5313 =( NAMED_UNIT ( * ) PLANE_ANGLE_UNIT ( ) SI_UNIT ( $, .RADIAN. ) );
#5314 = VECTOR ( 'NONE', #1653, 1000.000000000000000 ) ;
#5315 = VECTOR ( 'NONE', #10737, 1000.000000000000000 ) ;
#5316 = DIRECTION ( 'NONE',  ( 0.000000000000000000, 0.000000000000000000, -1.000000000000000000 ) ) ;
#5317 = CARTESIAN_POINT ( 'NONE',  ( -1.899932651517881377, 1.800000000000000711, 0.2412597832612919657 ) ) ;
#5318 = FILL_AREA_STYLE ('',( #10323 ) ) ;
#5319 = CYLINDRICAL_SURFACE ( 'NONE', #6781, 0.09999999999999982514 ) ;
#5320 = B_SPLINE_CURVE_WITH_KNOTS ( 'NONE', 3,
 ( #3320, #5763, #9140, #6698, #1637, #822 ),
 .UNSPECIFIED., .F., .F.,
 ( 4, 2, 4 ),
 ( 0.000000000000000000, 0.5000000000000000000, 1.000000000000000000 ),
 .UNSPECIFIED. ) ;
#5321 = EDGE_CURVE ( 'NONE', #8257, #7115, #8322, .T. ) ;
#5322 = ORIENTED_EDGE ( 'NONE', *, *, #1858, .T. ) ;
#5323 = PLANE ( 'NONE',  #538 ) ;
#5324 = VECTOR ( 'NONE', #5830, 1000.000000000000000 ) ;
#5325 = DIRECTION ( 'NONE',  ( -1.495451272393799049E-16, 0.000000000000000000, -1.000000000000000000 ) ) ;
#5326 = DIRECTION ( 'NONE',  ( -0.000000000000000000, 0.000000000000000000, 1.000000000000000000 ) ) ;
#5327 = CARTESIAN_POINT ( 'NONE',  ( 3.000000000000000444, 0.2000000000000000111, -2.400000000000000799 ) ) ;
#5328 = DIRECTION ( 'NONE',  ( 1.057443735643709167E-16, -0.7071067811865461294, 0.7071067811865489050 ) ) ;
#5329 = VERTEX_POINT ( 'NONE', #9271 ) ;
#5330 =( REPRESENTATION_RELATIONSHIP ('NONE','NONE', #7237, #2025 ) REPRESENTATION_RELATIONSHIP_WITH_TRANSFORMATION ( #9005 )SHAPE_REPRESENTATION_RELATIONSHIP( ) );
#5331 = ORIENTED_EDGE ( 'NONE', *, *, #3254, .T. ) ;
#5332 = CARTESIAN_POINT ( 'NONE',  ( 3.189230603583417256, 0.1201714756737941314, -2.400000000000000799 ) ) ;
#5333 = DIRECTION ( 'NONE',  ( -1.000000000000000000, -0.000000000000000000, -0.000000000000000000 ) ) ;
#5334 = CARTESIAN_POINT ( 'NONE',  ( -2.943344128593938347, 1.449763107293779330, 2.990355538519172018 ) ) ;
#5335 = EDGE_CURVE ( 'NONE', #4590, #5086, #8268, .T. ) ;
#5336 = DIRECTION ( 'NONE',  ( 2.835094547050960311E-16, 1.771934091906852413E-16, 1.000000000000000000 ) ) ;
#5337 = CARTESIAN_POINT ( 'NONE',  ( 0.4394003629305865410, 0.04999999999999999584, 1.587213930157525432 ) ) ;
#5338 = LINE ( 'NONE', #393, #4147 ) ;
#5339 = ORIENTED_EDGE ( 'NONE', *, *, #8649, .F. ) ;
#5340 = EDGE_LOOP ( 'NONE', ( #5136, #9443, #170, #7573, #5046, #9242 ) ) ;
#5341 = ORIENTED_EDGE ( 'NONE', *, *, #458, .T. ) ;
#5342 = ORIENTED_EDGE ( 'NONE', *, *, #7722, .F. ) ;
#5343 = ORIENTED_EDGE ( 'NONE', *, *, #3176, .F. ) ;
#5344 = FILL_AREA_STYLE_COLOUR ( '', #8184 ) ;
#5345 = LINE ( 'NONE', #5297, #2723 ) ;
#5346 = PLANE ( 'NONE',  #10495 ) ;
#5347 = LINE ( 'NONE', #5566, #9847 ) ;
#5348 =( LENGTH_UNIT ( ) NAMED_UNIT ( * ) SI_UNIT ( .MILLI., .METRE. ) );
#5349 = CARTESIAN_POINT ( 'NONE',  ( 1.766485034026787027, 0.5604284549296926210, 2.996855001726780987 ) ) ;
#5350 = DIRECTION ( 'NONE',  ( -0.000000000000000000, -0.000000000000000000, 1.000000000000000000 ) ) ;
#5351 = VERTEX_POINT ( 'NONE', #10027 ) ;
#5352 = EDGE_LOOP ( 'NONE', ( #7433, #9341, #1084, #10416, #1996, #2974, #7933, #9677, #65, #470, #7777, #4432, #7986, #4450, #10200, #8441, #4908, #5904, #10194, #2036, #9539, #4469, #8536, #5629 ) ) ;
#5353 = CARTESIAN_POINT ( 'NONE',  ( 1.725000000000000089, 0.5499999999999999334, -2.850000000000000089 ) ) ;
#5354 = VERTEX_POINT ( 'NONE', #2583 ) ;
#5355 = DIRECTION ( 'NONE',  ( -0.000000000000000000, -0.000000000000000000, -1.000000000000000000 ) ) ;
#5356 = EDGE_CURVE ( 'NONE', #2047, #5228, #129, .T. ) ;
#5357 = SURFACE_STYLE_USAGE ( .BOTH. , #10215 ) ;
#5358 = DIRECTION ( 'NONE',  ( 0.000000000000000000, 0.000000000000000000, -1.000000000000000000 ) ) ;
#5359 = CARTESIAN_POINT ( 'NONE',  ( 1.750000000000000000, 1.639999999999999014, -2.799999999999999822 ) ) ;
#5360 = EDGE_CURVE ( 'NONE', #8754, #6734, #3445, .T. ) ;
#5361 = LINE ( 'NONE', #10325, #4198 ) ;
#5362 = CARTESIAN_POINT ( 'NONE',  ( -1.399999999999999911, 1.111981563471722723, -2.810092612869348638 ) ) ;
#5363 = CYLINDRICAL_SURFACE ( 'NONE', #9159, 1.899999999999999911 ) ;
#5364 = DIRECTION ( 'NONE',  ( -0.000000000000000000, -1.000000000000000000, -0.000000000000000000 ) ) ;
#5365 = EDGE_CURVE ( 'NONE', #330, #7320, #9059, .T. ) ;
#5366 = ORIENTED_EDGE ( 'NONE', *, *, #3030, .T. ) ;
#5367 = PRESENTATION_STYLE_ASSIGNMENT (( #7852 ) ) ;
#5368 = FILL_AREA_STYLE_COLOUR ( '', #9514 ) ;
#5369 = MECHANICAL_DESIGN_GEOMETRIC_PRESENTATION_REPRESENTATION (  '', ( #2612 ), #2871 ) ;
#5370 = VECTOR ( 'NONE', #9701, 1000.000000000000000 ) ;
#5371 = CARTESIAN_POINT ( 'NONE',  ( -2.999999999999999112, 1.566179938779914682, 2.699999999999998401 ) ) ;
#5372 = LINE ( 'NONE', #1264, #5143 ) ;
#5373 = EDGE_CURVE ( 'NONE', #452, #6987, #4090, .T. ) ;
#5374 = LINE ( 'NONE', #4559, #4343 ) ;
#5375 =( NAMED_UNIT ( * ) SI_UNIT ( $, .STERADIAN. ) SOLID_ANGLE_UNIT ( ) );
#5376 = STYLED_ITEM ( 'NONE', ( #833 ), #5705 ) ;
#5377 = CIRCLE ( 'NONE', #4848, 1.500000000000000222 ) ;
#5378 = ORIENTED_EDGE ( 'NONE', *, *, #943, .T. ) ;
#5379 = PRESENTATION_LAYER_ASSIGNMENT (  '', '', ( #6440 ) ) ;
#5380 = CARTESIAN_POINT ( 'NONE',  ( -1.750024094573129796, 0.9973621543013276858, 2.796895888684651332 ) ) ;
#5381 = LINE ( 'NONE', #10405, #2197 ) ;
#5382 = CARTESIAN_POINT ( 'NONE',  ( -3.000000000000000888, 1.639999999999999902, -2.500000000000000444 ) ) ;
#5383 = VECTOR ( 'NONE', #86, 1000.000000000000000 ) ;
#5384 = CARTESIAN_POINT ( 'NONE',  ( 2.900000000000001243, 1.639999999999999680, -2.900000000000001243 ) ) ;
#5385 = CARTESIAN_POINT ( 'NONE',  ( 0.05740096971187794161, 0.04999999999999998890, 2.149999999999999467 ) ) ;
#5386 = DIRECTION ( 'NONE',  ( 2.990902544787597113E-16, -0.000000000000000000, 1.000000000000000000 ) ) ;
#5387 = ORIENTED_EDGE ( 'NONE', *, *, #6926, .T. ) ;
#5388 = ORIENTED_EDGE ( 'NONE', *, *, #115, .F. ) ;
#5389 = VECTOR ( 'NONE', #6431, 1000.000000000000000 ) ;
#5390 = VERTEX_POINT ( 'NONE', #10246 ) ;
#5391 = FILL_AREA_STYLE ('',( #9757 ) ) ;
#5392 = ORIENTED_EDGE ( 'NONE', *, *, #4302, .T. ) ;
#5393 = EDGE_CURVE ( 'NONE', #7879, #161, #8599, .T. ) ;
#5394 =( GEOMETRIC_REPRESENTATION_CONTEXT ( 3 ) GLOBAL_UNCERTAINTY_ASSIGNED_CONTEXT ( ( #9930 ) ) GLOBAL_UNIT_ASSIGNED_CONTEXT ( ( #10733, #8255, #4034 ) ) REPRESENTATION_CONTEXT ( 'NONE', 'WORKASPACE' ) );
#5395 = CARTESIAN_POINT ( 'NONE',  ( 0.7444064871681010942, 1.649999999999999689, -1.318643257891337850 ) ) ;
#5396 =( NAMED_UNIT ( * ) PLANE_ANGLE_UNIT ( ) SI_UNIT ( $, .RADIAN. ) );
#5397 = DIRECTION ( 'NONE',  ( -0.000000000000000000, 0.000000000000000000, 1.000000000000000000 ) ) ;
#5398 = LINE ( 'NONE', #6390, #10375 ) ;
#5399 = SHAPE_DEFINITION_REPRESENTATION ( #1620, #2025 ) ;
#5400 = DIRECTION ( 'NONE',  ( 0.000000000000000000, -1.000000000000000000, 2.670717223410073261E-17 ) ) ;
#5401 =( GEOMETRIC_REPRESENTATION_CONTEXT ( 3 ) GLOBAL_UNCERTAINTY_ASSIGNED_CONTEXT ( ( #7615 ) ) GLOBAL_UNIT_ASSIGNED_CONTEXT ( ( #1045, #4239, #2625 ) ) REPRESENTATION_CONTEXT ( 'NONE', 'WORKASPACE' ) );
#5402 = LINE ( 'NONE', #6344, #5439 ) ;
#5403 = ORIENTED_EDGE ( 'NONE', *, *, #5231, .F. ) ;
#5404 = VECTOR ( 'NONE', #10628, 1000.000000000000000 ) ;
#5405 = UNCERTAINTY_MEASURE_WITH_UNIT (LENGTH_MEASURE( 1.000000000000000082E-05 ), #9269, 'distance_accuracy_value', 'NONE');
#5406 = ORIENTED_EDGE ( 'NONE', *, *, #4055, .F. ) ;
#5407 = EDGE_CURVE ( 'NONE', #6563, #330, #1819, .T. ) ;
#5408 = DIRECTION ( 'NONE',  ( 0.000000000000000000, 0.9974881498328379559, 0.07083354391149547513 ) ) ;
#5409 = ORIENTED_EDGE ( 'NONE', *, *, #3973, .F. ) ;
#5410 = DIRECTION ( 'NONE',  ( 0.000000000000000000, 0.000000000000000000, 1.000000000000000000 ) ) ;
#5411 = ORIENTED_EDGE ( 'NONE', *, *, #115, .T. ) ;
#5412 = DIRECTION ( 'NONE',  ( 0.8479983040050879106, -0.5299989400031802633, 0.000000000000000000 ) ) ;
#5413 = PRESENTATION_LAYER_ASSIGNMENT (  '', '', ( #3347 ) ) ;
#5414 = CARTESIAN_POINT ( 'NONE',  ( -1.883383651424181515, 1.800000000000000488, -0.2985248038745739740 ) ) ;
#5415 = CARTESIAN_POINT ( 'NONE',  ( -1.725000000000000089, 1.109374968413277651, 2.810277712176606713 ) ) ;
#5416 = FACE_OUTER_BOUND ( 'NONE', #9702, .T. ) ;
#5417 = FILL_AREA_STYLE_COLOUR ( '', #6259 ) ;
#5418 = LINE ( 'NONE', #2228, #5276 ) ;
#5419 = VECTOR ( 'NONE', #9671, 1000.000000000000114 ) ;
#5420 = FILL_AREA_STYLE_COLOUR ( '', #7324 ) ;
#5421 = EDGE_CURVE ( 'NONE', #4202, #4578, #8709, .T. ) ;
#5422 = AXIS2_PLACEMENT_3D ( 'NONE', #10374, #5970, #5191 ) ;
#5423 = VERTEX_POINT ( 'NONE', #6830 ) ;
#5424 = SURFACE_SIDE_STYLE ('',( #9625 ) ) ;
#5425 = DIRECTION ( 'NONE',  ( -1.000000000000000000, -0.000000000000000000, -0.000000000000000000 ) ) ;
#5426 = AXIS2_PLACEMENT_3D ( 'NONE', #9287, #6135, #3736 ) ;
#5427 = EDGE_CURVE ( 'NONE', #2868, #4160, #10226, .T. ) ;
#5428 = VECTOR ( 'NONE', #1086, 1000.000000000000227 ) ;
#5429 = CARTESIAN_POINT ( 'NONE',  ( -0.9144094948217414975, 1.649999999999999911, 1.206805882795010110 ) ) ;
#5430 = DIRECTION ( 'NONE',  ( 0.000000000000000000, 0.000000000000000000, -1.000000000000000000 ) ) ;
#5431 = LINE ( 'NONE', #3917, #7409 ) ;
#5432 = PLANE ( 'NONE',  #10492 ) ;
#5433 = PLANE ( 'NONE',  #7024 ) ;
#5434 = ADVANCED_FACE ( 'NONE', ( #10191 ), #2862, .T. ) ;
#5435 = EDGE_CURVE ( 'NONE', #3283, #10384, #2042, .T. ) ;
#5436 = ADVANCED_FACE ( 'NONE', ( #1930 ), #1221, .F. ) ;
#5437 = PLANE ( 'NONE',  #2271 ) ;
#5438 = PRESENTATION_LAYER_ASSIGNMENT (  '', '', ( #1286 ) ) ;
#5439 = VECTOR ( 'NONE', #466, 1000.000000000000000 ) ;
#5440 = AXIS2_PLACEMENT_3D ( 'NONE', #2945, #6974, #7856 ) ;
#5441 = EDGE_LOOP ( 'NONE', ( #10139, #344, #7294, #629 ) ) ;
#5442 = CARTESIAN_POINT ( 'NONE',  ( 2.995566730468930849, 1.508205383689321444, 2.932223397184482661 ) ) ;
#5443 = DIRECTION ( 'NONE',  ( -0.000000000000000000, -0.9998264715454812102, 0.01862865526314227624 ) ) ;
#5444 = VECTOR ( 'NONE', #5529, 1000.000000000000000 ) ;
#5445 = CARTESIAN_POINT ( 'NONE',  ( -0.8000000000000000444, 0.000000000000000000, 2.799999999999999822 ) ) ;
#5446 = VECTOR ( 'NONE', #1727, 1000.000000000000000 ) ;
#5447 = PLANE ( 'NONE',  #8022 ) ;
#5448 =( NAMED_UNIT ( * ) PLANE_ANGLE_UNIT ( ) SI_UNIT ( $, .RADIAN. ) );
#5449 = ORIENTED_EDGE ( 'NONE', *, *, #9745, .F. ) ;
#5450 = ORIENTED_EDGE ( 'NONE', *, *, #711, .F. ) ;
#5451 = EDGE_CURVE ( 'NONE', #2588, #7412, #832, .T. ) ;
#5452 = B_SPLINE_CURVE_WITH_KNOTS ( 'NONE', 3,
 ( #5359, #1456, #10438, #1252, #8850, #9727 ),
 .UNSPECIFIED., .F., .F.,
 ( 4, 2, 4 ),
 ( 0.000000000000000000, 0.5000000000000000000, 1.000000000000000000 ),
 .UNSPECIFIED. ) ;
#5453 = EDGE_LOOP ( 'NONE', ( #8185, #1650, #8219, #9607 ) ) ;
#5454 = ORIENTED_EDGE ( 'NONE', *, *, #5543, .T. ) ;
#5455 = CARTESIAN_POINT ( 'NONE',  ( 1.385914435630142050, 1.649999999999999911, -0.5742673643406475126 ) ) ;
#5456 = SURFACE_STYLE_FILL_AREA ( #6288 ) ;
#5457 = CARTESIAN_POINT ( 'NONE',  ( 0.6430119572356253199, 1.649999999999999911, 1.787962972593761801 ) ) ;
#5458 = LINE ( 'NONE', #9558, #10181 ) ;
#5459 = PRODUCT_CONTEXT ( 'NONE', #5537, 'mechanical' ) ;
#5460 = FACE_OUTER_BOUND ( 'NONE', #2559, .T. ) ;
#5461 = CARTESIAN_POINT ( 'NONE',  ( 1.399999999999999911, 1.119999999999999885, 2.959900934651531479 ) ) ;
#5462 = ORIENTED_EDGE ( 'NONE', *, *, #1651, .T. ) ;
#5463 = VECTOR ( 'NONE', #3898, 1000.000000000000000 ) ;
#5464 = VERTEX_POINT ( 'NONE', #9386 ) ;
#5465 = CONICAL_SURFACE ( 'NONE', #608, 0.3500000000258296495, 0.4844779289753708973 ) ;
#5466 = DIRECTION ( 'NONE',  ( -0.000000000000000000, -1.000000000000000000, -0.000000000000000000 ) ) ;
#5467 = ORIENTED_EDGE ( 'NONE', *, *, #3495, .T. ) ;
#5468 = CARTESIAN_POINT ( 'NONE',  ( -0.3500000000612961681, 0.05000000001520675530, 1.700000000000000178 ) ) ;
#5469 = ORIENTED_EDGE ( 'NONE', *, *, #6119, .T. ) ;
#5470 = FACE_OUTER_BOUND ( 'NONE', #5009, .T. ) ;
#5471 = CARTESIAN_POINT ( 'NONE',  ( -1.855465047488671804, 1.800000000000000711, 0.4750839061575762301 ) ) ;
#5472 = CARTESIAN_POINT ( 'NONE',  ( 3.000000000000000888, 1.040000000000000036, 3.000000000000000888 ) ) ;
#5473 = VECTOR ( 'NONE', #9012, 1000.000000000000000 ) ;
#5474 = AXIS2_PLACEMENT_3D ( 'NONE', #1417, #10606, #1532 ) ;
#5475 = SURFACE_STYLE_FILL_AREA ( #10439 ) ;
#5476 = DIRECTION ( 'NONE',  ( -0.000000000000000000, -0.000000000000000000, -1.000000000000000000 ) ) ;
#5477 = CARTESIAN_POINT ( 'NONE',  ( 2.900000000000001243, 1.639999999999999902, 2.999999999999999112 ) ) ;
#5478 = SURFACE_STYLE_USAGE ( .BOTH. , #587 ) ;
#5479 = EDGE_LOOP ( 'NONE', ( #4832, #9782, #345, #4626 ) ) ;
#5480 = LINE ( 'NONE', #4651, #8030 ) ;
#5481 = CARTESIAN_POINT ( 'NONE',  ( 3.000000000000000000, 3.000000000000000000, -1.500000000000000000 ) ) ;
#5482 = VECTOR ( 'NONE', #5443, 1000.000000000000000 ) ;
#5483 = SURFACE_SIDE_STYLE ('',( #3908 ) ) ;
#5484 = VECTOR ( 'NONE', #9936, 1000.000000000000000 ) ;
#5485 = FILL_AREA_STYLE_COLOUR ( '', #371 ) ;
#5486 =( BOUNDED_CURVE ( )  B_SPLINE_CURVE ( 3, ( #6361, #7297, #10494, #2235 ),
 .UNSPECIFIED., .F., .F. ) 
 B_SPLINE_CURVE_WITH_KNOTS ( ( 4, 4 ),
 ( 0.000000000000000000, 1.000000000000000000 ),
 .UNSPECIFIED. ) 
 CURVE ( )  GEOMETRIC_REPRESENTATION_ITEM ( )  RATIONAL_B_SPLINE_CURVE ( ( 1.000000000000000000, 0.3333333333333333703, 0.3333333333333333703, 1.000000000000000000 ) ) 
 REPRESENTATION_ITEM ( '' )  );
#5487 = CARTESIAN_POINT ( 'NONE',  ( -0.8692179112122636608, 1.649999999999999911, -1.230382299094584742 ) ) ;
#5488 = LINE ( 'NONE', #7862, #8487 ) ;
#5489 =( NAMED_UNIT ( * ) PLANE_ANGLE_UNIT ( ) SI_UNIT ( $, .RADIAN. ) );
#5490 = COLOUR_RGB ( '',0.6470588235294117974, 0.6196078431372549211, 0.5882352941176470784 ) ;
#5491 = CARTESIAN_POINT ( 'NONE',  ( 1.759763107293781825, 1.639999999999999680, 2.749164799778596180 ) ) ;
#5492 =( LENGTH_UNIT ( ) NAMED_UNIT ( * ) SI_UNIT ( .MILLI., .METRE. ) );
#5493 = ORIENTED_EDGE ( 'NONE', *, *, #7181, .T. ) ;
#5494 = VECTOR ( 'NONE', #8978, 1000.000000000000000 ) ;
#5495 = EDGE_CURVE ( 'NONE', #2222, #10195, #7198, .T. ) ;
#5496 = CARTESIAN_POINT ( 'NONE',  ( -2.201387595806832742, 0.5552424364119701305, 2.923824743312680496 ) ) ;
#5497 = CARTESIAN_POINT ( 'NONE',  ( 2.204401032141706462, 0.5445814709448622004, 2.773695494767569603 ) ) ;
#5498 = PLANE ( 'NONE',  #10415 ) ;
#5499 = ADVANCED_FACE ( 'NONE', ( #4516 ), #10355, .F. ) ;
#5500 = LINE ( 'NONE', #8762, #3664 ) ;
#5501 = FILL_AREA_STYLE ('',( #8822 ) ) ;
#5502 = CARTESIAN_POINT ( 'NONE',  ( -3.197123022628389322, 0.1661989060850449229, 2.400000000000000799 ) ) ;
#5503 = VERTEX_POINT ( 'NONE', #1060 ) ;
#5504 = ORIENTED_EDGE ( 'NONE', *, *, #4819, .T. ) ;
#5505 = EDGE_CURVE ( 'NONE', #9555, #339, #1877, .T. ) ;
#5506 = CARTESIAN_POINT ( 'NONE',  ( 3.250000000000001332, 1.321879589400769106, -2.076184765183203496 ) ) ;
#5507 = VECTOR ( 'NONE', #1832, 1000.000000000000000 ) ;
#5508 = ORIENTED_EDGE ( 'NONE', *, *, #7923, .F. ) ;
#5509 = DIRECTION ( 'NONE',  ( 0.000000000000000000, -0.9974881498328390661, -0.07083354391148080631 ) ) ;
#5510 = VERTEX_POINT ( 'NONE', #6065 ) ;
#5511 = DIRECTION ( 'NONE',  ( 0.000000000000000000, 1.000000000000000000, 0.000000000000000000 ) ) ;
#5512 = EDGE_CURVE ( 'NONE', #3076, #6667, #6120, .T. ) ;
#5513 = LINE ( 'NONE', #9001, #4981 ) ;
#5514 = CARTESIAN_POINT ( 'NONE',  ( 1.834732689992204735, 1.649999999999999689, -0.5007314990555914447 ) ) ;
#5515 = CARTESIAN_POINT ( 'NONE',  ( -0.04385459653134894664, 0.05000000000000000971, 1.351997627542351976 ) ) ;
#5516 = EDGE_CURVE ( 'NONE', #3526, #3813, #1176, .T. ) ;
#5517 = CARTESIAN_POINT ( 'NONE',  ( -1.749999999999999334, 1.649999999999999911, -2.799999999999999822 ) ) ;
#5518 = ORIENTED_EDGE ( 'NONE', *, *, #4302, .F. ) ;
#5519 = UNCERTAINTY_MEASURE_WITH_UNIT (LENGTH_MEASURE( 1.000000000000000082E-05 ), #6752, 'distance_accuracy_value', 'NONE');
#5520 = ORIENTED_EDGE ( 'NONE', *, *, #4164, .F. ) ;
#5521 = CARTESIAN_POINT ( 'NONE',  ( 1.868750000000000133, 0.4000000000000000222, -0.5687499999999998668 ) ) ;
#5522 = ORIENTED_EDGE ( 'NONE', *, *, #2255, .T. ) ;
#5523 = CARTESIAN_POINT ( 'NONE',  ( -0.2813575826222969312, 0.05000000000000001665, 1.913512784553756729 ) ) ;
#5524 = ORIENTED_EDGE ( 'NONE', *, *, #1807, .F. ) ;
#5525 = DIRECTION ( 'NONE',  ( 1.495451272393799542E-16, -0.000000000000000000, 1.000000000000000000 ) ) ;
#5526 = CARTESIAN_POINT ( 'NONE',  ( 1.725000000000000089, 1.554657163815786003, 2.951802450871777506 ) ) ;
#5527 = CARTESIAN_POINT ( 'NONE',  ( -1.799164799778619539, 1.639999999999999680, 2.709763107293781559 ) ) ;
#5528 = LINE ( 'NONE', #1306, #3305 ) ;
#5529 = DIRECTION ( 'NONE',  ( -0.000000000000000000, -1.000000000000000000, -0.000000000000000000 ) ) ;
#5530 = FILL_AREA_STYLE_COLOUR ( '', #6978 ) ;
#5531 = EDGE_LOOP ( 'NONE', ( #6085, #36, #4861, #8278, #8396, #6414, #978, #8906, #1446 ) ) ;
#5532 = ORIENTED_EDGE ( 'NONE', *, *, #3058, .F. ) ;
#5533 = CARTESIAN_POINT ( 'NONE',  ( 1.822735025818172483, 1.649999999999999911, 2.700000000000000178 ) ) ;
#5534 = DIRECTION ( 'NONE',  ( 0.000000000000000000, 0.000000000000000000, -1.000000000000000000 ) ) ;
#5535 = FACE_BOUND ( 'NONE', #5691, .T. ) ;
#5536 = ADVANCED_FACE ( 'NONE', ( #3669 ), #7048, .T. ) ;
#5537 = APPLICATION_CONTEXT ( 'automotive_design' ) ;
#5538 = CARTESIAN_POINT ( 'NONE',  ( 1.850000000000000311, 1.640000000000000790, -2.700000000000001066 ) ) ;
#5539 = FACE_OUTER_BOUND ( 'NONE', #5713, .T. ) ;
#5540 = DIRECTION ( 'NONE',  ( -0.000000000000000000, 1.000000000000000000, 0.000000000000000000 ) ) ;
#5541 = CARTESIAN_POINT ( 'NONE',  ( -2.399999999999999911, 0.4500000000000001776, -0.9000000000000005773 ) ) ;
#5542 = CARTESIAN_POINT ( 'NONE',  ( 1.725000000000000089, 1.779925552076473627, 2.799999999999999822 ) ) ;
#5543 = EDGE_CURVE ( 'NONE', #969, #1707, #10365, .T. ) ;
#5544 = ORIENTED_EDGE ( 'NONE', *, *, #1457, .F. ) ;
#5545 = VECTOR ( 'NONE', #5386, 1000.000000000000000 ) ;
#5546 = DIRECTION ( 'NONE',  ( 0.9856151131419452760, -0.1690054695747755520, 0.000000000000000000 ) ) ;
#5547 = CARTESIAN_POINT ( 'NONE',  ( 2.227644198713071511, 0.5540428904112389974, 2.769100870843627771 ) ) ;
#5548 = AXIS2_PLACEMENT_3D ( 'NONE', #6870, #5157, #7750 ) ;
#5549 = CARTESIAN_POINT ( 'NONE',  ( 3.102876977371610945, 0.7999634446562071677, -4.500000000000001776 ) ) ;
#5550 = FACE_BOUND ( 'NONE', #10528, .T. ) ;
#5551 = CARTESIAN_POINT ( 'NONE',  ( -0.8000000000000000444, 1.650000000000000355, 2.750273214032432190 ) ) ;
#5552 = DIRECTION ( 'NONE',  ( -1.000000000000000000, 0.000000000000000000, 0.000000000000000000 ) ) ;
#5553 = ORIENTED_EDGE ( 'NONE', *, *, #1651, .F. ) ;
#5554 = ORIENTED_EDGE ( 'NONE', *, *, #7920, .F. ) ;
#5555 = FILL_AREA_STYLE_COLOUR ( '', #8393 ) ;
#5556 = EDGE_CURVE ( 'NONE', #3999, #1862, #3980, .T. ) ;
#5557 = LINE ( 'NONE', #8935, #9674 ) ;
#5558 = AXIS2_PLACEMENT_3D ( 'NONE', #3332, #10015, #6709 ) ;
#5559 = EDGE_LOOP ( 'NONE', ( #8054, #5007, #8697, #2700 ) ) ;
#5560 = EDGE_CURVE ( 'NONE', #1828, #1572, #2910, .T. ) ;
#5561 = CARTESIAN_POINT ( 'NONE',  ( 1.486894215470353275, 1.649999999999999689, 0.2356132304557992385 ) ) ;
#5562 = VECTOR ( 'NONE', #7696, 1000.000000000000000 ) ;
#5563 = ADVANCED_FACE ( 'NONE', ( #8032 ), #7265, .T. ) ;
#5564 = LINE ( 'NONE', #4678, #300 ) ;
#5565 = CARTESIAN_POINT ( 'NONE',  ( 1.741543061873382259, 1.649999999999999467, 0.7598578817009308262 ) ) ;
#5566 = CARTESIAN_POINT ( 'NONE',  ( 2.201387595806831854, 0.5552424364119701305, 2.923824743312680496 ) ) ;
#5567 = PLANE ( 'NONE',  #9391 ) ;
#5568 = FACE_OUTER_BOUND ( 'NONE', #9912, .T. ) ;
#5569 = VECTOR ( 'NONE', #9471, 1000.000000000000000 ) ;
#5570 = EDGE_LOOP ( 'NONE', ( #8512, #7041, #7533, #9209, #2558, #4083, #8110, #8376, #4573, #119, #1180, #9540, #9393 ) ) ;
#5571 = EDGE_CURVE ( 'NONE', #8564, #517, #448, .T. ) ;
#5572 = ORIENTED_EDGE ( 'NONE', *, *, #6115, .T. ) ;
#5573 = VECTOR ( 'NONE', #6273, 1000.000000000000000 ) ;
#5574 = EDGE_CURVE ( 'NONE', #1862, #7572, #5609, .T. ) ;
#5575 = DIRECTION ( 'NONE',  ( 1.000000000000000000, 0.000000000000000000, -0.000000000000000000 ) ) ;
#5576 = ORIENTED_EDGE ( 'NONE', *, *, #1928, .F. ) ;
#5577 = DIRECTION ( 'NONE',  ( -0.1690054695747755242, -0.9856151131419453870, 0.000000000000000000 ) ) ;
#5578 = ORIENTED_EDGE ( 'NONE', *, *, #10110, .T. ) ;
#5579 = B_SPLINE_CURVE_WITH_KNOTS ( 'NONE', 3,
 ( #8722, #9660, #2000, #5301 ),
 .UNSPECIFIED., .F., .F.,
 ( 4, 4 ),
 ( 0.000000000000000000, 1.000000000000000000 ),
 .UNSPECIFIED. ) ;
#5580 = B_SPLINE_CURVE_WITH_KNOTS ( 'NONE', 3,
 ( #10723, #9144, #6534, #9907 ),
 .UNSPECIFIED., .F., .F.,
 ( 4, 4 ),
 ( 0.000000000000000000, 1.000000000000000000 ),
 .UNSPECIFIED. ) ;
#5581 = CARTESIAN_POINT ( 'NONE',  ( -0.2195447855233768619, 0.2400000000000000744, 1.575581533775568754 ) ) ;
#5582 = CARTESIAN_POINT ( 'NONE',  ( -3.197123022628389322, 0.1661989060850461719, -1.600000000000000311 ) ) ;
#5583 = VECTOR ( 'NONE', #4498, 1000.000000000000000 ) ;
#5584 = CARTESIAN_POINT ( 'NONE',  ( -2.899999999999999467, 1.639999999999999902, 2.900000000000000355 ) ) ;
#5585 = DIRECTION ( 'NONE',  ( 0.000000000000000000, -0.000000000000000000, 1.000000000000000000 ) ) ;
#5586 = ORIENTED_EDGE ( 'NONE', *, *, #2842, .T. ) ;
#5587 = EDGE_LOOP ( 'NONE', ( #9224, #1215, #319, #5406, #9724, #8440, #5119, #493, #7929, #9390, #8788, #4485, #2635, #7403, #3691, #8907, #3524, #8876 ) ) ;
#5588 = CARTESIAN_POINT ( 'NONE',  ( 1.850000000000000311, 1.640999999999999792, -2.700000000000001510 ) ) ;
#5589 = FACE_OUTER_BOUND ( 'NONE', #4360, .T. ) ;
#5590 = STYLED_ITEM ( 'NONE', ( #6866 ), #9836 ) ;
#5591 = B_SPLINE_CURVE_WITH_KNOTS ( 'NONE', 3,
 ( #8488, #6114, #9488, #7604, #1980, #9266 ),
 .UNSPECIFIED., .F., .F.,
 ( 4, 2, 4 ),
 ( 0.000000000000000000, 0.5000000000000000000, 1.000000000000000000 ),
 .UNSPECIFIED. ) ;
#5592 = DIRECTION ( 'NONE',  ( -1.000000000000000000, -0.000000000000000000, -0.000000000000000000 ) ) ;
#5593 = COLOUR_RGB ( '',0.8431372549019607865, 0.8156862745098039102, 0.7529411764705882248 ) ;
#5594 = PRESENTATION_STYLE_ASSIGNMENT (( #4069 ) ) ;
#5595 = DIRECTION ( 'NONE',  ( 1.000000000000000000, 0.000000000000000000, 0.000000000000000000 ) ) ;
#5596 = CARTESIAN_POINT ( 'NONE',  ( -3.000000000000000000, 0.2000000000000000111, -2.400000000000001243 ) ) ;
#5597 = CARTESIAN_POINT ( 'NONE',  ( 3.145255262575063160, 0.04999999999999998196, 0.5000000000000000000 ) ) ;
#5598 = PRESENTATION_LAYER_ASSIGNMENT (  '', '', ( #3006 ) ) ;
#5599 = DIRECTION ( 'NONE',  ( 1.000000000000000000, 0.000000000000000000, -0.000000000000000000 ) ) ;
#5600 = DIRECTION ( 'NONE',  ( -0.1690054695747755520, -0.9856151131419452760, -0.000000000000000000 ) ) ;
#5601 = COLOUR_RGB ( '',0.6470588235294117974, 0.6196078431372549211, 0.5882352941176470784 ) ;
#5602 = DIRECTION ( 'NONE',  ( -0.000000000000000000, 0.9974881498328389551, 0.07083354391148079243 ) ) ;
#5603 = ORIENTED_EDGE ( 'NONE', *, *, #2928, .T. ) ;
#5604 = AXIS2_PLACEMENT_3D ( 'NONE', #7063, #2924, #10469 ) ;
#5605 = CARTESIAN_POINT ( 'NONE',  ( -0.4500335298493905456, 0.05000000000000000278, 1.671562867867351754 ) ) ;
#5606 = DIRECTION ( 'NONE',  ( -1.000000000000000000, 0.000000000000000000, 0.000000000000000000 ) ) ;
#5607 = LINE ( 'NONE', #4883, #5324 ) ;
#5608 = AXIS2_PLACEMENT_3D ( 'NONE', #8617, #5139, #248 ) ;
#5609 = LINE ( 'NONE', #5384, #885 ) ;
#5610 = CARTESIAN_POINT ( 'NONE',  ( 1.714505518806294638E-16, 3.000000000000000000, -1.400000000000000133 ) ) ;
#5611 = MECHANICAL_DESIGN_GEOMETRIC_PRESENTATION_REPRESENTATION (  '', ( #10016 ), #8250 ) ;
#5612 = VECTOR ( 'NONE', #109, 1000.000000000000114 ) ;
#5613 =( NAMED_UNIT ( * ) SI_UNIT ( $, .STERADIAN. ) SOLID_ANGLE_UNIT ( ) );
#5614 = ORIENTED_EDGE ( 'NONE', *, *, #2129, .T. ) ;
#5615 = EDGE_LOOP ( 'NONE', ( #4461, #8893, #6227, #5449, #5282, #4310, #2311, #9609, #2346, #8714, #2548, #4036, #1127, #5403, #5798, #6399, #954, #9604, #8217, #8244, #9586, #2254, #850, #5183, #6559, #395, #6397, #3117, #24, #2534, #4479, #4888, #6746, #3671, #971, #7664, #755, #10143 ) ) ;
#5616 = CARTESIAN_POINT ( 'NONE',  ( 3.000000000000000444, 1.027992893890973036, -2.927957363345840669 ) ) ;
#5617 = CARTESIAN_POINT ( 'NONE',  ( 3.000000000000000000, 1.649999999999999911, -2.500000000000001332 ) ) ;
#5618 = ORIENTED_EDGE ( 'NONE', *, *, #7058, .F. ) ;
#5619 = COLOUR_RGB ( '',0.6470588235294117974, 0.6196078431372549211, 0.5882352941176470784 ) ;
#5620 = VECTOR ( 'NONE', #9220, 1000.000000000000000 ) ;
#5621 = PRESENTATION_LAYER_ASSIGNMENT (  '', '', ( #4564 ) ) ;
#5622 = FACE_OUTER_BOUND ( 'NONE', #7811, .T. ) ;
#5623 = DIRECTION ( 'NONE',  ( 0.000000000000000000, -0.000000000000000000, 1.000000000000000000 ) ) ;
#5624 = CARTESIAN_POINT ( 'NONE',  ( 1.949999999999999956, 0.000000000000000000, 1.800000000000000266 ) ) ;
#5625 = CARTESIAN_POINT ( 'NONE',  ( 1.649999999999999911, 0.05000000000000009992, 0.3500000000000003109 ) ) ;
#5626 = PLANE ( 'NONE',  #4970 ) ;
#5627 = DIRECTION ( 'NONE',  ( -0.9856151131419452760, -0.1690054695747755520, -0.000000000000000000 ) ) ;
#5628 = DIRECTION ( 'NONE',  ( 1.445602896647337931E-15, 0.000000000000000000, 1.000000000000000000 ) ) ;
#5629 = ORIENTED_EDGE ( 'NONE', *, *, #2202, .T. ) ;
#5630 = VECTOR ( 'NONE', #7596, 1000.000000000000000 ) ;
#5631 = UNCERTAINTY_MEASURE_WITH_UNIT (LENGTH_MEASURE( 1.000000000000000082E-05 ), #8152, 'distance_accuracy_value', 'NONE');
#5632 = ORIENTED_EDGE ( 'NONE', *, *, #4168, .F. ) ;
#5633 = DIRECTION ( 'NONE',  ( -0.000000000000000000, 0.000000000000000000, 1.000000000000000000 ) ) ;
#5634 = ORIENTED_EDGE ( 'NONE', *, *, #5556, .F. ) ;
#5635 = CARTESIAN_POINT ( 'NONE',  ( 3.197123022628389322, 0.1661989060850456168, -2.400000000000000799 ) ) ;
#5636 = ORIENTED_EDGE ( 'NONE', *, *, #8342, .T. ) ;
#5637 = DIRECTION ( 'NONE',  ( -1.000000000000000000, 0.000000000000000000, -4.818676322157803291E-16 ) ) ;
#5638 = EDGE_CURVE ( 'NONE', #9498, #1348, #5500, .T. ) ;
#5639 = DIRECTION ( 'NONE',  ( -0.1690054695747758573, 0.9856151131419451650, 0.000000000000000000 ) ) ;
#5640 = EDGE_CURVE ( 'NONE', #4894, #6256, #1484, .T. ) ;
#5641 = ADVANCED_FACE ( 'NONE', ( #3770 ), #1427, .F. ) ;
#5642 = DIRECTION ( 'NONE',  ( -2.299940125025056622E-15, -0.7071067811865487940, 0.7071067811865463515 ) ) ;
#5643 = CARTESIAN_POINT ( 'NONE',  ( 1.749972624337438054, 0.9897492686847881860, 2.968821944913498267 ) ) ;
#5644 = ADVANCED_FACE ( 'NONE', ( #10456 ), #2957, .T. ) ;
#5645 = DIRECTION ( 'NONE',  ( -0.1660101621116021331, 0.06985066062633346617, 0.9836470460921155068 ) ) ;
#5646 = ORIENTED_EDGE ( 'NONE', *, *, #4040, .T. ) ;
#5647 = ORIENTED_EDGE ( 'NONE', *, *, #6986, .T. ) ;
#5648 = CARTESIAN_POINT ( 'NONE',  ( -1.849999999999999423, 0.3999999999999999112, -2.800000000000001155 ) ) ;
#5649 = LINE ( 'NONE', #10709, #3063 ) ;
#5650 = DIRECTION ( 'NONE',  ( -0.000000000000000000, -1.000000000000000000, -0.000000000000000000 ) ) ;
#5651 = VECTOR ( 'NONE', #1302, 1000.000000000000000 ) ;
#5652 = B_SPLINE_CURVE_WITH_KNOTS ( 'NONE', 3,
 ( #48, #9084, #104, #1583, #6586, #3427 ),
 .UNSPECIFIED., .F., .F.,
 ( 4, 2, 4 ),
 ( 0.000000000000000000, 0.5000000000000000000, 1.000000000000000000 ),
 .UNSPECIFIED. ) ;
#5653 = CARTESIAN_POINT ( 'NONE',  ( -1.749999999999999334, 0.000000000000000000, 2.799999999999999822 ) ) ;
#5654 = CARTESIAN_POINT ( 'NONE',  ( -3.093215324066168392, 0.01699257395427039574, 1.599999999999999645 ) ) ;
#5655 = ADVANCED_FACE ( 'NONE', ( #5550, #8928 ), #4723, .T. ) ;
#5657 = LINE ( 'NONE', #1692, #5494 ) ;
#5656 = FACE_OUTER_BOUND ( 'NONE', #9982, .T. ) ;
#5658 = DIRECTION ( 'NONE',  ( -0.000000000000000000, -0.000000000000000000, 1.000000000000000000 ) ) ;
#5659 = PLANE ( 'NONE',  #5803 ) ;
#5660 = EDGE_CURVE ( 'NONE', #7215, #7213, #9803, .T. ) ;
#5661 = AXIS2_PLACEMENT_3D ( 'NONE', #10764, #5032, #4115 ) ;
#5662 = DIRECTION ( 'NONE',  ( -1.000000000000000000, -0.000000000000000000, -0.000000000000000000 ) ) ;
#5663 = ORIENTED_EDGE ( 'NONE', *, *, #8280, .F. ) ;
#5664 = CARTESIAN_POINT ( 'NONE',  ( -3.000000000000000000, -2.439454888092384977E-17, -2.400000000000000799 ) ) ;
#5665 = VECTOR ( 'NONE', #10124, 1000.000000000000000 ) ;
#5666 = CARTESIAN_POINT ( 'NONE',  ( 0.2500000000000000000, 0.4000000000000000222, -0.9000000000000004663 ) ) ;
#5667 = FACE_OUTER_BOUND ( 'NONE', #353, .T. ) ;
#5668 = VECTOR ( 'NONE', #1046, 1000.000000000000000 ) ;
#5669 = DIRECTION ( 'NONE',  ( -0.000000000000000000, 0.000000000000000000, 1.000000000000000000 ) ) ;
#5670 = CARTESIAN_POINT ( 'NONE',  ( 1.725000000000000089, 0.5499999999999998224, -2.850000000000000089 ) ) ;
#5671 = ORIENTED_EDGE ( 'NONE', *, *, #2419, .F. ) ;
#5672 = ORIENTED_EDGE ( 'NONE', *, *, #6958, .T. ) ;
#5673 = CARTESIAN_POINT ( 'NONE',  ( 1.725000000000000089, 1.563370848380599920, 2.800609493379985437 ) ) ;
#5674 = COLOUR_RGB ( '',0.6470588235294117974, 0.6196078431372549211, 0.5882352941176470784 ) ;
#5675 = ORIENTED_EDGE ( 'NONE', *, *, #1942, .F. ) ;
#5676 = ADVANCED_FACE ( 'NONE', ( #2146 ), #5447, .T. ) ;
#5677 = FACE_BOUND ( 'NONE', #3565, .T. ) ;
#5678 = CARTESIAN_POINT ( 'NONE',  ( 1.399999999999999911, 1.189999999999999281, -2.999623222474934181 ) ) ;
#5679 = CARTESIAN_POINT ( 'NONE',  ( 1.803100725573108187, 1.650000000000000133, -0.6005005043702058565 ) ) ;
#5680 = CARTESIAN_POINT ( 'NONE',  ( 0.2426862813829185894, 0.2400000000000000466, 1.762319286577892052 ) ) ;
#5681 = LINE ( 'NONE', #6968, #9046 ) ;
#5682 = CARTESIAN_POINT ( 'NONE',  ( 3.144879139892855058, 0.06077074439318007337, -0.5521986658763288203 ) ) ;
#5683 = AXIS2_PLACEMENT_3D ( 'NONE', #2488, #9111, #4956 ) ;
#5684 = DIRECTION ( 'NONE',  ( -0.9993908270190958731, -0.03489949670249400254, -0.000000000000000000 ) ) ;
#5685 = ORIENTED_EDGE ( 'NONE', *, *, #2666, .F. ) ;
#5686 = EDGE_LOOP ( 'NONE', ( #10621, #4243, #6972, #2433 ) ) ;
#5687 = ORIENTED_EDGE ( 'NONE', *, *, #10347, .F. ) ;
#5688 = CARTESIAN_POINT ( 'NONE',  ( 2.549999999999999822, 0.2000000000000000111, 1.600000000000000533 ) ) ;
#5689 = ORIENTED_EDGE ( 'NONE', *, *, #6322, .T. ) ;
#5690 = DIRECTION ( 'NONE',  ( 0.1690054695747762459, -0.9856151131419451650, 0.000000000000000000 ) ) ;
#5691 = EDGE_LOOP ( 'NONE', ( #9662, #2646 ) ) ;
#5692 = FILL_AREA_STYLE_COLOUR ( '', #8819 ) ;
#5693 = DIRECTION ( 'NONE',  ( -2.990902544787597113E-16, 0.000000000000000000, -1.000000000000000000 ) ) ;
#5694 = CARTESIAN_POINT ( 'NONE',  ( -3.035474657216254979, 0.4068829983659271732, -1.600000000000000089 ) ) ;
#5695 = CARTESIAN_POINT ( 'NONE',  ( -1.749999999999999112, 1.639999999999999680, 2.772042636654167946 ) ) ;
#5696 = FILL_AREA_STYLE_COLOUR ( '', #7306 ) ;
#5697 = DIRECTION ( 'NONE',  ( 0.000000000000000000, -0.9974881498328389551, -0.07083354391148158347 ) ) ;
#5698 = CARTESIAN_POINT ( 'NONE',  ( -1.649999999999999911, 0.04999999999999995420, 0.3500000000000002554 ) ) ;
#5699 = ORIENTED_EDGE ( 'NONE', *, *, #1860, .F. ) ;
#5700 = ORIENTED_EDGE ( 'NONE', *, *, #3971, .T. ) ;
#5701 = CARTESIAN_POINT ( 'NONE',  ( -1.749999999999999334, 0.000000000000000000, -3.000000000000000444 ) ) ;
#5702 = PRESENTATION_STYLE_ASSIGNMENT (( #2402 ) ) ;
#5703 = ORIENTED_EDGE ( 'NONE', *, *, #6182, .F. ) ;
#5704 = PRODUCT_RELATED_PRODUCT_CATEGORY ( 'part', '', ( #3776 ) ) ;
#5705 = ADVANCED_FACE ( 'NONE', ( #2421 ), #8422, .T. ) ;
#5706 = ADVANCED_FACE ( 'NONE', ( #10667 ), #5889, .F. ) ;
#5707 = DIRECTION ( 'NONE',  ( 0.000000000000000000, 1.000000000000000000, 0.000000000000000000 ) ) ;
#5708 = CARTESIAN_POINT ( 'NONE',  ( 0.3500000000612961681, 0.05000000001520674836, 1.700000000000000178 ) ) ;
#5709 = EDGE_CURVE ( 'NONE', #10506, #7870, #8194, .T. ) ;
#5711 = DIRECTION ( 'NONE',  ( 0.000000000000000000, -0.000000000000000000, -1.000000000000000000 ) ) ;
#5710 = DIRECTION ( 'NONE',  ( 1.000000000000000000, 0.000000000000000000, 0.000000000000000000 ) ) ;
#5712 = CARTESIAN_POINT ( 'NONE',  ( -3.000000000000000444, 1.643164487128668361, -1.500000000000000000 ) ) ;
#5713 = EDGE_LOOP ( 'NONE', ( #1987, #7791, #4889, #1768 ) ) ;
#5714 = EDGE_CURVE ( 'NONE', #9769, #572, #7865, .T. ) ;
#5715 = CARTESIAN_POINT ( 'NONE',  ( -0.1788994800920144512, 0.05000000000000000278, 1.286861141942224007 ) ) ;
#5716 = CARTESIAN_POINT ( 'NONE',  ( -1.725000000000000089, 1.119999999999999885, 2.959900934651531479 ) ) ;
#5717 = CARTESIAN_POINT ( 'NONE',  ( -2.999999999999999112, 1.539999999999998259, 2.900000000000000355 ) ) ;
#5718 = PLANE ( 'NONE',  #5108 ) ;
#5719 = SURFACE_STYLE_FILL_AREA ( #7267 ) ;
#5720 = ORIENTED_EDGE ( 'NONE', *, *, #10677, .T. ) ;
#5721 = EDGE_LOOP ( 'NONE', ( #10038, #6487, #10647, #6774 ) ) ;
#5722 = B_SPLINE_CURVE_WITH_KNOTS ( 'NONE', 3,
 ( #3992, #5731, #5682, #6608, #729, #8103 ),
 .UNSPECIFIED., .F., .F.,
 ( 4, 2, 4 ),
 ( 0.000000000000000000, 0.5000000000000001110, 1.000000000000000000 ),
 .UNSPECIFIED. ) ;
#5723 = ORIENTED_EDGE ( 'NONE', *, *, #1365, .T. ) ;
#5724 = STYLED_ITEM ( 'NONE', ( #4525 ), #6377 ) ;
#5725 = CARTESIAN_POINT ( 'NONE',  ( 3.000000000000000888, 1.574543207828380087, 2.865456792171616751 ) ) ;
#5726 = CARTESIAN_POINT ( 'NONE',  ( 3.093215324066169725, 0.01699257395427113820, -1.600000000000001421 ) ) ;
#5727 = CARTESIAN_POINT ( 'NONE',  ( 2.500000000000000000, 0.05000000000000000278, 0.3499999999999996447 ) ) ;
#5728 = CARTESIAN_POINT ( 'NONE',  ( -0.3500000000612961681, 0.05000000001520675530, 1.700000000000000178 ) ) ;
#5729 = PRESENTATION_LAYER_ASSIGNMENT (  '', '', ( #8186 ) ) ;
#5730 = DIRECTION ( 'NONE',  ( 6.351562327609935838E-15, -0.9974881498328390661, -0.07083354391148079243 ) ) ;
#5731 = CARTESIAN_POINT ( 'NONE',  ( 3.145255262575063160, 0.05000000000000012074, -0.5261799387799157568 ) ) ;
#5732 = CARTESIAN_POINT ( 'NONE',  ( 2.500000000000000000, 0.05000000000000000278, -0.9000000000000003553 ) ) ;
#5733 = VERTEX_POINT ( 'NONE', #7374 ) ;
#5734 = VERTEX_POINT ( 'NONE', #10728 ) ;
#5735 = PRESENTATION_LAYER_ASSIGNMENT (  '', '', ( #783 ) ) ;
#5736 = UNCERTAINTY_MEASURE_WITH_UNIT (LENGTH_MEASURE( 1.000000000000000082E-05 ), #9964, 'distance_accuracy_value', 'NONE');
#5737 = ORIENTED_EDGE ( 'NONE', *, *, #2041, .T. ) ;
#5738 = CARTESIAN_POINT ( 'NONE',  ( 3.250813042629317362, 1.316365224970993619, 0.6000000000000000888 ) ) ;
#5739 = ORIENTED_EDGE ( 'NONE', *, *, #769, .T. ) ;
#5740 = LINE ( 'NONE', #9120, #8301 ) ;
#5741 = ORIENTED_EDGE ( 'NONE', *, *, #7997, .T. ) ;
#5742 = VECTOR ( 'NONE', #3156, 1000.000000000000114 ) ;
#5743 =( LENGTH_UNIT ( ) NAMED_UNIT ( * ) SI_UNIT ( .MILLI., .METRE. ) );
#5744 = FACE_OUTER_BOUND ( 'NONE', #3146, .T. ) ;
#5745 = LINE ( 'NONE', #4150, #8431 ) ;
#5746 = CARTESIAN_POINT ( 'NONE',  ( -1.750000000000001110, 0.9860032588192692016, -2.919290391101352355 ) ) ;
#5747 = CARTESIAN_POINT ( 'NONE',  ( 0.2986737760929020769, 1.800000000000000488, -1.883324721502326771 ) ) ;
#5748 = CARTESIAN_POINT ( 'NONE',  ( 1.725000000000000089, 0.9793749684132778688, 2.819509261152939761 ) ) ;
#5749 = AXIS2_PLACEMENT_3D ( 'NONE', #6184, #5246, #7831 ) ;
#5750 =( GEOMETRIC_REPRESENTATION_CONTEXT ( 3 ) GLOBAL_UNCERTAINTY_ASSIGNED_CONTEXT ( ( #6069 ) ) GLOBAL_UNIT_ASSIGNED_CONTEXT ( ( #9473, #10331, #3701 ) ) REPRESENTATION_CONTEXT ( 'NONE', 'WORKASPACE' ) );
#5751 = B_SPLINE_CURVE_WITH_KNOTS ( 'NONE', 3,
 ( #1470, #641, #3966, #2350 ),
 .UNSPECIFIED., .F., .F.,
 ( 4, 4 ),
 ( 0.000000000000000000, 1.000000000000000000 ),
 .UNSPECIFIED. ) ;
#5752 = ADVANCED_FACE ( 'NONE', ( #7645 ), #164, .T. ) ;
#5753 = LINE ( 'NONE', #3961, #9632 ) ;
#5754 = ORIENTED_EDGE ( 'NONE', *, *, #5892, .T. ) ;
#5755 = EDGE_LOOP ( 'NONE', ( #8160, #2543, #9090, #4158, #6715, #4010 ) ) ;
#5756 = LINE ( 'NONE', #96, #8957 ) ;
#5757 = VERTEX_POINT ( 'NONE', #5114 ) ;
#5758 = FACE_OUTER_BOUND ( 'NONE', #3437, .T. ) ;
#5759 = MECHANICAL_DESIGN_GEOMETRIC_PRESENTATION_REPRESENTATION (  '', ( #8752 ), #5394 ) ;
#5760 = PLANE ( 'NONE',  #2304 ) ;
#5761 = DIRECTION ( 'NONE',  ( 1.000000000000000000, -0.000000000000000000, 0.000000000000000000 ) ) ;
#5762 = CARTESIAN_POINT ( 'NONE',  ( -3.040897557006597474, 1.618310533701241560, 1.500000000000000000 ) ) ;
#5764 = CARTESIAN_POINT ( 'NONE',  ( 2.975818384536700556, 1.800000000000000933, 1.500000000000000000 ) ) ;
#5763 = CARTESIAN_POINT ( 'NONE',  ( -1.822042636654153114, 1.639999999999999680, -2.700000000000001066 ) ) ;
#5765 = CARTESIAN_POINT ( 'NONE',  ( -3.197123022628389322, 0.1661989060850449229, -1.600000000000000311 ) ) ;
#5766 = EDGE_CURVE ( 'NONE', #1873, #7426, #7818, .T. ) ;
#5767 = FACE_OUTER_BOUND ( 'NONE', #5531, .T. ) ;
#5768 = ADVANCED_FACE ( 'NONE', ( #9319 ), #8478, .T. ) ;
#5769 = PRESENTATION_LAYER_ASSIGNMENT (  '', '', ( #10164 ) ) ;
#5770 = CARTESIAN_POINT ( 'NONE',  ( -1.750000000000000444, 1.006666666666666599, 2.799999999999999822 ) ) ;
#5771 = VECTOR ( 'NONE', #5595, 1000.000000000000000 ) ;
#5772 = ORIENTED_EDGE ( 'NONE', *, *, #1231, .T. ) ;
#5773 = CARTESIAN_POINT ( 'NONE',  ( -0.4394003629305866521, 0.05000000000000001665, 1.812786069842447167 ) ) ;
#5774 = VECTOR ( 'NONE', #3536, 1000.000000000000000 ) ;
#5775 = EDGE_CURVE ( 'NONE', #2715, #7260, #6001, .T. ) ;
#5776 = ADVANCED_FACE ( 'NONE', ( #4458 ), #10178, .F. ) ;
#5777 = EDGE_CURVE ( 'NONE', #8395, #1679, #6162, .T. ) ;
#5778 = SURFACE_STYLE_USAGE ( .BOTH. , #4995 ) ;
#5779 = CARTESIAN_POINT ( 'NONE',  ( -3.000000000000000888, 1.639999999999999902, -2.400000000000000799 ) ) ;
#5780 = ADVANCED_FACE ( 'NONE', ( #9536 ), #1915, .T. ) ;
#5781 = LINE ( 'NONE', #10777, #3125 ) ;
#5782 = VERTEX_POINT ( 'NONE', #6318 ) ;
#5783 = ORIENTED_EDGE ( 'NONE', *, *, #7042, .T. ) ;
#5784 = FACE_OUTER_BOUND ( 'NONE', #8612, .T. ) ;
#5785 = VECTOR ( 'NONE', #7732, 1000.000000000000114 ) ;
#5786 = ORIENTED_EDGE ( 'NONE', *, *, #10676, .T. ) ;
#5787 = DIRECTION ( 'NONE',  ( -1.000000000000000000, -0.000000000000000000, -0.000000000000000000 ) ) ;
#5788 = VECTOR ( 'NONE', #1023, 1000.000000000000000 ) ;
#5789 = DIRECTION ( 'NONE',  ( 0.000000000000000000, -0.000000000000000000, -1.000000000000000000 ) ) ;
#5790 = LINE ( 'NONE', #5003, #10678 ) ;
#5791 = CARTESIAN_POINT ( 'NONE',  ( -3.099999999999985878, 1.649999999999999911, 2.699999999999999734 ) ) ;
#5792 = VECTOR ( 'NONE', #4640, 1000.000000000000000 ) ;
#5793 = CARTESIAN_POINT ( 'NONE',  ( -2.300000000000000266, 0.6538153425844858146, 2.900182071975717424 ) ) ;
#5794 = EDGE_CURVE ( 'NONE', #9418, #6448, #1315, .T. ) ;
#5795 = CARTESIAN_POINT ( 'NONE',  ( -3.099999999999985878, 1.649999999999999911, -2.500000000000000888 ) ) ;
#5796 = DIRECTION ( 'NONE',  ( -6.353297051085605779E-15, -0.9974881498328391771, 0.07083354391148080631 ) ) ;
#5797 = ORIENTED_EDGE ( 'NONE', *, *, #4363, .F. ) ;
#5798 = ORIENTED_EDGE ( 'NONE', *, *, #7382, .F. ) ;
#5799 = ORIENTED_EDGE ( 'NONE', *, *, #8614, .F. ) ;
#5800 = VECTOR ( 'NONE', #4527, 1000.000000000000000 ) ;
#5801 = DIRECTION ( 'NONE',  ( 0.000000000000000000, -0.000000000000000000, 1.000000000000000000 ) ) ;
#5802 = VERTEX_POINT ( 'NONE', #2186 ) ;
#5803 = AXIS2_PLACEMENT_3D ( 'NONE', #8454, #2602, #2820 ) ;
#5804 = VECTOR ( 'NONE', #7030, 1000.000000000000000 ) ;
#5805 = PLANE ( 'NONE',  #1503 ) ;
#5806 = ORIENTED_EDGE ( 'NONE', *, *, #182, .F. ) ;
#5807 = CARTESIAN_POINT ( 'NONE',  ( 0.2500000000295548030, 0.2400000000684449353, 1.700000000000000178 ) ) ;
#5808 = CYLINDRICAL_SURFACE ( 'NONE', #9839, 0.09999999999999982514 ) ;
#5809 = VECTOR ( 'NONE', #4488, 1000.000000000000000 ) ;
#5810 = CARTESIAN_POINT ( 'NONE',  ( -2.550000000000000266, 0.2000000000000000111, 1.600000000000000533 ) ) ;
#5811 = PLANE ( 'NONE',  #386 ) ;
#5812 =( GEOMETRIC_REPRESENTATION_CONTEXT ( 3 ) GLOBAL_UNCERTAINTY_ASSIGNED_CONTEXT ( ( #10584 ) ) GLOBAL_UNIT_ASSIGNED_CONTEXT ( ( #7166, #9559, #8891 ) ) REPRESENTATION_CONTEXT ( 'NONE', 'WORKASPACE' ) );
#5813 = ORIENTED_EDGE ( 'NONE', *, *, #5919, .T. ) ;
#5814 = ORIENTED_EDGE ( 'NONE', *, *, #7920, .T. ) ;
#5815 = DIRECTION ( 'NONE',  ( -1.000000000000000000, 0.000000000000000000, -0.000000000000000000 ) ) ;
#5816 = EDGE_LOOP ( 'NONE', ( #6727, #5603, #4671, #9913 ) ) ;
#5817 = CARTESIAN_POINT ( 'NONE',  ( -3.299999999999999378, 0.7661623507412481660, -1.750000000000000666 ) ) ;
#5818 = VECTOR ( 'NONE', #4667, 1000.000000000000000 ) ;
#5819 = EDGE_CURVE ( 'NONE', #8765, #9722, #7252, .T. ) ;
#5820 = PRESENTATION_STYLE_ASSIGNMENT (( #10053 ) ) ;
#5821 = CARTESIAN_POINT ( 'NONE',  ( -2.500000000000000444, 0.000000000000000000, -0.9999999999999991118 ) ) ;
#5822 = CARTESIAN_POINT ( 'NONE',  ( 1.725000000000000533, 1.729398958727849100, -2.882419360948555997 ) ) ;
#5824 = CARTESIAN_POINT ( 'NONE',  ( -1.399999999999999911, 1.189999999999999281, -2.999623222474934181 ) ) ;
#5823 = CARTESIAN_POINT ( 'NONE',  ( -1.725000000000000089, 0.9900000000000060973, -2.969132483627872965 ) ) ;
#5825 = CARTESIAN_POINT ( 'NONE',  ( -2.978811022987182699, 1.478537786310248903, -2.961614823218343684 ) ) ;
#5826 =( LENGTH_UNIT ( ) NAMED_UNIT ( * ) SI_UNIT ( .MILLI., .METRE. ) );
#5827 = CARTESIAN_POINT ( 'NONE',  ( 3.000000000000000888, 1.040000000000000036, -3.000000000000000888 ) ) ;
#5828 = COLOUR_RGB ( '',0.6470588235294117974, 0.6196078431372549211, 0.5882352941176470784 ) ;
#5829 = ORIENTED_EDGE ( 'NONE', *, *, #271, .T. ) ;
#5830 = DIRECTION ( 'NONE',  ( 1.000000000000000000, -0.000000000000000000, 0.000000000000000000 ) ) ;
#5831 = MECHANICAL_DESIGN_GEOMETRIC_PRESENTATION_REPRESENTATION (  '', ( #3056 ), #4430 ) ;
#5832 =( LENGTH_UNIT ( ) NAMED_UNIT ( * ) SI_UNIT ( .MILLI., .METRE. ) );
#5833 =( LENGTH_UNIT ( ) NAMED_UNIT ( * ) SI_UNIT ( .MILLI., .METRE. ) );
#5834 = CARTESIAN_POINT ( 'NONE',  ( -2.500000000000000444, 0.000000000000000000, 0.9999999999999991118 ) ) ;
#5835 = ORIENTED_EDGE ( 'NONE', *, *, #4076, .T. ) ;
#5836 = VERTEX_POINT ( 'NONE', #3918 ) ;
#5837 = FACE_OUTER_BOUND ( 'NONE', #993, .T. ) ;
#5838 = VERTEX_POINT ( 'NONE', #2296 ) ;
#5839 = EDGE_CURVE ( 'NONE', #8426, #2913, #8789, .T. ) ;
#5840 = VECTOR ( 'NONE', #8500, 1000.000000000000000 ) ;
#5841 = EDGE_CURVE ( 'NONE', #3999, #8713, #53, .T. ) ;
#5842 =( GEOMETRIC_REPRESENTATION_CONTEXT ( 3 ) GLOBAL_UNCERTAINTY_ASSIGNED_CONTEXT ( ( #7171 ) ) GLOBAL_UNIT_ASSIGNED_CONTEXT ( ( #5060, #2428, #7486 ) ) REPRESENTATION_CONTEXT ( 'NONE', 'WORKASPACE' ) );
#5843 = CARTESIAN_POINT ( 'NONE',  ( 2.925123892347710530, 1.637673626593521892, 2.802440776823444946 ) ) ;
#5844 = ADVANCED_FACE ( 'NONE', ( #543 ), #5432, .T. ) ;
#5845 = DIRECTION ( 'NONE',  ( 0.000000000000000000, 1.000000000000000000, 0.000000000000000000 ) ) ;
#5846 = CARTESIAN_POINT ( 'NONE',  ( 3.102876977371611833, 0.7999634446562066126, 2.400000000000001243 ) ) ;
#5847 = CARTESIAN_POINT ( 'NONE',  ( -0.2255922317862273929, 0.2400000000000000744, 1.827750416323410398 ) ) ;
#5848 = CARTESIAN_POINT ( 'NONE',  ( 2.275444008190516065, 0.6155959915781581415, -2.756662690960947071 ) ) ;
#5849 = EDGE_CURVE ( 'NONE', #4327, #10123, #7089, .T. ) ;
#5850 = DIRECTION ( 'NONE',  ( 0.000000000000000000, -0.000000000000000000, 1.000000000000000000 ) ) ;
#5851 = DIRECTION ( 'NONE',  ( -1.000000000000000000, 0.000000000000000000, 1.445602896647337931E-15 ) ) ;
#5852 = ORIENTED_EDGE ( 'NONE', *, *, #8557, .F. ) ;
#5853 = VERTEX_POINT ( 'NONE', #9636 ) ;
#5854 = AXIS2_PLACEMENT_3D ( 'NONE', #1416, #3707, #6264 ) ;
#5855 = UNCERTAINTY_MEASURE_WITH_UNIT (LENGTH_MEASURE( 1.000000000000000082E-05 ), #2192, 'distance_accuracy_value', 'NONE');
#5856 = VERTEX_POINT ( 'NONE', #8081 ) ;
#5857 = ORIENTED_EDGE ( 'NONE', *, *, #9168, .T. ) ;
#5858 = DIRECTION ( 'NONE',  ( -0.000000000000000000, 0.000000000000000000, 1.000000000000000000 ) ) ;
#5859 = EDGE_LOOP ( 'NONE', ( #9349, #5196, #4335, #3893 ) ) ;
#5860 = EDGE_CURVE ( 'NONE', #4519, #3160, #2239, .T. ) ;
#5861 = ADVANCED_FACE ( 'NONE', ( #1369 ), #7915, .T. ) ;
#5862 = AXIS2_PLACEMENT_3D ( 'NONE', #5596, #698, #8130 ) ;
#5863 =( LENGTH_UNIT ( ) NAMED_UNIT ( * ) SI_UNIT ( .MILLI., .METRE. ) );
#5864 = FILL_AREA_STYLE_COLOUR ( '', #9971 ) ;
#5865 = CARTESIAN_POINT ( 'NONE',  ( 1.749999999999999778, 1.040000000000000036, -3.000000000000000888 ) ) ;
#5866 =( LENGTH_UNIT ( ) NAMED_UNIT ( * ) SI_UNIT ( .MILLI., .METRE. ) );
#5867 = CARTESIAN_POINT ( 'NONE',  ( -2.299999999999998934, 0.6538153425844861477, -2.900182071975722753 ) ) ;
#5868 = CARTESIAN_POINT ( 'NONE',  ( -1.744401817091226103, 0.9898318830829295756, -2.968911900840840001 ) ) ;
#5869 = CARTESIAN_POINT ( 'NONE',  ( 3.101604300710384621, 1.300000000000000266, -1.200000000000053912 ) ) ;
#5870 = VERTEX_POINT ( 'NONE', #8980 ) ;
#5871 = ORIENTED_EDGE ( 'NONE', *, *, #4281, .F. ) ;
#5872 = ORIENTED_EDGE ( 'NONE', *, *, #6795, .F. ) ;
#5873 = DIRECTION ( 'NONE',  ( -0.4961389383568337585, 0.8682431421244591885, 0.000000000000000000 ) ) ;
#5874 = CARTESIAN_POINT ( 'NONE',  ( -3.000000000000000000, 3.000000000000000000, 1.499999999999999556 ) ) ;
#5875 = ORIENTED_EDGE ( 'NONE', *, *, #8061, .F. ) ;
#5876 = VECTOR ( 'NONE', #8887, 1000.000000000000000 ) ;
#5877 = FILL_AREA_STYLE ('',( #9247 ) ) ;
#5878 = DIRECTION ( 'NONE',  ( 1.000000000000000000, 0.000000000000000000, -1.131341397376177734E-15 ) ) ;
#5879 =( NAMED_UNIT ( * ) PLANE_ANGLE_UNIT ( ) SI_UNIT ( $, .RADIAN. ) );
#5880 = DIRECTION ( 'NONE',  ( 0.000000000000000000, 0.000000000000000000, -1.000000000000000000 ) ) ;
#5881 = SURFACE_SIDE_STYLE ('',( #9413 ) ) ;
#5883 = CARTESIAN_POINT ( 'NONE',  ( -3.099999999999985878, 1.800000000000000488, -1.500000000000000000 ) ) ;
#5882 = PLANE ( 'NONE',  #8912 ) ;
#5884 = CARTESIAN_POINT ( 'NONE',  ( -2.995566730469704453, 1.508205383691725077, -2.932223397182185831 ) ) ;
#5885 = LINE ( 'NONE', #1476, #8026 ) ;
#5886 = CARTESIAN_POINT ( 'NONE',  ( 2.100296005460343451, 0.9747427812500781830, 2.760718726936654654 ) ) ;
#5887 = ORIENTED_EDGE ( 'NONE', *, *, #8314, .T. ) ;
#5888 =( NAMED_UNIT ( * ) SI_UNIT ( $, .STERADIAN. ) SOLID_ANGLE_UNIT ( ) );
#5889 = PLANE ( 'NONE',  #5558 ) ;
#5890 = CARTESIAN_POINT ( 'NONE',  ( -1.725000000000000089, 1.779925552076474959, -2.799999999999999822 ) ) ;
#5891 = CYLINDRICAL_SURFACE ( 'NONE', #10305, 0.1499999999999990785 ) ;
#5892 = EDGE_CURVE ( 'NONE', #10519, #5464, #5374, .T. ) ;
#5893 = VERTEX_POINT ( 'NONE', #435 ) ;
#5894 = DIRECTION ( 'NONE',  ( 0.000000000000000000, 0.000000000000000000, 1.000000000000000000 ) ) ;
#5895 = EDGE_LOOP ( 'NONE', ( #9188, #6243, #8025, #5392, #10120 ) ) ;
#5896 = CARTESIAN_POINT ( 'NONE',  ( 1.760777309639019794, 1.650000000000000577, -2.747801334123671779 ) ) ;
#5897 = PRESENTATION_STYLE_ASSIGNMENT (( #4897 ) ) ;
#5898 = LINE ( 'NONE', #4954, #6818 ) ;
#5899 = FACE_OUTER_BOUND ( 'NONE', #2310, .T. ) ;
#5900 = CARTESIAN_POINT ( 'NONE',  ( 1.766485034026789469, 0.9893483593578136226, 2.966396577844844451 ) ) ;
#5901 = CARTESIAN_POINT ( 'NONE',  ( -3.102876977371611833, 0.7999634446562041701, -1.750000000000000666 ) ) ;
#5902 = LINE ( 'NONE', #178, #4499 ) ;
#5903 = ORIENTED_EDGE ( 'NONE', *, *, #125, .F. ) ;
#5904 = ORIENTED_EDGE ( 'NONE', *, *, #6056, .T. ) ;
#5905 = EDGE_CURVE ( 'NONE', #3414, #246, #3761, .T. ) ;
#5906 = VERTEX_POINT ( 'NONE', #10059 ) ;
#5907 = EDGE_CURVE ( 'NONE', #5423, #590, #4815, .T. ) ;
#5908 = PLANE ( 'NONE',  #7897 ) ;
#5909 = VECTOR ( 'NONE', #7022, 1000.000000000000000 ) ;
#5910 = ORIENTED_EDGE ( 'NONE', *, *, #10498, .T. ) ;
#5911 = ORIENTED_EDGE ( 'NONE', *, *, #4575, .T. ) ;
#5912 = EDGE_CURVE ( 'NONE', #8754, #7724, #8357, .T. ) ;
#5913 = VECTOR ( 'NONE', #6173, 1000.000000000000114 ) ;
#5914 = CARTESIAN_POINT ( 'NONE',  ( 0.8000000000000000444, 0.000000000000000000, 2.799999999999999822 ) ) ;
#5915 = SHAPE_REPRESENTATION_RELATIONSHIP ( 'NONE' , 'NONE' ,  #7753, #3231 ) ;
#5916 = CARTESIAN_POINT ( 'NONE',  ( 3.000000000000000888, 0.000000000000000000, -4.500000000000001776 ) ) ;
#5917 = EDGE_CURVE ( 'NONE', #4521, #3145, #5885, .T. ) ;
#5918 = EDGE_CURVE ( 'NONE', #5870, #6803, #3970, .T. ) ;
#5919 = EDGE_CURVE ( 'NONE', #9176, #3249, #10721, .T. ) ;
#5920 = CARTESIAN_POINT ( 'NONE',  ( 1.749975804872960117, 0.9897519640084035952, -2.968859900848145106 ) ) ;
#5921 = ORIENTED_EDGE ( 'NONE', *, *, #3781, .T. ) ;
#5922 = ORIENTED_EDGE ( 'NONE', *, *, #6369, .F. ) ;
#5923 = ORIENTED_EDGE ( 'NONE', *, *, #331, .F. ) ;
#5924 = SURFACE_SIDE_STYLE ('',( #2606 ) ) ;
#5925 = DIRECTION ( 'NONE',  ( -0.1656046194388403614, 0.000000000000000000, 0.9861922277226266020 ) ) ;
#5926 = VERTEX_POINT ( 'NONE', #10005 ) ;
#5927 = FILL_AREA_STYLE_COLOUR ( '', #8293 ) ;
#5928 = VECTOR ( 'NONE', #8141, 1000.000000000000000 ) ;
#5929 = SURFACE_STYLE_FILL_AREA ( #9248 ) ;
#5930 =( LENGTH_UNIT ( ) NAMED_UNIT ( * ) SI_UNIT ( .MILLI., .METRE. ) );
#5931 = AXIS2_PLACEMENT_3D ( 'NONE', #5914, #5016, #803 ) ;
#5932 = SURFACE_STYLE_FILL_AREA ( #9249 ) ;
#5933 =( GEOMETRIC_REPRESENTATION_CONTEXT ( 3 ) GLOBAL_UNCERTAINTY_ASSIGNED_CONTEXT ( ( #5071 ) ) GLOBAL_UNIT_ASSIGNED_CONTEXT ( ( #7909, #8642, #1163 ) ) REPRESENTATION_CONTEXT ( 'NONE', 'WORKASPACE' ) );
#5934 = DIRECTION ( 'NONE',  ( 0.000000000000000000, -0.07083354391147970996, -0.9974881498328390661 ) ) ;
#5936 = FACE_OUTER_BOUND ( 'NONE', #4129, .T. ) ;
#5935 =( NAMED_UNIT ( * ) PLANE_ANGLE_UNIT ( ) SI_UNIT ( $, .RADIAN. ) );
#5937 = CARTESIAN_POINT ( 'NONE',  ( -1.950000000000000622, 0.2000000000000000111, -1.800000000000000266 ) ) ;
#5938 = DIRECTION ( 'NONE',  ( 0.000000000000000000, -0.1643989873053577078, -0.9863939238321436376 ) ) ;
#5939 = LINE ( 'NONE', #2621, #357 ) ;
#5940 = AXIS2_PLACEMENT_3D ( 'NONE', #1649, #4946, #9211 ) ;
#5941 = CARTESIAN_POINT ( 'NONE',  ( 1.725000000000000089, 1.551862865526314028, 2.801828480139958000 ) ) ;
#5942 = ORIENTED_EDGE ( 'NONE', *, *, #10417, .T. ) ;
#5943 = CARTESIAN_POINT ( 'NONE',  ( -1.725000000000000089, 1.779925552076473627, 2.799999999999999822 ) ) ;
#5944 = PRESENTATION_STYLE_ASSIGNMENT (( #10114 ) ) ;
#5945 = VECTOR ( 'NONE', #901, 1000.000000000000227 ) ;
#5946 = DIRECTION ( 'NONE',  ( -1.000000000000000000, -0.000000000000000000, 0.000000000000000000 ) ) ;
#5947 = VERTEX_POINT ( 'NONE', #8131 ) ;
#5948 = DIRECTION ( 'NONE',  ( -1.000000000000000000, 0.000000000000000000, -0.000000000000000000 ) ) ;
#5949 = VERTEX_POINT ( 'NONE', #9200 ) ;
#5950 = VECTOR ( 'NONE', #2395, 1000.000000000000000 ) ;
#5951 = LINE ( 'NONE', #10186, #8121 ) ;
#5952 = CARTESIAN_POINT ( 'NONE',  ( -1.100939157571445781, 1.649999999999999689, 1.558529982953911874 ) ) ;
#5953 = FILL_AREA_STYLE ('',( #10407 ) ) ;
#5954 = CARTESIAN_POINT ( 'NONE',  ( 3.250000000000001332, 1.321879589400769328, -1.200000000000053912 ) ) ;
#5955 = AXIS2_PLACEMENT_3D ( 'NONE', #6851, #9454, #3631 ) ;
#5956 = FACE_OUTER_BOUND ( 'NONE', #6091, .T. ) ;
#5957 = EDGE_LOOP ( 'NONE', ( #10789, #2531, #3743, #3647 ) ) ;
#5958 = VERTEX_POINT ( 'NONE', #10660 ) ;
#5959 = UNCERTAINTY_MEASURE_WITH_UNIT (LENGTH_MEASURE( 1.000000000000000082E-05 ), #6848, 'distance_accuracy_value', 'NONE');
#5960 = ORIENTED_EDGE ( 'NONE', *, *, #5169, .T. ) ;
#5961 = LINE ( 'NONE', #1183, #7727 ) ;
#5962 = ORIENTED_EDGE ( 'NONE', *, *, #4753, .F. ) ;
#5963 = DIRECTION ( 'NONE',  ( 0.000000000000000000, 1.000000000000000000, 0.000000000000000000 ) ) ;
#5964 = ORIENTED_EDGE ( 'NONE', *, *, #6550, .T. ) ;
#5965 =( GEOMETRIC_REPRESENTATION_CONTEXT ( 3 ) GLOBAL_UNCERTAINTY_ASSIGNED_CONTEXT ( ( #516 ) ) GLOBAL_UNIT_ASSIGNED_CONTEXT ( ( #4313, #4259, #7780 ) ) REPRESENTATION_CONTEXT ( 'NONE', 'WORKASPACE' ) );
#5966 = LINE ( 'NONE', #8503, #5507 ) ;
#5967 = CARTESIAN_POINT ( 'NONE',  ( 2.299999999999999822, 0.6259282039464266756, 2.902162391099925465 ) ) ;
#5968 =( NAMED_UNIT ( * ) PLANE_ANGLE_UNIT ( ) SI_UNIT ( $, .RADIAN. ) );
#5969 = SURFACE_STYLE_FILL_AREA ( #10150 ) ;
#5970 = DIRECTION ( 'NONE',  ( -1.000000000000000000, -0.000000000000000000, -0.000000000000000000 ) ) ;
#5971 = VECTOR ( 'NONE', #1550, 1000.000000000000000 ) ;
#5972 = DIRECTION ( 'NONE',  ( 0.000000000000000000, -0.9974881498328389551, -0.07083354391148079243 ) ) ;
#5973 = VERTEX_POINT ( 'NONE', #7470 ) ;
#5974 = VECTOR ( 'NONE', #7677, 1000.000000000000000 ) ;
#5975 = UNCERTAINTY_MEASURE_WITH_UNIT (LENGTH_MEASURE( 1.000000000000000082E-05 ), #8356, 'distance_accuracy_value', 'NONE');
#5976 = VECTOR ( 'NONE', #160, 1000.000000000000000 ) ;
#5977 = ORIENTED_EDGE ( 'NONE', *, *, #10434, .T. ) ;
#5978 = VERTEX_POINT ( 'NONE', #9957 ) ;
#5979 = CARTESIAN_POINT ( 'NONE',  ( -1.766485034026791023, 1.119803423342948578, 2.957132713903388499 ) ) ;
#5980 = CARTESIAN_POINT ( 'NONE',  ( 2.900000000000001243, 1.640000000000000346, 2.700000000000000178 ) ) ;
#5981 = ORIENTED_EDGE ( 'NONE', *, *, #857, .F. ) ;
#5982 = EDGE_CURVE ( 'NONE', #6734, #3947, #9854, .T. ) ;
#5983 = VECTOR ( 'NONE', #8116, 1000.000000000000000 ) ;
#5984 = EDGE_CURVE ( 'NONE', #1680, #5390, #2458, .T. ) ;
#5985 = DIRECTION ( 'NONE',  ( 0.1031413735657460973, 0.6995440351107080623, -0.7071067811865472397 ) ) ;
#5986 = CARTESIAN_POINT ( 'NONE',  ( 5.000000000000000888, 0.000000000000000000, 0.9999999999999991118 ) ) ;
#5987 = PRESENTATION_LAYER_ASSIGNMENT (  '', '', ( #768 ) ) ;
#5988 = CARTESIAN_POINT ( 'NONE',  ( -1.649999999999999911, 0.05000000000000000278, 0.3500000000000002554 ) ) ;
#5989 = ADVANCED_FACE ( 'NONE', ( #5767 ), #645, .F. ) ;
#5990 = CARTESIAN_POINT ( 'NONE',  ( 3.000000000000000888, 1.797345146833222218, 1.499999999999999778 ) ) ;
#5992 = CARTESIAN_POINT ( 'NONE',  ( 1.725000000000000089, 0.9793749684132834199, -2.819509261152939317 ) ) ;
#5991 = CARTESIAN_POINT ( 'NONE',  ( 2.399999999999999911, 0.4500000000000001776, -0.9000000000000005773 ) ) ;
#5993 = CARTESIAN_POINT ( 'NONE',  ( -3.232597679844644301, 0.3730819044509715576, -1.750000000000000666 ) ) ;
#5994 = CARTESIAN_POINT ( 'NONE',  ( -3.250000000000001332, 1.321879589400769550, 1.200000000000027267 ) ) ;
#5995 = DIRECTION ( 'NONE',  ( 0.000000000000000000, 0.07083354391147970996, -0.9974881498328390661 ) ) ;
#5996 = VERTEX_POINT ( 'NONE', #1533 ) ;
#5997 = EDGE_CURVE ( 'NONE', #5289, #9009, #4323, .T. ) ;
#5998 = FACE_OUTER_BOUND ( 'NONE', #921, .T. ) ;
#5999 = DIRECTION ( 'NONE',  ( -1.000000000000000000, -0.000000000000000000, 0.000000000000000000 ) ) ;
#6000 = EDGE_CURVE ( 'NONE', #1519, #10732, #825, .T. ) ;
#6001 = LINE ( 'NONE', #2030, #7139 ) ;
#6002 = DIRECTION ( 'NONE',  ( 0.000000000000000000, 0.000000000000000000, -1.000000000000000000 ) ) ;
#6003 = VECTOR ( 'NONE', #2775, 1000.000000000000000 ) ;
#6004 = LINE ( 'NONE', #9321, #7142 ) ;
#6005 = VECTOR ( 'NONE', #5658, 1000.000000000000000 ) ;
#6006 = ORIENTED_EDGE ( 'NONE', *, *, #6051, .F. ) ;
#6007 = CARTESIAN_POINT ( 'NONE',  ( -1.749972624337438054, 0.9897492686847881860, 2.968821944913498267 ) ) ;
#6008 = ORIENTED_EDGE ( 'NONE', *, *, #8330, .T. ) ;
#6009 = LINE ( 'NONE', #1923, #805 ) ;
#6010 = AXIS2_PLACEMENT_3D ( 'NONE', #8979, #4771, #4656 ) ;
#6011 = CARTESIAN_POINT ( 'NONE',  ( -0.5008432282194010821, 1.649999999999999911, -1.834688492550782035 ) ) ;
#6012 = CARTESIAN_POINT ( 'NONE',  ( -3.100000000000000977, 1.800000000000000488, 2.799999999999999822 ) ) ;
#6013 = LINE ( 'NONE', #5237, #4742 ) ;
#6014 = PLANE ( 'NONE',  #5209 ) ;
#6015 = ORIENTED_EDGE ( 'NONE', *, *, #9225, .F. ) ;
#6016 = ORIENTED_EDGE ( 'NONE', *, *, #1011, .F. ) ;
#6017 = AXIS2_PLACEMENT_3D ( 'NONE', #2039, #1274, #9642 ) ;
#6018 = ORIENTED_EDGE ( 'NONE', *, *, #5574, .F. ) ;
#6019 = ORIENTED_EDGE ( 'NONE', *, *, #4131, .F. ) ;
#6020 = EDGE_CURVE ( 'NONE', #1029, #7027, #7530, .T. ) ;
#6021 = VERTEX_POINT ( 'NONE', #1160 ) ;
#6022 = CARTESIAN_POINT ( 'NONE',  ( 1.725000000000000089, 0.9793749684132778688, 2.819509261152939761 ) ) ;
#6023 = SURFACE_STYLE_USAGE ( .BOTH. , #4319 ) ;
#6024 = VECTOR ( 'NONE', #10615, 1000.000000000000000 ) ;
#6025 = SHAPE_REPRESENTATION_RELATIONSHIP ( 'NONE' , 'NONE' ,  #10266, #8577 ) ;
#6026 = CARTESIAN_POINT ( 'NONE',  ( 3.204135107032050289, 1.618360519674075571, -1.500000000000000000 ) ) ;
#6027 = PLANE ( 'NONE',  #9495 ) ;
#6028 = CARTESIAN_POINT ( 'NONE',  ( 3.187564840029499802, -1.161587776278568684, -0.5999999999999880984 ) ) ;
#6029 = ORIENTED_EDGE ( 'NONE', *, *, #1073, .F. ) ;
#6030 = ORIENTED_EDGE ( 'NONE', *, *, #4604, .T. ) ;
#6031 = ORIENTED_EDGE ( 'NONE', *, *, #3610, .F. ) ;
#6032 = FACE_OUTER_BOUND ( 'NONE', #137, .T. ) ;
#6033 = LINE ( 'NONE', #3792, #4394 ) ;
#6034 = ORIENTED_EDGE ( 'NONE', *, *, #874, .F. ) ;
#6035 = PLANE ( 'NONE',  #4080 ) ;
#6036 = VECTOR ( 'NONE', #6753, 1000.000000000000000 ) ;
#6037 = CARTESIAN_POINT ( 'NONE',  ( -1.749999999999999334, 1.439999999999997504, 3.000000000000000444 ) ) ;
#6038 = PLANE ( 'NONE',  #4514 ) ;
#6039 = CARTESIAN_POINT ( 'NONE',  ( -1.649999999999999689, 0.05000000000000009992, 0.8999999999999999112 ) ) ;
#6040 = LINE ( 'NONE', #985, #929 ) ;
#6041 = FACE_OUTER_BOUND ( 'NONE', #7930, .T. ) ;
#6042 =( LENGTH_UNIT ( ) NAMED_UNIT ( * ) SI_UNIT ( .MILLI., .METRE. ) );
#6043 = LINE ( 'NONE', #9417, #7504 ) ;
#6044 = VERTEX_POINT ( 'NONE', #6922 ) ;
#6045 = CARTESIAN_POINT ( 'NONE',  ( -3.250000000000000888, 1.321879589400769328, 1.200000000000026601 ) ) ;
#6046 = PRODUCT_DEFINITION ( 'UNKNOWN', '', #7719, #9392 ) ;
#6047 = EDGE_CURVE ( 'NONE', #9295, #2936, #4338, .T. ) ;
#6048 = EDGE_CURVE ( 'NONE', #6050, #7143, #10746, .T. ) ;
#6049 = CARTESIAN_POINT ( 'NONE',  ( 2.400000000000000355, 0.3999999999999999667, -0.5687499999999998668 ) ) ;
#6050 = VERTEX_POINT ( 'NONE', #1744 ) ;
#6051 = EDGE_CURVE ( 'NONE', #8845, #2206, #6284, .T. ) ;
#6052 = DIRECTION ( 'NONE',  ( 0.1690054695747777169, -0.9856151131419449429, 0.000000000000000000 ) ) ;
#6053 = CARTESIAN_POINT ( 'NONE',  ( -3.000000000000000888, 1.539999999999998037, -2.900000000000000355 ) ) ;
#6054 = CARTESIAN_POINT ( 'NONE',  ( 1.399999999999999911, 1.189999999999999281, -2.999623222474934181 ) ) ;
#6055 = SURFACE_STYLE_USAGE ( .BOTH. , #3709 ) ;
#6056 = EDGE_CURVE ( 'NONE', #3346, #2595, #7808, .T. ) ;
#6057 = CARTESIAN_POINT ( 'NONE',  ( 3.511456704643024285, 1.999346841135182240, 1.599999999999998979 ) ) ;
#6058 = ORIENTED_EDGE ( 'NONE', *, *, #6996, .T. ) ;
#6059 = CARTESIAN_POINT ( 'NONE',  ( 1.725000000000000089, 1.800000000000000488, -2.947231250521888501 ) ) ;
#6060 = ADVANCED_FACE ( 'NONE', ( #6971 ), #2620, .F. ) ;
#6061 = ORIENTED_EDGE ( 'NONE', *, *, #8868, .T. ) ;
#6062 = DIRECTION ( 'NONE',  ( 0.000000000000000000, -1.000000000000000000, -0.000000000000000000 ) ) ;
#6063 = CARTESIAN_POINT ( 'NONE',  ( -1.803100725573068885, 1.649999999999999467, 0.6005005043703747214 ) ) ;
#6064 = CARTESIAN_POINT ( 'NONE',  ( -2.999999999999999112, 1.640999999999999792, 2.700000000000000178 ) ) ;
#6065 = CARTESIAN_POINT ( 'NONE',  ( 3.000000000000000888, 0.9899999999999999911, 2.699999999999999734 ) ) ;
#6066 = CARTESIAN_POINT ( 'NONE',  ( 2.201387595806831854, 0.5552424364119703526, -2.923824743312683605 ) ) ;
#6067 = FILL_AREA_STYLE ('',( #903 ) ) ;
#6068 = ORIENTED_EDGE ( 'NONE', *, *, #8608, .T. ) ;
#6069 = UNCERTAINTY_MEASURE_WITH_UNIT (LENGTH_MEASURE( 1.000000000000000082E-05 ), #9473, 'distance_accuracy_value', 'NONE');
#6070 = VERTEX_POINT ( 'NONE', #5993 ) ;
#6071 = PRESENTATION_STYLE_ASSIGNMENT (( #1938 ) ) ;
#6072 = VERTEX_POINT ( 'NONE', #1905 ) ;
#6073 = ORIENTED_EDGE ( 'NONE', *, *, #1054, .F. ) ;
#6074 = FILL_AREA_STYLE_COLOUR ( '', #623 ) ;
#6075 = LINE ( 'NONE', #8671, #10322 ) ;
#6076 = CARTESIAN_POINT ( 'NONE',  ( 1.750000000000000444, 1.439999999999996838, -3.000000000000000888 ) ) ;
#6077 = APPLICATION_PROTOCOL_DEFINITION ( 'draft international standard', 'automotive_design', 1998, #10602 ) ;
#6078 = CARTESIAN_POINT ( 'NONE',  ( 1.777549079012954669, 1.800000000000000711, 0.6712239886738196049 ) ) ;
#6079 = PLANE ( 'NONE',  #5955 ) ;
#6080 = CARTESIAN_POINT ( 'NONE',  ( -1.750000000000000222, 0.9827913070170174459, 2.797930592456434162 ) ) ;
#6081 = VERTEX_POINT ( 'NONE', #8468 ) ;
#6082 = UNCERTAINTY_MEASURE_WITH_UNIT (LENGTH_MEASURE( 1.000000000000000082E-05 ), #3463, 'distance_accuracy_value', 'NONE');
#6083 = EDGE_LOOP ( 'NONE', ( #10157, #7829, #3793, #1628, #5024 ) ) ;
#6084 = CARTESIAN_POINT ( 'NONE',  ( 3.000000000000000000, 0.2000000000000001221, 2.400000000000000799 ) ) ;
#6085 = ORIENTED_EDGE ( 'NONE', *, *, #8260, .F. ) ;
#6086 = ADVANCED_BREP_SHAPE_REPRESENTATION ( '', ( #9919, #4552 ), #9653 ) ;
#6087 = LINE ( 'NONE', #10319, #8115 ) ;
#6088 = VECTOR ( 'NONE', #7903, 1000.000000000000000 ) ;
#6089 = DIRECTION ( 'NONE',  ( -0.000000000000000000, -0.9998264715454813212, -0.01862865526313777637 ) ) ;
#6090 = CARTESIAN_POINT ( 'NONE',  ( -0.6841539964435755516, 1.800000000000000711, 1.772620802046991573 ) ) ;
#6091 = EDGE_LOOP ( 'NONE', ( #10393, #4550, #6018, #5634 ) ) ;
#6092 = ADVANCED_FACE ( 'NONE', ( #989 ), #4286, .T. ) ;
#6094 = DIRECTION ( 'NONE',  ( -0.000000000000000000, -1.000000000000000000, -0.000000000000000000 ) ) ;
#6093 = FILL_AREA_STYLE ('',( #9082 ) ) ;
#6095 = FACE_OUTER_BOUND ( 'NONE', #9145, .T. ) ;
#6096 = AXIS2_PLACEMENT_3D ( 'NONE', #2742, #3555, #2631 ) ;
#6097 = CARTESIAN_POINT ( 'NONE',  ( 1.399999999999999911, 1.109374968413276985, 2.810277712176606713 ) ) ;
#6098 = B_SPLINE_CURVE_WITH_KNOTS ( 'NONE', 3,
 ( #7233, #3137, #744, #6511 ),
 .UNSPECIFIED., .F., .F.,
 ( 4, 4 ),
 ( 0.000000000000000000, 1.000000000000000000 ),
 .UNSPECIFIED. ) ;
#6099 = ORIENTED_EDGE ( 'NONE', *, *, #3521, .T. ) ;
#6100 = VECTOR ( 'NONE', #497, 1000.000000000000000 ) ;
#6101 = DIRECTION ( 'NONE',  ( -1.000000000000000000, 0.000000000000000000, 1.495451272393799049E-16 ) ) ;
#6102 = DIRECTION ( 'NONE',  ( -0.000000000000000000, 0.01862865526313777637, 0.9998264715454813212 ) ) ;
#6103 = EDGE_CURVE ( 'NONE', #8782, #3855, #3811, .T. ) ;
#6104 = LINE ( 'NONE', #5727, #380 ) ;
#6105 = LINE ( 'NONE', #8646, #992 ) ;
#6106 = EDGE_CURVE ( 'NONE', #10384, #1787, #5041, .T. ) ;
#6107 = DIRECTION ( 'NONE',  ( -0.000000000000000000, -0.000000000000000000, -1.000000000000000000 ) ) ;
#6108 = STYLED_ITEM ( 'NONE', ( #6845 ), #10028 ) ;
#6109 = VECTOR ( 'NONE', #4185, 1000.000000000000114 ) ;
#6110 = ORIENTED_EDGE ( 'NONE', *, *, #1345, .T. ) ;
#6111 = APPLICATION_CONTEXT ( 'automotive_design' ) ;
#6112 = VERTEX_POINT ( 'NONE', #9365 ) ;
#6113 = EDGE_CURVE ( 'NONE', #1505, #5354, #1964, .T. ) ;
#6114 = CARTESIAN_POINT ( 'NONE',  ( -2.203718250540686707, 0.5445896128100469191, 2.773810149683738846 ) ) ;
#6115 = EDGE_CURVE ( 'NONE', #9857, #8254, #6043, .T. ) ;
#6116 =( GEOMETRIC_REPRESENTATION_CONTEXT ( 3 ) GLOBAL_UNCERTAINTY_ASSIGNED_CONTEXT ( ( #3567 ) ) GLOBAL_UNIT_ASSIGNED_CONTEXT ( ( #778, #9968, #9099 ) ) REPRESENTATION_CONTEXT ( 'NONE', 'WORKASPACE' ) );
#6117 = EDGE_CURVE ( 'NONE', #10112, #9170, #2486, .T. ) ;
#6118 = CARTESIAN_POINT ( 'NONE',  ( -1.749653394080789459, 0.5499915388736729138, 2.849880849202529376 ) ) ;
#6119 = EDGE_CURVE ( 'NONE', #4377, #7176, #4272, .T. ) ;
#6120 = LINE ( 'NONE', #8659, #6556 ) ;
#6121 = SURFACE_STYLE_FILL_AREA ( #5501 ) ;
#6122 = SURFACE_STYLE_FILL_AREA ( #6067 ) ;
#6123 = ORIENTED_EDGE ( 'NONE', *, *, #2007, .T. ) ;
#6124 = VERTEX_POINT ( 'NONE', #8412 ) ;
#6125 = ORIENTED_EDGE ( 'NONE', *, *, #5202, .T. ) ;
#6126 = VECTOR ( 'NONE', #8644, 1000.000000000000114 ) ;
#6127 = B_SPLINE_CURVE_WITH_KNOTS ( 'NONE', 3,
 ( #6989, #3666, #7045, #549, #2143, #6169 ),
 .UNSPECIFIED., .F., .F.,
 ( 4, 2, 4 ),
 ( 0.000000000000000000, 0.5000000000000000000, 1.000000000000000000 ),
 .UNSPECIFIED. ) ;
#6128 = LINE ( 'NONE', #4364, #939 ) ;
#6129 = AXIS2_PLACEMENT_3D ( 'NONE', #1473, #9952, #7465 ) ;
#6130 = VERTEX_POINT ( 'NONE', #4230 ) ;
#6131 = ORIENTED_EDGE ( 'NONE', *, *, #6915, .F. ) ;
#6132 = EDGE_CURVE ( 'NONE', #4808, #6957, #7586, .T. ) ;
#6133 = DIRECTION ( 'NONE',  ( -0.000000000000000000, -1.000000000000000000, 0.000000000000000000 ) ) ;
#6134 = FACE_OUTER_BOUND ( 'NONE', #8867, .T. ) ;
#6135 = DIRECTION ( 'NONE',  ( 0.000000000000000000, 0.000000000000000000, 1.000000000000000000 ) ) ;
#6136 = LINE ( 'NONE', #9507, #8983 ) ;
#6137 = LINE ( 'NONE', #4375, #49 ) ;
#6138 = VECTOR ( 'NONE', #5642, 999.9999999999998863 ) ;
#6139 = FILL_AREA_STYLE_COLOUR ( '', #1120 ) ;
#6140 = ORIENTED_EDGE ( 'NONE', *, *, #265, .T. ) ;
#6141 = VERTEX_POINT ( 'NONE', #7959 ) ;
#6142 = SURFACE_STYLE_FILL_AREA ( #10382 ) ;
#6143 = CARTESIAN_POINT ( 'NONE',  ( -3.099999999999985878, 1.800000000000000488, 1.500000000000000222 ) ) ;
#6144 = ORIENTED_EDGE ( 'NONE', *, *, #8678, .F. ) ;
#6145 = AXIS2_PLACEMENT_3D ( 'NONE', #7498, #6839, #7665 ) ;
#6146 = PLANE ( 'NONE',  #437 ) ;
#6147 = PRODUCT_DEFINITION_FORMATION_WITH_SPECIFIED_SOURCE ( 'ANY', '', #2416, .NOT_KNOWN. ) ;
#6148 = FACE_OUTER_BOUND ( 'NONE', #3741, .T. ) ;
#6149 = LINE ( 'NONE', #6039, #9829 ) ;
#6151 = CARTESIAN_POINT ( 'NONE',  ( 3.000000000000001776, 1.566179938779914682, -2.700000000000001066 ) ) ;
#6150 = DIRECTION ( 'NONE',  ( 1.000000000000000000, 0.000000000000000000, 0.000000000000000000 ) ) ;
#6152 = SURFACE_STYLE_USAGE ( .BOTH. , #6969 ) ;
#6153 = MECHANICAL_DESIGN_GEOMETRIC_PRESENTATION_REPRESENTATION (  '', ( #10715 ), #1287 ) ;
#6154 = VERTEX_POINT ( 'NONE', #10597 ) ;
#6155 = LINE ( 'NONE', #4453, #5804 ) ;
#6156 = EDGE_CURVE ( 'NONE', #5254, #3558, #7026, .T. ) ;
#6157 = VECTOR ( 'NONE', #9820, 1000.000000000000000 ) ;
#6158 = AXIS2_PLACEMENT_3D ( 'NONE', #1861, #664, #5995 ) ;
#6159 =( NAMED_UNIT ( * ) PLANE_ANGLE_UNIT ( ) SI_UNIT ( $, .RADIAN. ) );
#6160 =( LENGTH_UNIT ( ) NAMED_UNIT ( * ) SI_UNIT ( .MILLI., .METRE. ) );
#6161 = CARTESIAN_POINT ( 'NONE',  ( 1.725000000000000089, 1.550000000000000488, -2.701845832985407814 ) ) ;
#6162 = LINE ( 'NONE', #1212, #9793 ) ;
#6163 = CIRCLE ( 'NONE', #7571, 0.1000000000000000472 ) ;
#6164 = SURFACE_STYLE_USAGE ( .BOTH. , #3004 ) ;
#6165 = ORIENTED_EDGE ( 'NONE', *, *, #10152, .F. ) ;
#6166 = ORIENTED_EDGE ( 'NONE', *, *, #6590, .T. ) ;
#6168 = PRESENTATION_LAYER_ASSIGNMENT (  '', '', ( #3384 ) ) ;
#6167 = CARTESIAN_POINT ( 'NONE',  ( 1.950000000000000622, 0.000000000000000000, -2.400000000000001243 ) ) ;
#6169 = CARTESIAN_POINT ( 'NONE',  ( -1.724999999999999867, 1.554657163815786003, 2.951802450871777506 ) ) ;
#6170 = CARTESIAN_POINT ( 'NONE',  ( -0.9429951757511845223, 1.649999999999999911, -1.670229291564737872 ) ) ;
#6171 = CARTESIAN_POINT ( 'NONE',  ( -1.761002766183546342, 0.9894895769471572233, 2.967311792336734477 ) ) ;
#6172 = CARTESIAN_POINT ( 'NONE',  ( 0.4062254337343441102, 0.05000000000000000278, 1.505773354629759808 ) ) ;
#6173 = DIRECTION ( 'NONE',  ( -0.1690054695747746083, 0.9856151131419454980, 0.000000000000000000 ) ) ;
#6174 = EDGE_LOOP ( 'NONE', ( #9595, #184, #8881, #7211 ) ) ;
#6175 = ORIENTED_EDGE ( 'NONE', *, *, #4967, .F. ) ;
#6176 = ADVANCED_FACE ( 'NONE', ( #4703 ), #2020, .T. ) ;
#6177 = LINE ( 'NONE', #1770, #1278 ) ;
#6178 = ORIENTED_EDGE ( 'NONE', *, *, #126, .F. ) ;
#6179 = VECTOR ( 'NONE', #7288, 1000.000000000000000 ) ;
#6180 = EDGE_CURVE ( 'NONE', #4468, #3336, #4287, .T. ) ;
#6181 = ORIENTED_EDGE ( 'NONE', *, *, #473, .T. ) ;
#6182 = EDGE_CURVE ( 'NONE', #5973, #3431, #10489, .T. ) ;
#6183 = CARTESIAN_POINT ( 'NONE',  ( -1.724999999999999645, 1.800000000000000488, -2.947231250521888501 ) ) ;
#6184 = CARTESIAN_POINT ( 'NONE',  ( 1.649999999999999911, 0.05000000000000000278, 0.3500000000000002554 ) ) ;
#6185 = CARTESIAN_POINT ( 'NONE',  ( -1.755520498340309654, 0.5605592021133254388, -2.998696202365602304 ) ) ;
#6186 = APPLICATION_PROTOCOL_DEFINITION ( 'draft international standard', 'automotive_design', 1998, #1114 ) ;
#6187 = DIRECTION ( 'NONE',  ( 0.000000000000000000, 1.000000000000000000, -0.000000000000000000 ) ) ;
#6188 = DIRECTION ( 'NONE',  ( -1.000000000000000000, -0.000000000000000000, -0.000000000000000000 ) ) ;
#6189 = AXIS2_PLACEMENT_3D ( 'NONE', #2610, #8232, #9301 ) ;
#6190 = ORIENTED_EDGE ( 'NONE', *, *, #4950, .F. ) ;
#6191 = UNCERTAINTY_MEASURE_WITH_UNIT (LENGTH_MEASURE( 1.000000000000000082E-05 ), #6203, 'distance_accuracy_value', 'NONE');
#6192 = ORIENTED_EDGE ( 'NONE', *, *, #8868, .F. ) ;
#6193 = CARTESIAN_POINT ( 'NONE',  ( 3.141765312904813534, 0.1499390827019098371, 0.6000000000000060840 ) ) ;
#6194 = ORIENTED_EDGE ( 'NONE', *, *, #8065, .T. ) ;
#6195 =( NAMED_UNIT ( * ) SI_UNIT ( $, .STERADIAN. ) SOLID_ANGLE_UNIT ( ) );
#6196 = ADVANCED_FACE ( 'NONE', ( #3802 ), #10442, .T. ) ;
#6197 = VECTOR ( 'NONE', #5425, 1000.000000000000000 ) ;
#6198 = STYLED_ITEM ( 'NONE', ( #5897 ), #4203 ) ;
#6199 = DIRECTION ( 'NONE',  ( -1.000000000000000000, -0.000000000000000000, 0.000000000000000000 ) ) ;
#6200 = CARTESIAN_POINT ( 'NONE',  ( -1.761043567301739277, 1.800000000000000266, 0.7133984507931827590 ) ) ;
#6201 = ORIENTED_EDGE ( 'NONE', *, *, #4644, .T. ) ;
#6202 = SURFACE_STYLE_USAGE ( .BOTH. , #9618 ) ;
#6203 =( LENGTH_UNIT ( ) NAMED_UNIT ( * ) SI_UNIT ( .MILLI., .METRE. ) );
#6204 = PLANE ( 'NONE',  #8804 ) ;
#6205 = DIRECTION ( 'NONE',  ( -1.000000000000000000, 0.000000000000000000, 0.000000000000000000 ) ) ;
#6206 = EDGE_LOOP ( 'NONE', ( #7287, #9708, #8513, #10281 ) ) ;
#6207 = PRESENTATION_STYLE_ASSIGNMENT (( #8802 ) ) ;
#6208 =( GEOMETRIC_REPRESENTATION_CONTEXT ( 3 ) GLOBAL_UNCERTAINTY_ASSIGNED_CONTEXT ( ( #7739 ) ) GLOBAL_UNIT_ASSIGNED_CONTEXT ( ( #9374, #9318, #5888 ) ) REPRESENTATION_CONTEXT ( 'NONE', 'WORKASPACE' ) );
#6209 = CARTESIAN_POINT ( 'NONE',  ( 1.850000000000000089, 0.000000000000000000, 2.700000000000000178 ) ) ;
#6210 = B_SPLINE_CURVE_WITH_KNOTS ( 'NONE', 3,
 ( #1961, #3749, #10537, #10389 ),
 .UNSPECIFIED., .F., .F.,
 ( 4, 4 ),
 ( 0.000000000000000000, 1.000000000000000000 ),
 .UNSPECIFIED. ) ;
#6211 = CARTESIAN_POINT ( 'NONE',  ( -0.7157900588270024178, 1.649999999999999689, -1.320168919692198628 ) ) ;
#6212 = DIRECTION ( 'NONE',  ( 0.000000000000000000, 0.000000000000000000, 1.000000000000000000 ) ) ;
#6213 =( NAMED_UNIT ( * ) PLANE_ANGLE_UNIT ( ) SI_UNIT ( $, .RADIAN. ) );
#6214 = EDGE_CURVE ( 'NONE', #8455, #4728, #369, .T. ) ;
#6215 = CARTESIAN_POINT ( 'NONE',  ( 1.750000000000000000, 1.639999999999999014, -2.799999999999999822 ) ) ;
#6216 = VERTEX_POINT ( 'NONE', #1255 ) ;
#6217 = VERTEX_POINT ( 'NONE', #4008 ) ;
#6218 = CARTESIAN_POINT ( 'NONE',  ( 1.725000000000000311, 0.000000000000000000, 2.799999999999999822 ) ) ;
#6219 = CARTESIAN_POINT ( 'NONE',  ( 3.292587603644800520, 0.1290100165387152720, 0.6000000000000000888 ) ) ;
#6220 = DIRECTION ( 'NONE',  ( 1.000000000000000000, 0.000000000000000000, -0.000000000000000000 ) ) ;
#6221 = EDGE_CURVE ( 'NONE', #8464, #2268, #7292, .T. ) ;
#6222 = CARTESIAN_POINT ( 'NONE',  ( 3.035474657216254535, 0.4068829983659278393, -1.600000000000000977 ) ) ;
#6223 = CARTESIAN_POINT ( 'NONE',  ( 0.2214571911395888659, 0.05000000000000000971, 2.092108212456161187 ) ) ;
#6224 = PRESENTATION_STYLE_ASSIGNMENT (( #7825 ) ) ;
#6225 = ORIENTED_EDGE ( 'NONE', *, *, #8987, .F. ) ;
#6226 = ORIENTED_EDGE ( 'NONE', *, *, #5982, .T. ) ;
#6227 = ORIENTED_EDGE ( 'NONE', *, *, #9034, .F. ) ;
#6228 = DIRECTION ( 'NONE',  ( 0.000000000000000000, 0.8479983040050885768, -0.5299989400031790421 ) ) ;
#6229 = ORIENTED_EDGE ( 'NONE', *, *, #7259, .T. ) ;
#6230 = CARTESIAN_POINT ( 'NONE',  ( 1.375029273410705910, 1.649999999999999911, -0.5999936494202757764 ) ) ;
#6231 = LINE ( 'NONE', #4581, #809 ) ;
#6232 = CARTESIAN_POINT ( 'NONE',  ( -3.052456489953509600, 1.595996894053967941, 1.500000000000009326 ) ) ;
#6233 = LINE ( 'NONE', #1237, #5800 ) ;
#6234 = CARTESIAN_POINT ( 'NONE',  ( 0.000000000000000000, 0.000000000000000000, 0.000000000000000000 ) ) ;
#6235 = EDGE_CURVE ( 'NONE', #3249, #7782, #4781, .T. ) ;
#6236 = CARTESIAN_POINT ( 'NONE',  ( -3.102876977371612277, 0.7999634446562059464, -2.400000000000000799 ) ) ;
#6237 = FACE_OUTER_BOUND ( 'NONE', #733, .T. ) ;
#6238 = EDGE_CURVE ( 'NONE', #2598, #4271, #9023, .T. ) ;
#6239 = CARTESIAN_POINT ( 'NONE',  ( -1.799164799778632862, 1.649999999999999689, -2.709763107293782003 ) ) ;
#6240 = EDGE_LOOP ( 'NONE', ( #612, #9862, #1842, #10751 ) ) ;
#6241 = VERTEX_POINT ( 'NONE', #5698 ) ;
#6242 = DIRECTION ( 'NONE',  ( -0.1031413735657396302, -0.6995440351107080623, 0.7071067811865482389 ) ) ;
#6243 = ORIENTED_EDGE ( 'NONE', *, *, #9024, .T. ) ;
#6244 = DIRECTION ( 'NONE',  ( -1.000000000000000000, -0.000000000000000000, -0.000000000000000000 ) ) ;
#6245 = EDGE_LOOP ( 'NONE', ( #4051, #4102, #5875, #9511, #5647 ) ) ;
#6246 = LINE ( 'NONE', #6037, #264 ) ;
#6247 = CARTESIAN_POINT ( 'NONE',  ( -1.741543061873365383, 1.800000000000000488, 0.7598578817009130626 ) ) ;
#6248 = ADVANCED_FACE ( 'NONE', ( #4804 ), #3206, .T. ) ;
#6249 = CARTESIAN_POINT ( 'NONE',  ( 3.511456704643024285, 1.999346841135182240, 2.400000000000001243 ) ) ;
#6250 = ADVANCED_FACE ( 'NONE', ( #1518 ), #7351, .T. ) ;
#6251 = EDGE_CURVE ( 'NONE', #1243, #5856, #9942, .T. ) ;
#6252 = FACE_OUTER_BOUND ( 'NONE', #1452, .T. ) ;
#6253 = FACE_OUTER_BOUND ( 'NONE', #1993, .T. ) ;
#6254 = CARTESIAN_POINT ( 'NONE',  ( 2.200000000000000178, 0.2000000000000000111, 1.800000000000000266 ) ) ;
#6255 = PRESENTATION_STYLE_ASSIGNMENT (( #5478 ) ) ;
#6256 = VERTEX_POINT ( 'NONE', #9073 ) ;
#6257 =( LENGTH_UNIT ( ) NAMED_UNIT ( * ) SI_UNIT ( .MILLI., .METRE. ) );
#6258 = PLANE ( 'NONE',  #2155 ) ;
#6259 = COLOUR_RGB ( '',0.6470588235294117974, 0.6196078431372549211, 0.5882352941176470784 ) ;
#6260 = DIRECTION ( 'NONE',  ( 0.000000000000000000, 1.000000000000000000, 0.000000000000000000 ) ) ;
#6261 = COLOUR_RGB ( '',0.6470588235294117974, 0.6196078431372549211, 0.5882352941176470784 ) ;
#6262 = CARTESIAN_POINT ( 'NONE',  ( -0.2357621813900718510, 1.649999999999999911, 1.486835306449206362 ) ) ;
#6263 = ADVANCED_FACE ( 'NONE', ( #3259 ), #3096, .F. ) ;
#6264 = DIRECTION ( 'NONE',  ( 0.000000000000000000, -0.000000000000000000, 1.000000000000000000 ) ) ;
#6265 = B_SPLINE_CURVE_WITH_KNOTS ( 'NONE', 3,
 ( #7806, #10630, #3645, #1501, #6151, #7278 ),
 .UNSPECIFIED., .F., .F.,
 ( 4, 2, 4 ),
 ( 0.000000000000000000, 0.5000000000000000000, 1.000000000000000000 ),
 .UNSPECIFIED. ) ;
#6266 = CARTESIAN_POINT ( 'NONE',  ( -2.963662989417781279, 1.800000000000000933, -1.500000000000000000 ) ) ;
#6267 = DIRECTION ( 'NONE',  ( 1.084202172485504434E-15, -1.000000000000000000, 0.000000000000000000 ) ) ;
#6268 = FILL_AREA_STYLE_COLOUR ( '', #2358 ) ;
#6269 = AXIS2_PLACEMENT_3D ( 'NONE', #10775, #887, #3387 ) ;
#6270 = CARTESIAN_POINT ( 'NONE',  ( -2.200000000000000622, 0.2000000000000000111, -1.800000000000000266 ) ) ;
#6271 = MECHANICAL_DESIGN_GEOMETRIC_PRESENTATION_REPRESENTATION (  '', ( #8372 ), #9458 ) ;
#6272 = ORIENTED_EDGE ( 'NONE', *, *, #7936, .T. ) ;
#6273 = DIRECTION ( 'NONE',  ( 1.000000000000000000, -0.000000000000000000, -1.495451272393799049E-16 ) ) ;
#6274 = CARTESIAN_POINT ( 'NONE',  ( -2.199999999999999734, 0.2000000000000000111, 1.800000000000000488 ) ) ;
#6275 = CARTESIAN_POINT ( 'NONE',  ( 1.399999999999999911, 0.5606250315867218337, 2.999623222474925743 ) ) ;
#6276 = PRESENTATION_LAYER_ASSIGNMENT (  '', '', ( #4169 ) ) ;
#6277 =( LENGTH_UNIT ( ) NAMED_UNIT ( * ) SI_UNIT ( .MILLI., .METRE. ) );
#6278 = LINE ( 'NONE', #9646, #8988 ) ;
#6279 = LINE ( 'NONE', #7051, #5545 ) ;
#6280 = ORIENTED_EDGE ( 'NONE', *, *, #6429, .T. ) ;
#6281 = ORIENTED_EDGE ( 'NONE', *, *, #4618, .T. ) ;
#6282 = VERTEX_POINT ( 'NONE', #2284 ) ;
#6283 =( NAMED_UNIT ( * ) PLANE_ANGLE_UNIT ( ) SI_UNIT ( $, .RADIAN. ) );
#6284 = B_SPLINE_CURVE_WITH_KNOTS ( 'NONE', 3,
 ( #10280, #10172, #4395, #4449, #10108, #2781 ),
 .UNSPECIFIED., .F., .F.,
 ( 4, 2, 4 ),
 ( 0.000000000000000000, 0.5000000000000000000, 1.000000000000000000 ),
 .UNSPECIFIED. ) ;
#6285 = EDGE_LOOP ( 'NONE', ( #2384, #9265, #1093, #5296 ) ) ;
#6286 = AXIS2_PLACEMENT_3D ( 'NONE', #7600, #5894, #1755 ) ;
#6287 = CARTESIAN_POINT ( 'NONE',  ( 0.5076578116959661324, 1.649999999999999689, -1.411686847430088987 ) ) ;
#6288 = FILL_AREA_STYLE ('',( #9711 ) ) ;
#6289 = DIRECTION ( 'NONE',  ( 0.000000000000000000, 1.000000000000000000, 0.000000000000000000 ) ) ;
#6290 = CARTESIAN_POINT ( 'NONE',  ( 3.250000000000001332, 1.321879589400769328, -2.076184765183203496 ) ) ;
#6291 =( NAMED_UNIT ( * ) PLANE_ANGLE_UNIT ( ) SI_UNIT ( $, .RADIAN. ) );
#6292 = CARTESIAN_POINT ( 'NONE',  ( -2.500000000000000444, 0.05000000000000000278, -0.9999999999999993339 ) ) ;
#6293 = AXIS2_PLACEMENT_3D ( 'NONE', #9849, #1527, #2452 ) ;
#6294 = CYLINDRICAL_SURFACE ( 'NONE', #9850, 0.1499999999999990785 ) ;
#6295 = ORIENTED_EDGE ( 'NONE', *, *, #8328, .T. ) ;
#6296 = AXIS2_PLACEMENT_3D ( 'NONE', #2079, #9789, #821 ) ;
#6297 = UNCERTAINTY_MEASURE_WITH_UNIT (LENGTH_MEASURE( 1.000000000000000082E-05 ), #9100, 'distance_accuracy_value', 'NONE');
#6298 = ORIENTED_EDGE ( 'NONE', *, *, #2374, .T. ) ;
#6299 = CARTESIAN_POINT ( 'NONE',  ( -3.100000000000000977, 1.800000000000000488, -2.499999999999999556 ) ) ;
#6300 = ORIENTED_EDGE ( 'NONE', *, *, #4295, .T. ) ;
#6301 = CARTESIAN_POINT ( 'NONE',  ( -0.2030191622957368547, 0.05000000000000000971, 1.986957455237696957 ) ) ;
#6302 = ORIENTED_EDGE ( 'NONE', *, *, #1526, .T. ) ;
#6303 = CARTESIAN_POINT ( 'NONE',  ( 3.295163886627928473, 0.05523492450537405285, -3.020148641110433019 ) ) ;
#6304 = DIRECTION ( 'NONE',  ( 0.000000000000000000, -0.000000000000000000, 1.000000000000000000 ) ) ;
#6305 = CARTESIAN_POINT ( 'NONE',  ( 3.204135107032042296, 1.618360519674104436, 1.500000000000000000 ) ) ;
#6306 =( NAMED_UNIT ( * ) PLANE_ANGLE_UNIT ( ) SI_UNIT ( $, .RADIAN. ) );
#6307 = STYLED_ITEM ( 'NONE', ( #5702 ), #1717 ) ;
#6308 = ORIENTED_EDGE ( 'NONE', *, *, #6238, .F. ) ;
#6309 = CARTESIAN_POINT ( 'NONE',  ( 1.786243667388666277E-16, 3.099999999999999645, -1.458578643762690419 ) ) ;
#6310 = EDGE_CURVE ( 'NONE', #10671, #9009, #749, .T. ) ;
#6311 = EDGE_CURVE ( 'NONE', #2532, #2715, #3263, .T. ) ;
#6312 = EDGE_CURVE ( 'NONE', #10291, #1662, #4922, .T. ) ;
#6313 = B_SPLINE_CURVE_WITH_KNOTS ( 'NONE', 3,
 ( #5748, #9289, #9127, #4920 ),
 .UNSPECIFIED., .F., .F.,
 ( 4, 4 ),
 ( 0.000000000000000000, 1.000000000000000000 ),
 .UNSPECIFIED. ) ;
#6314 = LINE ( 'NONE', #1971, #6126 ) ;
#6315 = CARTESIAN_POINT ( 'NONE',  ( -1.500033662297817871, 1.649999999999999911, -0.09519741280733895472 ) ) ;
#6316 = EDGE_CURVE ( 'NONE', #7619, #1352, #6404, .T. ) ;
#6317 = CARTESIAN_POINT ( 'NONE',  ( 3.000000000000000888, 0.2000000000000003164, -1.600000000000000977 ) ) ;
#6318 = CARTESIAN_POINT ( 'NONE',  ( 1.102182119232618281E-16, 1.649999999999999911, 1.500000000000000222 ) ) ;
#6319 = DIRECTION ( 'NONE',  ( 0.000000000000000000, 1.000000000000000000, 0.000000000000000000 ) ) ;
#6320 = AXIS2_PLACEMENT_3D ( 'NONE', #8679, #5307, #5972 ) ;
#6321 = VECTOR ( 'NONE', #2783, 1000.000000000000114 ) ;
#6322 = EDGE_CURVE ( 'NONE', #5958, #6130, #5753, .T. ) ;
#6323 = ORIENTED_EDGE ( 'NONE', *, *, #7813, .F. ) ;
#6324 = EDGE_CURVE ( 'NONE', #3558, #1243, #10575, .T. ) ;
#6325 = CARTESIAN_POINT ( 'NONE',  ( 1.725000000000000089, 1.189999999999999281, 2.958596702461715466 ) ) ;
#6326 = CARTESIAN_POINT ( 'NONE',  ( -1.725000000000000089, 0.9793749684132834199, -2.819509261152939761 ) ) ;
#6327 = AXIS2_PLACEMENT_3D ( 'NONE', #10488, #6403, #529 ) ;
#6328 = LINE ( 'NONE', #8925, #4268 ) ;
#6329 = VECTOR ( 'NONE', #10525, 1000.000000000000114 ) ;
#6330 = CARTESIAN_POINT ( 'NONE',  ( -1.849999999999999423, 9.857313811473279230, 2.699999999999999734 ) ) ;
#6331 = LINE ( 'NONE', #8990, #6692 ) ;
#6332 = VERTEX_POINT ( 'NONE', #10419 ) ;
#6333 = ORIENTED_EDGE ( 'NONE', *, *, #5495, .F. ) ;
#6334 = SURFACE_SIDE_STYLE ('',( #6142 ) ) ;
#6335 = ORIENTED_EDGE ( 'NONE', *, *, #5451, .T. ) ;
#6336 = PLANE ( 'NONE',  #7906 ) ;
#6337 = VERTEX_POINT ( 'NONE', #4676 ) ;
#6338 = DIRECTION ( 'NONE',  ( -0.8682431421244592995, 0.000000000000000000, -0.4961389383568335920 ) ) ;
#6339 = CARTESIAN_POINT ( 'NONE',  ( 3.291673936957678848, 0.1551740072072838039, 0.6000000000000029754 ) ) ;
#6340 = CARTESIAN_POINT ( 'NONE',  ( 0.7134091054948115129, 1.649999999999999911, -1.761039345852727145 ) ) ;
#6341 = CARTESIAN_POINT ( 'NONE',  ( 0.04415800111215675144, 0.05000000000000000971, 1.350066951441765362 ) ) ;
#6342 = CARTESIAN_POINT ( 'NONE',  ( 1.725000000000000089, 1.551862865526314250, -2.801828480139958888 ) ) ;
#6343 = CARTESIAN_POINT ( 'NONE',  ( 3.511456704643024285, 1.999346841135182240, -4.500000000000001776 ) ) ;
#6344 = CARTESIAN_POINT ( 'NONE',  ( 3.295163886627928473, 0.05523492450537405285, -3.020148641110433019 ) ) ;
#6345 = ORIENTED_EDGE ( 'NONE', *, *, #2390, .T. ) ;
#6346 = EDGE_CURVE ( 'NONE', #3983, #904, #10464, .T. ) ;
#6347 = VERTEX_POINT ( 'NONE', #1385 ) ;
#6348 = CARTESIAN_POINT ( 'NONE',  ( 2.275444008190514733, 0.9726542196610569180, 2.731307302345949761 ) ) ;
#6349 = ORIENTED_EDGE ( 'NONE', *, *, #8884, .F. ) ;
#6350 = CARTESIAN_POINT ( 'NONE',  ( -1.725000000000000089, 1.117205701710529020, -2.809926963919710641 ) ) ;
#6351 = VERTEX_POINT ( 'NONE', #4630 ) ;
#6352 = PLANE ( 'NONE',  #1485 ) ;
#6353 = CARTESIAN_POINT ( 'NONE',  ( 3.251512924763249934, 1.305234924505374705, -0.5999999999999999778 ) ) ;
#6354 = LINE ( 'NONE', #7120, #7885 ) ;
#6355 = STYLED_ITEM ( 'NONE', ( #485 ), #2735 ) ;
#6356 = SURFACE_STYLE_FILL_AREA ( #2892 ) ;
#6357 = EDGE_CURVE ( 'NONE', #3612, #6743, #3731, .T. ) ;
#6358 = ORIENTED_EDGE ( 'NONE', *, *, #4038, .T. ) ;
#6359 = DIRECTION ( 'NONE',  ( -0.000000000000000000, -1.000000000000000000, 0.000000000000000000 ) ) ;
#6360 = AXIS2_PLACEMENT_3D ( 'NONE', #1668, #9934, #4968 ) ;
#6361 = CARTESIAN_POINT ( 'NONE',  ( 1.738998454789241894E-16, 3.100000000000000533, -1.400000000000000133 ) ) ;
#6362 = VECTOR ( 'NONE', #1022, 1000.000000000000000 ) ;
#6363 = SURFACE_STYLE_USAGE ( .BOTH. , #433 ) ;
#6364 = CARTESIAN_POINT ( 'NONE',  ( 1.750000000000000000, 0.9791474364206995684, 2.819525418635503655 ) ) ;
#6365 = FILL_AREA_STYLE ('',( #3053 ) ) ;
#6366 = B_SPLINE_CURVE_WITH_KNOTS ( 'NONE', 3,
 ( #3395, #6721, #10077, #4835, #9922, #2580 ),
 .UNSPECIFIED., .F., .F.,
 ( 4, 2, 4 ),
 ( 0.000000000000000000, 0.5000000000000000000, 1.000000000000000000 ),
 .UNSPECIFIED. ) ;
#6367 = EDGE_CURVE ( 'NONE', #8327, #7202, #7217, .T. ) ;
#6368 =( GEOMETRIC_REPRESENTATION_CONTEXT ( 3 ) GLOBAL_UNCERTAINTY_ASSIGNED_CONTEXT ( ( #1082 ) ) GLOBAL_UNIT_ASSIGNED_CONTEXT ( ( #7095, #7475, #2525 ) ) REPRESENTATION_CONTEXT ( 'NONE', 'WORKASPACE' ) );
#6369 = EDGE_CURVE ( 'NONE', #6154, #5782, #7155, .T. ) ;
#6370 = DIRECTION ( 'NONE',  ( 2.938735877055726981E-32, 1.000000000000000000, 1.355252715606883008E-16 ) ) ;
#6371 = EDGE_CURVE ( 'NONE', #3626, #3416, #8885, .T. ) ;
#6372 = ORIENTED_EDGE ( 'NONE', *, *, #3522, .T. ) ;
#6373 = VECTOR ( 'NONE', #671, 1000.000000000000000 ) ;
#6374 = DIRECTION ( 'NONE',  ( 0.000000000000000000, -0.000000000000000000, -1.000000000000000000 ) ) ;
#6375 = DIRECTION ( 'NONE',  ( -0.000000000000000000, -0.000000000000000000, -1.000000000000000000 ) ) ;
#6376 = LINE ( 'NONE', #4619, #997 ) ;
#6377 = ADVANCED_FACE ( 'NONE', ( #8098 ), #10814, .T. ) ;
#6378 = DIRECTION ( 'NONE',  ( 0.9893046619307648282, 0.1458639293384593749, 0.000000000000000000 ) ) ;
#6379 = CARTESIAN_POINT ( 'NONE',  ( -3.101604300710384621, 1.300000000000000266, -1.199999999999998623 ) ) ;
#6380 =( LENGTH_UNIT ( ) NAMED_UNIT ( * ) SI_UNIT ( .MILLI., .METRE. ) );
#6381 = ORIENTED_EDGE ( 'NONE', *, *, #1925, .F. ) ;
#6382 = ORIENTED_EDGE ( 'NONE', *, *, #1345, .F. ) ;
#6383 = CARTESIAN_POINT ( 'NONE',  ( 1.399999999999999911, 0.5499999999999999334, 2.850000000000000089 ) ) ;
#6384 = DIRECTION ( 'NONE',  ( -0.000000000000000000, 0.07083354391147922424, 0.9974881498328391771 ) ) ;
#6385 = ORIENTED_EDGE ( 'NONE', *, *, #6713, .F. ) ;
#6386 = B_SPLINE_CURVE_WITH_KNOTS ( 'NONE', 3,
 ( #8200, #6425, #8528, #4785 ),
 .UNSPECIFIED., .F., .F.,
 ( 4, 4 ),
 ( 0.000000000000000000, 1.000000000000000000 ),
 .UNSPECIFIED. ) ;
#6387 = CARTESIAN_POINT ( 'NONE',  ( 1.404187350806441303, 1.649999999999999467, 0.5281090114896308529 ) ) ;
#6388 = CARTESIAN_POINT ( 'NONE',  ( -1.949999999999999956, 0.2000000000000000111, 1.800000000000000266 ) ) ;
#6389 = CARTESIAN_POINT ( 'NONE',  ( 0.2417867815423274669, 1.649999999999999911, -1.900000000000000355 ) ) ;
#6390 = CARTESIAN_POINT ( 'NONE',  ( -3.000000000000000444, 0.2000000000000001221, -2.400000000000000799 ) ) ;
#6391 = LINE ( 'NONE', #9763, #4457 ) ;
#6392 = LINE ( 'NONE', #2264, #4405 ) ;
#6393 = ORIENTED_EDGE ( 'NONE', *, *, #8860, .T. ) ;
#6394 = UNCERTAINTY_MEASURE_WITH_UNIT (LENGTH_MEASURE( 1.000000000000000082E-05 ), #8518, 'distance_accuracy_value', 'NONE');
#6395 = ORIENTED_EDGE ( 'NONE', *, *, #8946, .F. ) ;
#6396 = CARTESIAN_POINT ( 'NONE',  ( 1.747290618602362233, 0.6930814536348296473, 2.840296774384020839 ) ) ;
#6397 = ORIENTED_EDGE ( 'NONE', *, *, #7049, .F. ) ;
#6398 = CARTESIAN_POINT ( 'NONE',  ( -0.2305522688697655698, 0.05000000000000000971, 1.964474667904036131 ) ) ;
#6399 = ORIENTED_EDGE ( 'NONE', *, *, #3781, .F. ) ;
#6400 = PLANE ( 'NONE',  #4587 ) ;
#6401 = CARTESIAN_POINT ( 'NONE',  ( -3.204135107032035190, 1.618360519674129305, -1.499999999999999112 ) ) ;
#6402 = CARTESIAN_POINT ( 'NONE',  ( -3.093215324066168836, 0.01699257395427068371, -1.600000000000000533 ) ) ;
#6403 = DIRECTION ( 'NONE',  ( 0.000000000000000000, 1.000000000000000000, 0.000000000000000000 ) ) ;
#6404 = LINE ( 'NONE', #8966, #192 ) ;
#6405 = ORIENTED_EDGE ( 'NONE', *, *, #2722, .T. ) ;
#6406 = VERTEX_POINT ( 'NONE', #762 ) ;
#6407 = CARTESIAN_POINT ( 'NONE',  ( 1.725000000000000089, 1.109374968413292084, -2.810277712176605824 ) ) ;
#6408 = CARTESIAN_POINT ( 'NONE',  ( 2.799999999999999822, 3.100000000000000089, 1.400000000000000355 ) ) ;
#6409 = CARTESIAN_POINT ( 'NONE',  ( -3.000000000000000888, 1.649999999999999911, -2.900000000000000355 ) ) ;
#6410 = FACE_OUTER_BOUND ( 'NONE', #852, .T. ) ;
#6411 = LINE ( 'NONE', #2355, #6005 ) ;
#6412 = CARTESIAN_POINT ( 'NONE',  ( 3.000000000000000444, 1.539999999999998703, -2.899999999999999911 ) ) ;
#6413 = CARTESIAN_POINT ( 'NONE',  ( 0.000000000000000000, 0.2000000000000000111, -2.400000000000000799 ) ) ;
#6414 = ORIENTED_EDGE ( 'NONE', *, *, #4233, .F. ) ;
#6415 = AXIS2_PLACEMENT_3D ( 'NONE', #4825, #6596, #611 ) ;
#6416 = DIRECTION ( 'NONE',  ( 1.000000000000000000, -0.000000000000000000, 0.000000000000000000 ) ) ;
#6417 = CARTESIAN_POINT ( 'NONE',  ( -0.2500000000000000000, 0.4000000000000000222, -0.6000000000000000888 ) ) ;
#6418 = CARTESIAN_POINT ( 'NONE',  ( 0.000000000000000000, 0.05000000000000000278, 1.700000000000000178 ) ) ;
#6419 = CARTESIAN_POINT ( 'NONE',  ( -0.7999999999999994893, 1.650000000000001021, 2.701845832985407814 ) ) ;
#6420 = COLOUR_RGB ( '',0.6470588235294117974, 0.6196078431372549211, 0.5882352941176470784 ) ;
#6421 = FACE_OUTER_BOUND ( 'NONE', #3765, .T. ) ;
#6422 = ORIENTED_EDGE ( 'NONE', *, *, #10455, .F. ) ;
#6423 = ORIENTED_EDGE ( 'NONE', *, *, #1804, .T. ) ;
#6424 = CARTESIAN_POINT ( 'NONE',  ( 2.927264974181821078, 1.040000000000000258, -3.000000000000000888 ) ) ;
#6425 = CARTESIAN_POINT ( 'NONE',  ( -2.899999999999999467, 1.306666666666664645, -3.000000000000000888 ) ) ;
#6426 = PRESENTATION_LAYER_ASSIGNMENT (  '', '', ( #9453 ) ) ;
#6427 = ORIENTED_EDGE ( 'NONE', *, *, #2803, .F. ) ;
#6428 = EDGE_CURVE ( 'NONE', #161, #7112, #7141, .T. ) ;
#6429 = EDGE_CURVE ( 'NONE', #6842, #3700, #8736, .T. ) ;
#6430 = ADVANCED_FACE ( 'NONE', ( #10056 ), #7467, .T. ) ;
#6431 = DIRECTION ( 'NONE',  ( 1.000000000000000000, 0.000000000000000000, -0.000000000000000000 ) ) ;
#6432 = EDGE_CURVE ( 'NONE', #8932, #3076, #5320, .T. ) ;
#6433 = PRESENTATION_LAYER_ASSIGNMENT (  '', '', ( #4691 ) ) ;
#6434 =( NAMED_UNIT ( * ) SI_UNIT ( $, .STERADIAN. ) SOLID_ANGLE_UNIT ( ) );
#6435 = CARTESIAN_POINT ( 'NONE',  ( 1.787978494314261368, 1.649999999999999911, -0.6429727190173496476 ) ) ;
#6436 = CARTESIAN_POINT ( 'NONE',  ( 0.2388982201686928042, 0.2400000000000000744, 1.775826282986130433 ) ) ;
#6437 = FACE_OUTER_BOUND ( 'NONE', #1019, .T. ) ;
#6438 = ITEM_DEFINED_TRANSFORMATION ( 'NONE', 'NONE', #3354,  #4552 ) ;
#6439 = CARTESIAN_POINT ( 'NONE',  ( 1.725000000000000089, 1.551862865526314028, 2.801828480139958000 ) ) ;
#6440 = STYLED_ITEM ( 'NONE', ( #3752 ), #6196 ) ;
#6441 = FACE_OUTER_BOUND ( 'NONE', #10208, .T. ) ;
#6442 = ORIENTED_EDGE ( 'NONE', *, *, #7859, .T. ) ;
#6443 = VERTEX_POINT ( 'NONE', #5823 ) ;
#6444 = VECTOR ( 'NONE', #2824, 1000.000000000000114 ) ;
#6445 = CARTESIAN_POINT ( 'NONE',  ( 3.314333682014634075, 2.033147935050136912, -2.400000000000000799 ) ) ;
#6446 = ORIENTED_EDGE ( 'NONE', *, *, #4317, .T. ) ;
#6447 = DIRECTION ( 'NONE',  ( -1.000000000000000000, 0.000000000000000000, -0.000000000000000000 ) ) ;
#6448 = VERTEX_POINT ( 'NONE', #8354 ) ;
#6449 = ADVANCED_FACE ( 'NONE', ( #5656 ), #7363, .F. ) ;
#6450 = ADVANCED_FACE ( 'NONE', ( #2567 ), #5882, .T. ) ;
#6451 = CARTESIAN_POINT ( 'NONE',  ( 3.102876977371612277, 0.7999634446562063905, -2.400000000000000799 ) ) ;
#6452 =( NAMED_UNIT ( * ) PLANE_ANGLE_UNIT ( ) SI_UNIT ( $, .RADIAN. ) );
#6453 = LINE ( 'NONE', #681, #7003 ) ;
#6454 = PRESENTATION_LAYER_ASSIGNMENT (  '', '', ( #9480 ) ) ;
#6455 =( NAMED_UNIT ( * ) SI_UNIT ( $, .STERADIAN. ) SOLID_ANGLE_UNIT ( ) );
#6456 = DIRECTION ( 'NONE',  ( -0.1690054695747755520, 0.9856151131419452760, -0.000000000000000000 ) ) ;
#6457 = CARTESIAN_POINT ( 'NONE',  ( 3.251512924763249934, 1.305234924505374261, 0.6000000000000121902 ) ) ;
#6458 = EDGE_LOOP ( 'NONE', ( #8780, #10403, #7820, #3088 ) ) ;
#6459 = ORIENTED_EDGE ( 'NONE', *, *, #5107, .T. ) ;
#6460 = PLANE ( 'NONE',  #4859 ) ;
#6461 = CARTESIAN_POINT ( 'NONE',  ( 3.000000000000000000, 3.058578643762690508, -1.500000000000000000 ) ) ;
#6462 = CARTESIAN_POINT ( 'NONE',  ( 3.250000000000001776, 1.321879589400769328, -0.5999999999999972022 ) ) ;
#6463 = VECTOR ( 'NONE', #9109, 1000.000000000000000 ) ;
#6464 = CLOSED_SHELL ( 'NONE', ( #1717, #8882, #861, #9580, #3948, #8674, #1729, #1035, #9748, #6060, #2188, #1397, #2245, #2257, #1056, #3649, #8871, #8303, #8003, #5058, #3714, #665, #3150, #7803, #4828, #5641, #384, #4370, #3625, #3385, #2809, #4444, #1720, #3111, #7984, #441, #4427, #4056, #10006, #1525, #6799, #9704, #10724, #5989, #6092, #1592, #5706, #3047, #5861, #6263, #9098, #8192, #6522, #5768, #2746, #6570, #4146, #7108, #459, #9226, #6248, #5306, #3819, #3192, #320, #6776, #1148, #7460, #9228, #6831, #1205, #6927, #8180, #9156, #3159, #9476, #3755, #3589, #8076, #928, #6377, #4690, #5178, #9260, #120, #5499, #9489, #5436, #730, #4163, #8402, #4385, #226, #2657, #4687, #7359, #2628, #1871, #10800, #10617, #5644, #9033, #8335, #7597, #7466, #8060, #9949, #5752, #5655, #3272, #3446, #896, #813, #2326, #7853, #4104, #8972, #2533, #2787, #8031, #9129, #10486, #6981, #1458, #8407, #2527, #10076, #9437, #7855, #9340, #3907, #7798, #3849, #4614, #3055, #5776, #7613, #10155, #1496, #1795, #3925, #9150, #1922, #7592, #8208, #8258, #3541, #2389, #7735, #1443, #2991, #9886, #911, #2735, #6706, #2409, #4560, #564, #7526, #3717, #10560, #9690, #7868, #8886, #10074, #5844, #2460, #3851, #2745, #6581, #9019, #25, #8476, #8746, #396, #431, #5434, #4759, #2126, #2256, #7594, #1568, #8955, #7113, #4431, #5101, #2191, #7608, #1593, #68, #1246, #6720, #7866, #3796, #10558, #9562, #5676, #5536, #6449, #6176, #6937, #5019, #2408, #6196, #9563, #9962, #4565, #5243, #2956, #7706, #8781, #2854, #8811, #2829, #2274, #4904, #324, #8182, #1585, #381, #1672, #2593, #5780, #5218, #9623, #2857, #7797, #3835, #8126, #8124, #10028, #9883, #7270, #4494, #1144, #4096, #10052, #944, #10697, #5705, #8136, #2660, #1061, #9992, #8741, #4704, #9045, #10680, #10449, #4203, #3189, #9676, #2059, #2790 ) ) ;
#6465 = CARTESIAN_POINT ( 'NONE',  ( -3.052456489953509600, 1.595996894053967941, 1.500000000000009326 ) ) ;
#6467 = DIRECTION ( 'NONE',  ( 1.000000000000000000, 0.000000000000000000, 0.000000000000000000 ) ) ;
#6466 = DIRECTION ( 'NONE',  ( 0.000000000000000000, 1.000000000000000000, 0.000000000000000000 ) ) ;
#6468 =( NAMED_UNIT ( * ) SI_UNIT ( $, .STERADIAN. ) SOLID_ANGLE_UNIT ( ) );
#6469 = PRODUCT_DEFINITION_SHAPE ( 'NONE', 'NONE',  #6980 ) ;
#6470 = AXIS2_PLACEMENT_3D ( 'NONE', #2659, #6188, #251 ) ;
#6471 = DIRECTION ( 'NONE',  ( -0.000000000000000000, -0.000000000000000000, 1.000000000000000000 ) ) ;
#6472 = CARTESIAN_POINT ( 'NONE',  ( -1.849999999999999645, 0.9899999999999999911, 2.700000000000000178 ) ) ;
#6473 = AXIS2_PLACEMENT_3D ( 'NONE', #366, #3696, #9574 ) ;
#6474 = LINE ( 'NONE', #10612, #1929 ) ;
#6475 = EDGE_CURVE ( 'NONE', #1989, #6962, #2516, .T. ) ;
#6476 = VECTOR ( 'NONE', #858, 1000.000000000000000 ) ;
#6477 = ORIENTED_EDGE ( 'NONE', *, *, #3521, .F. ) ;
#6478 = AXIS2_PLACEMENT_3D ( 'NONE', #8051, #8784, #1298 ) ;
#6479 = PRODUCT_DEFINITION_FORMATION_WITH_SPECIFIED_SOURCE ( 'ANY', '', #838, .NOT_KNOWN. ) ;
#6480 = CARTESIAN_POINT ( 'NONE',  ( -3.197123022628389322, 0.1661989060850449229, -2.400000000000000799 ) ) ;
#6481 = SURFACE_SIDE_STYLE ('',( #5929 ) ) ;
#6482 = DIRECTION ( 'NONE',  ( 1.000000000000000000, -0.000000000000000000, -2.891205793294673495E-15 ) ) ;
#6483 = FACE_OUTER_BOUND ( 'NONE', #2168, .T. ) ;
#6484 = VECTOR ( 'NONE', #7812, 1000.000000000000000 ) ;
#6485 = PRESENTATION_STYLE_ASSIGNMENT (( #3168 ) ) ;
#6486 = ORIENTED_EDGE ( 'NONE', *, *, #10091, .F. ) ;
#6487 = ORIENTED_EDGE ( 'NONE', *, *, #5917, .F. ) ;
#6488 = DIRECTION ( 'NONE',  ( -0.000000000000000000, -0.000000000000000000, -1.000000000000000000 ) ) ;
#6489 = B_SPLINE_CURVE_WITH_KNOTS ( 'NONE', 3,
 ( #10175, #4991, #1696, #159 ),
 .UNSPECIFIED., .F., .F.,
 ( 4, 4 ),
 ( 0.000000000000000000, 1.000000000000000000 ),
 .UNSPECIFIED. ) ;
#6490 = LINE ( 'NONE', #1492, #3371 ) ;
#6491 = EDGE_LOOP ( 'NONE', ( #10412, #2662, #7398, #2772 ) ) ;
#6492 = AXIS2_PLACEMENT_3D ( 'NONE', #3270, #8299, #7639 ) ;
#6493 = MECHANICAL_DESIGN_GEOMETRIC_PRESENTATION_REPRESENTATION (  '', ( #768 ), #7386 ) ;
#6494 = DIRECTION ( 'NONE',  ( 0.000000000000000000, -2.670717223410073261E-17, -1.000000000000000000 ) ) ;
#6495 = LINE ( 'NONE', #9869, #108 ) ;
#6496 = CARTESIAN_POINT ( 'NONE',  ( -1.949999999999999956, 0.2000000000000000111, 2.400000000000001243 ) ) ;
#6497 = CARTESIAN_POINT ( 'NONE',  ( 0.1276039697903560977, 0.2400000000000000744, 1.925738048809730429 ) ) ;
#6498 = CARTESIAN_POINT ( 'NONE',  ( -0.2500000000000000000, 0.4000000000000000222, -0.9000000000000004663 ) ) ;
#6499 = CARTESIAN_POINT ( 'NONE',  ( -3.000000000000000444, 1.639999999999999902, -1.600000000000000311 ) ) ;
#6500 = ORIENTED_EDGE ( 'NONE', *, *, #7315, .F. ) ;
#6501 = EDGE_CURVE ( 'NONE', #6957, #4590, #9901, .T. ) ;
#6502 = VECTOR ( 'NONE', #10776, 1000.000000000000000 ) ;
#6503 = VERTEX_POINT ( 'NONE', #3373 ) ;
#6504 = EDGE_CURVE ( 'NONE', #4566, #2795, #1740, .T. ) ;
#6505 = CARTESIAN_POINT ( 'NONE',  ( 3.251318395665553140, 1.310805509017937798, 0.6000000000000000888 ) ) ;
#6506 = ORIENTED_EDGE ( 'NONE', *, *, #8753, .F. ) ;
#6507 = CARTESIAN_POINT ( 'NONE',  ( -0.3479521588353285955, 0.05000000000000000278, 1.743981982151442622 ) ) ;
#6508 = EDGE_LOOP ( 'NONE', ( #3017, #533, #10132, #1192 ) ) ;
#6509 = EDGE_CURVE ( 'NONE', #1826, #5289, #9852, .T. ) ;
#6510 =( LENGTH_UNIT ( ) NAMED_UNIT ( * ) SI_UNIT ( .MILLI., .METRE. ) );
#6511 = CARTESIAN_POINT ( 'NONE',  ( -3.062593455610858051, 1.564586392933845937, -1.467446827165930223 ) ) ;
#6512 = LINE ( 'NONE', #7568, #2841 ) ;
#6513 = CYLINDRICAL_SURFACE ( 'NONE', #10518, 0.09999999999999982514 ) ;
#6514 = B_SPLINE_CURVE_WITH_KNOTS ( 'NONE', 3,
 ( #198, #4324, #8509, #4270 ),
 .UNSPECIFIED., .F., .F.,
 ( 4, 4 ),
 ( 0.000000000000000000, 1.000000000000000000 ),
 .UNSPECIFIED. ) ;
#6515 = PRESENTATION_STYLE_ASSIGNMENT (( #3852 ) ) ;
#6516 = CARTESIAN_POINT ( 'NONE',  ( -1.738842411587516068, 0.9899241560024784059, -2.969137869455384049 ) ) ;
#6517 = DIRECTION ( 'NONE',  ( 1.000000000000000000, 0.000000000000000000, -0.000000000000000000 ) ) ;
#6518 = ORIENTED_EDGE ( 'NONE', *, *, #7966, .F. ) ;
#6519 = ORIENTED_EDGE ( 'NONE', *, *, #3719, .F. ) ;
#6520 = FACE_OUTER_BOUND ( 'NONE', #811, .T. ) ;
#6521 = CARTESIAN_POINT ( 'NONE',  ( -2.800000000000000711, 3.100000000000000089, 1.399999999999999689 ) ) ;
#6522 = ADVANCED_FACE ( 'NONE', ( #3216 ), #2413, .F. ) ;
#6523 = ORIENTED_EDGE ( 'NONE', *, *, #9693, .F. ) ;
#6524 = FILL_AREA_STYLE ('',( #2405 ) ) ;
#6525 = VECTOR ( 'NONE', #6617, 1000.000000000000000 ) ;
#6526 = CARTESIAN_POINT ( 'NONE',  ( -1.399999999999999911, 1.109374968413278095, 2.810277712176606713 ) ) ;
#6527 = SURFACE_SIDE_STYLE ('',( #5932 ) ) ;
#6528 = DIRECTION ( 'NONE',  ( 0.000000000000000000, -0.9974881498328388441, -0.07083354391148305451 ) ) ;
#6530 = CARTESIAN_POINT ( 'NONE',  ( 1.725000000000000089, 0.9899999999999997691, 2.969132483627863639 ) ) ;
#6529 = CARTESIAN_POINT ( 'NONE',  ( 3.000000000000000888, 1.797345146833222218, -1.500000000000008882 ) ) ;
#6531 = SURFACE_STYLE_FILL_AREA ( #2185 ) ;
#6532 = CARTESIAN_POINT ( 'NONE',  ( -1.399999999999999911, 1.189999999999999281, -2.999623222474934181 ) ) ;
#6533 = AXIS2_PLACEMENT_3D ( 'NONE', #8517, #6244, #8571 ) ;
#6534 = CARTESIAN_POINT ( 'NONE',  ( -3.207110692211506908, 1.607893289865747644, 1.489148942388651697 ) ) ;
#6535 = ORIENTED_EDGE ( 'NONE', *, *, #9590, .F. ) ;
#6536 = CARTESIAN_POINT ( 'NONE',  ( -0.3400669509497264986, 0.05000000000000000278, 1.996381426956989946 ) ) ;
#6537 = AXIS2_PLACEMENT_3D ( 'NONE', #10651, #10493, #5534 ) ;
#6538 = DIRECTION ( 'NONE',  ( 0.9856151131419451650, 0.1690054695747762459, 0.000000000000000000 ) ) ;
#6539 = VECTOR ( 'NONE', #10336, 1000.000000000000000 ) ;
#6540 = EDGE_CURVE ( 'NONE', #3160, #7215, #10106, .T. ) ;
#6541 =( NAMED_UNIT ( * ) PLANE_ANGLE_UNIT ( ) SI_UNIT ( $, .RADIAN. ) );
#6542 =( NAMED_UNIT ( * ) PLANE_ANGLE_UNIT ( ) SI_UNIT ( $, .RADIAN. ) );
#6543 = VERTEX_POINT ( 'NONE', #5102 ) ;
#6544 = ORIENTED_EDGE ( 'NONE', *, *, #2141, .T. ) ;
#6545 = LINE ( 'NONE', #9808, #4523 ) ;
#6546 = DIRECTION ( 'NONE',  ( 0.9893046619307910294, 0.1458639293382822388, 0.000000000000000000 ) ) ;
#6547 = VECTOR ( 'NONE', #9083, 1000.000000000000000 ) ;
#6548 = VERTEX_POINT ( 'NONE', #10220 ) ;
#6549 = LINE ( 'NONE', #2536, #621 ) ;
#6550 = EDGE_CURVE ( 'NONE', #418, #134, #3774, .T. ) ;
#6551 = FACE_OUTER_BOUND ( 'NONE', #1467, .T. ) ;
#6552 = DIRECTION ( 'NONE',  ( 0.000000000000000000, -0.000000000000000000, 1.000000000000000000 ) ) ;
#6553 = CARTESIAN_POINT ( 'NONE',  ( -0.3172345405453443901, 0.05000000000000000278, 1.550564767322012427 ) ) ;
#6554 = CARTESIAN_POINT ( 'NONE',  ( 1.949999999999999956, 0.2000000000000000111, -1.800000000000000266 ) ) ;
#6555 = CARTESIAN_POINT ( 'NONE',  ( 1.399999999999999911, 0.5606250315866190270, -2.999623222474932849 ) ) ;
#6556 = VECTOR ( 'NONE', #390, 1000.000000000000000 ) ;
#6557 = CYLINDRICAL_SURFACE ( 'NONE', #3480, 0.2000000000000001221 ) ;
#6558 = ORIENTED_EDGE ( 'NONE', *, *, #3495, .F. ) ;
#6559 = ORIENTED_EDGE ( 'NONE', *, *, #257, .F. ) ;
#6560 = ORIENTED_EDGE ( 'NONE', *, *, #4497, .F. ) ;
#6561 = B_SPLINE_CURVE_WITH_KNOTS ( 'NONE', 3,
 ( #8341, #89, #7509, #31 ),
 .UNSPECIFIED., .F., .F.,
 ( 4, 4 ),
 ( 0.000000000000000000, 1.000000000000000000 ),
 .UNSPECIFIED. ) ;
#6562 = PLANE ( 'NONE',  #1440 ) ;
#6563 = VERTEX_POINT ( 'NONE', #10277 ) ;
#6564 =( NAMED_UNIT ( * ) SI_UNIT ( $, .STERADIAN. ) SOLID_ANGLE_UNIT ( ) );
#6565 = VERTEX_POINT ( 'NONE', #9468 ) ;
#6566 = PRODUCT ( 'EVQQ2-DHMSW2-03W_4', 'EVQQ2-DHMSW2-03W_4', '', ( #9451 ) ) ;
#6567 = EDGE_CURVE ( 'NONE', #7724, #4623, #9362, .T. ) ;
#6568 = CARTESIAN_POINT ( 'NONE',  ( -2.900000000000001243, 1.639999999999999680, -2.899999999999999467 ) ) ;
#6569 = CARTESIAN_POINT ( 'NONE',  ( -0.4500000000000000666, 0.04999999999999994033, -0.9000000000000003553 ) ) ;
#6570 = ADVANCED_FACE ( 'NONE', ( #986 ), #5319, .T. ) ;
#6571 =( NAMED_UNIT ( * ) PLANE_ANGLE_UNIT ( ) SI_UNIT ( $, .RADIAN. ) );
#6572 = DIRECTION ( 'NONE',  ( 1.000000000000000000, 0.000000000000000000, 8.673617379883937653E-15 ) ) ;
#6573 = DIRECTION ( 'NONE',  ( -0.000000000000000000, -1.000000000000000000, -0.000000000000000000 ) ) ;
#6574 = CARTESIAN_POINT ( 'NONE',  ( -3.100000000000000533, 1.800000000000000488, 2.799999999999999822 ) ) ;
#6575 = ORIENTED_EDGE ( 'NONE', *, *, #208, .T. ) ;
#6576 = ORIENTED_EDGE ( 'NONE', *, *, #2476, .T. ) ;
#6577 =( LENGTH_UNIT ( ) NAMED_UNIT ( * ) SI_UNIT ( .MILLI., .METRE. ) );
#6578 = ORIENTED_EDGE ( 'NONE', *, *, #2986, .T. ) ;
#6579 =( LENGTH_UNIT ( ) NAMED_UNIT ( * ) SI_UNIT ( .MILLI., .METRE. ) );
#6580 = EDGE_CURVE ( 'NONE', #5838, #3661, #4446, .T. ) ;
#6581 = ADVANCED_FACE ( 'NONE', ( #2674 ), #4283, .F. ) ;
#6582 = EDGE_CURVE ( 'NONE', #8145, #4774, #7805, .T. ) ;
#6583 = CARTESIAN_POINT ( 'NONE',  ( -3.101604300710384621, 1.300000000000000266, -1.199999999999998179 ) ) ;
#6584 =( NAMED_UNIT ( * ) SI_UNIT ( $, .STERADIAN. ) SOLID_ANGLE_UNIT ( ) );
#6585 = CARTESIAN_POINT ( 'NONE',  ( -1.766485034026790357, 0.5604284549296925100, 2.996855001726780543 ) ) ;
#6586 = CARTESIAN_POINT ( 'NONE',  ( 3.189230603583417256, 0.1201714756737942980, 1.599999999999999423 ) ) ;
#6587 = CARTESIAN_POINT ( 'NONE',  ( -1.949999999999999956, 0.000000000000000000, 2.400000000000001243 ) ) ;
#6588 = CARTESIAN_POINT ( 'NONE',  ( 3.102876977371612277, 0.7999634446562063905, -2.400000000000000799 ) ) ;
#6589 = ORIENTED_EDGE ( 'NONE', *, *, #112, .T. ) ;
#6590 = EDGE_CURVE ( 'NONE', #9227, #1754, #315, .T. ) ;
#6591 = EDGE_CURVE ( 'NONE', #5129, #3345, #156, .T. ) ;
#6592 = CARTESIAN_POINT ( 'NONE',  ( -3.164620985312510015, 0.07719631184942972457, -2.400000000000001243 ) ) ;
#6593 = FILL_AREA_STYLE_COLOUR ( '', #2906 ) ;
#6594 = CARTESIAN_POINT ( 'NONE',  ( -2.978811022987560175, 1.601614823217860639, 2.838537786310860955 ) ) ;
#6595 = SURFACE_STYLE_FILL_AREA ( #3278 ) ;
#6596 = DIRECTION ( 'NONE',  ( 0.000000000000000000, 0.000000000000000000, 1.000000000000000000 ) ) ;
#6597 = ORIENTED_EDGE ( 'NONE', *, *, #857, .T. ) ;
#6598 = ORIENTED_EDGE ( 'NONE', *, *, #5365, .F. ) ;
#6599 = DIRECTION ( 'NONE',  ( 0.000000000000000000, -0.07083354391148080631, 0.9974881498328390661 ) ) ;
#6600 = ORIENTED_EDGE ( 'NONE', *, *, #1257, .F. ) ;
#6601 = VECTOR ( 'NONE', #6150, 1000.000000000000000 ) ;
#6602 = CARTESIAN_POINT ( 'NONE',  ( 2.500000000000000000, 0.05000000000000000278, 0.9999999999999993339 ) ) ;
#6603 = DIRECTION ( 'NONE',  ( 0.000000000000000000, -1.000000000000000000, 0.000000000000000000 ) ) ;
#6604 = DIRECTION ( 'NONE',  ( -0.000000000000000000, -0.9974881498328390661, -0.07083354391147921036 ) ) ;
#6605 = CARTESIAN_POINT ( 'NONE',  ( -0.3500000000546606982, 0.04999999999999999584, 1.655315403044572253 ) ) ;
#6606 = PRESENTATION_LAYER_ASSIGNMENT (  '', '', ( #8365 ) ) ;
#6607 = PLANE ( 'NONE',  #10770 ) ;
#6608 = CARTESIAN_POINT ( 'NONE',  ( 3.143587020072439842, 0.09777221484247278216, -0.5892226903609814048 ) ) ;
#6609 = LINE ( 'NONE', #9979, #10122 ) ;
#6610 = ORIENTED_EDGE ( 'NONE', *, *, #1556, .T. ) ;
#6611 = ORIENTED_EDGE ( 'NONE', *, *, #4594, .F. ) ;
#6612 = AXIS2_PLACEMENT_3D ( 'NONE', #6330, #553, #3875 ) ;
#6613 = UNCERTAINTY_MEASURE_WITH_UNIT (LENGTH_MEASURE( 1.000000000000000082E-05 ), #8888, 'distance_accuracy_value', 'NONE');
#6614 = ORIENTED_EDGE ( 'NONE', *, *, #7255, .T. ) ;
#6615 = VERTEX_POINT ( 'NONE', #3477 ) ;
#6616 = AXIS2_PLACEMENT_3D ( 'NONE', #3158, #1535, #1420 ) ;
#6617 = DIRECTION ( 'NONE',  ( 0.000000000000000000, 1.000000000000000000, 0.000000000000000000 ) ) ;
#6618 = ORIENTED_EDGE ( 'NONE', *, *, #10618, .F. ) ;
#6619 = CARTESIAN_POINT ( 'NONE',  ( 2.200698611458723697, 0.6547013534078996999, -2.912659003781975287 ) ) ;
#6620 = LINE ( 'NONE', #2441, #6476 ) ;
#6621 = CARTESIAN_POINT ( 'NONE',  ( 2.500000000000000000, 0.05000000000000000278, 0.9000000000000000222 ) ) ;
#6622 = PRESENTATION_LAYER_ASSIGNMENT (  '', '', ( #11 ) ) ;
#6623 = AXIS2_PLACEMENT_3D ( 'NONE', #1521, #534, #7354 ) ;
#6624 = ORIENTED_EDGE ( 'NONE', *, *, #7987, .T. ) ;
#6625 = ORIENTED_EDGE ( 'NONE', *, *, #5421, .T. ) ;
#6626 = DIRECTION ( 'NONE',  ( -0.9893046619308151213, -0.1458639293381183699, 0.000000000000000000 ) ) ;
#6627 =( NAMED_UNIT ( * ) PLANE_ANGLE_UNIT ( ) SI_UNIT ( $, .RADIAN. ) );
#6628 = ORIENTED_EDGE ( 'NONE', *, *, #6221, .F. ) ;
#6629 = AXIS2_PLACEMENT_3D ( 'NONE', #4829, #1544, #663 ) ;
#6630 =( NAMED_UNIT ( * ) PLANE_ANGLE_UNIT ( ) SI_UNIT ( $, .RADIAN. ) );
#6631 = LINE ( 'NONE', #2515, #1426 ) ;
#6633 = PLANE ( 'NONE',  #2218 ) ;
#6632 = DIRECTION ( 'NONE',  ( 0.9993908270190959842, 0.03489949670249566788, 0.000000000000000000 ) ) ;
#6634 = CARTESIAN_POINT ( 'NONE',  ( -2.300000000000000266, 0.6538153425844858146, 2.900182071975717424 ) ) ;
#6635 = EDGE_CURVE ( 'NONE', #10689, #8231, #6806, .T. ) ;
#6636 = STYLED_ITEM ( 'NONE', ( #7760 ), #9489 ) ;
#6637 = CARTESIAN_POINT ( 'NONE',  ( -3.000000000000000888, 1.643164487128668361, -2.900000000000000355 ) ) ;
#6638 = EDGE_CURVE ( 'NONE', #9025, #8069, #7692, .T. ) ;
#6639 = VECTOR ( 'NONE', #8748, 1000.000000000000114 ) ;
#6640 = EDGE_CURVE ( 'NONE', #8254, #8395, #3040, .T. ) ;
#6641 = ORIENTED_EDGE ( 'NONE', *, *, #1130, .T. ) ;
#6642 = EDGE_CURVE ( 'NONE', #3349, #10519, #2280, .T. ) ;
#6643 = CARTESIAN_POINT ( 'NONE',  ( -3.189230603583417256, 0.1201714756737934098, -2.400000000000000355 ) ) ;
#6644 = DIRECTION ( 'NONE',  ( -2.990902544787597113E-16, -0.000000000000000000, -1.000000000000000000 ) ) ;
#6645 = PRESENTATION_LAYER_ASSIGNMENT (  '', '', ( #734 ) ) ;
#6646 = CARTESIAN_POINT ( 'NONE',  ( -3.000000000000000000, 1.557268039864975639, 2.882731960135022753 ) ) ;
#6647 = B_SPLINE_CURVE_WITH_KNOTS ( 'NONE', 3,
 ( #5517, #10427, #10581, #6239, #8723, #4533 ),
 .UNSPECIFIED., .F., .F.,
 ( 4, 2, 4 ),
 ( 0.000000000000000000, 0.5000000000000000000, 1.000000000000000000 ),
 .UNSPECIFIED. ) ;
#6648 = DIRECTION ( 'NONE',  ( -1.000000000000000000, 0.000000000000000000, 3.252606517456546750E-14 ) ) ;
#6649 = CARTESIAN_POINT ( 'NONE',  ( 0.000000000000000000, 3.000000000000000000, 0.000000000000000000 ) ) ;
#6650 = VECTOR ( 'NONE', #2393, 1000.000000000000114 ) ;
#6651 = ORIENTED_EDGE ( 'NONE', *, *, #2201, .F. ) ;
#6652 = ORIENTED_EDGE ( 'NONE', *, *, #3658, .T. ) ;
#6653 = EDGE_CURVE ( 'NONE', #2206, #3676, #9787, .T. ) ;
#6654 = SURFACE_STYLE_FILL_AREA ( #719 ) ;
#6655 = VECTOR ( 'NONE', #4811, 1000.000000000000000 ) ;
#6656 = EDGE_CURVE ( 'NONE', #4460, #4082, #5528, .T. ) ;
#6657 = ORIENTED_EDGE ( 'NONE', *, *, #7502, .F. ) ;
#6658 = CARTESIAN_POINT ( 'NONE',  ( 2.500000000000000000, 0.05000000000000000278, 0.9999999999999993339 ) ) ;
#6659 = APPLICATION_CONTEXT ( 'automotive_design' ) ;
#6660 = CARTESIAN_POINT ( 'NONE',  ( 1.725000000000000089, 1.111981563471722945, 2.810092612869348638 ) ) ;
#6661 = LINE ( 'NONE', #9268, #6463 ) ;
#6662 = SURFACE_SIDE_STYLE ('',( #4955 ) ) ;
#6663 = VECTOR ( 'NONE', #10793, 1000.000000000000000 ) ;
#6664 = DIRECTION ( 'NONE',  ( -0.000000000000000000, -1.000000000000000000, -0.000000000000000000 ) ) ;
#6665 = LINE ( 'NONE', #5954, #1471 ) ;
#6666 =( NAMED_UNIT ( * ) PLANE_ANGLE_UNIT ( ) SI_UNIT ( $, .RADIAN. ) );
#6667 = VERTEX_POINT ( 'NONE', #2073 ) ;
#6668 = EDGE_LOOP ( 'NONE', ( #4534, #716, #427, #4850 ) ) ;
#6669 = ORIENTED_EDGE ( 'NONE', *, *, #5794, .T. ) ;
#6670 = STYLED_ITEM ( 'NONE', ( #1876 ), #813 ) ;
#6671 = SURFACE_STYLE_FILL_AREA ( #9118 ) ;
#6672 = EDGE_LOOP ( 'NONE', ( #946, #6778, #2014, #1704, #2663, #2632 ) ) ;
#6673 = VECTOR ( 'NONE', #7790, 1000.000000000000000 ) ;
#6674 = VECTOR ( 'NONE', #2252, 999.9999999999998863 ) ;
#6675 = DIRECTION ( 'NONE',  ( 0.9856151131419451650, 0.1690054695747762459, 0.000000000000000000 ) ) ;
#6676 = ORIENTED_EDGE ( 'NONE', *, *, #7148, .T. ) ;
#6677 = CARTESIAN_POINT ( 'NONE',  ( -1.749972624337438054, 0.9897492686847881860, 2.968821944913498267 ) ) ;
#6678 = CARTESIAN_POINT ( 'NONE',  ( 2.251861825868217704, 0.5647214016002366499, 2.914633085460076156 ) ) ;
#6679 = SURFACE_STYLE_FILL_AREA ( #28 ) ;
#6680 = CARTESIAN_POINT ( 'NONE',  ( 0.6712446053646646815, 1.800000000000000488, -1.777540923532714645 ) ) ;
#6681 = CARTESIAN_POINT ( 'NONE',  ( 2.943344128593605280, 1.449763107293778663, -2.990355538519334111 ) ) ;
#6682 = EDGE_CURVE ( 'NONE', #7040, #2066, #4701, .T. ) ;
#6683 = VECTOR ( 'NONE', #2753, 1000.000000000000114 ) ;
#6684 = CARTESIAN_POINT ( 'NONE',  ( -0.7999999999999994893, 1.569124839807742644, 2.799999999999999822 ) ) ;
#6685 = EDGE_LOOP ( 'NONE', ( #2979, #2814 ) ) ;
#6686 = ORIENTED_EDGE ( 'NONE', *, *, #7046, .T. ) ;
#6687 = ORIENTED_EDGE ( 'NONE', *, *, #10213, .T. ) ;
#6688 = FACE_OUTER_BOUND ( 'NONE', #7342, .T. ) ;
#6689 = CARTESIAN_POINT ( 'NONE',  ( -3.673940397442059868E-16, 3.058578643762690064, 1.500000000000000444 ) ) ;
#6690 = ORIENTED_EDGE ( 'NONE', *, *, #1474, .T. ) ;
#6691 = SURFACE_STYLE_USAGE ( .BOTH. , #9355 ) ;
#6692 = VECTOR ( 'NONE', #4886, 1000.000000000000000 ) ;
#6693 = FACE_OUTER_BOUND ( 'NONE', #7172, .T. ) ;
#6694 = CARTESIAN_POINT ( 'NONE',  ( -2.200000000000000622, 0.000000000000000000, -1.800000000000000488 ) ) ;
#6695 = CARTESIAN_POINT ( 'NONE',  ( 1.725000000000000089, 0.9793749684132834199, -2.819509261152938873 ) ) ;
#6696 = EDGE_CURVE ( 'NONE', #7612, #9981, #2361, .T. ) ;
#6697 = DIRECTION ( 'NONE',  ( 0.1690054695747733871, 0.9856151131419457201, 0.000000000000000000 ) ) ;
#6699 = CARTESIAN_POINT ( 'NONE',  ( -3.000000000000000444, 1.797345146833222218, -1.499999999999999778 ) ) ;
#6698 = CARTESIAN_POINT ( 'NONE',  ( -1.759763107293781603, 1.639999999999999680, -2.749164799778633483 ) ) ;
#6700 = DIRECTION ( 'NONE',  ( 0.000000000000000000, -1.000000000000000000, -0.000000000000000000 ) ) ;
#6701 = CARTESIAN_POINT ( 'NONE',  ( 1.733283001604468465, 1.119999999999999885, -2.959900934651531479 ) ) ;
#6702 = FILL_AREA_STYLE_COLOUR ( '', #9796 ) ;
#6703 = VECTOR ( 'NONE', #9881, 1000.000000000000000 ) ;
#6704 = VERTEX_POINT ( 'NONE', #8734 ) ;
#6705 = CARTESIAN_POINT ( 'NONE',  ( -1.399999999999999911, 0.5499999999999999334, -2.999623222474934181 ) ) ;
#6706 = ADVANCED_FACE ( 'NONE', ( #10538 ), #1359, .F. ) ;
#6707 = COLOUR_RGB ( '',0.4980392156862745168, 0.4980392156862745168, 0.4980392156862745168 ) ;
#6708 = EDGE_CURVE ( 'NONE', #3338, #9381, #2121, .T. ) ;
#6709 = DIRECTION ( 'NONE',  ( 1.000000000000000000, 0.000000000000000000, -0.000000000000000000 ) ) ;
#6710 = DIRECTION ( 'NONE',  ( -1.000000000000000000, 0.000000000000000000, -0.000000000000000000 ) ) ;
#6711 = CARTESIAN_POINT ( 'NONE',  ( 1.725000000000000089, 1.119999999999999885, -2.959900934651531479 ) ) ;
#6712 = ORIENTED_EDGE ( 'NONE', *, *, #5516, .F. ) ;
#6713 = EDGE_CURVE ( 'NONE', #4731, #1822, #9151, .T. ) ;
#6714 = CARTESIAN_POINT ( 'NONE',  ( -2.999999999999999112, 0.2000000000000003997, 2.400000000000000799 ) ) ;
#6715 = ORIENTED_EDGE ( 'NONE', *, *, #6640, .F. ) ;
#6716 = VECTOR ( 'NONE', #2315, 1000.000000000000000 ) ;
#6717 = VECTOR ( 'NONE', #2376, 1000.000000000000000 ) ;
#6718 = PLANE ( 'NONE',  #3234 ) ;
#6719 = EDGE_CURVE ( 'NONE', #1895, #2885, #9778, .T. ) ;
#6720 = ADVANCED_FACE ( 'NONE', ( #6253 ), #2173, .F. ) ;
#6721 = CARTESIAN_POINT ( 'NONE',  ( 1.750000000000000222, 1.002122504303031736, 2.772735025818191534 ) ) ;
#6722 = DIRECTION ( 'NONE',  ( 1.000000000000000000, 0.000000000000000000, -0.000000000000000000 ) ) ;
#6723 = LINE ( 'NONE', #1009, #4220 ) ;
#6724 = CARTESIAN_POINT ( 'NONE',  ( 1.725000000000000089, 1.800000000000000711, -2.701845832985407814 ) ) ;
#6725 = CARTESIAN_POINT ( 'NONE',  ( 2.900000000000001243, 1.039999999999999813, 2.999999999999999112 ) ) ;
#6726 = LINE ( 'NONE', #9440, #2448 ) ;
#6727 = ORIENTED_EDGE ( 'NONE', *, *, #9432, .T. ) ;
#6728 = ORIENTED_EDGE ( 'NONE', *, *, #10350, .F. ) ;
#6729 = UNCERTAINTY_MEASURE_WITH_UNIT (LENGTH_MEASURE( 1.000000000000000082E-05 ), #8504, 'distance_accuracy_value', 'NONE');
#6730 = ORIENTED_EDGE ( 'NONE', *, *, #10749, .T. ) ;
#6731 =( NAMED_UNIT ( * ) PLANE_ANGLE_UNIT ( ) SI_UNIT ( $, .RADIAN. ) );
#6732 = ORIENTED_EDGE ( 'NONE', *, *, #3043, .F. ) ;
#6733 = DIRECTION ( 'NONE',  ( 2.990902544787597113E-16, -0.000000000000000000, 1.000000000000000000 ) ) ;
#6734 = VERTEX_POINT ( 'NONE', #2340 ) ;
#6735 = CARTESIAN_POINT ( 'NONE',  ( -1.744401817091225881, 0.9898318830829255788, 2.968911900840840001 ) ) ;
#6736 =( NAMED_UNIT ( * ) SI_UNIT ( $, .STERADIAN. ) SOLID_ANGLE_UNIT ( ) );
#6737 = CARTESIAN_POINT ( 'NONE',  ( -2.999999999999999556, 1.800000000000000488, 2.500000000000001332 ) ) ;
#6738 = LINE ( 'NONE', #3578, #9683 ) ;
#6739 = CARTESIAN_POINT ( 'NONE',  ( -2.999999999999999112, 0.2000000000000000111, 2.400000000000001243 ) ) ;
#6740 = FILL_AREA_STYLE_COLOUR ( '', #7738 ) ;
#6741 = VERTEX_POINT ( 'NONE', #3304 ) ;
#6742 = ORIENTED_EDGE ( 'NONE', *, *, #6582, .F. ) ;
#6743 = VERTEX_POINT ( 'NONE', #5810 ) ;
#6744 = DIRECTION ( 'NONE',  ( 0.000000000000000000, 0.9974881498328390661, -0.07083354391147902995 ) ) ;
#6745 = CARTESIAN_POINT ( 'NONE',  ( 2.075244797380500383, 1.554657163815786003, 2.951802450871777506 ) ) ;
#6746 = ORIENTED_EDGE ( 'NONE', *, *, #8445, .F. ) ;
#6747 =( LENGTH_UNIT ( ) NAMED_UNIT ( * ) SI_UNIT ( .MILLI., .METRE. ) );
#6748 = PRESENTATION_STYLE_ASSIGNMENT (( #4278 ) ) ;
#6749 = DIRECTION ( 'NONE',  ( -1.000000000000000000, 0.000000000000000000, 2.891205793294673495E-15 ) ) ;
#6750 = DIRECTION ( 'NONE',  ( 0.000000000000000000, -0.9974881498328338481, -0.07083354391155266550 ) ) ;
#6751 = FILL_AREA_STYLE ('',( #7582 ) ) ;
#6753 = DIRECTION ( 'NONE',  ( -0.000000000000000000, -0.000000000000000000, -1.000000000000000000 ) ) ;
#6752 =( LENGTH_UNIT ( ) NAMED_UNIT ( * ) SI_UNIT ( .MILLI., .METRE. ) );
#6754 = LINE ( 'NONE', #10058, #9855 ) ;
#6755 = CARTESIAN_POINT ( 'NONE',  ( 3.000000000000001332, 1.800000000000000488, 2.799999999999999822 ) ) ;
#6756 = B_SPLINE_CURVE_WITH_KNOTS ( 'NONE', 3,
 ( #4653, #1262, #9533, #4605, #7860, #6976 ),
 .UNSPECIFIED., .F., .F.,
 ( 4, 2, 4 ),
 ( 0.000000000000000000, 0.5000000000000000000, 1.000000000000000000 ),
 .UNSPECIFIED. ) ;
#6757 = CARTESIAN_POINT ( 'NONE',  ( 1.725000000000000311, 1.800000000000000044, 2.735468749332209182 ) ) ;
#6758 = CARTESIAN_POINT ( 'NONE',  ( 2.399999999999999911, 0.4500000000000001776, -0.5999999999999998668 ) ) ;
#6759 = EDGE_LOOP ( 'NONE', ( #5910, #9029, #6372, #864 ) ) ;
#6760 = CARTESIAN_POINT ( 'NONE',  ( 1.750000000000000444, 0.9791474364207024550, -2.819525418635502767 ) ) ;
#6761 = FACE_OUTER_BOUND ( 'NONE', #4325, .T. ) ;
#6762 = SURFACE_STYLE_USAGE ( .BOTH. , #116 ) ;
#6763 = DIRECTION ( 'NONE',  ( 0.000000000000000000, 0.000000000000000000, 1.000000000000000000 ) ) ;
#6764 = VERTEX_POINT ( 'NONE', #3204 ) ;
#6765 = DIRECTION ( 'NONE',  ( 0.1690054695747755520, -0.9856151131419452760, 0.000000000000000000 ) ) ;
#6766 = ORIENTED_EDGE ( 'NONE', *, *, #4816, .T. ) ;
#6767 = CARTESIAN_POINT ( 'NONE',  ( 3.100000000000000977, 1.649999999999999911, 2.799999999999999822 ) ) ;
#6768 = CARTESIAN_POINT ( 'NONE',  ( -1.883383651424138883, 1.649999999999999689, 0.2985248038749627186 ) ) ;
#6769 = DIRECTION ( 'NONE',  ( 1.000000000000000000, 0.000000000000000000, -0.000000000000000000 ) ) ;
#6770 = DIRECTION ( 'NONE',  ( -0.000000000000000000, -1.000000000000000000, -0.000000000000000000 ) ) ;
#6771 = FACE_OUTER_BOUND ( 'NONE', #3891, .T. ) ;
#6772 = B_SPLINE_CURVE_WITH_KNOTS ( 'NONE', 3,
 ( #6412, #4658, #7304, #9239, #10661, #8021, #9792, #3157, #2189, #4022, #8866, #1730 ),
 .UNSPECIFIED., .F., .F.,
 ( 4, 2, 2, 2, 2, 4 ),
 ( 0.000000000000000000, 0.2500000000000000000, 0.3750000000000000000, 0.4374999999999994449, 0.4999999999999988898, 1.000000000000000000 ),
 .UNSPECIFIED. ) ;
#6773 = CARTESIAN_POINT ( 'NONE',  ( 3.232597679844644301, 0.3730819044509719462, 1.599999999999998979 ) ) ;
#6774 = ORIENTED_EDGE ( 'NONE', *, *, #9370, .T. ) ;
#6775 = ORIENTED_EDGE ( 'NONE', *, *, #7936, .F. ) ;
#6776 = ADVANCED_FACE ( 'NONE', ( #1460 ), #683, .F. ) ;
#6777 = EDGE_CURVE ( 'NONE', #6141, #6130, #790, .T. ) ;
#6778 = ORIENTED_EDGE ( 'NONE', *, *, #8058, .T. ) ;
#6779 = EDGE_CURVE ( 'NONE', #9381, #1732, #10570, .T. ) ;
#6780 = CYLINDRICAL_SURFACE ( 'NONE', #7561, 0.2000000000000000944 ) ;
#6781 = AXIS2_PLACEMENT_3D ( 'NONE', #1157, #212, #8695 ) ;
#6782 = ORIENTED_EDGE ( 'NONE', *, *, #4753, .T. ) ;
#6783 = EDGE_CURVE ( 'NONE', #6112, #9570, #9452, .T. ) ;
#6784 = CARTESIAN_POINT ( 'NONE',  ( -2.999999999999999112, 0.000000000000000000, 2.400000000000001243 ) ) ;
#6785 = VERTEX_POINT ( 'NONE', #5190 ) ;
#6786 = CARTESIAN_POINT ( 'NONE',  ( 1.749653611907633799, 0.5500116923825111304, -2.849879399697389459 ) ) ;
#6787 = DIRECTION ( 'NONE',  ( 0.1690054695747755520, 0.9856151131419452760, 0.000000000000000000 ) ) ;
#6788 = CARTESIAN_POINT ( 'NONE',  ( 0.7134091054948183963, 1.800000000000000488, 1.761039345852726701 ) ) ;
#6789 = VECTOR ( 'NONE', #7137, 1000.000000000000000 ) ;
#6790 = ORIENTED_EDGE ( 'NONE', *, *, #1997, .T. ) ;
#6791 = VERTEX_POINT ( 'NONE', #4321 ) ;
#6792 = ORIENTED_EDGE ( 'NONE', *, *, #8883, .T. ) ;
#6793 =( GEOMETRIC_REPRESENTATION_CONTEXT ( 3 ) GLOBAL_UNCERTAINTY_ASSIGNED_CONTEXT ( ( #10791 ) ) GLOBAL_UNIT_ASSIGNED_CONTEXT ( ( #10505, #9538, #382 ) ) REPRESENTATION_CONTEXT ( 'NONE', 'WORKASPACE' ) );
#6794 = FILL_AREA_STYLE_COLOUR ( '', #9467 ) ;
#6795 = EDGE_CURVE ( 'NONE', #5204, #1667, #8619, .T. ) ;
#6796 = DIRECTION ( 'NONE',  ( 0.000000000000000000, 1.000000000000000000, -0.000000000000000000 ) ) ;
#6797 = EDGE_LOOP ( 'NONE', ( #1248, #589, #7668, #9554, #8654 ) ) ;
#6798 = VECTOR ( 'NONE', #5364, 1000.000000000000000 ) ;
#6799 = ADVANCED_FACE ( 'NONE', ( #7569 ), #5141, .F. ) ;
#6800 = LINE ( 'NONE', #3162, #10241 ) ;
#6801 = LINE ( 'NONE', #10103, #4187 ) ;
#6802 = COLOUR_RGB ( '',0.6470588235294117974, 0.6196078431372549211, 0.5882352941176470784 ) ;
#6803 = VERTEX_POINT ( 'NONE', #4428 ) ;
#6804 = VECTOR ( 'NONE', #273, 1000.000000000000000 ) ;
#6805 = CARTESIAN_POINT ( 'NONE',  ( 1.649999999999999911, 0.05000000000000003053, -0.9000000000000005773 ) ) ;
#6807 = LINE ( 'NONE', #5992, #465 ) ;
#6806 = LINE ( 'NONE', #10169, #1746 ) ;
#6808 = LINE ( 'NONE', #1159, #3202 ) ;
#6809 = CARTESIAN_POINT ( 'NONE',  ( 1.725000000000000089, 1.111981563471723389, -2.810092612869348638 ) ) ;
#6810 = VECTOR ( 'NONE', #5585, 1000.000000000000000 ) ;
#6811 = CARTESIAN_POINT ( 'NONE',  ( 1.925148002730171726, 0.9768313428390995590, 2.790130151527359992 ) ) ;
#6812 = VECTOR ( 'NONE', #8346, 1000.000000000000000 ) ;
#6813 = SURFACE_STYLE_USAGE ( .BOTH. , #720 ) ;
#6814 = ORIENTED_EDGE ( 'NONE', *, *, #9089, .T. ) ;
#6815 = CARTESIAN_POINT ( 'NONE',  ( 1.750000000000000222, 0.9789199044281209350, 2.819541576118065329 ) ) ;
#6816 = FACE_OUTER_BOUND ( 'NONE', #7769, .T. ) ;
#6817 = COLOUR_RGB ( '',0.6470588235294117974, 0.6196078431372549211, 0.5882352941176470784 ) ;
#6818 = VECTOR ( 'NONE', #6722, 1000.000000000000000 ) ;
#6819 = EDGE_CURVE ( 'NONE', #3283, #9333, #6738, .T. ) ;
#6820 = CARTESIAN_POINT ( 'NONE',  ( -1.950000000000000622, 0.000000000000000000, -1.800000000000000266 ) ) ;
#6821 = ORIENTED_EDGE ( 'NONE', *, *, #7817, .T. ) ;
#6822 = CARTESIAN_POINT ( 'NONE',  ( -1.749999999999999778, 1.040000000000000036, -3.000000000000000888 ) ) ;
#6823 = ORIENTED_EDGE ( 'NONE', *, *, #4884, .F. ) ;
#6824 =( GEOMETRIC_REPRESENTATION_CONTEXT ( 3 ) GLOBAL_UNCERTAINTY_ASSIGNED_CONTEXT ( ( #966 ) ) GLOBAL_UNIT_ASSIGNED_CONTEXT ( ( #5930, #6630, #7581 ) ) REPRESENTATION_CONTEXT ( 'NONE', 'WORKASPACE' ) );
#6825 =( GEOMETRIC_REPRESENTATION_CONTEXT ( 3 ) GLOBAL_UNCERTAINTY_ASSIGNED_CONTEXT ( ( #4961 ) ) GLOBAL_UNIT_ASSIGNED_CONTEXT ( ( #10094, #9182, #7624 ) ) REPRESENTATION_CONTEXT ( 'NONE', 'WORKASPACE' ) );
#6826 = LINE ( 'NONE', #5123, #7952 ) ;
#6827 = CARTESIAN_POINT ( 'NONE',  ( -0.6005656797157615800, 1.650000000000000133, -1.803074943732277502 ) ) ;
#6828 = LINE ( 'NONE', #6064, #3018 ) ;
#6829 = VECTOR ( 'NONE', #8114, 1000.000000000000000 ) ;
#6830 = CARTESIAN_POINT ( 'NONE',  ( 3.100000000000000977, 1.800000000000000488, -2.500000000000000444 ) ) ;
#6831 = ADVANCED_FACE ( 'NONE', ( #974 ), #302, .T. ) ;
#6832 = CARTESIAN_POINT ( 'NONE',  ( 3.000000000000000888, 0.9899999999999999911, -2.700000000000001066 ) ) ;
#6833 = STYLED_ITEM ( 'NONE', ( #2615 ), #1593 ) ;
#6834 = CARTESIAN_POINT ( 'NONE',  ( 3.000000000000000888, 1.643164487128668139, 1.500000000000003553 ) ) ;
#6835 = ORIENTED_EDGE ( 'NONE', *, *, #7926, .F. ) ;
#6836 = ORIENTED_EDGE ( 'NONE', *, *, #5571, .F. ) ;
#6837 = UNCERTAINTY_MEASURE_WITH_UNIT (LENGTH_MEASURE( 1.000000000000000082E-05 ), #10593, 'distance_accuracy_value', 'NONE');
#6838 = EDGE_LOOP ( 'NONE', ( #7352, #6814, #1783, #5185 ) ) ;
#6839 = DIRECTION ( 'NONE',  ( 0.000000000000000000, 0.000000000000000000, -1.000000000000000000 ) ) ;
#6840 = ORIENTED_EDGE ( 'NONE', *, *, #2011, .F. ) ;
#6841 = STYLED_ITEM ( 'NONE', ( #2552 ), #381 ) ;
#6842 = VERTEX_POINT ( 'NONE', #6026 ) ;
#6843 = VECTOR ( 'NONE', #737, 1000.000000000000000 ) ;
#6844 = CARTESIAN_POINT ( 'NONE',  ( 2.200000000000000178, 0.2000000000000000111, 1.800000000000000266 ) ) ;
#6845 = PRESENTATION_STYLE_ASSIGNMENT (( #3459 ) ) ;
#6846 = CARTESIAN_POINT ( 'NONE',  ( 1.725000000000000089, 0.9899999999999999911, 2.969132483627864527 ) ) ;
#6847 = EDGE_CURVE ( 'NONE', #7893, #3803, #7889, .T. ) ;
#6848 =( LENGTH_UNIT ( ) NAMED_UNIT ( * ) SI_UNIT ( .MILLI., .METRE. ) );
#6849 = EDGE_CURVE ( 'NONE', #7111, #7443, #2104, .T. ) ;
#6850 = DIRECTION ( 'NONE',  ( 0.000000000000000000, 0.000000000000000000, -1.000000000000000000 ) ) ;
#6851 = CARTESIAN_POINT ( 'NONE',  ( 1.750000000000000222, 0.000000000000000000, 2.999999999999999112 ) ) ;
#6852 = EDGE_CURVE ( 'NONE', #912, #7458, #4585, .T. ) ;
#6853 = AXIS2_PLACEMENT_3D ( 'NONE', #2487, #1711, #9058 ) ;
#6854 = CARTESIAN_POINT ( 'NONE',  ( -2.204401032141700245, 0.5445814709448622004, -2.773695494767572711 ) ) ;
#6855 = VERTEX_POINT ( 'NONE', #6292 ) ;
#6856 = UNCERTAINTY_MEASURE_WITH_UNIT (LENGTH_MEASURE( 1.000000000000000082E-05 ), #6747, 'distance_accuracy_value', 'NONE');
#6857 = ORIENTED_EDGE ( 'NONE', *, *, #10284, .T. ) ;
#6858 = ORIENTED_EDGE ( 'NONE', *, *, #4575, .F. ) ;
#6859 = DIRECTION ( 'NONE',  ( 0.000000000000000000, -1.000000000000000000, -0.000000000000000000 ) ) ;
#6860 = EDGE_CURVE ( 'NONE', #1162, #7115, #464, .T. ) ;
#6861 = LINE ( 'NONE', #150, #10009 ) ;
#6862 = ORIENTED_EDGE ( 'NONE', *, *, #10596, .T. ) ;
#6863 = CARTESIAN_POINT ( 'NONE',  ( 3.000000000000000888, 1.643164487128667917, -2.900000000000001243 ) ) ;
#6864 = VECTOR ( 'NONE', #5697, 1000.000000000000227 ) ;
#6865 = FILL_AREA_STYLE ('',( #2887 ) ) ;
#6866 = PRESENTATION_STYLE_ASSIGNMENT (( #100 ) ) ;
#6867 = AXIS2_PLACEMENT_3D ( 'NONE', #7625, #6850, #10204 ) ;
#6868 = FACE_OUTER_BOUND ( 'NONE', #8, .T. ) ;
#6869 = CARTESIAN_POINT ( 'NONE',  ( -3.046699193019194674, -2.803679055411733136E-16, 1.600000000000000089 ) ) ;
#6871 = CARTESIAN_POINT ( 'NONE',  ( -1.724999999999999867, 1.119999999999977458, -2.959900934651532367 ) ) ;
#6870 = CARTESIAN_POINT ( 'NONE',  ( 3.000000000000000000, 1.800000000000000488, 2.500000000000001332 ) ) ;
#6872 =( NAMED_UNIT ( * ) PLANE_ANGLE_UNIT ( ) SI_UNIT ( $, .RADIAN. ) );
#6873 = CARTESIAN_POINT ( 'NONE',  ( 1.725000000000000089, 1.117205701710528576, -2.809926963919710641 ) ) ;
#6874 = EDGE_CURVE ( 'NONE', #3431, #8327, #1190, .T. ) ;
#6875 = ORIENTED_EDGE ( 'NONE', *, *, #3636, .F. ) ;
#6876 = DIRECTION ( 'NONE',  ( 0.000000000000000000, -0.000000000000000000, -1.000000000000000000 ) ) ;
#6877 = COLOUR_RGB ( '',0.6470588235294117974, 0.6196078431372549211, 0.5882352941176470784 ) ;
#6878 = SURFACE_STYLE_USAGE ( .BOTH. , #5270 ) ;
#6879 = VERTEX_POINT ( 'NONE', #4476 ) ;
#6880 = PLANE ( 'NONE',  #2127 ) ;
#6881 = CARTESIAN_POINT ( 'NONE',  ( -1.724999999999999867, 1.729398958727848878, -2.882419360948555997 ) ) ;
#6882 = FACE_OUTER_BOUND ( 'NONE', #4806, .T. ) ;
#6883 = PRESENTATION_LAYER_ASSIGNMENT (  '', '', ( #2181 ) ) ;
#6884 = ORIENTED_EDGE ( 'NONE', *, *, #10013, .F. ) ;
#6885 = DIRECTION ( 'NONE',  ( -0.000000000000000000, -0.000000000000000000, -1.000000000000000000 ) ) ;
#6886 = EDGE_LOOP ( 'NONE', ( #10582, #4842, #10691, #8665 ) ) ;
#6887 = CARTESIAN_POINT ( 'NONE',  ( 1.850000000000000311, 1.650000000000000355, -2.700000000000001066 ) ) ;
#6888 = PRESENTATION_LAYER_ASSIGNMENT (  '', '', ( #797 ) ) ;
#6889 = CARTESIAN_POINT ( 'NONE',  ( -0.7598578817008670994, 1.649999999999999911, 1.741543061873386256 ) ) ;
#6890 = CARTESIAN_POINT ( 'NONE',  ( -3.052456489953507823, 1.595996894053969495, -1.500000000000000000 ) ) ;
#6891 = DIRECTION ( 'NONE',  ( -1.000000000000000000, -0.000000000000000000, -0.000000000000000000 ) ) ;
#6892 = ORIENTED_EDGE ( 'NONE', *, *, #5029, .T. ) ;
#6893 = ORIENTED_EDGE ( 'NONE', *, *, #3128, .F. ) ;
#6894 = MECHANICAL_DESIGN_GEOMETRIC_PRESENTATION_REPRESENTATION (  '', ( #1856 ), #4439 ) ;
#6895 = EDGE_LOOP ( 'NONE', ( #9892, #4574, #6641, #1890 ) ) ;
#6896 = CARTESIAN_POINT ( 'NONE',  ( -0.2500000000000000000, 0.4000000000000000222, 0.8999999999999998002 ) ) ;
#6897 = PRESENTATION_LAYER_ASSIGNMENT (  '', '', ( #6198 ) ) ;
#6898 = VERTEX_POINT ( 'NONE', #7107 ) ;
#6899 = EDGE_CURVE ( 'NONE', #6764, #8932, #10425, .T. ) ;
#6900 = ORIENTED_EDGE ( 'NONE', *, *, #7399, .F. ) ;
#6901 = DIRECTION ( 'NONE',  ( 1.000000000000000000, 0.000000000000000000, 0.000000000000000000 ) ) ;
#6902 = LINE ( 'NONE', #3408, #4554 ) ;
#6903 =( NAMED_UNIT ( * ) SI_UNIT ( $, .STERADIAN. ) SOLID_ANGLE_UNIT ( ) );
#6904 = FILL_AREA_STYLE_COLOUR ( '', #1811 ) ;
#6905 = LINE ( 'NONE', #10205, #1106 ) ;
#6906 = AXIS2_PLACEMENT_3D ( 'NONE', #10501, #10398, #7036 ) ;
#6907 = CARTESIAN_POINT ( 'NONE',  ( -2.227644198713064849, 0.5540428904112389974, -2.769100870843631323 ) ) ;
#6908 = ORIENTED_EDGE ( 'NONE', *, *, #8883, .F. ) ;
#6909 = VERTEX_POINT ( 'NONE', #2217 ) ;
#6910 = PLANE ( 'NONE',  #1253 ) ;
#6911 = CARTESIAN_POINT ( 'NONE',  ( -2.299999999999999822, 0.9829864320293227875, 2.876807002484928599 ) ) ;
#6912 = EDGE_LOOP ( 'NONE', ( #6924, #7650 ) ) ;
#6913 = EDGE_CURVE ( 'NONE', #10050, #1162, #6136, .T. ) ;
#6914 = VECTOR ( 'NONE', #8298, 1000.000000000000000 ) ;
#6915 = EDGE_CURVE ( 'NONE', #1194, #3672, #5579, .T. ) ;
#6916 = B_SPLINE_CURVE_WITH_KNOTS ( 'NONE', 3,
 ( #9347, #5192, #2661, #6907, #6854, #9402 ),
 .UNSPECIFIED., .F., .F.,
 ( 4, 2, 4 ),
 ( 0.000000000000000000, 0.5000000000000000000, 1.000000000000000000 ),
 .UNSPECIFIED. ) ;
#6917 = DIRECTION ( 'NONE',  ( 0.000000000000000000, 0.7071067811865517916, -0.7071067811865433539 ) ) ;
#6918 = CARTESIAN_POINT ( 'NONE',  ( -1.672248268018968753, 1.799999999999999822, 0.9066147603746017580 ) ) ;
#6919 = ORIENTED_EDGE ( 'NONE', *, *, #3520, .F. ) ;
#6920 = LINE ( 'NONE', #5264, #2048 ) ;
#6921 = FACE_OUTER_BOUND ( 'NONE', #2934, .T. ) ;
#6922 = CARTESIAN_POINT ( 'NONE',  ( -3.299999999999999378, 0.7661623507412481660, 1.749999999999998668 ) ) ;
#6923 = VECTOR ( 'NONE', #6950, 1000.000000000000000 ) ;
#6924 = ORIENTED_EDGE ( 'NONE', *, *, #10420, .T. ) ;
#6925 = CARTESIAN_POINT ( 'NONE',  ( 3.000000000000001332, 1.800000000000000488, 2.799999999999999822 ) ) ;
#6926 = EDGE_CURVE ( 'NONE', #6072, #3514, #9714, .T. ) ;
#6927 = ADVANCED_FACE ( 'NONE', ( #3737 ), #9603, .T. ) ;
#6928 = EDGE_CURVE ( 'NONE', #4084, #8754, #7064, .T. ) ;
#6929 = DIRECTION ( 'NONE',  ( -0.9856151131419452760, -0.1690054695747755520, 0.000000000000000000 ) ) ;
#6930 = EDGE_CURVE ( 'NONE', #2211, #9548, #2925, .T. ) ;
#6931 = PLANE ( 'NONE',  #10509 ) ;
#6932 = CARTESIAN_POINT ( 'NONE',  ( 3.000000000000000888, 1.539999999999997371, 2.699999999999999734 ) ) ;
#6933 = CARTESIAN_POINT ( 'NONE',  ( -2.925123892347762933, 1.637673626593508125, -2.802440776823444057 ) ) ;
#6934 = SURFACE_STYLE_USAGE ( .BOTH. , #8648 ) ;
#6935 = FACE_OUTER_BOUND ( 'NONE', #6943, .T. ) ;
#6936 = ORIENTED_EDGE ( 'NONE', *, *, #9290, .T. ) ;
#6937 = ADVANCED_FACE ( 'NONE', ( #5460 ), #570, .F. ) ;
#6938 = ORIENTED_EDGE ( 'NONE', *, *, #457, .T. ) ;
#6939 = CARTESIAN_POINT ( 'NONE',  ( 3.000000000000000888, 1.650000000000000355, -2.700000000000001066 ) ) ;
#6940 = CARTESIAN_POINT ( 'NONE',  ( -0.6841539964435817689, 1.649999999999999911, -1.772620802046985133 ) ) ;
#6941 = CARTESIAN_POINT ( 'NONE',  ( -1.761002766183546342, 0.9894895769471583336, -2.967311792336734921 ) ) ;
#6942 = CARTESIAN_POINT ( 'NONE',  ( 0.1369084018057050989, 0.05000000000000001665, 1.270257760477104148 ) ) ;
#6943 = EDGE_LOOP ( 'NONE', ( #5343, #2372, #7325, #2386 ) ) ;
#6944 = VERTEX_POINT ( 'NONE', #2323 ) ;
#6945 = UNCERTAINTY_MEASURE_WITH_UNIT (LENGTH_MEASURE( 1.000000000000000082E-05 ), #4376, 'distance_accuracy_value', 'NONE');
#6946 = ORIENTED_EDGE ( 'NONE', *, *, #5841, .F. ) ;
#6947 = DIRECTION ( 'NONE',  ( -0.4961389383568342026, -0.8682431421244589664, 0.000000000000000000 ) ) ;
#6948 = ORIENTED_EDGE ( 'NONE', *, *, #1584, .T. ) ;
#6949 = ORIENTED_EDGE ( 'NONE', *, *, #9225, .T. ) ;
#6950 = DIRECTION ( 'NONE',  ( 0.000000000000000000, -0.9998264715454812102, -0.01862865526314227624 ) ) ;
#6951 = DIRECTION ( 'NONE',  ( 0.1458639293384592084, -0.9893046619307648282, 0.000000000000000000 ) ) ;
#6952 = CARTESIAN_POINT ( 'NONE',  ( -3.300000000000000266, 0.7661623507412511636, 1.750000000000000222 ) ) ;
#6953 = DIRECTION ( 'NONE',  ( 0.000000000000000000, 0.000000000000000000, 1.000000000000000000 ) ) ;
#6954 = CARTESIAN_POINT ( 'NONE',  ( 0.2417867815422267697, 1.799999999999999378, 1.899999999999999467 ) ) ;
#6955 = DIRECTION ( 'NONE',  ( -0.9893046619307648282, 0.1458639293384594582, -0.000000000000000000 ) ) ;
#6956 = CARTESIAN_POINT ( 'NONE',  ( -3.100000000000000533, 1.649999999999999911, 2.500000000000001332 ) ) ;
#6957 = VERTEX_POINT ( 'NONE', #8323 ) ;
#6958 = EDGE_CURVE ( 'NONE', #3291, #4111, #3127, .T. ) ;
#6959 = UNCERTAINTY_MEASURE_WITH_UNIT (LENGTH_MEASURE( 1.000000000000000082E-05 ), #3703, 'distance_accuracy_value', 'NONE');
#6960 = ORIENTED_EDGE ( 'NONE', *, *, #6777, .F. ) ;
#6961 = CARTESIAN_POINT ( 'NONE',  ( 1.399999999999999911, 1.189999999999999281, -2.808570668675935966 ) ) ;
#6962 = VERTEX_POINT ( 'NONE', #6439 ) ;
#6963 = VECTOR ( 'NONE', #4030, 1000.000000000000000 ) ;
#6964 = LINE ( 'NONE', #10273, #4248 ) ;
#6965 = CARTESIAN_POINT ( 'NONE',  ( -1.558529982953829052, 1.800000000000000266, 1.100939157571620752 ) ) ;
#6966 = PLANE ( 'NONE',  #1786 ) ;
#6967 = FILL_AREA_STYLE ('',( #1358 ) ) ;
#6968 = CARTESIAN_POINT ( 'NONE',  ( -3.000000000000000888, 0.000000000000000000, -2.900000000000000355 ) ) ;
#6969 = SURFACE_SIDE_STYLE ('',( #8639 ) ) ;
#6970 = VECTOR ( 'NONE', #2530, 1000.000000000000000 ) ;
#6971 = FACE_OUTER_BOUND ( 'NONE', #332, .T. ) ;
#6972 = ORIENTED_EDGE ( 'NONE', *, *, #2479, .T. ) ;
#6973 = AXIS2_PLACEMENT_3D ( 'NONE', #4666, #7096, #8873 ) ;
#6974 = DIRECTION ( 'NONE',  ( 0.000000000000000000, 1.000000000000000000, 0.000000000000000000 ) ) ;
#6975 = AXIS2_PLACEMENT_3D ( 'NONE', #1857, #217, #6876 ) ;
#6976 = CARTESIAN_POINT ( 'NONE',  ( -3.000000000000000888, 1.539999999999998481, -2.700000000000000178 ) ) ;
#6977 = CARTESIAN_POINT ( 'NONE',  ( -0.5999936494203217396, 1.649999999999999689, -1.375029273410679043 ) ) ;
#6978 = COLOUR_RGB ( '',0.6470588235294117974, 0.6196078431372549211, 0.5882352941176470784 ) ;
#6979 = FILL_AREA_STYLE ('',( #1974 ) ) ;
#6980 = PRODUCT_DEFINITION ( 'UNKNOWN', '', #6147, #10251 ) ;
#6981 = ADVANCED_FACE ( 'NONE', ( #7332 ), #3289, .F. ) ;
#6982 = PLANE ( 'NONE',  #2002 ) ;
#6983 = EDGE_CURVE ( 'NONE', #1146, #7040, #845, .T. ) ;
#6984 = FILL_AREA_STYLE_COLOUR ( '', #8737 ) ;
#6985 = ORIENTED_EDGE ( 'NONE', *, *, #7817, .F. ) ;
#6986 = EDGE_CURVE ( 'NONE', #9213, #6563, #10684, .T. ) ;
#6987 = VERTEX_POINT ( 'NONE', #672 ) ;
#6988 = DIRECTION ( 'NONE',  ( -1.000000000000000000, 0.000000000000000000, -4.818676322157803291E-16 ) ) ;
#6989 = CARTESIAN_POINT ( 'NONE',  ( -1.725000000000000089, 1.779925552076473627, 2.799999999999999822 ) ) ;
#6990 = VECTOR ( 'NONE', #6052, 1000.000000000000114 ) ;
#6991 = CARTESIAN_POINT ( 'NONE',  ( -2.960430303930730034, 1.460288957344887617, 2.979748273901350775 ) ) ;
#6992 = SURFACE_STYLE_FILL_AREA ( #5953 ) ;
#6993 = LINE ( 'NONE', #8874, #1816 ) ;
#6994 =( NAMED_UNIT ( * ) PLANE_ANGLE_UNIT ( ) SI_UNIT ( $, .RADIAN. ) );
#6995 = ORIENTED_EDGE ( 'NONE', *, *, #5407, .F. ) ;
#6996 = EDGE_CURVE ( 'NONE', #263, #8327, #9926, .T. ) ;
#6997 = ORIENTED_EDGE ( 'NONE', *, *, #6913, .F. ) ;
#6998 = AXIS2_PLACEMENT_3D ( 'NONE', #1414, #4712, #8074 ) ;
#6999 = DIRECTION ( 'NONE',  ( -1.000000000000000000, -0.000000000000000000, 0.000000000000000000 ) ) ;
#7000 = MECHANICAL_DESIGN_GEOMETRIC_PRESENTATION_REPRESENTATION (  '', ( #2482 ), #2306 ) ;
#7001 = ORIENTED_EDGE ( 'NONE', *, *, #2537, .T. ) ;
#7002 = EDGE_LOOP ( 'NONE', ( #7156, #1557, #8449, #6938 ) ) ;
#7003 = VECTOR ( 'NONE', #4106, 1000.000000000000000 ) ;
#7004 = LINE ( 'NONE', #3515, #6362 ) ;
#7005 = CARTESIAN_POINT ( 'NONE',  ( 0.000000000000000000, 0.000000000000000000, 1.700000000000000178 ) ) ;
#7006 = CARTESIAN_POINT ( 'NONE',  ( 2.299999999999999822, 0.9829864320293230096, -2.876807002484933040 ) ) ;
#7007 = DIRECTION ( 'NONE',  ( 0.9861240419316826822, -0.01175908810768413852, -0.1655931694581533886 ) ) ;
#7008 = FILL_AREA_STYLE ('',( #197 ) ) ;
#7009 = MECHANICAL_DESIGN_GEOMETRIC_PRESENTATION_REPRESENTATION (  '', ( #734 ), #40 ) ;
#7010 = CARTESIAN_POINT ( 'NONE',  ( 3.102876977371612277, 0.7999634446562063905, -1.750000000000000444 ) ) ;
#7011 = EDGE_LOOP ( 'NONE', ( #7689, #9928, #2557, #4845 ) ) ;
#7012 = ORIENTED_EDGE ( 'NONE', *, *, #10214, .F. ) ;
#7013 = PRESENTATION_STYLE_ASSIGNMENT (( #8878 ) ) ;
#7014 = LINE ( 'NONE', #4330, #8245 ) ;
#7015 = ORIENTED_EDGE ( 'NONE', *, *, #3979, .F. ) ;
#7016 = VECTOR ( 'NONE', #1351, 1000.000000000000114 ) ;
#7017 = CARTESIAN_POINT ( 'NONE',  ( -3.197123022628389322, 0.1661989060850449507, 1.599999999999999867 ) ) ;
#7018 = PLANE ( 'NONE',  #1156 ) ;
#7019 = EDGE_CURVE ( 'NONE', #2904, #8038, #1442, .T. ) ;
#7020 = CARTESIAN_POINT ( 'NONE',  ( -0.8046111561473160423, 1.800000000000000711, -1.721844117651975647 ) ) ;
#7021 = DIRECTION ( 'NONE',  ( 0.9861240419316823491, -0.01175908810768425301, 0.1655931694581553038 ) ) ;
#7022 = DIRECTION ( 'NONE',  ( 1.000000000000000000, -0.000000000000000000, 4.336808689942021680E-16 ) ) ;
#7023 = CARTESIAN_POINT ( 'NONE',  ( 1.725000000000000089, 1.800000000000000933, -2.735468749332210070 ) ) ;
#7024 = AXIS2_PLACEMENT_3D ( 'NONE', #5869, #10610, #2556 ) ;
#7025 = AXIS2_PLACEMENT_3D ( 'NONE', #3651, #2896, #1208 ) ;
#7026 = LINE ( 'NONE', #10392, #10320 ) ;
#7027 = VERTEX_POINT ( 'NONE', #2489 ) ;
#7028 = DIRECTION ( 'NONE',  ( -0.1660101621115982751, 0.06985066062633331352, -0.9836470460921161729 ) ) ;
#7029 = AXIS2_PLACEMENT_3D ( 'NONE', #2989, #3959, #3853 ) ;
#7030 = DIRECTION ( 'NONE',  ( 1.000000000000000000, 0.000000000000000000, -0.000000000000000000 ) ) ;
#7031 = AXIS2_PLACEMENT_3D ( 'NONE', #5179, #1820, #9387 ) ;
#7032 = VECTOR ( 'NONE', #8072, 1000.000000000000000 ) ;
#7033 = EDGE_CURVE ( 'NONE', #9170, #2823, #1050, .T. ) ;
#7034 = CARTESIAN_POINT ( 'NONE',  ( -0.4500000000000002887, 0.05000000000000000278, 0.9999999999999993339 ) ) ;
#7035 = CARTESIAN_POINT ( 'NONE',  ( -1.411702626632189705, 1.650000000000000133, -0.5076179141242335158 ) ) ;
#7036 = DIRECTION ( 'NONE',  ( 0.1690054695747755520, -0.9856151131419452760, 0.000000000000000000 ) ) ;
#7037 = CARTESIAN_POINT ( 'NONE',  ( -1.725000000000000089, 1.117205701710529020, -2.809926963919710641 ) ) ;
#7038 = PRESENTATION_STYLE_ASSIGNMENT (( #6055 ) ) ;
#7039 = FACE_OUTER_BOUND ( 'NONE', #4480, .T. ) ;
#7040 = VERTEX_POINT ( 'NONE', #10787 ) ;
#7041 = ORIENTED_EDGE ( 'NONE', *, *, #2537, .F. ) ;
#7042 = EDGE_CURVE ( 'NONE', #5329, #5204, #10631, .T. ) ;
#7044 = MECHANICAL_DESIGN_GEOMETRIC_PRESENTATION_REPRESENTATION (  '', ( #10395 ), #429 ) ;
#7043 = CARTESIAN_POINT ( 'NONE',  ( 3.232597679844643412, 0.3730819044509723903, -1.600000000000001421 ) ) ;
#7045 = CARTESIAN_POINT ( 'NONE',  ( -1.725000000000000089, 1.729398958727847768, 2.882419360948555109 ) ) ;
#7046 = EDGE_CURVE ( 'NONE', #2231, #10275, #4793, .T. ) ;
#7047 = DIRECTION ( 'NONE',  ( 1.000000000000000000, 0.000000000000000000, 0.000000000000000000 ) ) ;
#7048 = PLANE ( 'NONE',  #4340 ) ;
#7049 = EDGE_CURVE ( 'NONE', #3170, #4977, #6392, .T. ) ;
#7050 = CARTESIAN_POINT ( 'NONE',  ( 0.3957297273885621580, 0.05000000000000000278, 1.923111054297028000 ) ) ;
#7051 = CARTESIAN_POINT ( 'NONE',  ( -3.000000000000000888, 1.539999999999999591, -2.900000000000000355 ) ) ;
#7052 = EDGE_LOOP ( 'NONE', ( #2905, #7599, #9961, #2050, #1966, #5553 ) ) ;
#7053 = ORIENTED_EDGE ( 'NONE', *, *, #1697, .T. ) ;
#7054 = ORIENTED_EDGE ( 'NONE', *, *, #3255, .F. ) ;
#7055 = DIRECTION ( 'NONE',  ( -0.000000000000000000, -0.9974881498328389551, 0.07083354391148079243 ) ) ;
#7056 = ORIENTED_EDGE ( 'NONE', *, *, #7414, .T. ) ;
#7057 = VECTOR ( 'NONE', #9233, 1000.000000000000000 ) ;
#7058 = EDGE_CURVE ( 'NONE', #7951, #8106, #1502, .T. ) ;
#7059 = EDGE_CURVE ( 'NONE', #364, #7070, #5722, .T. ) ;
#7060 = ORIENTED_EDGE ( 'NONE', *, *, #3722, .T. ) ;
#7061 = CARTESIAN_POINT ( 'NONE',  ( -1.900000000000000133, 0.4000000000000000222, -0.5687499999999999778 ) ) ;
#7062 = DIRECTION ( 'NONE',  ( 0.9856151131419453870, -0.1690054695747752189, 0.000000000000000000 ) ) ;
#7063 = CARTESIAN_POINT ( 'NONE',  ( 0.000000000000000000, 0.000000000000000000, 0.000000000000000000 ) ) ;
#7064 = LINE ( 'NONE', #2971, #8805 ) ;
#7065 = MECHANICAL_DESIGN_GEOMETRIC_PRESENTATION_REPRESENTATION (  '', ( #617 ), #9885 ) ;
#7066 = CARTESIAN_POINT ( 'NONE',  ( 3.071387591998028911E-16, 1.649999999999999911, -1.899999999999999911 ) ) ;
#7067 = ORIENTED_EDGE ( 'NONE', *, *, #6310, .T. ) ;
#7068 = ORIENTED_EDGE ( 'NONE', *, *, #5023, .F. ) ;
#7069 = CARTESIAN_POINT ( 'NONE',  ( 3.000000000000000888, 0.2000000000000003164, -2.900000000000001243 ) ) ;
#7070 = VERTEX_POINT ( 'NONE', #9112 ) ;
#7071 = SURFACE_SIDE_STYLE ('',( #3640 ) ) ;
#7072 = ORIENTED_EDGE ( 'NONE', *, *, #354, .F. ) ;
#7073 = VECTOR ( 'NONE', #7872, 1000.000000000000000 ) ;
#7074 = B_SPLINE_CURVE_WITH_KNOTS ( 'NONE', 3,
 ( #9459, #1195, #7743, #3470, #5198, #4481 ),
 .UNSPECIFIED., .F., .F.,
 ( 4, 2, 4 ),
 ( 0.000000000000000000, 0.5000000000000000000, 1.000000000000000000 ),
 .UNSPECIFIED. ) ;
#7075 = VECTOR ( 'NONE', #2364, 999.9999999999998863 ) ;
#7076 =( NAMED_UNIT ( * ) SI_UNIT ( $, .STERADIAN. ) SOLID_ANGLE_UNIT ( ) );
#7077 = CARTESIAN_POINT ( 'NONE',  ( -3.197123022628389322, 0.1661989060850449784, 2.400000000000001243 ) ) ;
#7078 = CARTESIAN_POINT ( 'NONE',  ( 1.738998454789241894E-16, 3.100000000000000533, -1.400000000000000133 ) ) ;
#7079 = CARTESIAN_POINT ( 'NONE',  ( -2.999999999999999112, 0.000000000000000000, 1.600000000000000311 ) ) ;
#7080 =( LENGTH_UNIT ( ) NAMED_UNIT ( * ) SI_UNIT ( .MILLI., .METRE. ) );
#7081 = ORIENTED_EDGE ( 'NONE', *, *, #3319, .T. ) ;
#7082 = SURFACE_SIDE_STYLE ('',( #4397 ) ) ;
#7083 = VECTOR ( 'NONE', #788, 1000.000000000000000 ) ;
#7084 = DIRECTION ( 'NONE',  ( 0.000000000000000000, -0.9974881498328390661, -0.07083354391148029283 ) ) ;
#7085 = CARTESIAN_POINT ( 'NONE',  ( -1.320168919692414011, 1.650000000000000355, 0.7157900588267340769 ) ) ;
#7086 = LINE ( 'NONE', #8750, #3075 ) ;
#7087 =( NAMED_UNIT ( * ) SI_UNIT ( $, .STERADIAN. ) SOLID_ANGLE_UNIT ( ) );
#7088 = VECTOR ( 'NONE', #4901, 1000.000000000000000 ) ;
#7089 = LINE ( 'NONE', #8751, #7144 ) ;
#7090 = DIRECTION ( 'NONE',  ( 0.000000000000000000, -0.5812381937190973513, 0.8137334712067343379 ) ) ;
#7091 = DIRECTION ( 'NONE',  ( -0.000000000000000000, -1.000000000000000000, 0.000000000000000000 ) ) ;
#7092 = ORIENTED_EDGE ( 'NONE', *, *, #9244, .T. ) ;
#7093 = CARTESIAN_POINT ( 'NONE',  ( -1.750000000000000222, 0.9974356305978292481, 2.797930592456434162 ) ) ;
#7094 = CARTESIAN_POINT ( 'NONE',  ( 1.725000000000000089, 0.5499999999999999334, -2.850000000000000089 ) ) ;
#7095 =( LENGTH_UNIT ( ) NAMED_UNIT ( * ) SI_UNIT ( .MILLI., .METRE. ) );
#7096 = DIRECTION ( 'NONE',  ( 0.000000000000000000, 0.000000000000000000, -1.000000000000000000 ) ) ;
#7097 = CARTESIAN_POINT ( 'NONE',  ( 5.510910596163088939E-17, 0.05000000000000000278, 2.149999999999999911 ) ) ;
#7098 = ORIENTED_EDGE ( 'NONE', *, *, #3606, .T. ) ;
#7099 = VERTEX_POINT ( 'NONE', #1610 ) ;
#7100 = ORIENTED_EDGE ( 'NONE', *, *, #2208, .T. ) ;
#7101 = SURFACE_STYLE_FILL_AREA ( #5391 ) ;
#7102 = ORIENTED_EDGE ( 'NONE', *, *, #1943, .T. ) ;
#7103 = CARTESIAN_POINT ( 'NONE',  ( 0.09528252762703458278, 1.649999999999999911, -1.500000000000000000 ) ) ;
#7104 = CARTESIAN_POINT ( 'NONE',  ( 3.062593455610858051, 1.564586392933845937, -2.076184765183203496 ) ) ;
#7105 = CARTESIAN_POINT ( 'NONE',  ( 0.3078331219271150387, 0.04999999999999999584, 1.526536181096646683 ) ) ;
#7106 = PRODUCT_CONTEXT ( 'NONE', #1114, 'mechanical' ) ;
#7107 = CARTESIAN_POINT ( 'NONE',  ( 2.275444008190514733, 0.9726542196610570290, 2.731307302345950205 ) ) ;
#7108 = ADVANCED_FACE ( 'NONE', ( #9765 ), #4903, .F. ) ;
#7109 = EDGE_CURVE ( 'NONE', #9395, #5926, #9978, .T. ) ;
#7110 = CARTESIAN_POINT ( 'NONE',  ( 2.500000000000000000, 0.05000000000000000278, -0.9999999999999993339 ) ) ;
#7111 = VERTEX_POINT ( 'NONE', #1660 ) ;
#7112 = VERTEX_POINT ( 'NONE', #4957 ) ;
#7113 = ADVANCED_FACE ( 'NONE', ( #5568 ), #8942, .F. ) ;
#7114 = CARTESIAN_POINT ( 'NONE',  ( -1.821402008895268487, -7.856804290284272518, -1.750000000000000666 ) ) ;
#7115 = VERTEX_POINT ( 'NONE', #8600 ) ;
#7116 = CARTESIAN_POINT ( 'NONE',  ( -1.759763107293783158, 0.9980787351024321685, 2.748472410614594352 ) ) ;
#7117 = ORIENTED_EDGE ( 'NONE', *, *, #2201, .T. ) ;
#7118 = CARTESIAN_POINT ( 'NONE',  ( -0.06939212943768889585, 0.2400000000000000744, 1.449852667583245491 ) ) ;
#7119 = CARTESIAN_POINT ( 'NONE',  ( -1.721844117651978534, 1.799999999999999822, 0.8046111561473328067 ) ) ;
#7120 = CARTESIAN_POINT ( 'NONE',  ( 3.000000000000000888, 0.2000000000000000944, -2.900000000000001243 ) ) ;
#7121 =( NAMED_UNIT ( * ) SI_UNIT ( $, .STERADIAN. ) SOLID_ANGLE_UNIT ( ) );
#7122 = PRESENTATION_STYLE_ASSIGNMENT (( #9619 ) ) ;
#7123 = DIRECTION ( 'NONE',  ( 1.000000000000000000, 0.000000000000000000, 0.000000000000000000 ) ) ;
#7124 = EDGE_CURVE ( 'NONE', #4219, #4014, #10247, .T. ) ;
#7125 = EDGE_LOOP ( 'NONE', ( #10731, #8366, #2232, #5074 ) ) ;
#7126 = CARTESIAN_POINT ( 'NONE',  ( 2.075244797380500383, 1.550000000000000488, 2.701845832985407814 ) ) ;
#7127 = CARTESIAN_POINT ( 'NONE',  ( 1.714505518806294638E-16, 3.100000000000000089, -1.400000000000000133 ) ) ;
#7128 = EDGE_CURVE ( 'NONE', #8622, #9350, #237, .T. ) ;
#7129 = DIRECTION ( 'NONE',  ( 0.4682929057908475912, -0.7492686492653554131, 0.4682929057908459813 ) ) ;
#7130 = COLOUR_RGB ( '',0.6470588235294117974, 0.6196078431372549211, 0.5882352941176470784 ) ;
#7131 = CARTESIAN_POINT ( 'NONE',  ( 1.725000000000000089, 1.551862865526314250, 2.801828480139958888 ) ) ;
#7132 = VECTOR ( 'NONE', #10083, 1000.000000000000000 ) ;
#7134 = B_SPLINE_CURVE_WITH_KNOTS ( 'NONE', 3,
 ( #10010, #3222, #7372, #708, #4123, #7474, #1481, #6536, #10665, #9910, #7427, #7262, #5773, #10726, #5605, #4775, #8138, #1644, #2420, #8246, #10774, #7310, #9091, #10817, #5715, #3161, #4880, #9800 ),
 .UNSPECIFIED., .F., .F.,
 ( 4, 2, 2, 2, 1, 2, 2, 2, 2, 2, 2, 1, 2, 2, 4 ),
 ( 0.000000000000000000, 0.06250000000000094369, 0.1250000000000018874, 0.2500000000000037748, 0.3125000000000044409, 0.3437500000000043854, 0.3750000000000043854, 0.5000000000000037748, 0.5625000000000035527, 0.6250000000000033307, 0.7500000000000023315, 0.8125000000000019984, 0.8437500000000017764, 0.8750000000000014433, 1.000000000000000000 ),
 .UNSPECIFIED. ) ;
#7133 = CARTESIAN_POINT ( 'NONE',  ( 1.102182119232618281E-16, 1.649999999999999911, 1.500000000000000222 ) ) ;
#7135 = DIRECTION ( 'NONE',  ( -1.000000000000000000, -0.000000000000000000, -0.000000000000000000 ) ) ;
#7136 = CARTESIAN_POINT ( 'NONE',  ( -3.102876977371611833, 0.7999634446562050583, -2.400000000000000799 ) ) ;
#7137 = DIRECTION ( 'NONE',  ( -1.084202172485502462E-15, 0.000000000000000000, 1.000000000000000000 ) ) ;
#7138 = SURFACE_STYLE_FILL_AREA ( #379 ) ;
#7139 = VECTOR ( 'NONE', #1809, 999.9999999999998863 ) ;
#7140 = LINE ( 'NONE', #1269, #9448 ) ;
#7141 = B_SPLINE_CURVE_WITH_KNOTS ( 'NONE', 3,
 ( #1581, #4171, #46, #7300 ),
 .UNSPECIFIED., .F., .F.,
 ( 4, 4 ),
 ( 0.000000000000000000, 1.000000000000000000 ),
 .UNSPECIFIED. ) ;
#7142 = VECTOR ( 'NONE', #8480, 1000.000000000000000 ) ;
#7143 = VERTEX_POINT ( 'NONE', #902 ) ;
#7144 = VECTOR ( 'NONE', #8865, 1000.000000000000000 ) ;
#7145 = CARTESIAN_POINT ( 'NONE',  ( 2.900000000000001243, 1.439999999999999503, 2.999999999999999112 ) ) ;
#7146 = CARTESIAN_POINT ( 'NONE',  ( 3.293495644125304267, 0.1030071393478465686, 0.5892226903609812938 ) ) ;
#7147 = LINE ( 'NONE', #10616, #2902 ) ;
#7148 = EDGE_CURVE ( 'NONE', #1732, #7478, #8374, .T. ) ;
#7149 = AXIS2_PLACEMENT_3D ( 'NONE', #7005, #3785, #9557 ) ;
#7150 = VECTOR ( 'NONE', #6744, 1000.000000000000114 ) ;
#7151 = CARTESIAN_POINT ( 'NONE',  ( -1.766485034026790357, 0.5604284549296925100, 2.996855001726780543 ) ) ;
#7152 = FACE_OUTER_BOUND ( 'NONE', #4472, .T. ) ;
#7153 = VERTEX_POINT ( 'NONE', #5901 ) ;
#7154 = EDGE_LOOP ( 'NONE', ( #5772, #3131, #3923, #283 ) ) ;
#7155 = B_SPLINE_CURVE_WITH_KNOTS ( 'NONE', 3,
 ( #561, #7103, #2966, #9655, #505, #6287, #2920, #5395, #2156, #9598, #3121, #1289, #9710, #6230, #5455, #7274, #8830, #2258, #5561, #2052, #2099, #3830, #6387, #8772, #4580, #3886, #7935, #8937, #7159, #404, #10520, #1435, #3020, #2212 ),
 .UNSPECIFIED., .F., .F.,
 ( 4, 1, 1, 2, 2, 2, 1, 1, 2, 2, 2, 1, 1, 2, 2, 2, 1, 1, 2, 2, 4 ),
 ( 0.000000000000000000, 0.06249999999999984734, 0.09374999999999977796, 0.1093749999999997502, 0.1249999999999997224, 0.2499999999999997224, 0.3124999999999997224, 0.3437499999999997780, 0.3593749999999998335, 0.3749999999999998890, 0.5000000000000002220, 0.5625000000000004441, 0.5937500000000004441, 0.6093750000000005551, 0.6250000000000004441, 0.7500000000000004441, 0.8125000000000004441, 0.8437500000000003331, 0.8593750000000003331, 0.8750000000000003331, 1.000000000000000000 ),
 .UNSPECIFIED. ) ;
#7156 = ORIENTED_EDGE ( 'NONE', *, *, #2927, .T. ) ;
#7157 = LINE ( 'NONE', #399, #10190 ) ;
#7158 = ORIENTED_EDGE ( 'NONE', *, *, #2464, .T. ) ;
#7159 = CARTESIAN_POINT ( 'NONE',  ( 0.6467502192728378230, 1.649999999999999911, 1.353739692867448996 ) ) ;
#7160 = EDGE_CURVE ( 'NONE', #6503, #7884, #2618, .T. ) ;
#7161 = ADVANCED_FACE ( 'NONE', ( #6771 ), #1713, .F. ) ;
#7162 = PRESENTATION_STYLE_ASSIGNMENT (( #10627 ) ) ;
#7163 = CARTESIAN_POINT ( 'NONE',  ( 1.777549079012978428, 1.650000000000000355, -0.6712239886737358940 ) ) ;
#7164 = CARTESIAN_POINT ( 'NONE',  ( 0.2813575826222802223, 0.05000000000000000278, 1.486487215446234078 ) ) ;
#7165 = FACE_OUTER_BOUND ( 'NONE', #1665, .T. ) ;
#7166 =( LENGTH_UNIT ( ) NAMED_UNIT ( * ) SI_UNIT ( .MILLI., .METRE. ) );
#7167 = CONICAL_SURFACE ( 'NONE', #6293, 0.3500000000258296495, 0.4844779289753708973 ) ;
#7168 = CYLINDRICAL_SURFACE ( 'NONE', #10188, 0.2000000000000000944 ) ;
#7169 = ORIENTED_EDGE ( 'NONE', *, *, #650, .F. ) ;
#7170 = AXIS2_PLACEMENT_3D ( 'NONE', #1656, #5061, #8433 ) ;
#7171 = UNCERTAINTY_MEASURE_WITH_UNIT (LENGTH_MEASURE( 1.000000000000000082E-05 ), #5060, 'distance_accuracy_value', 'NONE');
#7172 = EDGE_LOOP ( 'NONE', ( #9515, #2965, #1952, #5524 ) ) ;
#7173 = DIRECTION ( 'NONE',  ( -1.000000000000000000, -0.000000000000000000, -0.000000000000000000 ) ) ;
#7174 = ORIENTED_EDGE ( 'NONE', *, *, #442, .T. ) ;
#7175 = CARTESIAN_POINT ( 'NONE',  ( 0.02207900055614705689, 0.05000000000000001665, 2.050033475802874428 ) ) ;
#7176 = VERTEX_POINT ( 'NONE', #7609 ) ;
#7177 = PRODUCT_DEFINITION_SHAPE ( 'NONE', 'NONE',  #10820 ) ;
#7178 = EDGE_CURVE ( 'NONE', #9944, #2572, #654, .T. ) ;
#7179 = CARTESIAN_POINT ( 'NONE',  ( 1.725000000000000089, 1.117205701710528576, -2.809926963919710641 ) ) ;
#7180 = DIRECTION ( 'NONE',  ( -0.9861240419316825712, 0.01175908810768389219, 0.1655931694581541380 ) ) ;
#7181 = EDGE_CURVE ( 'NONE', #9570, #6785, #7491, .T. ) ;
#7182 = CARTESIAN_POINT ( 'NONE',  ( 1.725000000000000089, 1.800000000000000488, 2.947231250521888501 ) ) ;
#7183 = DIRECTION ( 'NONE',  ( -0.000000000000000000, 0.000000000000000000, -1.000000000000000000 ) ) ;
#7184 = CARTESIAN_POINT ( 'NONE',  ( -1.849999999999999645, 1.640000000000000346, 2.700000000000000178 ) ) ;
#7185 = VECTOR ( 'NONE', #7802, 1000.000000000000000 ) ;
#7186 =( NAMED_UNIT ( * ) PLANE_ANGLE_UNIT ( ) SI_UNIT ( $, .RADIAN. ) );
#7187 = EDGE_CURVE ( 'NONE', #10725, #4650, #6013, .T. ) ;
#7188 = ORIENTED_EDGE ( 'NONE', *, *, #8484, .F. ) ;
#7189 = DIRECTION ( 'NONE',  ( -3.771137991253926601E-16, 0.000000000000000000, 1.000000000000000000 ) ) ;
#7190 = CARTESIAN_POINT ( 'NONE',  ( 2.917157287525380394, 3.099999999999999201, -1.458578643762689975 ) ) ;
#7191 = CARTESIAN_POINT ( 'NONE',  ( -1.399999999999999911, 1.109374968413278095, 2.810277712176606713 ) ) ;
#7192 = EDGE_CURVE ( 'NONE', #9722, #1172, #5065, .T. ) ;
#7193 = SURFACE_SIDE_STYLE ('',( #4454 ) ) ;
#7194 = VECTOR ( 'NONE', #10270, 1000.000000000000000 ) ;
#7195 = CARTESIAN_POINT ( 'NONE',  ( -1.448482465358609028, 1.650000000000000133, -0.3952661566441326157 ) ) ;
#7196 = CARTESIAN_POINT ( 'NONE',  ( 3.000000000000000888, 1.639999999999999902, -2.400000000000000799 ) ) ;
#7197 = EDGE_CURVE ( 'NONE', #1184, #3467, #6665, .T. ) ;
#7198 = B_SPLINE_CURVE_WITH_KNOTS ( 'NONE', 3,
 ( #1123, #6941, #2752, #5286 ),
 .UNSPECIFIED., .F., .F.,
 ( 4, 4 ),
 ( 0.000000000000000000, 1.000000000000000000 ),
 .UNSPECIFIED. ) ;
#7199 = DIRECTION ( 'NONE',  ( 0.000000000000000000, -0.000000000000000000, -1.000000000000000000 ) ) ;
#7200 = VECTOR ( 'NONE', #6769, 1000.000000000000000 ) ;
#7201 = COLOUR_RGB ( '',0.6470588235294117974, 0.6196078431372549211, 0.5882352941176470784 ) ;
#7202 = VERTEX_POINT ( 'NONE', #8437 ) ;
#7203 = CARTESIAN_POINT ( 'NONE',  ( -2.999999999999999112, 0.000000000000000000, -4.500000000000001776 ) ) ;
#7204 = CARTESIAN_POINT ( 'NONE',  ( -3.232597679844644301, 0.3730819044509715021, -4.500000000000001776 ) ) ;
#7205 = VECTOR ( 'NONE', #1693, 1000.000000000000000 ) ;
#7206 = B_SPLINE_CURVE_WITH_KNOTS ( 'NONE', 3,
 ( #7834, #1078, #1948, #351 ),
 .UNSPECIFIED., .F., .F.,
 ( 4, 4 ),
 ( 0.000000000000000000, 1.000000000000000000 ),
 .UNSPECIFIED. ) ;
#7207 = CARTESIAN_POINT ( 'NONE',  ( -3.000000000000000444, 1.797345146833222218, -1.499999999999999778 ) ) ;
#7208 = AXIS2_PLACEMENT_3D ( 'NONE', #8269, #789, #4091 ) ;
#7209 = DIRECTION ( 'NONE',  ( 0.000000000000000000, -0.000000000000000000, 1.000000000000000000 ) ) ;
#7210 = ORIENTED_EDGE ( 'NONE', *, *, #9244, .F. ) ;
#7211 = ORIENTED_EDGE ( 'NONE', *, *, #4415, .F. ) ;
#7212 = CARTESIAN_POINT ( 'NONE',  ( -0.7999999999999999334, 1.649999999999999911, 2.700000000000000178 ) ) ;
#7213 = VERTEX_POINT ( 'NONE', #4254 ) ;
#7214 =( LENGTH_UNIT ( ) NAMED_UNIT ( * ) SI_UNIT ( .MILLI., .METRE. ) );
#7215 = VERTEX_POINT ( 'NONE', #6832 ) ;
#7216 = VECTOR ( 'NONE', #2529, 1000.000000000000000 ) ;
#7217 = LINE ( 'NONE', #3077, #5389 ) ;
#7218 = CARTESIAN_POINT ( 'NONE',  ( 1.528701009593780302, 1.650000000000000355, -1.158199755421494670 ) ) ;
#7219 = CARTESIAN_POINT ( 'NONE',  ( -1.949999999999999956, 0.2000000000000000111, 1.800000000000000266 ) ) ;
#7220 = SURFACE_STYLE_USAGE ( .BOTH. , #1390 ) ;
#7221 = DIRECTION ( 'NONE',  ( 0.000000000000000000, -0.000000000000000000, -1.000000000000000000 ) ) ;
#7222 = SURFACE_SIDE_STYLE ('',( #2060 ) ) ;
#7223 = ORIENTED_EDGE ( 'NONE', *, *, #3440, .F. ) ;
#7224 = PRESENTATION_LAYER_ASSIGNMENT (  '', '', ( #4765 ) ) ;
#7225 = ORIENTED_EDGE ( 'NONE', *, *, #3442, .F. ) ;
#7226 = COLOUR_RGB ( '',0.6470588235294117974, 0.6196078431372549211, 0.5882352941176470784 ) ;
#7227 = FACE_OUTER_BOUND ( 'NONE', #2811, .T. ) ;
#7228 = APPLICATION_CONTEXT ( 'automotive_design' ) ;
#7229 = EDGE_LOOP ( 'NONE', ( #4945, #6068, #7158, #6016, #776 ) ) ;
#7230 = CARTESIAN_POINT ( 'NONE',  ( -0.1722903811750637337, 0.05000000000000000278, 2.004943011059140634 ) ) ;
#7231 = EDGE_LOOP ( 'NONE', ( #8481, #6893, #1554, #2092 ) ) ;
#7232 = DIRECTION ( 'NONE',  ( 0.5299989400031801523, 0.8479983040050877996, 0.000000000000000000 ) ) ;
#7233 = CARTESIAN_POINT ( 'NONE',  ( -3.052456489953507823, 1.595996894053969273, -1.500000000000000222 ) ) ;
#7234 = LINE ( 'NONE', #2171, #562 ) ;
#7235 =( GEOMETRIC_REPRESENTATION_CONTEXT ( 3 ) GLOBAL_UNCERTAINTY_ASSIGNED_CONTEXT ( ( #6856 ) ) GLOBAL_UNIT_ASSIGNED_CONTEXT ( ( #6747, #10102, #8292 ) ) REPRESENTATION_CONTEXT ( 'NONE', 'WORKASPACE' ) );
#7236 = CARTESIAN_POINT ( 'NONE',  ( -1.849999999999999645, 1.640000000000000346, 2.700000000000000178 ) ) ;
#7237 = SHAPE_REPRESENTATION ( 'evqq2-dhmsw2-03w_', ( #5426, #10177, #3186, #3354, #5080, #10526 ), #8973 ) ;
#7238 = CARTESIAN_POINT ( 'NONE',  ( -2.963662989417781279, 1.800000000000000711, 1.500000000000000000 ) ) ;
#7239 = CARTESIAN_POINT ( 'NONE',  ( 1.750000000000000444, 1.006666666666666599, 2.799999999999999378 ) ) ;
#7240 = ORIENTED_EDGE ( 'NONE', *, *, #1924, .T. ) ;
#7241 = ORIENTED_EDGE ( 'NONE', *, *, #1988, .F. ) ;
#7242 = CARTESIAN_POINT ( 'NONE',  ( 1.750000000000000222, 1.649999999999999911, 2.772042636654167946 ) ) ;
#7243 = SURFACE_STYLE_USAGE ( .BOTH. , #2348 ) ;
#7244 = AXIS2_PLACEMENT_3D ( 'NONE', #190, #5963, #5135 ) ;
#7245 = EDGE_CURVE ( 'NONE', #4731, #1681, #6163, .T. ) ;
#7246 = LINE ( 'NONE', #3048, #10380 ) ;
#7247 = AXIS2_PLACEMENT_3D ( 'NONE', #6844, #405, #9398 ) ;
#7248 = DIRECTION ( 'NONE',  ( -1.000000000000000000, 0.000000000000000000, 7.542275982507851230E-16 ) ) ;
#7249 = FILL_AREA_STYLE_COLOUR ( '', #3512 ) ;
#7250 = DIRECTION ( 'NONE',  ( -1.000000000000000000, -0.000000000000000000, -0.000000000000000000 ) ) ;
#7251 = SURFACE_SIDE_STYLE ('',( #6531 ) ) ;
#7252 = LINE ( 'NONE', #10503, #2964 ) ;
#7253 =( NAMED_UNIT ( * ) PLANE_ANGLE_UNIT ( ) SI_UNIT ( $, .RADIAN. ) );
#7254 = VECTOR ( 'NONE', #10552, 1000.000000000000000 ) ;
#7255 = EDGE_CURVE ( 'NONE', #3416, #4202, #5127, .T. ) ;
#7256 = EDGE_CURVE ( 'NONE', #4879, #6741, #10129, .T. ) ;
#7257 = EDGE_CURVE ( 'NONE', #1430, #2904, #4308, .T. ) ;
#7258 = CARTESIAN_POINT ( 'NONE',  ( -0.8000000000000000444, 0.000000000000000000, 2.799999999999999822 ) ) ;
#7259 = EDGE_CURVE ( 'NONE', #5086, #7273, #3504, .T. ) ;
#7260 = VERTEX_POINT ( 'NONE', #4358 ) ;
#7261 = AXIS2_PLACEMENT_3D ( 'NONE', #4336, #7584, #7693 ) ;
#7262 = CARTESIAN_POINT ( 'NONE',  ( -0.4131558286149702441, 0.05000000000000001665, 1.878856756667942385 ) ) ;
#7263 = DIRECTION ( 'NONE',  ( -0.000000000000000000, 0.9998264715454812102, 0.01862865526314227624 ) ) ;
#7264 = PRESENTATION_STYLE_ASSIGNMENT (( #3928 ) ) ;
#7265 = PLANE ( 'NONE',  #2097 ) ;
#7266 = LINE ( 'NONE', #2248, #421 ) ;
#7267 = FILL_AREA_STYLE ('',( #8310 ) ) ;
#7268 = ORIENTED_EDGE ( 'NONE', *, *, #9960, .T. ) ;
#7269 = ORIENTED_EDGE ( 'NONE', *, *, #1073, .T. ) ;
#7270 = ADVANCED_FACE ( 'NONE', ( #7152 ), #1277, .T. ) ;
#7271 = VECTOR ( 'NONE', #3679, 1000.000000000000114 ) ;
#7272 = LINE ( 'NONE', #4577, #10368 ) ;
#7273 = VERTEX_POINT ( 'NONE', #1177 ) ;
#7274 = CARTESIAN_POINT ( 'NONE',  ( 1.464826579301679921, 1.649999999999999911, -0.3751396643601025982 ) ) ;
#7275 = PLANE ( 'NONE',  #9221 ) ;
#7276 = LINE ( 'NONE', #726, #5404 ) ;
#7277 = CARTESIAN_POINT ( 'NONE',  ( 0.06939212943777210707, 0.2400000000000000466, 1.950147332416783286 ) ) ;
#7278 = CARTESIAN_POINT ( 'NONE',  ( 3.000000000000000888, 1.539999999999999591, -2.700000000000001066 ) ) ;
#7279 = CARTESIAN_POINT ( 'NONE',  ( -1.750000000000000222, 0.9791474364207025660, -2.819525418635503655 ) ) ;
#7280 =( LENGTH_UNIT ( ) NAMED_UNIT ( * ) SI_UNIT ( .MILLI., .METRE. ) );
#7281 = ORIENTED_EDGE ( 'NONE', *, *, #6367, .T. ) ;
#7282 = UNCERTAINTY_MEASURE_WITH_UNIT (LENGTH_MEASURE( 1.000000000000000082E-05 ), #10702, 'distance_accuracy_value', 'NONE');
#7283 = EDGE_LOOP ( 'NONE', ( #3449, #10176, #201, #836 ) ) ;
#7284 = CARTESIAN_POINT ( 'NONE',  ( 1.725000000000000089, 1.117205701710525911, 2.809926963919711085 ) ) ;
#7285 = ORIENTED_EDGE ( 'NONE', *, *, #8542, .T. ) ;
#7286 = LINE ( 'NONE', #2223, #1837 ) ;
#7287 = ORIENTED_EDGE ( 'NONE', *, *, #9755, .F. ) ;
#7288 = DIRECTION ( 'NONE',  ( 0.000000000000000000, -0.000000000000000000, -1.000000000000000000 ) ) ;
#7289 = CARTESIAN_POINT ( 'NONE',  ( -1.868750000000000133, 0.4000000000000000222, 0.5687499999999998668 ) ) ;
#7290 =( NAMED_UNIT ( * ) PLANE_ANGLE_UNIT ( ) SI_UNIT ( $, .RADIAN. ) );
#7291 = EDGE_CURVE ( 'NONE', #4001, #7884, #6993, .T. ) ;
#7292 = LINE ( 'NONE', #6457, #3489 ) ;
#7293 = ORIENTED_EDGE ( 'NONE', *, *, #2259, .F. ) ;
#7294 = ORIENTED_EDGE ( 'NONE', *, *, #249, .T. ) ;
#7295 = DIRECTION ( 'NONE',  ( 0.000000000000000000, -2.670717223410072953E-17, -1.000000000000000000 ) ) ;
#7296 = FILL_AREA_STYLE_COLOUR ( '', #3590 ) ;
#7297 = CARTESIAN_POINT ( 'NONE',  ( 2.799999999999999822, 3.100000000000000089, -1.399999999999999689 ) ) ;
#7298 = FACE_OUTER_BOUND ( 'NONE', #7125, .T. ) ;
#7299 = CARTESIAN_POINT ( 'NONE',  ( -3.189230603583417256, 0.1201714756737934098, 1.599999999999999867 ) ) ;
#7301 = FACE_OUTER_BOUND ( 'NONE', #10633, .T. ) ;
#7300 = CARTESIAN_POINT ( 'NONE',  ( -3.210989154900473430, 1.586465982334615665, -1.467446827165929335 ) ) ;
#7302 = CARTESIAN_POINT ( 'NONE',  ( 3.245194345276972925, 0.05348994967024928160, 0.5000000000000000000 ) ) ;
#7303 =( NAMED_UNIT ( * ) SI_UNIT ( $, .STERADIAN. ) SOLID_ANGLE_UNIT ( ) );
#7304 = CARTESIAN_POINT ( 'NONE',  ( 2.995566730469314543, 1.572223397183340143, -2.868205383690515919 ) ) ;
#7305 = DIRECTION ( 'NONE',  ( 0.000000000000000000, 0.07083354391113072523, -0.9974881498328639351 ) ) ;
#7306 = COLOUR_RGB ( '',0.6470588235294117974, 0.6196078431372549211, 0.5882352941176470784 ) ;
#7307 = VERTEX_POINT ( 'NONE', #10356 ) ;
#7308 = COLOUR_RGB ( '',0.6470588235294117974, 0.6196078431372549211, 0.5882352941176470784 ) ;
#7309 = B_SPLINE_CURVE_WITH_KNOTS ( 'NONE', 3,
 ( #7528, #3426, #8524, #5040, #3478, #3374 ),
 .UNSPECIFIED., .F., .F.,
 ( 4, 2, 4 ),
 ( 0.000000000000000000, 0.5000000000000000000, 1.000000000000000000 ),
 .UNSPECIFIED. ) ;
#7310 = CARTESIAN_POINT ( 'NONE',  ( -0.2609495294954312095, 0.04999999999999999584, 1.331005538995467585 ) ) ;
#7311 = LINE ( 'NONE', #4386, #3393 ) ;
#7312 = EDGE_CURVE ( 'NONE', #2047, #9283, #8483, .T. ) ;
#7313 =( GEOMETRIC_REPRESENTATION_CONTEXT ( 3 ) GLOBAL_UNCERTAINTY_ASSIGNED_CONTEXT ( ( #9513 ) ) GLOBAL_UNIT_ASSIGNED_CONTEXT ( ( #4345, #224, #1109 ) ) REPRESENTATION_CONTEXT ( 'NONE', 'WORKASPACE' ) );
#7314 = FILL_AREA_STYLE ('',( #6593 ) ) ;
#7315 = EDGE_CURVE ( 'NONE', #3700, #4808, #6278, .T. ) ;
#7316 = CARTESIAN_POINT ( 'NONE',  ( -2.275444008190514733, 0.9726542196610570290, 2.731307302345950205 ) ) ;
#7317 = FILL_AREA_STYLE_COLOUR ( '', #6877 ) ;
#7318 = SURFACE_SIDE_STYLE ('',( #2422 ) ) ;
#7319 = ORIENTED_EDGE ( 'NONE', *, *, #3539, .F. ) ;
#7320 = VERTEX_POINT ( 'NONE', #7979 ) ;
#7321 = EDGE_CURVE ( 'NONE', #4063, #10112, #498, .T. ) ;
#7322 = CARTESIAN_POINT ( 'NONE',  ( 2.990236892706218175, 1.031921264897565305, -2.951527589385392059 ) ) ;
#7323 = DIRECTION ( 'NONE',  ( 0.000000000000000000, -0.8479983040050887988, 0.5299989400031787090 ) ) ;
#7324 = COLOUR_RGB ( '',0.6470588235294117974, 0.6196078431372549211, 0.5882352941176470784 ) ;
#7325 = ORIENTED_EDGE ( 'NONE', *, *, #7109, .T. ) ;
#7326 = VECTOR ( 'NONE', #3474, 1000.000000000000000 ) ;
#7327 = LINE ( 'NONE', #4895, #9715 ) ;
#7328 = VECTOR ( 'NONE', #4174, 1000.000000000000000 ) ;
#7329 = CARTESIAN_POINT ( 'NONE',  ( 0.1207150186126697000, 1.650000000000000133, 1.899999999999999911 ) ) ;
#7330 = CARTESIAN_POINT ( 'NONE',  ( -1.950000000000000622, 0.2000000000000000111, 0.000000000000000000 ) ) ;
#7331 =( NAMED_UNIT ( * ) PLANE_ANGLE_UNIT ( ) SI_UNIT ( $, .RADIAN. ) );
#7332 = FACE_OUTER_BOUND ( 'NONE', #5147, .T. ) ;
#7333 = COLOUR_RGB ( '',0.6470588235294117974, 0.6196078431372549211, 0.5882352941176470784 ) ;
#7334 = EDGE_CURVE ( 'NONE', #10086, #7792, #6331, .T. ) ;
#7335 =( NAMED_UNIT ( * ) SI_UNIT ( $, .STERADIAN. ) SOLID_ANGLE_UNIT ( ) );
#7336 = ORIENTED_EDGE ( 'NONE', *, *, #2394, .F. ) ;
#7337 = EDGE_LOOP ( 'NONE', ( #741, #5554, #9485, #1574 ) ) ;
#7338 = AXIS2_PLACEMENT_3D ( 'NONE', #7043, #3665, #5546 ) ;
#7339 = DIRECTION ( 'NONE',  ( 0.000000000000000000, -1.000000000000000000, 6.195440985631453345E-16 ) ) ;
#7340 = EDGE_LOOP ( 'NONE', ( #7759, #10, #8169, #3034 ) ) ;
#7341 = CARTESIAN_POINT ( 'NONE',  ( 0.3500000000546608092, 0.05000000000000001665, 1.744684596955439204 ) ) ;
#7342 = EDGE_LOOP ( 'NONE', ( #7744, #10807, #9008, #8606 ) ) ;
#7343 = CARTESIAN_POINT ( 'NONE',  ( 0.8000000000000000444, 1.569124839807742644, 2.799999999999999822 ) ) ;
#7344 = LINE ( 'NONE', #6353, #2975 ) ;
#7345 = LINE ( 'NONE', #4058, #9491 ) ;
#7346 = B_SPLINE_CURVE_WITH_KNOTS ( 'NONE', 3,
 ( #10087, #5738, #6505, #675 ),
 .UNSPECIFIED., .F., .F.,
 ( 4, 4 ),
 ( 0.000000000000000000, 1.000000000000000000 ),
 .UNSPECIFIED. ) ;
#7347 = CARTESIAN_POINT ( 'NONE',  ( 3.250000000000001776, 1.321879589400769328, -0.5999999999999972022 ) ) ;
#7348 = CARTESIAN_POINT ( 'NONE',  ( 0.5008432282193358009, 1.800000000000000488, -1.834688492550782257 ) ) ;
#7349 = CARTESIAN_POINT ( 'NONE',  ( 2.960430303930566609, 1.460288957344887173, -2.979748273901479561 ) ) ;
#7350 = AXIS2_PLACEMENT_3D ( 'NONE', #6496, #507, #10738 ) ;
#7351 = PLANE ( 'NONE',  #707 ) ;
#7352 = ORIENTED_EDGE ( 'NONE', *, *, #4363, .T. ) ;
#7353 = ORIENTED_EDGE ( 'NONE', *, *, #2033, .F. ) ;
#7354 = DIRECTION ( 'NONE',  ( -0.5299989400031804854, -0.8479983040050875776, 0.000000000000000000 ) ) ;
#7355 = DIRECTION ( 'NONE',  ( 0.000000000000000000, 1.000000000000000000, 0.000000000000000000 ) ) ;
#7356 = ORIENTED_EDGE ( 'NONE', *, *, #5860, .T. ) ;
#7357 = AXIS2_PLACEMENT_3D ( 'NONE', #5034, #9196, #6749 ) ;
#7358 = SURFACE_STYLE_FILL_AREA ( #4015 ) ;
#7359 = ADVANCED_FACE ( 'NONE', ( #6483 ), #5718, .T. ) ;
#7360 = LINE ( 'NONE', #6409, #3339 ) ;
#7361 = LINE ( 'NONE', #3423, #4194 ) ;
#7362 = SURFACE_STYLE_USAGE ( .BOTH. , #3152 ) ;
#7364 = CYLINDRICAL_SURFACE ( 'NONE', #1522, 0.4499999999999999001 ) ;
#7363 = PLANE ( 'NONE',  #4333 ) ;
#7365 = FACE_OUTER_BOUND ( 'NONE', #10805, .T. ) ;
#7366 = MECHANICAL_DESIGN_GEOMETRIC_PRESENTATION_REPRESENTATION (  '', ( #6833 ), #3530 ) ;
#7367 = CARTESIAN_POINT ( 'NONE',  ( 1.725000000000000089, 1.119999999999999885, 2.959900934651531479 ) ) ;
#7368 = LINE ( 'NONE', #7258, #5027 ) ;
#7369 = EDGE_CURVE ( 'NONE', #9944, #5893, #9861, .T. ) ;
#7370 = ORIENTED_EDGE ( 'NONE', *, *, #4964, .T. ) ;
#7371 = ORIENTED_EDGE ( 'NONE', *, *, #6708, .F. ) ;
#7372 = CARTESIAN_POINT ( 'NONE',  ( -0.05658671886701294174, 0.05000000000000000971, 2.147367061289841228 ) ) ;
#7373 = CARTESIAN_POINT ( 'NONE',  ( -3.300000000000000266, 0.7661623507412511636, -2.400000000000000799 ) ) ;
#7374 = CARTESIAN_POINT ( 'NONE',  ( -1.725000000000000089, 1.569124839807742644, 2.799999999999999822 ) ) ;
#7375 = CARTESIAN_POINT ( 'NONE',  ( 3.197123022628389322, 0.1661989060850457278, 2.400000000000001243 ) ) ;
#7376 = PRESENTATION_LAYER_ASSIGNMENT (  '', '', ( #3547 ) ) ;
#7377 = VECTOR ( 'NONE', #218, 1000.000000000000000 ) ;
#7378 = CYLINDRICAL_SURFACE ( 'NONE', #6415, 0.2500000000000006661 ) ;
#7379 = ORIENTED_EDGE ( 'NONE', *, *, #7484, .F. ) ;
#7380 = ORIENTED_EDGE ( 'NONE', *, *, #6819, .T. ) ;
#7381 = SURFACE_STYLE_USAGE ( .BOTH. , #8199 ) ;
#7382 = EDGE_CURVE ( 'NONE', #10752, #7726, #610, .T. ) ;
#7383 = EDGE_CURVE ( 'NONE', #4301, #5947, #8249, .T. ) ;
#7384 = ORIENTED_EDGE ( 'NONE', *, *, #10455, .T. ) ;
#7385 = EDGE_CURVE ( 'NONE', #4948, #9176, #2230, .T. ) ;
#7386 =( GEOMETRIC_REPRESENTATION_CONTEXT ( 3 ) GLOBAL_UNCERTAINTY_ASSIGNED_CONTEXT ( ( #1394 ) ) GLOBAL_UNIT_ASSIGNED_CONTEXT ( ( #5020, #3462, #916 ) ) REPRESENTATION_CONTEXT ( 'NONE', 'WORKASPACE' ) );
#7387 = CARTESIAN_POINT ( 'NONE',  ( 2.949262050385192957, 1.627283847718370202, 2.812814078323087497 ) ) ;
#7388 = CARTESIAN_POINT ( 'NONE',  ( 0.4749134309315130587, 1.649999999999999689, -1.855532590672873017 ) ) ;
#7389 = CARTESIAN_POINT ( 'NONE',  ( -0.2500000000229194441, 0.2400000000000001021, 1.768824851219129135 ) ) ;
#7390 = DIRECTION ( 'NONE',  ( -0.000000000000000000, 0.9974881498328391771, 0.07083354391147972384 ) ) ;
#7391 = CARTESIAN_POINT ( 'NONE',  ( 2.299311015651891665, 0.6535254445971312443, 2.896099686836156373 ) ) ;
#7392 = ORIENTED_EDGE ( 'NONE', *, *, #6432, .F. ) ;
#7393 = EDGE_LOOP ( 'NONE', ( #191, #8326, #5068, #7996, #8554, #3191 ) ) ;
#7394 = EDGE_CURVE ( 'NONE', #8395, #4054, #4780, .T. ) ;
#7395 = MECHANICAL_DESIGN_GEOMETRIC_PRESENTATION_REPRESENTATION (  '', ( #252 ), #773 ) ;
#7396 = UNCERTAINTY_MEASURE_WITH_UNIT (LENGTH_MEASURE( 1.000000000000000082E-05 ), #7892, 'distance_accuracy_value', 'NONE');
#7397 = EDGE_CURVE ( 'NONE', #8394, #4271, #7266, .T. ) ;
#7398 = ORIENTED_EDGE ( 'NONE', *, *, #3173, .F. ) ;
#7399 = EDGE_CURVE ( 'NONE', #2150, #1598, #8195, .T. ) ;
#7400 = DIRECTION ( 'NONE',  ( 0.1660101621116044923, -0.06985066062633372985, -0.9836470460921151737 ) ) ;
#7401 = ORIENTED_EDGE ( 'NONE', *, *, #8627, .T. ) ;
#7402 = CARTESIAN_POINT ( 'NONE',  ( -0.2499999999999999445, 0.4000000000000000222, 0.6000000000000000888 ) ) ;
#7403 = ORIENTED_EDGE ( 'NONE', *, *, #579, .F. ) ;
#7404 = DIRECTION ( 'NONE',  ( 0.000000000000000000, 0.000000000000000000, -1.000000000000000000 ) ) ;
#7405 = PRESENTATION_STYLE_ASSIGNMENT (( #3955 ) ) ;
#7406 = CARTESIAN_POINT ( 'NONE',  ( -1.741666666666666918, 0.9793749684132836419, -2.819509261152941093 ) ) ;
#7407 = CARTESIAN_POINT ( 'NONE',  ( -3.000000000000000000, -2.710505431213761085E-17, -1.600000000000000311 ) ) ;
#7408 = LINE ( 'NONE', #8285, #1808 ) ;
#7409 = VECTOR ( 'NONE', #3155, 1000.000000000000000 ) ;
#7410 = DIRECTION ( 'NONE',  ( -0.000000000000000000, -1.000000000000000000, -0.000000000000000000 ) ) ;
#7411 = ORIENTED_EDGE ( 'NONE', *, *, #8541, .T. ) ;
#7412 = VERTEX_POINT ( 'NONE', #10729 ) ;
#7413 = CARTESIAN_POINT ( 'NONE',  ( -0.4500000000000001776, 0.05000000000000001665, 0.9000000000000000222 ) ) ;
#7414 = EDGE_CURVE ( 'NONE', #8332, #7684, #8755, .T. ) ;
#7415 = CARTESIAN_POINT ( 'NONE',  ( -2.917157287525380838, 3.099999999999999201, 1.458578643762689753 ) ) ;
#7416 = ORIENTED_EDGE ( 'NONE', *, *, #6540, .F. ) ;
#7417 =( NAMED_UNIT ( * ) PLANE_ANGLE_UNIT ( ) SI_UNIT ( $, .RADIAN. ) );
#7418 =( LENGTH_UNIT ( ) NAMED_UNIT ( * ) SI_UNIT ( .MILLI., .METRE. ) );
#7419 = CARTESIAN_POINT ( 'NONE',  ( -2.200000000000000622, 0.000000000000000000, -1.800000000000000266 ) ) ;
#7420 = CARTESIAN_POINT ( 'NONE',  ( -2.999999999999999556, 1.643164487128668361, 1.500000000000016875 ) ) ;
#7422 = DIRECTION ( 'NONE',  ( -0.000000000000000000, -1.000000000000000000, -0.000000000000000000 ) ) ;
#7421 = CARTESIAN_POINT ( 'NONE',  ( 3.092515106404908565, 1.769510837724634023, -1.500000000000000222 ) ) ;
#7423 = DIRECTION ( 'NONE',  ( -1.000000000000000000, -0.000000000000000000, -0.000000000000000000 ) ) ;
#7424 = VECTOR ( 'NONE', #232, 1000.000000000000000 ) ;
#7425 = DIRECTION ( 'NONE',  ( -0.000000000000000000, 0.000000000000000000, -1.000000000000000000 ) ) ;
#7426 = VERTEX_POINT ( 'NONE', #658 ) ;
#7427 = CARTESIAN_POINT ( 'NONE',  ( -0.4062254337343549904, 0.05000000000000000278, 1.894226645370225448 ) ) ;
#7428 = VECTOR ( 'NONE', #3473, 1000.000000000000000 ) ;
#7429 = CARTESIAN_POINT ( 'NONE',  ( 3.101604300710384621, 1.300000000000000266, 0.6000000000000009770 ) ) ;
#7430 = STYLED_ITEM ( 'NONE', ( #8247 ), #4494 ) ;
#7431 = SURFACE_STYLE_USAGE ( .BOTH. , #4942 ) ;
#7432 = CARTESIAN_POINT ( 'NONE',  ( 1.733283001604468687, 0.5606250315866705414, -2.999623222474929740 ) ) ;
#7433 = ORIENTED_EDGE ( 'NONE', *, *, #2591, .T. ) ;
#7434 = ORIENTED_EDGE ( 'NONE', *, *, #7966, .T. ) ;
#7435 = PLANE ( 'NONE',  #9474 ) ;
#7436 = ORIENTED_EDGE ( 'NONE', *, *, #2524, .T. ) ;
#7437 = CARTESIAN_POINT ( 'NONE',  ( 2.960430303930563944, 1.619748273901480129, 2.820288957344888381 ) ) ;
#7438 = CARTESIAN_POINT ( 'NONE',  ( -1.749999999999999334, 1.650000000000000355, 2.799999999999999822 ) ) ;
#7439 = CARTESIAN_POINT ( 'NONE',  ( 1.747290872468398648, 0.6931082577005894807, -2.840294828130991878 ) ) ;
#7440 = CARTESIAN_POINT ( 'NONE',  ( 1.725000000000000089, 0.9899999999999997691, 2.969132483627863639 ) ) ;
#7441 = CARTESIAN_POINT ( 'NONE',  ( -1.925148002730171726, 0.9769830308341538316, -2.790119379872318728 ) ) ;
#7442 = LINE ( 'NONE', #1504, #1051 ) ;
#7443 = VERTEX_POINT ( 'NONE', #6379 ) ;
#7444 = VERTEX_POINT ( 'NONE', #4824 ) ;
#7445 = VERTEX_POINT ( 'NONE', #1376 ) ;
#7446 = DIRECTION ( 'NONE',  ( -0.000000000000000000, 6.195440985631453345E-16, 1.000000000000000000 ) ) ;
#7447 = ORIENTED_EDGE ( 'NONE', *, *, #8404, .T. ) ;
#7448 =( NAMED_UNIT ( * ) PLANE_ANGLE_UNIT ( ) SI_UNIT ( $, .RADIAN. ) );
#7449 = ORIENTED_EDGE ( 'NONE', *, *, #3979, .T. ) ;
#7450 = SURFACE_STYLE_FILL_AREA ( #3458 ) ;
#7451 =( NAMED_UNIT ( * ) PLANE_ANGLE_UNIT ( ) SI_UNIT ( $, .RADIAN. ) );
#7452 = EDGE_CURVE ( 'NONE', #1348, #1172, #1706, .T. ) ;
#7453 = DIRECTION ( 'NONE',  ( -0.000000000000000000, -1.000000000000000000, -0.000000000000000000 ) ) ;
#7454 = LINE ( 'NONE', #3303, #5950 ) ;
#7455 = CARTESIAN_POINT ( 'NONE',  ( -3.000000000000000000, 0.2000000000000000111, -2.400000000000001243 ) ) ;
#7456 = EDGE_CURVE ( 'NONE', #1822, #2249, #7917, .T. ) ;
#7457 = EDGE_LOOP ( 'NONE', ( #3566, #7574, #202, #9876 ) ) ;
#7458 = VERTEX_POINT ( 'NONE', #1487 ) ;
#7459 = CARTESIAN_POINT ( 'NONE',  ( -3.100000000000000533, 1.800000000000000488, 2.500000000000001332 ) ) ;
#7460 = ADVANCED_FACE ( 'NONE', ( #8142 ), #3226, .F. ) ;
#7461 = ORIENTED_EDGE ( 'NONE', *, *, #5202, .F. ) ;
#7462 =( NAMED_UNIT ( * ) SI_UNIT ( $, .STERADIAN. ) SOLID_ANGLE_UNIT ( ) );
#7463 = DIRECTION ( 'NONE',  ( 0.000000000000000000, -1.000000000000000000, 0.000000000000000000 ) ) ;
#7464 = DIRECTION ( 'NONE',  ( 0.8682431421244602987, 0.000000000000000000, -0.4961389383568320932 ) ) ;
#7465 = DIRECTION ( 'NONE',  ( 0.000000000000000000, -0.07083354391148079243, -0.9974881498328389551 ) ) ;
#7466 = ADVANCED_FACE ( 'NONE', ( #7703 ), #4943, .T. ) ;
#7468 = CARTESIAN_POINT ( 'NONE',  ( 1.725000000000000311, 1.569124839807742644, -2.799999999999999822 ) ) ;
#7467 = PLANE ( 'NONE',  #9088 ) ;
#7469 = LINE ( 'NONE', #3375, #2520 ) ;
#7470 = CARTESIAN_POINT ( 'NONE',  ( 2.199999999999999734, 0.000000000000000000, -1.800000000000000488 ) ) ;
#7471 = EDGE_CURVE ( 'NONE', #5802, #2588, #9546, .T. ) ;
#7472 = FACE_OUTER_BOUND ( 'NONE', #5352, .T. ) ;
#7473 = ORIENTED_EDGE ( 'NONE', *, *, #1943, .F. ) ;
#7474 = CARTESIAN_POINT ( 'NONE',  ( -0.2231110542970684840, 0.05000000000000000278, 2.095729727388545793 ) ) ;
#7475 =( NAMED_UNIT ( * ) PLANE_ANGLE_UNIT ( ) SI_UNIT ( $, .RADIAN. ) );
#7476 = CARTESIAN_POINT ( 'NONE',  ( -1.724999999999999645, 1.602511008277607951, -2.950910843381012949 ) ) ;
#7477 = PRESENTATION_STYLE_ASSIGNMENT (( #8252 ) ) ;
#7478 = VERTEX_POINT ( 'NONE', #1867 ) ;
#7479 = ORIENTED_EDGE ( 'NONE', *, *, #6509, .T. ) ;
#7480 = SURFACE_SIDE_STYLE ('',( #4128 ) ) ;
#7481 = MECHANICAL_DESIGN_GEOMETRIC_PRESENTATION_REPRESENTATION (  '', ( #2619 ), #1912 ) ;
#7482 = ORIENTED_EDGE ( 'NONE', *, *, #2734, .F. ) ;
#7483 = STYLED_ITEM ( 'NONE', ( #6515 ), #6720 ) ;
#7484 = EDGE_CURVE ( 'NONE', #1787, #9333, #8479, .T. ) ;
#7485 = FACE_OUTER_BOUND ( 'NONE', #10265, .T. ) ;
#7486 =( NAMED_UNIT ( * ) SI_UNIT ( $, .STERADIAN. ) SOLID_ANGLE_UNIT ( ) );
#7487 = CARTESIAN_POINT ( 'NONE',  ( 2.927264974181814861, 1.640000000000000568, 2.700000000000000622 ) ) ;
#7488 = CARTESIAN_POINT ( 'NONE',  ( 0.2500000000295548030, 0.2400000000684449353, 1.700000000000000178 ) ) ;
#7489 = COLOUR_RGB ( '',0.6470588235294117974, 0.6196078431372549211, 0.5882352941176470784 ) ;
#7490 = CARTESIAN_POINT ( 'NONE',  ( -2.399999999999999467, 0.04999999999999996114, 0.9000000000000007994 ) ) ;
#7491 = LINE ( 'NONE', #17, #9522 ) ;
#7492 = DIRECTION ( 'NONE',  ( -1.951563910473911137E-15, 0.000000000000000000, 1.000000000000000000 ) ) ;
#7493 = ORIENTED_EDGE ( 'NONE', *, *, #2041, .F. ) ;
#7494 = ORIENTED_EDGE ( 'NONE', *, *, #10081, .T. ) ;
#7495 =( GEOMETRIC_REPRESENTATION_CONTEXT ( 3 ) GLOBAL_UNCERTAINTY_ASSIGNED_CONTEXT ( ( #200 ) ) GLOBAL_UNIT_ASSIGNED_CONTEXT ( ( #4885, #2366, #774 ) ) REPRESENTATION_CONTEXT ( 'NONE', 'WORKASPACE' ) );
#7496 = UNCERTAINTY_MEASURE_WITH_UNIT (LENGTH_MEASURE( 1.000000000000000082E-05 ), #9705, 'distance_accuracy_value', 'NONE');
#7497 = ORIENTED_EDGE ( 'NONE', *, *, #2300, .F. ) ;
#7498 = CARTESIAN_POINT ( 'NONE',  ( -1.749999999999999334, 0.000000000000000000, 2.799999999999999822 ) ) ;
#7499 = ORIENTED_EDGE ( 'NONE', *, *, #10484, .F. ) ;
#7500 = VECTOR ( 'NONE', #3417, 1000.000000000000227 ) ;
#7501 =( LENGTH_UNIT ( ) NAMED_UNIT ( * ) SI_UNIT ( .MILLI., .METRE. ) );
#7502 = EDGE_CURVE ( 'NONE', #6112, #1955, #7564, .T. ) ;
#7503 = ORIENTED_EDGE ( 'NONE', *, *, #3190, .F. ) ;
#7504 = VECTOR ( 'NONE', #5210, 1000.000000000000000 ) ;
#7505 = LINE ( 'NONE', #7565, #7057 ) ;
#7506 = CARTESIAN_POINT ( 'NONE',  ( 2.299999999999999822, 0.6538153425844858146, 2.900182071975717424 ) ) ;
#7507 = DIRECTION ( 'NONE',  ( 1.000000000000000000, -1.299418334065023394E-16, 2.079069334504041078E-16 ) ) ;
#7508 = CARTESIAN_POINT ( 'NONE',  ( 1.721844117651885497, 1.800000000000000711, -0.8046111561474288409 ) ) ;
#7509 = CARTESIAN_POINT ( 'NONE',  ( 1.725000000000000311, 1.563438306567024760, -2.801107992055742013 ) ) ;
#7510 =( GEOMETRIC_REPRESENTATION_CONTEXT ( 3 ) GLOBAL_UNCERTAINTY_ASSIGNED_CONTEXT ( ( #4098 ) ) GLOBAL_UNIT_ASSIGNED_CONTEXT ( ( #10202, #7451, #462 ) ) REPRESENTATION_CONTEXT ( 'NONE', 'WORKASPACE' ) );
#7511 = VECTOR ( 'NONE', #7976, 1000.000000000000000 ) ;
#7512 = ORIENTED_EDGE ( 'NONE', *, *, #7394, .F. ) ;
#7513 = VERTEX_POINT ( 'NONE', #165 ) ;
#7514 = ORIENTED_EDGE ( 'NONE', *, *, #2011, .T. ) ;
#7515 = CARTESIAN_POINT ( 'NONE',  ( 0.000000000000000000, 0.000000000000000000, 1.600000000000000533 ) ) ;
#7516 = CARTESIAN_POINT ( 'NONE',  ( -2.917157287525380394, 3.099999999999999201, -1.458578643762690863 ) ) ;
#7517 = ORIENTED_EDGE ( 'NONE', *, *, #9692, .T. ) ;
#7518 = DIRECTION ( 'NONE',  ( 0.000000000000000000, -0.7108982099748820671, 0.7032949132863883790 ) ) ;
#7519 = EDGE_CURVE ( 'NONE', #7619, #9418, #888, .T. ) ;
#7520 = EDGE_CURVE ( 'NONE', #3013, #4219, #10235, .T. ) ;
#7521 = VECTOR ( 'NONE', #8015, 1000.000000000000000 ) ;
#7522 = PLANE ( 'NONE',  #9382 ) ;
#7523 = CARTESIAN_POINT ( 'NONE',  ( 3.000000000000000888, 1.639999999999999902, 1.599999999999999423 ) ) ;
#7524 = CARTESIAN_POINT ( 'NONE',  ( 1.733333333333333615, 0.9793749684132834199, -2.819509261152939761 ) ) ;
#7525 =( NAMED_UNIT ( * ) PLANE_ANGLE_UNIT ( ) SI_UNIT ( $, .RADIAN. ) );
#7526 = ADVANCED_FACE ( 'NONE', ( #10067 ), #61, .F. ) ;
#7528 = CARTESIAN_POINT ( 'NONE',  ( -3.000000000000001332, 1.023333333333333428, -2.900000000000000355 ) ) ;
#7527 = CARTESIAN_POINT ( 'NONE',  ( 1.725000000000000089, 1.551862865526314250, 2.801828480139958888 ) ) ;
#7529 = CARTESIAN_POINT ( 'NONE',  ( -1.750000000000000222, 0.9791474364206997905, 2.819525418635504099 ) ) ;
#7530 = LINE ( 'NONE', #3481, #8201 ) ;
#7531 = FACE_OUTER_BOUND ( 'NONE', #2049, .T. ) ;
#7532 = EDGE_CURVE ( 'NONE', #5351, #8377, #5051, .T. ) ;
#7533 = ORIENTED_EDGE ( 'NONE', *, *, #6635, .F. ) ;
#7534 =( LENGTH_UNIT ( ) NAMED_UNIT ( * ) SI_UNIT ( .MILLI., .METRE. ) );
#7535 = VECTOR ( 'NONE', #694, 1000.000000000000000 ) ;
#7536 = LINE ( 'NONE', #59, #7075 ) ;
#7537 = VECTOR ( 'NONE', #5038, 1000.000000000000000 ) ;
#7538 = CARTESIAN_POINT ( 'NONE',  ( 3.101604300710384621, 1.300000000000000266, -2.076184765183203496 ) ) ;
#7539 = SURFACE_SIDE_STYLE ('',( #1752 ) ) ;
#7540 = LINE ( 'NONE', #9261, #1579 ) ;
#7541 = COLOUR_RGB ( '',0.6470588235294117974, 0.6196078431372549211, 0.5882352941176470784 ) ;
#7542 = EDGE_LOOP ( 'NONE', ( #27, #3070, #5586, #3826 ) ) ;
#7543 = ORIENTED_EDGE ( 'NONE', *, *, #9568, .F. ) ;
#7544 = CARTESIAN_POINT ( 'NONE',  ( 3.052456489953507823, 1.595996894053970383, 1.500000000000009326 ) ) ;
#7545 = VECTOR ( 'NONE', #6242, 1000.000000000000000 ) ;
#7546 = ORIENTED_EDGE ( 'NONE', *, *, #9815, .T. ) ;
#7547 = FACE_BOUND ( 'NONE', #1881, .T. ) ;
#7548 = DIRECTION ( 'NONE',  ( -0.000000000000000000, 0.000000000000000000, -1.000000000000000000 ) ) ;
#7549 = FACE_OUTER_BOUND ( 'NONE', #3083, .T. ) ;
#7550 = CARTESIAN_POINT ( 'NONE',  ( 2.399999999999999467, 0.4000000000000000222, 0.5687499999999998668 ) ) ;
#7551 = VECTOR ( 'NONE', #10517, 1000.000000000000114 ) ;
#7552 = CARTESIAN_POINT ( 'NONE',  ( 2.290034000519302282, 0.6028782868426965091, -2.905481172099111831 ) ) ;
#7553 = CARTESIAN_POINT ( 'NONE',  ( -1.849999999999999423, 9.857313811473279230, 2.799999999999999378 ) ) ;
#7554 = ORIENTED_EDGE ( 'NONE', *, *, #1381, .F. ) ;
#7555 = VERTEX_POINT ( 'NONE', #5115 ) ;
#7556 = ORIENTED_EDGE ( 'NONE', *, *, #9148, .T. ) ;
#7557 = VECTOR ( 'NONE', #567, 1000.000000000000000 ) ;
#7558 = CARTESIAN_POINT ( 'NONE',  ( -3.232597679844644301, 0.3730819044509715021, 1.599999999999999867 ) ) ;
#7559 = ORIENTED_EDGE ( 'NONE', *, *, #10350, .T. ) ;
#7560 = VECTOR ( 'NONE', #9344, 1000.000000000000114 ) ;
#7561 = AXIS2_PLACEMENT_3D ( 'NONE', #1132, #4420, #3511 ) ;
#7562 = DIRECTION ( 'NONE',  ( -1.908195823574487496E-17, -0.9974881498328391771, -0.07083354391147977935 ) ) ;
#7563 = ORIENTED_EDGE ( 'NONE', *, *, #7813, .T. ) ;
#7564 = B_SPLINE_CURVE_WITH_KNOTS ( 'NONE', 3,
 ( #7646, #3553, #9259, #834 ),
 .UNSPECIFIED., .F., .F.,
 ( 4, 4 ),
 ( 0.000000000000000000, 1.000000000000000000 ),
 .UNSPECIFIED. ) ;
#7565 = CARTESIAN_POINT ( 'NONE',  ( -1.749999999999999334, 1.649999999999999689, -2.799999999999999822 ) ) ;
#7566 = SURFACE_SIDE_STYLE ('',( #140 ) ) ;
#7567 = B_SPLINE_CURVE_WITH_KNOTS ( 'NONE', 3,
 ( #9181, #7406, #8222, #3253 ),
 .UNSPECIFIED., .F., .F.,
 ( 4, 4 ),
 ( 0.000000000000000000, 1.000000000000000000 ),
 .UNSPECIFIED. ) ;
#7568 = CARTESIAN_POINT ( 'NONE',  ( -1.766485034026788137, 0.5604284549296926210, -2.996855001726780987 ) ) ;
#7569 = FACE_OUTER_BOUND ( 'NONE', #738, .T. ) ;
#7570 = DIRECTION ( 'NONE',  ( -0.000000000000000000, 0.000000000000000000, 1.000000000000000000 ) ) ;
#7571 = AXIS2_PLACEMENT_3D ( 'NONE', #2542, #3447, #1012 ) ;
#7572 = VERTEX_POINT ( 'NONE', #10179 ) ;
#7573 = ORIENTED_EDGE ( 'NONE', *, *, #2842, .F. ) ;
#7574 = ORIENTED_EDGE ( 'NONE', *, *, #582, .T. ) ;
#7575 = PLANE ( 'NONE',  #2977 ) ;
#7576 = CARTESIAN_POINT ( 'NONE',  ( -1.949999999999999956, 0.000000000000000000, 2.400000000000001243 ) ) ;
#7577 = ORIENTED_EDGE ( 'NONE', *, *, #10338, .T. ) ;
#7578 = DIRECTION ( 'NONE',  ( 0.000000000000000000, 0.000000000000000000, -1.000000000000000000 ) ) ;
#7579 = AXIS2_PLACEMENT_3D ( 'NONE', #3333, #8360, #5168 ) ;
#7580 = DIRECTION ( 'NONE',  ( 0.000000000000000000, 1.000000000000000000, 0.000000000000000000 ) ) ;
#7581 =( NAMED_UNIT ( * ) SI_UNIT ( $, .STERADIAN. ) SOLID_ANGLE_UNIT ( ) );
#7582 = FILL_AREA_STYLE_COLOUR ( '', #3165 ) ;
#7584 = DIRECTION ( 'NONE',  ( -9.637352644315644054E-16, 0.000000000000000000, 1.000000000000000000 ) ) ;
#7583 = CARTESIAN_POINT ( 'NONE',  ( -3.046699193019193785, -2.801561473043597385E-16, 2.400000000000000799 ) ) ;
#7585 = CARTESIAN_POINT ( 'NONE',  ( -2.983712137608796056, 1.485320523507900337, -2.954977569562696083 ) ) ;
#7586 = LINE ( 'NONE', #6755, #2808 ) ;
#7587 = CARTESIAN_POINT ( 'NONE',  ( -2.299999999999999822, 0.9829864320293230096, -2.876807002484933928 ) ) ;
#7588 = PRESENTATION_LAYER_ASSIGNMENT (  '', '', ( #8650 ) ) ;
#7589 = CARTESIAN_POINT ( 'NONE',  ( -1.754121258506704084, 0.5499508558357426580, 2.849307944812963900 ) ) ;
#7590 = ORIENTED_EDGE ( 'NONE', *, *, #2033, .T. ) ;
#7591 = CARTESIAN_POINT ( 'NONE',  ( -2.949262050385235590, 1.627283847718345333, -2.812814078323088385 ) ) ;
#7592 = ADVANCED_FACE ( 'NONE', ( #9376 ), #8534, .F. ) ;
#7593 = EDGE_CURVE ( 'NONE', #1955, #1885, #1570, .T. ) ;
#7594 = ADVANCED_FACE ( 'NONE', ( #9427 ), #7864, .T. ) ;
#7595 = FILL_AREA_STYLE_COLOUR ( '', #1576 ) ;
#7596 = DIRECTION ( 'NONE',  ( -1.000000000000000000, -0.000000000000000000, 0.000000000000000000 ) ) ;
#7597 = ADVANCED_FACE ( 'NONE', ( #7763 ), #6982, .F. ) ;
#7598 = CARTESIAN_POINT ( 'NONE',  ( 0.2500000000000001665, 0.3999999999999999667, -0.5999999999999999778 ) ) ;
#7599 = ORIENTED_EDGE ( 'NONE', *, *, #1942, .T. ) ;
#7600 = CARTESIAN_POINT ( 'NONE',  ( -4.049999999999998046, 0.000000000000000000, -2.400000000000000799 ) ) ;
#7601 = VERTEX_POINT ( 'NONE', #5222 ) ;
#7602 = VECTOR ( 'NONE', #83, 1000.000000000000000 ) ;
#7603 = VECTOR ( 'NONE', #7047, 1000.000000000000000 ) ;
#7604 = CARTESIAN_POINT ( 'NONE',  ( -2.265816373364158753, 0.5921997756537121793, 2.759948957482657228 ) ) ;
#7605 = CARTESIAN_POINT ( 'NONE',  ( -0.2986737760929906171, 1.650000000000000355, -1.883324721502327215 ) ) ;
#7606 = FACE_OUTER_BOUND ( 'NONE', #5146, .T. ) ;
#7607 = CARTESIAN_POINT ( 'NONE',  ( 3.000000000000000444, 0.2000000000000000111, 1.599999999999999201 ) ) ;
#7608 = ADVANCED_FACE ( 'NONE', ( #490 ), #8703, .F. ) ;
#7609 = CARTESIAN_POINT ( 'NONE',  ( 1.399999999999999911, 1.109374968413277873, -2.810277712176606713 ) ) ;
#7610 = DIRECTION ( 'NONE',  ( -0.000000000000000000, -0.000000000000000000, -1.000000000000000000 ) ) ;
#7611 = EDGE_LOOP ( 'NONE', ( #9097, #123, #8345, #6349 ) ) ;
#7612 = VERTEX_POINT ( 'NONE', #10448 ) ;
#7613 = ADVANCED_FACE ( 'NONE', ( #2950 ), #5433, .F. ) ;
#7614 = VECTOR ( 'NONE', #8863, 1000.000000000000000 ) ;
#7615 = UNCERTAINTY_MEASURE_WITH_UNIT (LENGTH_MEASURE( 1.000000000000000082E-05 ), #1045, 'distance_accuracy_value', 'NONE');
#7616 = ORIENTED_EDGE ( 'NONE', *, *, #9380, .T. ) ;
#7617 = CARTESIAN_POINT ( 'NONE',  ( 0.000000000000000000, 3.000000000000000000, -1.500000000000000222 ) ) ;
#7618 = ORIENTED_EDGE ( 'NONE', *, *, #5714, .F. ) ;
#7619 = VERTEX_POINT ( 'NONE', #33 ) ;
#7620 = AXIS2_PLACEMENT_3D ( 'NONE', #2456, #9038, #10768 ) ;
#7621 = FILL_AREA_STYLE_COLOUR ( '', #1310 ) ;
#7622 = FACE_OUTER_BOUND ( 'NONE', #8348, .T. ) ;
#7623 = CARTESIAN_POINT ( 'NONE',  ( -1.749999999999999334, 0.000000000000000000, -2.799999999999999822 ) ) ;
#7624 =( NAMED_UNIT ( * ) SI_UNIT ( $, .STERADIAN. ) SOLID_ANGLE_UNIT ( ) );
#7625 = CARTESIAN_POINT ( 'NONE',  ( 3.000000000000000444, -1.350416637735500913, -1.500000000000000000 ) ) ;
#7626 = CARTESIAN_POINT ( 'NONE',  ( 2.299999999999999822, 0.6538153425844858146, 2.900182071975717424 ) ) ;
#7627 = B_SPLINE_CURVE_WITH_KNOTS ( 'NONE', 3,
 ( #877, #3322, #5884, #3479, #7585, #5825, #9903, #10002, #988, #4285, #2415, #4073 ),
 .UNSPECIFIED., .F., .F.,
 ( 4, 2, 2, 2, 2, 4 ),
 ( 0.000000000000000000, 0.2500000000000034972, 0.3750000000000042188, 0.4375000000000039968, 0.5000000000000037748, 1.000000000000000000 ),
 .UNSPECIFIED. ) ;
#7628 = ORIENTED_EDGE ( 'NONE', *, *, #5356, .F. ) ;
#7629 = UNCERTAINTY_MEASURE_WITH_UNIT (LENGTH_MEASURE( 1.000000000000000082E-05 ), #2958, 'distance_accuracy_value', 'NONE');
#7630 = VERTEX_POINT ( 'NONE', #4212 ) ;
#7631 = EDGE_LOOP ( 'NONE', ( #3621, #2098, #9661, #4141, #4540 ) ) ;
#7632 = FILL_AREA_STYLE_COLOUR ( '', #221 ) ;
#7633 = EDGE_LOOP ( 'NONE', ( #6459, #6790, #359, #9567 ) ) ;
#7634 = CYLINDRICAL_SURFACE ( 'NONE', #9542, 0.09999999999999982514 ) ;
#7635 = CARTESIAN_POINT ( 'NONE',  ( 1.733283001604468687, 0.9899999999999999911, 2.969132483627864527 ) ) ;
#7636 = VERTEX_POINT ( 'NONE', #3106 ) ;
#7638 = LINE ( 'NONE', #157, #8687 ) ;
#7637 = DIRECTION ( 'NONE',  ( 0.000000000000000000, 0.000000000000000000, -1.000000000000000000 ) ) ;
#7639 = DIRECTION ( 'NONE',  ( 0.03489949670249566094, -0.9993908270190958731, 0.000000000000000000 ) ) ;
#7640 = CARTESIAN_POINT ( 'NONE',  ( 1.399999999999999911, 1.114592996245837186, -2.809975643556418490 ) ) ;
#7641 = CARTESIAN_POINT ( 'NONE',  ( 1.750000000000000000, 0.9791474364206995684, 2.819525418635503655 ) ) ;
#7642 = CARTESIAN_POINT ( 'NONE',  ( 1.725000000000000089, 1.557616856953456974, 2.801218986759971941 ) ) ;
#7643 = ORIENTED_EDGE ( 'NONE', *, *, #5714, .T. ) ;
#7644 = LINE ( 'NONE', #996, #10426 ) ;
#7645 = FACE_OUTER_BOUND ( 'NONE', #39, .T. ) ;
#7646 = CARTESIAN_POINT ( 'NONE',  ( 3.062593455610858051, 1.564586392933846160, -1.467446827165984402 ) ) ;
#7647 = DIRECTION ( 'NONE',  ( 3.208351305435932742E-15, -0.1643989873053572914, -0.9863939238321437486 ) ) ;
#7648 = EDGE_LOOP ( 'NONE', ( #9781, #1027, #1280, #8629 ) ) ;
#7649 = PLANE ( 'NONE',  #6286 ) ;
#7650 = ORIENTED_EDGE ( 'NONE', *, *, #6369, .T. ) ;
#7651 = PRODUCT_DEFINITION ( 'UNKNOWN', '', #6479, #10688 ) ;
#7652 = EDGE_CURVE ( 'NONE', #7215, #4247, #2357, .T. ) ;
#7653 = LINE ( 'NONE', #5230, #9897 ) ;
#7654 = EDGE_CURVE ( 'NONE', #7445, #9187, #8181, .T. ) ;
#7655 = CARTESIAN_POINT ( 'NONE',  ( -1.672248268018986739, 1.650000000000000355, -0.9066147603745851047 ) ) ;
#7656 =( LENGTH_UNIT ( ) NAMED_UNIT ( * ) SI_UNIT ( .MILLI., .METRE. ) );
#7657 = CARTESIAN_POINT ( 'NONE',  ( -1.755481998853010150, 0.9896145935288392925, 2.967998861909348474 ) ) ;
#7658 = EDGE_CURVE ( 'NONE', #4519, #5351, #6772, .T. ) ;
#7659 = CARTESIAN_POINT ( 'NONE',  ( 2.252200190522558820, 0.5643751027795047559, -2.914600570982610606 ) ) ;
#7660 = ADVANCED_BREP_SHAPE_REPRESENTATION ( '', ( #2788, #4552 ), #2679 ) ;
#7661 = DIRECTION ( 'NONE',  ( 0.000000000000000000, 0.000000000000000000, -1.000000000000000000 ) ) ;
#7662 = ORIENTED_EDGE ( 'NONE', *, *, #9663, .T. ) ;
#7663 = ORIENTED_EDGE ( 'NONE', *, *, #5335, .T. ) ;
#7664 = ORIENTED_EDGE ( 'NONE', *, *, #10073, .F. ) ;
#7665 = DIRECTION ( 'NONE',  ( -1.000000000000000000, 0.000000000000000000, -0.000000000000000000 ) ) ;
#7666 = ORIENTED_EDGE ( 'NONE', *, *, #3960, .T. ) ;
#7667 = PLANE ( 'NONE',  #7244 ) ;
#7668 = ORIENTED_EDGE ( 'NONE', *, *, #9947, .T. ) ;
#7669 = VECTOR ( 'NONE', #3506, 1000.000000000000000 ) ;
#7670 = EDGE_CURVE ( 'NONE', #7555, #1643, #918, .T. ) ;
#7671 = CARTESIAN_POINT ( 'NONE',  ( 3.101604300710384621, 1.300000000000000933, 1.200000000000027267 ) ) ;
#7672 = CARTESIAN_POINT ( 'NONE',  ( 1.649999999999999911, 0.05000000000000000278, 0.9999999999999993339 ) ) ;
#7673 = CARTESIAN_POINT ( 'NONE',  ( 1.850000000000000311, 0.9899999999999999911, 2.700000000000000178 ) ) ;
#7674 = CARTESIAN_POINT ( 'NONE',  ( 1.803100725573030250, 1.800000000000000044, 0.6005005043704704226 ) ) ;
#7675 = MECHANICAL_DESIGN_GEOMETRIC_PRESENTATION_REPRESENTATION (  '', ( #350 ), #7313 ) ;
#7676 = LINE ( 'NONE', #10311, #9317 ) ;
#7677 = DIRECTION ( 'NONE',  ( 0.000000000000000000, 1.000000000000000000, 0.000000000000000000 ) ) ;
#7678 = ORIENTED_EDGE ( 'NONE', *, *, #3484, .F. ) ;
#7679 = EDGE_LOOP ( 'NONE', ( #2874, #6598, #6995, #5921, #2976, #8213 ) ) ;
#7680 = VERTEX_POINT ( 'NONE', #6472 ) ;
#7681 = AXIS2_PLACEMENT_3D ( 'NONE', #4782, #3982, #5117 ) ;
#7682 = CARTESIAN_POINT ( 'NONE',  ( -2.400000000000000355, 0.3999999999999999667, -0.9000000000000005773 ) ) ;
#7683 = DIRECTION ( 'NONE',  ( 0.000000000000000000, 0.000000000000000000, -1.000000000000000000 ) ) ;
#7684 = VERTEX_POINT ( 'NONE', #6684 ) ;
#7685 =( NAMED_UNIT ( * ) SI_UNIT ( $, .STERADIAN. ) SOLID_ANGLE_UNIT ( ) );
#7686 = AXIS2_PLACEMENT_3D ( 'NONE', #8020, #2081, #5599 ) ;
#7687 = CARTESIAN_POINT ( 'NONE',  ( 1.749975804872960117, 0.9897519640084035952, -2.968859900848145106 ) ) ;
#7688 =( GEOMETRIC_REPRESENTATION_CONTEXT ( 3 ) GLOBAL_UNCERTAINTY_ASSIGNED_CONTEXT ( ( #9277 ) ) GLOBAL_UNIT_ASSIGNED_CONTEXT ( ( #4387, #5879, #7076 ) ) REPRESENTATION_CONTEXT ( 'NONE', 'WORKASPACE' ) );
#7689 = ORIENTED_EDGE ( 'NONE', *, *, #3179, .F. ) ;
#7690 = AXIS2_PLACEMENT_3D ( 'NONE', #4329, #9351, #5815 ) ;
#7691 = PLANE ( 'NONE',  #2493 ) ;
#7693 = DIRECTION ( 'NONE',  ( 1.000000000000000000, 0.000000000000000000, 9.637352644315644054E-16 ) ) ;
#7692 = LINE ( 'NONE', #8579, #5909 ) ;
#7694 = CARTESIAN_POINT ( 'NONE',  ( -2.999999999999999556, 1.643164487128668361, 1.500000000000016875 ) ) ;
#7695 = CARTESIAN_POINT ( 'NONE',  ( 1.399999999999999911, 1.111981563471722945, 2.810092612869348638 ) ) ;
#7696 = DIRECTION ( 'NONE',  ( 0.000000000000000000, 1.000000000000000000, 0.000000000000000000 ) ) ;
#7697 = CARTESIAN_POINT ( 'NONE',  ( 1.399999999999999911, 1.119999999999990337, 2.959900934651531479 ) ) ;
#7698 = ORIENTED_EDGE ( 'NONE', *, *, #5427, .F. ) ;
#7699 = FILL_AREA_STYLE_COLOUR ( '', #6817 ) ;
#7700 = PLANE ( 'NONE',  #8133 ) ;
#7701 = VECTOR ( 'NONE', #1577, 1000.000000000000000 ) ;
#7702 = B_SPLINE_CURVE_WITH_KNOTS ( 'NONE', 3,
 ( #4593, #8161, #476, #680, #2276, #5581, #3797, #8958, #7118, #1453, #1562, #9122, #4263, #5807 ),
 .UNSPECIFIED., .F., .F.,
 ( 4, 2, 2, 2, 2, 2, 4 ),
 ( 0.000000000000000000, 0.06249999999999958367, 0.1249999999999991673, 0.2499999999999990563, 0.4999999999999993339, 0.7499999999999996669, 1.000000000000000000 ),
 .UNSPECIFIED. ) ;
#7703 = FACE_OUTER_BOUND ( 'NONE', #3280, .T. ) ;
#7704 = VECTOR ( 'NONE', #6552, 1000.000000000000000 ) ;
#7705 = DIRECTION ( 'NONE',  ( -0.000000000000000000, -1.000000000000000000, -0.000000000000000000 ) ) ;
#7706 = ADVANCED_FACE ( 'NONE', ( #10555 ), #5659, .T. ) ;
#7707 = ORIENTED_EDGE ( 'NONE', *, *, #7046, .F. ) ;
#7708 = CARTESIAN_POINT ( 'NONE',  ( 0.000000000000000000, 0.2000000000000000111, 1.800000000000000266 ) ) ;
#7709 = ORIENTED_EDGE ( 'NONE', *, *, #9442, .T. ) ;
#7710 =( GEOMETRIC_REPRESENTATION_CONTEXT ( 3 ) GLOBAL_UNCERTAINTY_ASSIGNED_CONTEXT ( ( #1825 ) ) GLOBAL_UNIT_ASSIGNED_CONTEXT ( ( #8339, #3461, #8391 ) ) REPRESENTATION_CONTEXT ( 'NONE', 'WORKASPACE' ) );
#7711 = DIRECTION ( 'NONE',  ( -1.000000000000000000, -0.000000000000000000, -0.000000000000000000 ) ) ;
#7712 = DIRECTION ( 'NONE',  ( 0.5299989400031803743, -0.8479983040050877996, 2.626861724189541401E-16 ) ) ;
#7713 = FILL_AREA_STYLE ('',( #4307 ) ) ;
#7714 = DIRECTION ( 'NONE',  ( 0.000000000000000000, 1.000000000000000000, 0.000000000000000000 ) ) ;
#7715 = EDGE_CURVE ( 'NONE', #3338, #7478, #6916, .T. ) ;
#7716 = STYLED_ITEM ( 'NONE', ( #872 ), #1672 ) ;
#7717 = LINE ( 'NONE', #2642, #7669 ) ;
#7718 = ORIENTED_EDGE ( 'NONE', *, *, #10013, .T. ) ;
#7719 = PRODUCT_DEFINITION_FORMATION_WITH_SPECIFIED_SOURCE ( 'ANY', '', #10515, .NOT_KNOWN. ) ;
#7720 = PRODUCT_DEFINITION_CONTEXT ( 'detailed design', #1311, 'design' ) ;
#7721 = VERTEX_POINT ( 'NONE', #9510 ) ;
#7722 = EDGE_CURVE ( 'NONE', #7070, #6785, #10312, .T. ) ;
#7723 = DIRECTION ( 'NONE',  ( 0.9861240419316825712, 0.01175908810768430159, 0.1655931694581542768 ) ) ;
#7724 = VERTEX_POINT ( 'NONE', #1838 ) ;
#7725 = B_SPLINE_CURVE_WITH_KNOTS ( 'NONE', 3,
 ( #5941, #7642, #5673, #1043 ),
 .UNSPECIFIED., .F., .F.,
 ( 4, 4 ),
 ( 0.000000000000000000, 1.000000000000000000 ),
 .UNSPECIFIED. ) ;
#7726 = VERTEX_POINT ( 'NONE', #3523 ) ;
#7727 = VECTOR ( 'NONE', #6999, 1000.000000000000000 ) ;
#7728 = PRESENTATION_STYLE_ASSIGNMENT (( #1074 ) ) ;
#7729 = CARTESIAN_POINT ( 'NONE',  ( -1.849999999999999201, 1.640999999999999792, -2.700000000000001066 ) ) ;
#7730 = DIRECTION ( 'NONE',  ( 0.000000000000000000, 0.000000000000000000, 1.000000000000000000 ) ) ;
#7731 = CARTESIAN_POINT ( 'NONE',  ( 1.850000000000000311, 9.857313811473279230, 2.799999999999999378 ) ) ;
#7732 = DIRECTION ( 'NONE',  ( 0.5299989400031801523, 0.8479983040050877996, 0.000000000000000000 ) ) ;
#7733 = EDGE_CURVE ( 'NONE', #9585, #4728, #4478, .T. ) ;
#7734 = EDGE_CURVE ( 'NONE', #1021, #4774, #6514, .T. ) ;
#7735 = ADVANCED_FACE ( 'NONE', ( #1145 ), #1889, .F. ) ;
#7736 =( NAMED_UNIT ( * ) PLANE_ANGLE_UNIT ( ) SI_UNIT ( $, .RADIAN. ) );
#7737 = ORIENTED_EDGE ( 'NONE', *, *, #5365, .T. ) ;
#7738 = COLOUR_RGB ( '',0.6470588235294117974, 0.6196078431372549211, 0.5882352941176470784 ) ;
#7739 = UNCERTAINTY_MEASURE_WITH_UNIT (LENGTH_MEASURE( 1.000000000000000082E-05 ), #9374, 'distance_accuracy_value', 'NONE');
#7740 = VERTEX_POINT ( 'NONE', #1026 ) ;
#7741 = EDGE_CURVE ( 'NONE', #10086, #502, #10264, .T. ) ;
#7742 = SURFACE_STYLE_USAGE ( .BOTH. , #7839 ) ;
#7743 = CARTESIAN_POINT ( 'NONE',  ( -1.760106233148088783, 0.9981359227448183269, -2.748815536468909304 ) ) ;
#7744 = ORIENTED_EDGE ( 'NONE', *, *, #9290, .F. ) ;
#7745 = FILL_AREA_STYLE_COLOUR ( '', #3571 ) ;
#7746 = SURFACE_STYLE_FILL_AREA ( #5261 ) ;
#7747 = VECTOR ( 'NONE', #9873, 1000.000000000000000 ) ;
#7748 = EDGE_LOOP ( 'NONE', ( #770, #2331, #10036, #2114, #10366 ) ) ;
#7749 = DIRECTION ( 'NONE',  ( 0.1458639293384592084, 0.9893046619307648282, 0.000000000000000000 ) ) ;
#7751 = CARTESIAN_POINT ( 'NONE',  ( 1.850000000000000311, 1.650000000000000355, -2.700000000000001066 ) ) ;
#7750 = DIRECTION ( 'NONE',  ( -1.000000000000000000, 0.000000000000000000, 8.673617379883937653E-15 ) ) ;
#7752 = DIRECTION ( 'NONE',  ( -0.9860555265491638410, 0.000000000000000000, 0.1664166414811074080 ) ) ;
#7753 = SHAPE_REPRESENTATION ( 'EVQQ2-DHMSW2-03W_1', ( #4552 ), #7710 ) ;
#7754 = CARTESIAN_POINT ( 'NONE',  ( 5.000000000000000888, 0.000000000000000000, 2.700000000000000178 ) ) ;
#7755 = EDGE_CURVE ( 'NONE', #2164, #9585, #1587, .T. ) ;
#7756 = ORIENTED_EDGE ( 'NONE', *, *, #941, .T. ) ;
#7757 = STYLED_ITEM ( 'NONE', ( #9752 ), #7460 ) ;
#7758 = CARTESIAN_POINT ( 'NONE',  ( -2.899999999999999467, 1.639999999999999902, 3.000000000000000000 ) ) ;
#7759 = ORIENTED_EDGE ( 'NONE', *, *, #6996, .F. ) ;
#7760 = PRESENTATION_STYLE_ASSIGNMENT (( #3549 ) ) ;
#7761 = CARTESIAN_POINT ( 'NONE',  ( 1.725000000000000311, 1.800000000000000488, 2.799999999999999822 ) ) ;
#7762 = CARTESIAN_POINT ( 'NONE',  ( -2.969135892120487341, 1.612285464116823164, -2.827714666349990580 ) ) ;
#7763 = FACE_OUTER_BOUND ( 'NONE', #3005, .T. ) ;
#7764 = STYLED_ITEM ( 'NONE', ( #8336 ), #3948 ) ;
#7765 = B_SPLINE_CURVE_WITH_KNOTS ( 'NONE', 3,
 ( #10645, #9838, #2174, #5643 ),
 .UNSPECIFIED., .F., .F.,
 ( 4, 4 ),
 ( 0.000000000000000000, 1.000000000000000000 ),
 .UNSPECIFIED. ) ;
#7766 = DIRECTION ( 'NONE',  ( 0.000000000000000000, 0.7071067811865474617, 0.7071067811865474617 ) ) ;
#7767 = VECTOR ( 'NONE', #2639, 1000.000000000000000 ) ;
#7768 = ORIENTED_EDGE ( 'NONE', *, *, #1529, .T. ) ;
#7769 = EDGE_LOOP ( 'NONE', ( #2769, #8157, #5887, #8198, #9966 ) ) ;
#7770 = AXIS2_PLACEMENT_3D ( 'NONE', #5151, #10385, #10272 ) ;
#7771 = CARTESIAN_POINT ( 'NONE',  ( 1.823820061220085664, 1.650000000000000577, -2.700000000000001066 ) ) ;
#7772 = CARTESIAN_POINT ( 'NONE',  ( -1.855465047488721320, 1.650000000000000133, -0.4750839061574160249 ) ) ;
#7773 = EDGE_CURVE ( 'NONE', #5242, #9447, #9292, .T. ) ;
#7774 = CARTESIAN_POINT ( 'NONE',  ( -1.900000000000000133, 0.4500000000000001776, -0.6000000000000000888 ) ) ;
#7775 = CARTESIAN_POINT ( 'NONE',  ( 0.4500335298493904901, 0.04999999999999999584, 1.728437132132634835 ) ) ;
#7776 = ORIENTED_EDGE ( 'NONE', *, *, #5839, .T. ) ;
#7777 = ORIENTED_EDGE ( 'NONE', *, *, #4168, .T. ) ;
#7778 = VECTOR ( 'NONE', #4763, 1000.000000000000000 ) ;
#7779 = ORIENTED_EDGE ( 'NONE', *, *, #4817, .T. ) ;
#7780 =( NAMED_UNIT ( * ) SI_UNIT ( $, .STERADIAN. ) SOLID_ANGLE_UNIT ( ) );
#7781 = EDGE_LOOP ( 'NONE', ( #8068, #7556, #9229, #4197 ) ) ;
#7782 = VERTEX_POINT ( 'NONE', #5920 ) ;
#7783 =( NAMED_UNIT ( * ) SI_UNIT ( $, .STERADIAN. ) SOLID_ANGLE_UNIT ( ) );
#7784 = CARTESIAN_POINT ( 'NONE',  ( -0.4500000000000001776, 0.04999999999999988481, -0.3500000000000002554 ) ) ;
#7785 = PLANE ( 'NONE',  #945 ) ;
#7786 = SHAPE_DEFINITION_REPRESENTATION ( #8239, #4369 ) ;
#7787 = CARTESIAN_POINT ( 'NONE',  ( 1.100939157571369398, 1.800000000000000044, 1.558529982953942072 ) ) ;
#7788 = CARTESIAN_POINT ( 'NONE',  ( -3.101604300710384621, 1.300000000000000266, 1.200000000000027489 ) ) ;
#7789 = AXIS2_PLACEMENT_3D ( 'NONE', #3065, #4721, #7978 ) ;
#7790 = DIRECTION ( 'NONE',  ( 1.362202729533071336E-16, -7.784015597331843425E-17, -1.000000000000000000 ) ) ;
#7791 = ORIENTED_EDGE ( 'NONE', *, *, #8261, .T. ) ;
#7792 = VERTEX_POINT ( 'NONE', #6956 ) ;
#7793 = FILL_AREA_STYLE_COLOUR ( '', #4016 ) ;
#7794 = CARTESIAN_POINT ( 'NONE',  ( -0.7999999999999999334, 0.000000000000000000, 2.800000000000000266 ) ) ;
#7795 = ORIENTED_EDGE ( 'NONE', *, *, #9786, .T. ) ;
#7796 =( LENGTH_UNIT ( ) NAMED_UNIT ( * ) SI_UNIT ( .MILLI., .METRE. ) );
#7797 = ADVANCED_FACE ( 'NONE', ( #304 ), #3413, .T. ) ;
#7798 = ADVANCED_FACE ( 'NONE', ( #513 ), #2106, .F. ) ;
#7799 = EDGE_CURVE ( 'NONE', #3825, #6764, #6647, .T. ) ;
#7800 = CARTESIAN_POINT ( 'NONE',  ( 1.868750000000000133, 0.4000000000000000777, 0.5687499999999998668 ) ) ;
#7801 = CARTESIAN_POINT ( 'NONE',  ( -0.1207150186126697139, 1.800000000000001155, 1.899999999999999911 ) ) ;
#7802 = DIRECTION ( 'NONE',  ( 0.000000000000000000, 1.000000000000000000, 0.000000000000000000 ) ) ;
#7803 = ADVANCED_FACE ( 'NONE', ( #3839 ), #7168, .T. ) ;
#7804 =( LENGTH_UNIT ( ) NAMED_UNIT ( * ) SI_UNIT ( .MILLI., .METRE. ) );
#7806 = CARTESIAN_POINT ( 'NONE',  ( 2.900000000000001243, 1.640000000000000346, -2.700000000000001066 ) ) ;
#7805 = LINE ( 'NONE', #4227, #10644 ) ;
#7807 = LINE ( 'NONE', #8525, #10197 ) ;
#7808 = LINE ( 'NONE', #7754, #4683 ) ;
#7809 = EDGE_CURVE ( 'NONE', #6332, #3336, #5402, .T. ) ;
#7810 = VECTOR ( 'NONE', #2538, 1000.000000000000000 ) ;
#7811 = EDGE_LOOP ( 'NONE', ( #7563, #5309, #7411, #9132 ) ) ;
#7812 = DIRECTION ( 'NONE',  ( -2.990902544787597113E-16, 0.000000000000000000, -1.000000000000000000 ) ) ;
#7813 = EDGE_CURVE ( 'NONE', #5329, #3291, #10473, .T. ) ;
#7814 = DIRECTION ( 'NONE',  ( 0.000000000000000000, 0.000000000000000000, 1.000000000000000000 ) ) ;
#7815 = CARTESIAN_POINT ( 'NONE',  ( -2.550000000000002487, 0.000000000000000000, -1.599999999999999867 ) ) ;
#7816 = CARTESIAN_POINT ( 'NONE',  ( -3.000000000000003109, 1.574543207828265068, -2.865456792171734435 ) ) ;
#7817 = EDGE_CURVE ( 'NONE', #10275, #2446, #3890, .T. ) ;
#7818 = LINE ( 'NONE', #6054, #7854 ) ;
#7819 = ORIENTED_EDGE ( 'NONE', *, *, #4304, .F. ) ;
#7820 = ORIENTED_EDGE ( 'NONE', *, *, #866, .F. ) ;
#7821 = CARTESIAN_POINT ( 'NONE',  ( -1.724999999999999867, 1.800000000000000266, 2.701845832985406926 ) ) ;
#7822 = DIRECTION ( 'NONE',  ( -0.8682431421244595215, 0.000000000000000000, -0.4961389383568331479 ) ) ;
#7823 = CARTESIAN_POINT ( 'NONE',  ( -1.748645309301181561, 0.8361144450277639972, 2.829911096509761581 ) ) ;
#7824 = DIRECTION ( 'NONE',  ( -1.000000000000000000, 0.000000000000000000, -0.000000000000000000 ) ) ;
#7825 = SURFACE_STYLE_USAGE ( .BOTH. , #9647 ) ;
#7826 = ORIENTED_EDGE ( 'NONE', *, *, #7456, .F. ) ;
#7827 = ORIENTED_EDGE ( 'NONE', *, *, #6117, .T. ) ;
#7828 = VERTEX_POINT ( 'NONE', #7066 ) ;
#7829 = ORIENTED_EDGE ( 'NONE', *, *, #3179, .T. ) ;
#7830 = CARTESIAN_POINT ( 'NONE',  ( 3.291673936957678848, 0.1551740072072839149, -0.5999999999999999778 ) ) ;
#7831 = DIRECTION ( 'NONE',  ( 0.000000000000000000, 0.8479983040050884657, 0.5299989400031792641 ) ) ;
#7832 = PLANE ( 'NONE',  #8425 ) ;
#7833 = SURFACE_STYLE_USAGE ( .BOTH. , #7994 ) ;
#7834 = CARTESIAN_POINT ( 'NONE',  ( 3.052456489953507823, 1.595996894053970383, 1.500000000000009326 ) ) ;
#7835 = LINE ( 'NONE', #7010, #2154 ) ;
#7836 = ORIENTED_EDGE ( 'NONE', *, *, #9354, .F. ) ;
#7837 = UNCERTAINTY_MEASURE_WITH_UNIT (LENGTH_MEASURE( 1.000000000000000082E-05 ), #8505, 'distance_accuracy_value', 'NONE');
#7838 = ORIENTED_EDGE ( 'NONE', *, *, #8508, .F. ) ;
#7839 = SURFACE_SIDE_STYLE ('',( #1149 ) ) ;
#7840 = EDGE_CURVE ( 'NONE', #7555, #1507, #7835, .T. ) ;
#7841 = LINE ( 'NONE', #258, #8075 ) ;
#7842 = ORIENTED_EDGE ( 'NONE', *, *, #7058, .T. ) ;
#7843 =( GEOMETRIC_REPRESENTATION_CONTEXT ( 3 ) GLOBAL_UNCERTAINTY_ASSIGNED_CONTEXT ( ( #10135 ) ) GLOBAL_UNIT_ASSIGNED_CONTEXT ( ( #3932, #4125, #8091 ) ) REPRESENTATION_CONTEXT ( 'NONE', 'WORKASPACE' ) );
#7844 = DIRECTION ( 'NONE',  ( 0.000000000000000000, -2.670717223410072953E-17, -1.000000000000000000 ) ) ;
#7845 = VECTOR ( 'NONE', #8904, 1000.000000000000000 ) ;
#7846 = FACE_OUTER_BOUND ( 'NONE', #6240, .T. ) ;
#7847 = DIRECTION ( 'NONE',  ( 0.9861240419316836814, -0.01175908810768373086, 0.1655931694581474212 ) ) ;
#7848 = ORIENTED_EDGE ( 'NONE', *, *, #8521, .F. ) ;
#7849 = FILL_AREA_STYLE_COLOUR ( '', #9445 ) ;
#7850 = DIRECTION ( 'NONE',  ( 6.267966313779841069E-15, 0.9974881498328390661, 0.07083354391148079243 ) ) ;
#7851 = ORIENTED_EDGE ( 'NONE', *, *, #2703, .F. ) ;
#7852 = SURFACE_STYLE_USAGE ( .BOTH. , #7082 ) ;
#7853 = ADVANCED_FACE ( 'NONE', ( #2973 ), #6294, .T. ) ;
#7854 = VECTOR ( 'NONE', #6107, 1000.000000000000000 ) ;
#7855 = ADVANCED_FACE ( 'NONE', ( #4636 ), #2881, .F. ) ;
#7856 = DIRECTION ( 'NONE',  ( -6.505213034913037648E-15, 0.000000000000000000, -1.000000000000000000 ) ) ;
#7857 = COLOUR_RGB ( '',0.6470588235294117974, 0.6196078431372549211, 0.5882352941176470784 ) ;
#7858 = VECTOR ( 'NONE', #2732, 1000.000000000000000 ) ;
#7859 = EDGE_CURVE ( 'NONE', #9322, #4980, #1661, .T. ) ;
#7860 = CARTESIAN_POINT ( 'NONE',  ( -3.000000000000001332, 1.567957363345839461, -2.700000000000000178 ) ) ;
#7861 = CARTESIAN_POINT ( 'NONE',  ( -2.899999999999999467, 1.640000000000000346, 2.699999999999997513 ) ) ;
#7862 = CARTESIAN_POINT ( 'NONE',  ( -3.000000000000000000, 0.2000000000000000111, -2.400000000000001243 ) ) ;
#7863 = CARTESIAN_POINT ( 'NONE',  ( -1.725000000000000089, 1.109374968413270990, -2.810277712176607157 ) ) ;
#7864 = PLANE ( 'NONE',  #3899 ) ;
#7865 = B_SPLINE_CURVE_WITH_KNOTS ( 'NONE', 3,
 ( #5717, #6646, #9860, #9048, #1751, #6594, #2471, #2528, #5050, #3166, #713, #4029 ),
 .UNSPECIFIED., .F., .F.,
 ( 4, 2, 2, 2, 2, 4 ),
 ( 0.000000000000000000, 0.2500000000000017208, 0.3750000000000036082, 0.4375000000000044964, 0.5000000000000054401, 1.000000000000000000 ),
 .UNSPECIFIED. ) ;
#7866 = ADVANCED_FACE ( 'NONE', ( #4137 ), #6557, .T. ) ;
#7867 = VECTOR ( 'NONE', #4672, 1000.000000000000000 ) ;
#7868 = ADVANCED_FACE ( 'NONE', ( #6441 ), #9007, .F. ) ;
#7869 = EDGE_LOOP ( 'NONE', ( #9933, #9896, #2418, #3725 ) ) ;
#7870 = VERTEX_POINT ( 'NONE', #1553 ) ;
#7871 = CARTESIAN_POINT ( 'NONE',  ( -0.2500000000295548030, 0.2400000000684449630, 1.700000000000000178 ) ) ;
#7872 = DIRECTION ( 'NONE',  ( -0.000000000000000000, -1.000000000000000000, -0.000000000000000000 ) ) ;
#7873 = CARTESIAN_POINT ( 'NONE',  ( 1.725000000000000089, 0.5606250315866190270, -2.999623222474933293 ) ) ;
#7874 = DIRECTION ( 'NONE',  ( 0.000000000000000000, -0.000000000000000000, 1.000000000000000000 ) ) ;
#7875 = CARTESIAN_POINT ( 'NONE',  ( -2.204364238465235514E-17, 0.05000000000000000278, 1.250000000000000222 ) ) ;
#7876 = LINE ( 'NONE', #5502, #5913 ) ;
#7877 = EDGE_CURVE ( 'NONE', #3291, #3829, #7442, .T. ) ;
#7878 = ORIENTED_EDGE ( 'NONE', *, *, #7033, .F. ) ;
#7879 = VERTEX_POINT ( 'NONE', #4795 ) ;
#7880 = ORIENTED_EDGE ( 'NONE', *, *, #6899, .T. ) ;
#7881 = VECTOR ( 'NONE', #4222, 1000.000000000000000 ) ;
#7882 = LINE ( 'NONE', #3119, #7551 ) ;
#7883 = ORIENTED_EDGE ( 'NONE', *, *, #8458, .F. ) ;
#7884 = VERTEX_POINT ( 'NONE', #4093 ) ;
#7885 = VECTOR ( 'NONE', #8005, 1000.000000000000000 ) ;
#7886 = CARTESIAN_POINT ( 'NONE',  ( -3.250000000000000888, 1.321879589400768884, -2.076184765183203496 ) ) ;
#7887 = CARTESIAN_POINT ( 'NONE',  ( 2.999999999999999556, 1.800000000000000488, -2.500000000000000888 ) ) ;
#7888 = VECTOR ( 'NONE', #5022, 1000.000000000000000 ) ;
#7889 = LINE ( 'NONE', #5349, #5097 ) ;
#7890 =( NAMED_UNIT ( * ) PLANE_ANGLE_UNIT ( ) SI_UNIT ( $, .RADIAN. ) );
#7891 = VECTOR ( 'NONE', #873, 1000.000000000000000 ) ;
#7892 =( LENGTH_UNIT ( ) NAMED_UNIT ( * ) SI_UNIT ( .MILLI., .METRE. ) );
#7893 = VERTEX_POINT ( 'NONE', #3993 ) ;
#7894 = VERTEX_POINT ( 'NONE', #10685 ) ;
#7895 = CARTESIAN_POINT ( 'NONE',  ( 1.749653394080802116, 0.5499915388736735800, 2.849880849202526267 ) ) ;
#7896 = ORIENTED_EDGE ( 'NONE', *, *, #662, .F. ) ;
#7897 = AXIS2_PLACEMENT_3D ( 'NONE', #3998, #7446, #7339 ) ;
#7898 = CARTESIAN_POINT ( 'NONE',  ( 2.900000000000001243, 1.539999999999999813, -2.900000000000001243 ) ) ;
#7899 = CARTESIAN_POINT ( 'NONE',  ( 1.725000000000000311, 1.551862865526311808, -2.801828480139958444 ) ) ;
#7900 =( NAMED_UNIT ( * ) SI_UNIT ( $, .STERADIAN. ) SOLID_ANGLE_UNIT ( ) );
#7901 = VECTOR ( 'NONE', #4089, 1000.000000000000000 ) ;
#7902 = PRESENTATION_STYLE_ASSIGNMENT (( #479 ) ) ;
#7903 = DIRECTION ( 'NONE',  ( -0.1660101621115978587, 0.06985066062633378536, -0.9836470460921161729 ) ) ;
#7904 = DIRECTION ( 'NONE',  ( -0.000000000000000000, -1.000000000000000000, -0.000000000000000000 ) ) ;
#7905 = COLOUR_RGB ( '',0.6470588235294117974, 0.6196078431372549211, 0.5882352941176470784 ) ;
#7906 = AXIS2_PLACEMENT_3D ( 'NONE', #9707, #10414, #2917 ) ;
#7907 = CARTESIAN_POINT ( 'NONE',  ( 1.399999999999999911, 0.5499999999999999334, -2.999623222474934181 ) ) ;
#7908 = ORIENTED_EDGE ( 'NONE', *, *, #6119, .F. ) ;
#7909 =( LENGTH_UNIT ( ) NAMED_UNIT ( * ) SI_UNIT ( .MILLI., .METRE. ) );
#7910 = CARTESIAN_POINT ( 'NONE',  ( 2.176831603997347209, 0.5449102240437043720, 2.778325043173702102 ) ) ;
#7911 = VECTOR ( 'NONE', #6187, 1000.000000000000000 ) ;
#7912 = CARTESIAN_POINT ( 'NONE',  ( -1.725000000000000089, 0.9899999999999999911, 2.969132483627866304 ) ) ;
#7913 = PRESENTATION_STYLE_ASSIGNMENT (( #6363 ) ) ;
#7914 = DIRECTION ( 'NONE',  ( -0.000000000000000000, -1.000000000000000000, -0.000000000000000000 ) ) ;
#7915 = PLANE ( 'NONE',  #7686 ) ;
#7916 = DIRECTION ( 'NONE',  ( 0.000000000000000000, -0.7071067811865489050, -0.7071067811865461294 ) ) ;
#7917 = CIRCLE ( 'NONE', #1142, 0.1000000000000000472 ) ;
#7918 = FILL_AREA_STYLE_COLOUR ( '', #7489 ) ;
#7919 = ORIENTED_EDGE ( 'NONE', *, *, #9809, .F. ) ;
#7920 = EDGE_CURVE ( 'NONE', #6217, #9806, #9927, .T. ) ;
#7921 = CARTESIAN_POINT ( 'NONE',  ( 2.977164018681913937, 1.476448215373612038, 2.963654613817398253 ) ) ;
#7922 = CARTESIAN_POINT ( 'NONE',  ( -2.963662989417781279, 1.800000000000000933, -1.826752213202440522 ) ) ;
#7923 = EDGE_CURVE ( 'NONE', #3336, #364, #4740, .T. ) ;
#7924 = CARTESIAN_POINT ( 'NONE',  ( 1.399999999999999911, 1.117205701710528576, -2.809926963919710641 ) ) ;
#7925 =( GEOMETRIC_REPRESENTATION_CONTEXT ( 3 ) GLOBAL_UNCERTAINTY_ASSIGNED_CONTEXT ( ( #8511 ) ) GLOBAL_UNIT_ASSIGNED_CONTEXT ( ( #5863, #5015, #9285 ) ) REPRESENTATION_CONTEXT ( 'NONE', 'WORKASPACE' ) );
#7926 = EDGE_CURVE ( 'NONE', #3674, #1519, #4046, .T. ) ;
#7927 = DIRECTION ( 'NONE',  ( 0.1660101621115997461, 0.06985066062633318862, -0.9836470460921158399 ) ) ;
#7928 = DIRECTION ( 'NONE',  ( 0.000000000000000000, 1.000000000000000000, 0.000000000000000000 ) ) ;
#7929 = ORIENTED_EDGE ( 'NONE', *, *, #10269, .F. ) ;
#7930 = EDGE_LOOP ( 'NONE', ( #7590, #1648, #5504, #8034 ) ) ;
#7931 = ORIENTED_EDGE ( 'NONE', *, *, #7652, .F. ) ;
#7932 = LINE ( 'NONE', #9596, #9153 ) ;
#7933 = ORIENTED_EDGE ( 'NONE', *, *, #5231, .T. ) ;
#7934 = VECTOR ( 'NONE', #3455, 1000.000000000000000 ) ;
#7935 = CARTESIAN_POINT ( 'NONE',  ( 0.8692179112120340667, 1.649999999999999467, 1.230382299094667564 ) ) ;
#7936 = EDGE_CURVE ( 'NONE', #7828, #6141, #3187, .T. ) ;
#7937 = CARTESIAN_POINT ( 'NONE',  ( 1.850000000000000311, 0.000000000000000000, -2.800000000000000711 ) ) ;
#7938 = LINE ( 'NONE', #8775, #8591 ) ;
#7939 = LINE ( 'NONE', #10372, #8793 ) ;
#7940 = CARTESIAN_POINT ( 'NONE',  ( 0.000000000000000000, 0.000000000000000000, 0.000000000000000000 ) ) ;
#7941 = DIRECTION ( 'NONE',  ( 1.000000000000000000, 0.000000000000000000, -0.000000000000000000 ) ) ;
#7942 = EDGE_CURVE ( 'NONE', #246, #10131, #6609, .T. ) ;
#7943 = AXIS2_PLACEMENT_3D ( 'NONE', #6602, #3340, #9972 ) ;
#7944 = DIRECTION ( 'NONE',  ( -0.03489949670249306579, 0.9993908270190960952, 0.000000000000000000 ) ) ;
#7945 = ORIENTED_EDGE ( 'NONE', *, *, #10269, .T. ) ;
#7946 = UNCERTAINTY_MEASURE_WITH_UNIT (LENGTH_MEASURE( 1.000000000000000082E-05 ), #152, 'distance_accuracy_value', 'NONE');
#7947 = ORIENTED_EDGE ( 'NONE', *, *, #7397, .F. ) ;
#7948 = CARTESIAN_POINT ( 'NONE',  ( 3.052456489953511820, 1.595996894053965054, -1.500000000000018652 ) ) ;
#7949 = VERTEX_POINT ( 'NONE', #8548 ) ;
#7950 = DIRECTION ( 'NONE',  ( -0.000000000000000000, -1.000000000000000000, -0.000000000000000000 ) ) ;
#7951 = VERTEX_POINT ( 'NONE', #6773 ) ;
#7952 = VECTOR ( 'NONE', #8540, 1000.000000000000000 ) ;
#7953 = B_SPLINE_CURVE_WITH_KNOTS ( 'NONE', 3,
 ( #8265, #9056, #6660, #8369 ),
 .UNSPECIFIED., .F., .F.,
 ( 4, 4 ),
 ( 0.000000000000000000, 1.000000000000000000 ),
 .UNSPECIFIED. ) ;
#7954 = COLOUR_RGB ( '',0.6470588235294117974, 0.6196078431372549211, 0.5882352941176470784 ) ;
#7955 = CARTESIAN_POINT ( 'NONE',  ( -3.350901508546987095, 1.063012483650332740, -1.750000000000000888 ) ) ;
#7956 = DIRECTION ( 'NONE',  ( 0.000000000000000000, -0.9974881498328384000, 0.07083354391148863338 ) ) ;
#7957 =( NAMED_UNIT ( * ) PLANE_ANGLE_UNIT ( ) SI_UNIT ( $, .RADIAN. ) );
#7958 =( NAMED_UNIT ( * ) PLANE_ANGLE_UNIT ( ) SI_UNIT ( $, .RADIAN. ) );
#7959 = CARTESIAN_POINT ( 'NONE',  ( 3.071387591998028911E-16, 1.800000000000000266, -1.899999999999999911 ) ) ;
#7960 = ORIENTED_EDGE ( 'NONE', *, *, #2504, .F. ) ;
#7961 = LINE ( 'NONE', #1907, #6804 ) ;
#7962 = PRESENTATION_STYLE_ASSIGNMENT (( #7243 ) ) ;
#7963 = COLOUR_RGB ( '',0.6470588235294117974, 0.6196078431372549211, 0.5882352941176470784 ) ;
#7964 = PLANE ( 'NONE',  #7025 ) ;
#7965 = B_SPLINE_CURVE_WITH_KNOTS ( 'NONE', 3,
 ( #6834, #8438, #238, #3448 ),
 .UNSPECIFIED., .F., .F.,
 ( 4, 4 ),
 ( 0.000000000000000000, 1.000000000000000000 ),
 .UNSPECIFIED. ) ;
#7966 = EDGE_CURVE ( 'NONE', #3947, #3283, #7717, .T. ) ;
#7967 = LINE ( 'NONE', #325, #5583 ) ;
#7968 = SURFACE_STYLE_FILL_AREA ( #3654 ) ;
#7969 = CARTESIAN_POINT ( 'NONE',  ( 1.725000000000000089, 1.551862865526314028, 2.801828480139958888 ) ) ;
#7970 = SURFACE_STYLE_USAGE ( .BOTH. , #7251 ) ;
#7971 = COLOUR_RGB ( '',0.6470588235294117974, 0.6196078431372549211, 0.5882352941176470784 ) ;
#7972 = CARTESIAN_POINT ( 'NONE',  ( 1.750000000000000444, 1.640000000000000124, 2.799999999999999822 ) ) ;
#7973 = CARTESIAN_POINT ( 'NONE',  ( 3.040897557006598806, 1.618310533701240672, -1.500000000000000000 ) ) ;
#7974 = PRESENTATION_STYLE_ASSIGNMENT (( #10288 ) ) ;
#7975 = ORIENTED_EDGE ( 'NONE', *, *, #1609, .F. ) ;
#7976 = DIRECTION ( 'NONE',  ( 1.362202729533073308E-16, 7.784015597331837262E-17, -1.000000000000000000 ) ) ;
#7977 = DIRECTION ( 'NONE',  ( 0.000000000000000000, 0.07083354391147922424, -0.9974881498328391771 ) ) ;
#7978 = DIRECTION ( 'NONE',  ( -1.000000000000000000, 0.000000000000000000, 7.542275982507851230E-16 ) ) ;
#7979 = CARTESIAN_POINT ( 'NONE',  ( -3.035474657216254979, 0.4068829983659272287, -1.750000000000000666 ) ) ;
#7980 = ORIENTED_EDGE ( 'NONE', *, *, #2255, .F. ) ;
#7981 = EDGE_LOOP ( 'NONE', ( #9986, #9337, #8197, #7546, #1523 ) ) ;
#7982 = VERTEX_POINT ( 'NONE', #289 ) ;
#7983 = PRODUCT_RELATED_PRODUCT_CATEGORY ( 'part', '', ( #838 ) ) ;
#7984 = ADVANCED_FACE ( 'NONE', ( #4195 ), #2754, .F. ) ;
#7985 = FACE_OUTER_BOUND ( 'NONE', #9654, .T. ) ;
#7986 = ORIENTED_EDGE ( 'NONE', *, *, #1320, .T. ) ;
#7987 = EDGE_CURVE ( 'NONE', #8455, #7513, #5902, .T. ) ;
#7988 = DIRECTION ( 'NONE',  ( -1.000000000000000000, -0.000000000000000000, 0.000000000000000000 ) ) ;
#7989 = EDGE_CURVE ( 'NONE', #7153, #912, #5067, .T. ) ;
#7990 = DIRECTION ( 'NONE',  ( 1.000000000000000000, 0.000000000000000000, 0.000000000000000000 ) ) ;
#7991 = CARTESIAN_POINT ( 'NONE',  ( 1.883383651424223926, 1.649999999999999689, -0.2985248038745776933 ) ) ;
#7992 = CARTESIAN_POINT ( 'NONE',  ( 0.1510943771953678072, 0.05000000000000000278, 1.384066003173727522 ) ) ;
#7993 = LINE ( 'NONE', #1441, #1346 ) ;
#7994 = SURFACE_SIDE_STYLE ('',( #4635 ) ) ;
#7995 = FILL_AREA_STYLE ('',( #1391 ) ) ;
#7996 = ORIENTED_EDGE ( 'NONE', *, *, #8532, .F. ) ;
#7997 = EDGE_CURVE ( 'NONE', #7870, #9178, #7965, .T. ) ;
#7998 = ORIENTED_EDGE ( 'NONE', *, *, #6899, .F. ) ;
#7999 = PLANE ( 'NONE',  #2505 ) ;
#8000 = EDGE_LOOP ( 'NONE', ( #2327, #4280, #10367, #2507, #4256, #8499 ) ) ;
#8001 = FILL_AREA_STYLE ('',( #1353 ) ) ;
#8002 = ORIENTED_EDGE ( 'NONE', *, *, #6475, .F. ) ;
#8003 = ADVANCED_FACE ( 'NONE', ( #2697 ), #8602, .F. ) ;
#8004 = CYLINDRICAL_SURFACE ( 'NONE', #1265, 0.2500000000000006661 ) ;
#8005 = DIRECTION ( 'NONE',  ( 0.000000000000000000, 0.000000000000000000, 1.000000000000000000 ) ) ;
#8006 = SURFACE_SIDE_STYLE ('',( #5475 ) ) ;
#8007 =( BOUNDED_SURFACE ( )  B_SPLINE_SURFACE ( 3, 3, ( 
 ( #8171, #6408, #639, #7127 ),
 ( #4652, #9627, #7190, #6309 ),
 ( #8012, #2994, #6461, #9679 ),
 ( #2178, #9845, #5481, #3046 ) ),
 .UNSPECIFIED., .F., .F., .T. ) 
 B_SPLINE_SURFACE_WITH_KNOTS ( ( 4, 4 ),
 ( 4, 4 ),
 ( 0.000000000000000000, 1.000000000000000000 ),
 ( 0.000000000000000000, 1.000000000000000000 ),
 .UNSPECIFIED. ) 
 GEOMETRIC_REPRESENTATION_ITEM ( )  RATIONAL_B_SPLINE_SURFACE ( (
 ( 1.000000000000000000, 0.3333333333333334259, 0.3333333333333334259, 1.000000000000000000),
 ( 0.8047378541243649375, 0.2682459513747884050, 0.2682459513747884050, 0.8047378541243649375),
 ( 0.8047378541243649375, 0.2682459513747884050, 0.2682459513747884050, 0.8047378541243649375),
 ( 1.000000000000000000, 0.3333333333333334259, 0.3333333333333334259, 1.000000000000000000) ) ) 
 REPRESENTATION_ITEM ( '' )  SURFACE ( )  );
#8008 = DIRECTION ( 'NONE',  ( -2.891205793294684539E-15, 0.000000000000000000, -1.000000000000000000 ) ) ;
#8009 =( LENGTH_UNIT ( ) NAMED_UNIT ( * ) SI_UNIT ( .MILLI., .METRE. ) );
#8010 = ORIENTED_EDGE ( 'NONE', *, *, #8473, .F. ) ;
#8011 = CARTESIAN_POINT ( 'NONE',  ( 1.766485034026789469, 0.9893483593578136226, 2.966396577844844451 ) ) ;
#8012 = CARTESIAN_POINT ( 'NONE',  ( 0.000000000000000000, 3.058578643762690064, 1.500000000000000444 ) ) ;
#8013 = LINE ( 'NONE', #9846, #7032 ) ;
#8014 = VECTOR ( 'NONE', #9251, 1000.000000000000000 ) ;
#8015 = DIRECTION ( 'NONE',  ( -0.9893046619307648282, -0.1458639293384593749, -0.000000000000000000 ) ) ;
#8016 = AXIS2_PLACEMENT_3D ( 'NONE', #10567, #7928, #7209 ) ;
#8017 = CARTESIAN_POINT ( 'NONE',  ( -2.989222690360980206, 1.592198665876328301, 2.699999999999997513 ) ) ;
#8018 = LINE ( 'NONE', #487, #8847 ) ;
#8019 = DIRECTION ( 'NONE',  ( 0.1690054695747755520, -0.9856151131419452760, 0.000000000000000000 ) ) ;
#8020 = CARTESIAN_POINT ( 'NONE',  ( 3.000000000000000444, -1.350416637735500913, 1.500000000000000000 ) ) ;
#8021 = CARTESIAN_POINT ( 'NONE',  ( 2.978811022986684431, 1.601614823218976413, -2.838537786309442534 ) ) ;
#8022 = AXIS2_PLACEMENT_3D ( 'NONE', #7538, #1645, #4823 ) ;
#8023 = PLANE ( 'NONE',  #3831 ) ;
#8024 = VECTOR ( 'NONE', #9419, 1000.000000000000000 ) ;
#8025 = ORIENTED_EDGE ( 'NONE', *, *, #5543, .F. ) ;
#8026 = VECTOR ( 'NONE', #3376, 1000.000000000000000 ) ;
#8027 = LINE ( 'NONE', #548, #10324 ) ;
#8028 = LINE ( 'NONE', #9588, #10755 ) ;
#8029 = DIRECTION ( 'NONE',  ( -1.000000000000000000, 0.000000000000000000, 0.000000000000000000 ) ) ;
#8030 = VECTOR ( 'NONE', #9783, 1000.000000000000000 ) ;
#8031 = ADVANCED_FACE ( 'NONE', ( #5956 ), #5128, .F. ) ;
#8032 = FACE_OUTER_BOUND ( 'NONE', #6491, .T. ) ;
#8033 = CARTESIAN_POINT ( 'NONE',  ( 3.164620985312511792, 0.07719631184943048785, 2.400000000000001243 ) ) ;
#8034 = ORIENTED_EDGE ( 'NONE', *, *, #8078, .T. ) ;
#8035 = ORIENTED_EDGE ( 'NONE', *, *, #331, .T. ) ;
#8036 = ORIENTED_EDGE ( 'NONE', *, *, #2071, .T. ) ;
#8037 = DIRECTION ( 'NONE',  ( 0.000000000000000000, 0.07083354391148079243, -0.9974881498328389551 ) ) ;
#8038 = VERTEX_POINT ( 'NONE', #9273 ) ;
#8039 = COLOUR_RGB ( '',0.6470588235294117974, 0.6196078431372549211, 0.5882352941176470784 ) ;
#8040 = DIRECTION ( 'NONE',  ( 1.000000000000000000, -0.000000000000000000, 0.000000000000000000 ) ) ;
#8041 = CARTESIAN_POINT ( 'NONE',  ( 1.670229291564602425, 1.649999999999999911, -0.9429951757513205246 ) ) ;
#8042 = CARTESIAN_POINT ( 'NONE',  ( -0.2135127845537714286, 0.05000000000000000278, 1.418642417377718123 ) ) ;
#8043 = ADVANCED_FACE ( 'NONE', ( #10297 ), #6014, .F. ) ;
#8044 = LINE ( 'NONE', #4447, #6373 ) ;
#8045 = EDGE_CURVE ( 'NONE', #1627, #4519, #6726, .T. ) ;
#8046 = AXIS2_PLACEMENT_3D ( 'NONE', #10334, #10497, #7814 ) ;
#8047 =( NAMED_UNIT ( * ) SI_UNIT ( $, .STERADIAN. ) SOLID_ANGLE_UNIT ( ) );
#8048 = ORIENTED_EDGE ( 'NONE', *, *, #5303, .F. ) ;
#8049 = VECTOR ( 'NONE', #8236, 1000.000000000000000 ) ;
#8050 = ORIENTED_EDGE ( 'NONE', *, *, #7192, .F. ) ;
#8051 = CARTESIAN_POINT ( 'NONE',  ( -2.899999999999999467, 1.639999999999999902, -3.000000000000000000 ) ) ;
#8052 = ORIENTED_EDGE ( 'NONE', *, *, #9760, .F. ) ;
#8053 = CARTESIAN_POINT ( 'NONE',  ( 2.900000000000000355, 1.639999999999999680, 2.799999999999998490 ) ) ;
#8054 = ORIENTED_EDGE ( 'NONE', *, *, #185, .T. ) ;
#8055 = CARTESIAN_POINT ( 'NONE',  ( -3.099999999999985878, 1.649999999999999911, 2.700000000000000178 ) ) ;
#8056 = MECHANICAL_DESIGN_GEOMETRIC_PRESENTATION_REPRESENTATION (  '', ( #3347 ), #9487 ) ;
#8057 = FACE_OUTER_BOUND ( 'NONE', #8485, .T. ) ;
#8058 = EDGE_CURVE ( 'NONE', #4805, #2704, #1821, .T. ) ;
#8059 =( LENGTH_UNIT ( ) NAMED_UNIT ( * ) SI_UNIT ( .MILLI., .METRE. ) );
#8060 = ADVANCED_FACE ( 'NONE', ( #1933 ), #8375, .T. ) ;
#8061 = EDGE_CURVE ( 'NONE', #1029, #2831, #5338, .T. ) ;
#8062 = CARTESIAN_POINT ( 'NONE',  ( -3.100000000000000533, 1.649999999999999911, 2.799999999999999822 ) ) ;
#8063 = CARTESIAN_POINT ( 'NONE',  ( -2.204231175612990867, 0.6135195223422109656, -2.332730537577064833 ) ) ;
#8064 = CARTESIAN_POINT ( 'NONE',  ( 3.000000000000000444, -2.439454888092384977E-17, 2.400000000000001243 ) ) ;
#8065 = EDGE_CURVE ( 'NONE', #134, #8276, #7876, .T. ) ;
#8066 = PRESENTATION_LAYER_ASSIGNMENT (  '', '', ( #5063 ) ) ;
#8067 =( NAMED_UNIT ( * ) SI_UNIT ( $, .STERADIAN. ) SOLID_ANGLE_UNIT ( ) );
#8068 = ORIENTED_EDGE ( 'NONE', *, *, #6357, .F. ) ;
#8069 = VERTEX_POINT ( 'NONE', #2045 ) ;
#8070 = LINE ( 'NONE', #5701, #8204 ) ;
#8071 = DIRECTION ( 'NONE',  ( 1.000000000000000000, 0.000000000000000000, 0.000000000000000000 ) ) ;
#8072 = DIRECTION ( 'NONE',  ( -1.000000000000000000, -0.000000000000000000, -0.000000000000000000 ) ) ;
#8073 = VECTOR ( 'NONE', #3201, 1000.000000000000000 ) ;
#8074 = DIRECTION ( 'NONE',  ( -2.168404344971012812E-15, 0.000000000000000000, -1.000000000000000000 ) ) ;
#8075 = VECTOR ( 'NONE', #358, 1000.000000000000000 ) ;
#8076 = ADVANCED_FACE ( 'NONE', ( #3724 ), #8823, .F. ) ;
#8077 = PLANE ( 'NONE',  #6129 ) ;
#8078 = EDGE_CURVE ( 'NONE', #10409, #5464, #8711, .T. ) ;
#8079 = LINE ( 'NONE', #3916, #6539 ) ;
#8080 = DIRECTION ( 'NONE',  ( 1.000000000000000000, 0.000000000000000000, 0.000000000000000000 ) ) ;
#8081 = CARTESIAN_POINT ( 'NONE',  ( -3.100000000000000533, 1.800000000000000488, 2.500000000000001332 ) ) ;
#8082 = CARTESIAN_POINT ( 'NONE',  ( -3.023412060355426867, 1.634033064726140960, -1.500000000000000222 ) ) ;
#8083 = AXIS2_PLACEMENT_3D ( 'NONE', #3025, #2265, #7944 ) ;
#8084 = VERTEX_POINT ( 'NONE', #3771 ) ;
#8085 = PLANE ( 'NONE',  #2481 ) ;
#8086 = CARTESIAN_POINT ( 'NONE',  ( 2.275444008190514733, 0.6434831302162200561, 2.754682371836738142 ) ) ;
#8087 = AXIS2_PLACEMENT_3D ( 'NONE', #3041, #3751, #7123 ) ;
#8088 = DIRECTION ( 'NONE',  ( 0.000000000000000000, 0.000000000000000000, 1.000000000000000000 ) ) ;
#8089 = PRESENTATION_LAYER_ASSIGNMENT (  '', '', ( #2686 ) ) ;
#8090 = DIRECTION ( 'NONE',  ( 0.000000000000000000, -1.000000000000000000, 0.000000000000000000 ) ) ;
#8091 =( NAMED_UNIT ( * ) SI_UNIT ( $, .STERADIAN. ) SOLID_ANGLE_UNIT ( ) );
#8092 = ORIENTED_EDGE ( 'NONE', *, *, #10500, .F. ) ;
#8093 = ORIENTED_EDGE ( 'NONE', *, *, #3732, .F. ) ;
#8094 = LINE ( 'NONE', #3527, #365 ) ;
#8095 = ORIENTED_EDGE ( 'NONE', *, *, #6357, .T. ) ;
#8096 =( GEOMETRIC_REPRESENTATION_CONTEXT ( 3 ) GLOBAL_UNCERTAINTY_ASSIGNED_CONTEXT ( ( #5736 ) ) GLOBAL_UNIT_ASSIGNED_CONTEXT ( ( #9964, #6542, #1701 ) ) REPRESENTATION_CONTEXT ( 'NONE', 'WORKASPACE' ) );
#8097 = EDGE_CURVE ( 'NONE', #4977, #9769, #6279, .T. ) ;
#8098 = FACE_OUTER_BOUND ( 'NONE', #3415, .T. ) ;
#8099 = CARTESIAN_POINT ( 'NONE',  ( -1.766485034026790135, 0.9893483593578136226, 2.966396577844844451 ) ) ;
#8100 = CARTESIAN_POINT ( 'NONE',  ( 0.5008432282194961171, 1.650000000000000577, 1.834688492550781813 ) ) ;
#8101 = LINE ( 'NONE', #670, #4909 ) ;
#8102 = CARTESIAN_POINT ( 'NONE',  ( 0.000000000000000000, 0.000000000000000000, 1.250000000000000222 ) ) ;
#8103 = CARTESIAN_POINT ( 'NONE',  ( 3.141765312904813534, 0.1499390827019098371, -0.5999999999999939826 ) ) ;
#8104 = FILL_AREA_STYLE_COLOUR ( '', #7905 ) ;
#8105 = ORIENTED_EDGE ( 'NONE', *, *, #5571, .T. ) ;
#8106 = VERTEX_POINT ( 'NONE', #3069 ) ;
#8107 = DIRECTION ( 'NONE',  ( 0.000000000000000000, 0.000000000000000000, 1.000000000000000000 ) ) ;
#8108 = ORIENTED_EDGE ( 'NONE', *, *, #6847, .F. ) ;
#8109 = CARTESIAN_POINT ( 'NONE',  ( 0.1734638189034334588, 0.04999999999999999584, 2.007833121927030007 ) ) ;
#8110 = ORIENTED_EDGE ( 'NONE', *, *, #6214, .T. ) ;
#8111 = B_SPLINE_CURVE_WITH_KNOTS ( 'NONE', 3,
 ( #2517, #2414, #9853, #823 ),
 .UNSPECIFIED., .F., .F.,
 ( 4, 4 ),
 ( 0.000000000000000000, 1.000000000000000000 ),
 .UNSPECIFIED. ) ;
#8112 = CARTESIAN_POINT ( 'NONE',  ( 2.399999999999999911, 0.05000000000000000278, 0.9999999999999993339 ) ) ;
#8113 = LINE ( 'NONE', #10699, #187 ) ;
#8114 = DIRECTION ( 'NONE',  ( -1.000000000000000000, -0.000000000000000000, -0.000000000000000000 ) ) ;
#8115 = VECTOR ( 'NONE', #4332, 1000.000000000000000 ) ;
#8116 = DIRECTION ( 'NONE',  ( -0.000000000000000000, -1.000000000000000000, 0.000000000000000000 ) ) ;
#8117 = CARTESIAN_POINT ( 'NONE',  ( 1.738842411587516068, 0.9899241560024784059, -2.969137869455384049 ) ) ;
#8118 = EDGE_LOOP ( 'NONE', ( #3351, #1630, #6335, #7718, #7269, #7384 ) ) ;
#8119 = EDGE_LOOP ( 'NONE', ( #4915, #10599, #2242, #10101, #4727, #9640 ) ) ;
#8120 = CYLINDRICAL_SURFACE ( 'NONE', #8920, 0.4499999999999999001 ) ;
#8121 = VECTOR ( 'NONE', #7711, 1000.000000000000000 ) ;
#8122 = B_SPLINE_CURVE_WITH_KNOTS ( 'NONE', 3,
 ( #10703, #5868, #6516, #3411 ),
 .UNSPECIFIED., .F., .F.,
 ( 4, 4 ),
 ( 0.000000000000000000, 1.000000000000000000 ),
 .UNSPECIFIED. ) ;
#8123 = SURFACE_STYLE_USAGE ( .BOTH. , #5483 ) ;
#8124 = ADVANCED_FACE ( 'NONE', ( #1224 ), #1329, .T. ) ;
#8125 = AXIS2_PLACEMENT_3D ( 'NONE', #1387, #668, #2968 ) ;
#8126 = ADVANCED_FACE ( 'NONE', ( #10512 ), #4572, .T. ) ;
#8127 = DIRECTION ( 'NONE',  ( 2.990902544787597113E-16, -0.000000000000000000, 1.000000000000000000 ) ) ;
#8128 = CARTESIAN_POINT ( 'NONE',  ( 3.000000000000000888, 1.797345146833222218, 1.499999999999999778 ) ) ;
#8129 = EDGE_CURVE ( 'NONE', #10034, #8038, #4726, .T. ) ;
#8130 = DIRECTION ( 'NONE',  ( -1.000000000000000000, 0.000000000000000000, -0.000000000000000000 ) ) ;
#8131 = CARTESIAN_POINT ( 'NONE',  ( 3.035474657216254535, 0.4068829983659273952, 1.749999999999998890 ) ) ;
#8132 = DIRECTION ( 'NONE',  ( -0.000000000000000000, -1.000000000000000000, 0.000000000000000000 ) ) ;
#8133 = AXIS2_PLACEMENT_3D ( 'NONE', #10232, #2684, #3550 ) ;
#8134 = CARTESIAN_POINT ( 'NONE',  ( 3.251512924763249934, 1.305234924505374261, 0.5999999999999999778 ) ) ;
#8135 = EDGE_LOOP ( 'NONE', ( #1716, #4200, #10476, #3120 ) ) ;
#8136 = ADVANCED_FACE ( 'NONE', ( #10620 ), #7378, .T. ) ;
#8137 = VECTOR ( 'NONE', #569, 1000.000000000000000 ) ;
#8138 = CARTESIAN_POINT ( 'NONE',  ( -0.4368856012232915642, 0.05000000000000001665, 1.588326543758176168 ) ) ;
#8139 = DIRECTION ( 'NONE',  ( 1.131341397376177734E-15, -0.000000000000000000, 1.000000000000000000 ) ) ;
#8140 = CARTESIAN_POINT ( 'NONE',  ( -2.275444008190514733, 0.9726542196610569180, -2.731307302345951538 ) ) ;
#8141 = DIRECTION ( 'NONE',  ( -1.000000000000000000, -0.000000000000000000, -3.771137991253926601E-16 ) ) ;
#8142 = FACE_OUTER_BOUND ( 'NONE', #10418, .T. ) ;
#8143 = FILL_AREA_STYLE ('',( #6 ) ) ;
#8144 = ORIENTED_EDGE ( 'NONE', *, *, #4967, .T. ) ;
#8145 = VERTEX_POINT ( 'NONE', #835 ) ;
#8146 = PRODUCT_DEFINITION_SHAPE ( 'NONE', 'NONE',  #4881 ) ;
#8147 = LINE ( 'NONE', #4399, #8624 ) ;
#8148 = ORIENTED_EDGE ( 'NONE', *, *, #1231, .F. ) ;
#8149 = CARTESIAN_POINT ( 'NONE',  ( -3.000000000000000000, 0.2000000000000000111, -1.600000000000000311 ) ) ;
#8150 = LINE ( 'NONE', #2213, #4462 ) ;
#8151 = LINE ( 'NONE', #8267, #5971 ) ;
#8152 =( LENGTH_UNIT ( ) NAMED_UNIT ( * ) SI_UNIT ( .MILLI., .METRE. ) );
#8153 = CARTESIAN_POINT ( 'NONE',  ( 1.725000000000000089, 0.5606250315867207235, 2.999623222474925743 ) ) ;
#8154 = EDGE_LOOP ( 'NONE', ( #3026, #3642, #295, #7628 ) ) ;
#8155 = EDGE_CURVE ( 'NONE', #5893, #10030, #715, .T. ) ;
#8156 = UNCERTAINTY_MEASURE_WITH_UNIT (LENGTH_MEASURE( 1.000000000000000082E-05 ), #6160, 'distance_accuracy_value', 'NONE');
#8157 = ORIENTED_EDGE ( 'NONE', *, *, #8884, .T. ) ;
#8158 = ORIENTED_EDGE ( 'NONE', *, *, #9890, .T. ) ;
#8159 = DIRECTION ( 'NONE',  ( 1.000000000000000000, -7.477256361968992781E-17, -7.477256361968976758E-17 ) ) ;
#8160 = ORIENTED_EDGE ( 'NONE', *, *, #1595, .F. ) ;
#8161 = CARTESIAN_POINT ( 'NONE',  ( -0.2500000000229193331, 0.2400000000000000744, 1.684015941558878904 ) ) ;
#8162 = LINE ( 'NONE', #8282, #1436 ) ;
#8163 = DIRECTION ( 'NONE',  ( -0.000000000000000000, -1.000000000000000000, -0.000000000000000000 ) ) ;
#8164 = SURFACE_STYLE_USAGE ( .BOTH. , #1517 ) ;
#8165 = CARTESIAN_POINT ( 'NONE',  ( 3.250000000000001332, 1.321879589400769328, -1.200000000000053690 ) ) ;
#8166 = EDGE_CURVE ( 'NONE', #5290, #3626, #5781, .T. ) ;
#8167 = DIRECTION ( 'NONE',  ( 0.000000000000000000, 0.1643989873053577078, -0.9863939238321436376 ) ) ;
#8168 = ORIENTED_EDGE ( 'NONE', *, *, #10417, .F. ) ;
#8169 = ORIENTED_EDGE ( 'NONE', *, *, #6182, .T. ) ;
#8170 = CARTESIAN_POINT ( 'NONE',  ( 1.750000000000000444, 1.649999999999999911, 2.799999999999999822 ) ) ;
#8171 = CARTESIAN_POINT ( 'NONE',  ( 0.000000000000000000, 3.100000000000000089, 1.400000000000000133 ) ) ;
#8172 = ORIENTED_EDGE ( 'NONE', *, *, #473, .F. ) ;
#8173 = PRESENTATION_STYLE_ASSIGNMENT (( #8123 ) ) ;
#8174 = SURFACE_SIDE_STYLE ('',( #4869 ) ) ;
#8175 = CARTESIAN_POINT ( 'NONE',  ( -1.399999999999999911, 0.5499999999999999334, -2.999623222474934181 ) ) ;
#8176 = CARTESIAN_POINT ( 'NONE',  ( -2.200000000000000622, 0.2000000000000000111, -1.800000000000000488 ) ) ;
#8177 = PLANE ( 'NONE',  #5862 ) ;
#8178 = LINE ( 'NONE', #699, #5124 ) ;
#8179 = CARTESIAN_POINT ( 'NONE',  ( -2.290034000519307611, 0.6028782868426966202, 2.905481172099107390 ) ) ;
#8180 = ADVANCED_FACE ( 'NONE', ( #6421 ), #1488, .F. ) ;
#8181 = LINE ( 'NONE', #3972, #8797 ) ;
#8182 = ADVANCED_FACE ( 'NONE', ( #1429 ), #8991, .T. ) ;
#8183 = CARTESIAN_POINT ( 'NONE',  ( 3.000000000000000444, 0.2000000000000000111, 0.000000000000000000 ) ) ;
#8184 = COLOUR_RGB ( '',0.6470588235294117974, 0.6196078431372549211, 0.5882352941176470784 ) ;
#8185 = ORIENTED_EDGE ( 'NONE', *, *, #8279, .F. ) ;
#8186 = STYLED_ITEM ( 'NONE', ( #2865 ), #8126 ) ;
#8187 = B_SPLINE_CURVE_WITH_KNOTS ( 'NONE', 3,
 ( #693, #4929, #3214, #6526 ),
 .UNSPECIFIED., .F., .F.,
 ( 4, 4 ),
 ( 0.000000000000000000, 1.000000000000000000 ),
 .UNSPECIFIED. ) ;
#8188 =( LENGTH_UNIT ( ) NAMED_UNIT ( * ) SI_UNIT ( .MILLI., .METRE. ) );
#8189 = AXIS2_PLACEMENT_3D ( 'NONE', #4296, #2789, #3491 ) ;
#8190 = DIRECTION ( 'NONE',  ( 0.1656046194388337001, 0.000000000000000000, 0.9861922277226274902 ) ) ;
#8191 = EDGE_CURVE ( 'NONE', #3728, #3249, #10180, .T. ) ;
#8192 = ADVANCED_FACE ( 'NONE', ( #6882 ), #10237, .F. ) ;
#8193 = EDGE_CURVE ( 'NONE', #9498, #7951, #3436, .T. ) ;
#8194 = LINE ( 'NONE', #9258, #3314 ) ;
#8195 = LINE ( 'NONE', #3115, #6502 ) ;
#8196 = VECTOR ( 'NONE', #5662, 1000.000000000000000 ) ;
#8197 = ORIENTED_EDGE ( 'NONE', *, *, #1016, .F. ) ;
#8198 = ORIENTED_EDGE ( 'NONE', *, *, #7532, .F. ) ;
#8199 = SURFACE_SIDE_STYLE ('',( #6654 ) ) ;
#8200 = CARTESIAN_POINT ( 'NONE',  ( -2.899999999999999467, 1.439999999999997282, -3.000000000000000444 ) ) ;
#8201 = VECTOR ( 'NONE', #2836, 1000.000000000000000 ) ;
#8202 = ORIENTED_EDGE ( 'NONE', *, *, #8812, .T. ) ;
#8203 = LINE ( 'NONE', #10782, #2900 ) ;
#8204 = VECTOR ( 'NONE', #6359, 1000.000000000000000 ) ;
#8205 = CARTESIAN_POINT ( 'NONE',  ( 0.4500000000000002887, 0.05000000000000000278, 0.9999999999999993339 ) ) ;
#8206 = CARTESIAN_POINT ( 'NONE',  ( 0.6712446053646941024, 1.649999999999999911, 1.777540923532715533 ) ) ;
#8207 = LINE ( 'NONE', #727, #4398 ) ;
#8208 = ADVANCED_FACE ( 'NONE', ( #9429 ), #8535, .F. ) ;
#8209 = DIRECTION ( 'NONE',  ( -0.000000000000000000, 0.000000000000000000, 1.000000000000000000 ) ) ;
#8210 = VECTOR ( 'NONE', #5645, 1000.000000000000000 ) ;
#8211 = PRESENTATION_STYLE_ASSIGNMENT (( #9061 ) ) ;
#8212 = ORIENTED_EDGE ( 'NONE', *, *, #1670, .T. ) ;
#8213 = ORIENTED_EDGE ( 'NONE', *, *, #7989, .F. ) ;
#8214 = B_SPLINE_CURVE_WITH_KNOTS ( 'NONE', 3,
 ( #4729, #3880, #8682, #7212 ),
 .UNSPECIFIED., .F., .F.,
 ( 4, 4 ),
 ( 0.000000000000000000, 1.000000000000000000 ),
 .UNSPECIFIED. ) ;
#8215 = ORIENTED_EDGE ( 'NONE', *, *, #3484, .T. ) ;
#8216 = FILL_AREA_STYLE_COLOUR ( '', #9841 ) ;
#8217 = ORIENTED_EDGE ( 'NONE', *, *, #4749, .F. ) ;
#8218 = PLANE ( 'NONE',  #6360 ) ;
#8219 = ORIENTED_EDGE ( 'NONE', *, *, #10753, .F. ) ;
#8220 = CYLINDRICAL_SURFACE ( 'NONE', #3614, 1.500000000000000222 ) ;
#8221 = DIRECTION ( 'NONE',  ( 0.03489949670249574420, -0.9993908270190958731, 0.000000000000000000 ) ) ;
#8222 = CARTESIAN_POINT ( 'NONE',  ( -1.733333333333333615, 0.9793749684132836419, -2.819509261152941093 ) ) ;
#8223 = CARTESIAN_POINT ( 'NONE',  ( -3.164620985312510015, 0.07719631184942980784, -1.600000000000000089 ) ) ;
#8224 = CARTESIAN_POINT ( 'NONE',  ( 2.925123892347715859, 1.442440776823441961, -2.997673626593520879 ) ) ;
#8225 =( GEOMETRIC_REPRESENTATION_CONTEXT ( 3 ) GLOBAL_UNCERTAINTY_ASSIGNED_CONTEXT ( ( #6613 ) ) GLOBAL_UNIT_ASSIGNED_CONTEXT ( ( #8888, #1499, #4790 ) ) REPRESENTATION_CONTEXT ( 'NONE', 'WORKASPACE' ) );
#8226 = CARTESIAN_POINT ( 'NONE',  ( 3.000000000000000888, 1.040000000000000036, -3.000000000000000888 ) ) ;
#8227 = ORIENTED_EDGE ( 'NONE', *, *, #6642, .T. ) ;
#8228 = ORIENTED_EDGE ( 'NONE', *, *, #1997, .F. ) ;
#8229 = CARTESIAN_POINT ( 'NONE',  ( 1.725000000000000089, 1.779925552076473627, 2.799999999999999822 ) ) ;
#8230 =( LENGTH_UNIT ( ) NAMED_UNIT ( * ) SI_UNIT ( .MILLI., .METRE. ) );
#8231 = VERTEX_POINT ( 'NONE', #1753 ) ;
#8232 = DIRECTION ( 'NONE',  ( -1.057443735643704730E-16, -0.7071067811865483499, -0.7071067811865467956 ) ) ;
#8233 =( GEOMETRIC_REPRESENTATION_CONTEXT ( 3 ) GLOBAL_UNCERTAINTY_ASSIGNED_CONTEXT ( ( #5959 ) ) GLOBAL_UNIT_ASSIGNED_CONTEXT ( ( #6848, #5968, #4152 ) ) REPRESENTATION_CONTEXT ( 'NONE', 'WORKASPACE' ) );
#8234 = LINE ( 'NONE', #9898, #3858 ) ;
#8235 = VECTOR ( 'NONE', #9989, 1000.000000000000000 ) ;
#8236 = DIRECTION ( 'NONE',  ( -0.000000000000000000, 0.000000000000000000, 1.000000000000000000 ) ) ;
#8237 = CARTESIAN_POINT ( 'NONE',  ( 1.750000000000000222, 0.000000000000000000, -3.000000000000000444 ) ) ;
#8238 = DIRECTION ( 'NONE',  ( 0.000000000000000000, 0.000000000000000000, 1.000000000000000000 ) ) ;
#8239 = PRODUCT_DEFINITION_SHAPE ( 'NONE', 'NONE',  #1324 ) ;
#8240 = PRESENTATION_LAYER_ASSIGNMENT (  '', '', ( #6833 ) ) ;
#8241 =( NAMED_UNIT ( * ) PLANE_ANGLE_UNIT ( ) SI_UNIT ( $, .RADIAN. ) );
#8242 = LINE ( 'NONE', #10771, #8196 ) ;
#8243 = VECTOR ( 'NONE', #3834, 1000.000000000000000 ) ;
#8244 = ORIENTED_EDGE ( 'NONE', *, *, #3398, .F. ) ;
#8245 = VECTOR ( 'NONE', #5149, 1000.000000000000000 ) ;
#8246 = CARTESIAN_POINT ( 'NONE',  ( -0.3618313006878061677, 0.05000000000000000278, 1.425539747297560389 ) ) ;
#8247 = PRESENTATION_STYLE_ASSIGNMENT (( #4822 ) ) ;
#8248 = VECTOR ( 'NONE', #3124, 1000.000000000000000 ) ;
#8249 = LINE ( 'NONE', #2367, #3729 ) ;
#8250 =( GEOMETRIC_REPRESENTATION_CONTEXT ( 3 ) GLOBAL_UNCERTAINTY_ASSIGNED_CONTEXT ( ( #3673 ) ) GLOBAL_UNIT_ASSIGNED_CONTEXT ( ( #5492, #1370, #3054 ) ) REPRESENTATION_CONTEXT ( 'NONE', 'WORKASPACE' ) );
#8251 = VECTOR ( 'NONE', #6546, 1000.000000000000114 ) ;
#8252 = SURFACE_STYLE_USAGE ( .BOTH. , #4887 ) ;
#8253 = VERTEX_POINT ( 'NONE', #7598 ) ;
#8254 = VERTEX_POINT ( 'NONE', #6820 ) ;
#8255 =( NAMED_UNIT ( * ) PLANE_ANGLE_UNIT ( ) SI_UNIT ( $, .RADIAN. ) );
#8256 = FACE_OUTER_BOUND ( 'NONE', #558, .T. ) ;
#8257 = VERTEX_POINT ( 'NONE', #3494 ) ;
#8258 = ADVANCED_FACE ( 'NONE', ( #10068 ), #5891, .T. ) ;
#8259 = AXIS2_PLACEMENT_3D ( 'NONE', #4393, #4546, #7752 ) ;
#8260 = EDGE_CURVE ( 'NONE', #168, #8944, #1338, .T. ) ;
#8261 = EDGE_CURVE ( 'NONE', #1681, #2249, #5377, .T. ) ;
#8262 = AXIS2_PLACEMENT_3D ( 'NONE', #3889, #7390, #10741 ) ;
#8263 = CARTESIAN_POINT ( 'NONE',  ( 2.969135892120497999, 1.612285464116812062, 2.827714666350003458 ) ) ;
#8264 = EDGE_CURVE ( 'NONE', #4980, #6216, #10118, .T. ) ;
#8265 = CARTESIAN_POINT ( 'NONE',  ( 1.725000000000000089, 1.117205701710525911, 2.809926963919711085 ) ) ;
#8266 = LINE ( 'NONE', #3286, #9644 ) ;
#8267 = CARTESIAN_POINT ( 'NONE',  ( 3.000000000000000888, 1.639999999999999902, 2.699999999999999734 ) ) ;
#8268 = LINE ( 'NONE', #5005, #2740 ) ;
#8269 = CARTESIAN_POINT ( 'NONE',  ( 3.197123022628389322, 0.1661989060850461719, -1.600000000000000977 ) ) ;
#8270 = VERTEX_POINT ( 'NONE', #8424 ) ;
#8271 = ORIENTED_EDGE ( 'NONE', *, *, #10353, .T. ) ;
#8272 = AXIS2_PLACEMENT_3D ( 'NONE', #4346, #5328, #7916 ) ;
#8273 = UNCERTAINTY_MEASURE_WITH_UNIT (LENGTH_MEASURE( 1.000000000000000082E-05 ), #8188, 'distance_accuracy_value', 'NONE');
#8274 = ORIENTED_EDGE ( 'NONE', *, *, #3058, .T. ) ;
#8275 = CARTESIAN_POINT ( 'NONE',  ( 3.000000000000000888, 1.639999999999999902, -1.600000000000000977 ) ) ;
#8276 = VERTEX_POINT ( 'NONE', #890 ) ;
#8277 = CARTESIAN_POINT ( 'NONE',  ( -4.049999999999997158, 0.000000000000000000, 2.400000000000000799 ) ) ;
#8278 = ORIENTED_EDGE ( 'NONE', *, *, #1340, .F. ) ;
#8279 = EDGE_CURVE ( 'NONE', #6081, #1279, #7540, .T. ) ;
#8280 = EDGE_CURVE ( 'NONE', #440, #1226, #6004, .T. ) ;
#8281 = LINE ( 'NONE', #802, #7271 ) ;
#8282 = CARTESIAN_POINT ( 'NONE',  ( 3.000000000000000888, 1.639999999999999902, -1.500000000000052403 ) ) ;
#8283 = CARTESIAN_POINT ( 'NONE',  ( 3.250504308254417829, 1.316331367768971417, -0.5999999999999999778 ) ) ;
#8284 = CARTESIAN_POINT ( 'NONE',  ( 1.855465047488820796, 1.800000000000000711, -0.4750839061575503064 ) ) ;
#8285 = CARTESIAN_POINT ( 'NONE',  ( 1.725000000000000089, 0.9793749684132778688, 2.819509261152939761 ) ) ;
#8286 = AXIS2_PLACEMENT_3D ( 'NONE', #2670, #5985, #5153 ) ;
#8287 = ORIENTED_EDGE ( 'NONE', *, *, #9617, .F. ) ;
#8288 = ORIENTED_EDGE ( 'NONE', *, *, #9425, .F. ) ;
#8289 = LINE ( 'NONE', #3365, #3327 ) ;
#8290 = PLANE ( 'NONE',  #8777 ) ;
#8291 = ORIENTED_EDGE ( 'NONE', *, *, #4628, .T. ) ;
#8292 =( NAMED_UNIT ( * ) SI_UNIT ( $, .STERADIAN. ) SOLID_ANGLE_UNIT ( ) );
#8293 = COLOUR_RGB ( '',0.7921568627450980005, 0.8196078431372548767, 0.9333333333333333481 ) ;
#8294 = DIRECTION ( 'NONE',  ( -1.000000000000000000, 0.000000000000000000, -0.000000000000000000 ) ) ;
#8295 = CARTESIAN_POINT ( 'NONE',  ( -2.999999999999999556, 1.800000000000000488, -1.500000000000000222 ) ) ;
#8296 = SURFACE_STYLE_FILL_AREA ( #4931 ) ;
#8298 = DIRECTION ( 'NONE',  ( 1.000000000000000000, 0.000000000000000000, -0.000000000000000000 ) ) ;
#8297 = CARTESIAN_POINT ( 'NONE',  ( -2.999999999999999112, 0.2000000000000000111, 1.600000000000000311 ) ) ;
#8299 = DIRECTION ( 'NONE',  ( -0.9993908270190959842, -0.03489949670249566788, 0.000000000000000000 ) ) ;
#8300 = CARTESIAN_POINT ( 'NONE',  ( -2.201387595806832742, 0.5552424364119702416, 2.923824743312680496 ) ) ;
#8301 = VECTOR ( 'NONE', #10142, 1000.000000000000000 ) ;
#8302 = LINE ( 'NONE', #827, #889 ) ;
#8303 = ADVANCED_FACE ( 'NONE', ( #4298 ), #1868, .F. ) ;
#8304 = ORIENTED_EDGE ( 'NONE', *, *, #9356, .T. ) ;
#8305 = FILL_AREA_STYLE_COLOUR ( '', #2995 ) ;
#8306 = CARTESIAN_POINT ( 'NONE',  ( 2.200000000000000178, 0.2000000000000000111, -1.800000000000000266 ) ) ;
#8307 = VECTOR ( 'NONE', #6482, 1000.000000000000000 ) ;
#8308 = FILL_AREA_STYLE_COLOUR ( '', #2799 ) ;
#8309 = CARTESIAN_POINT ( 'NONE',  ( -2.963662989417781279, 1.550000000000000488, 1.500000000000000000 ) ) ;
#8310 = FILL_AREA_STYLE_COLOUR ( '', #6420 ) ;
#8311 = EDGE_CURVE ( 'NONE', #7458, #7027, #8592, .T. ) ;
#8312 = ORIENTED_EDGE ( 'NONE', *, *, #6324, .F. ) ;
#8313 = EDGE_LOOP ( 'NONE', ( #6614, #6625, #2681, #3308 ) ) ;
#8314 = EDGE_CURVE ( 'NONE', #482, #8377, #4406, .T. ) ;
#8315 = FILL_AREA_STYLE ('',( #1085 ) ) ;
#8316 = VECTOR ( 'NONE', #2779, 1000.000000000000000 ) ;
#8317 = EDGE_LOOP ( 'NONE', ( #7851, #6385 ) ) ;
#8318 = LINE ( 'NONE', #3285, #10580 ) ;
#8319 = CARTESIAN_POINT ( 'NONE',  ( 3.000000000000000888, 0.000000000000000000, -2.700000000000001066 ) ) ;
#8320 = LINE ( 'NONE', #4133, #10165 ) ;
#8321 = CARTESIAN_POINT ( 'NONE',  ( -0.3418086351773317322, 0.04999999999999999584, 1.612371020255647380 ) ) ;
#8322 = LINE ( 'NONE', #7607, #10435 ) ;
#8323 = CARTESIAN_POINT ( 'NONE',  ( 3.000000000000000888, 1.800000000000000488, -1.899999999999998357 ) ) ;
#8324 = VECTOR ( 'NONE', #4318, 1000.000000000000114 ) ;
#8325 =( NAMED_UNIT ( * ) SI_UNIT ( $, .STERADIAN. ) SOLID_ANGLE_UNIT ( ) );
#8326 = ORIENTED_EDGE ( 'NONE', *, *, #1130, .F. ) ;
#8327 = VERTEX_POINT ( 'NONE', #3334 ) ;
#8328 = EDGE_CURVE ( 'NONE', #9460, #3883, #1702, .T. ) ;
#8329 = VERTEX_POINT ( 'NONE', #5834 ) ;
#8330 = EDGE_CURVE ( 'NONE', #8494, #9447, #4997, .T. ) ;
#8331 = CARTESIAN_POINT ( 'NONE',  ( 3.000000000000000000, 1.649999999999999911, -2.500000000000001332 ) ) ;
#8332 = VERTEX_POINT ( 'NONE', #8813 ) ;
#8333 = LINE ( 'NONE', #800, #7934 ) ;
#8334 = ORIENTED_EDGE ( 'NONE', *, *, #1384, .F. ) ;
#8335 = ADVANCED_FACE ( 'NONE', ( #3812 ), #10343, .F. ) ;
#8336 = PRESENTATION_STYLE_ASSIGNMENT (( #10092 ) ) ;
#8337 = LINE ( 'NONE', #3301, #10140 ) ;
#8338 = CARTESIAN_POINT ( 'NONE',  ( 3.512456704643023286, 0.4000000000000000222, 1.050000000000000266 ) ) ;
#8339 =( LENGTH_UNIT ( ) NAMED_UNIT ( * ) SI_UNIT ( .MILLI., .METRE. ) );
#8340 = CARTESIAN_POINT ( 'NONE',  ( 0.9429951757511119137, 1.800000000000000488, -1.670229291564810703 ) ) ;
#8341 = CARTESIAN_POINT ( 'NONE',  ( 1.725000000000000311, 1.551862865526311808, -2.801828480139958444 ) ) ;
#8342 = EDGE_CURVE ( 'NONE', #5351, #4923, #3659, .T. ) ;
#8343 = EDGE_LOOP ( 'NONE', ( #80, #8894, #2883, #3274 ) ) ;
#8344 = VERTEX_POINT ( 'NONE', #1214 ) ;
#8345 = ORIENTED_EDGE ( 'NONE', *, *, #4960, .T. ) ;
#8346 = DIRECTION ( 'NONE',  ( 0.000000000000000000, 1.000000000000000000, 0.000000000000000000 ) ) ;
#8347 = CARTESIAN_POINT ( 'NONE',  ( -3.000000000000000000, 0.000000000000000000, -2.400000000000001243 ) ) ;
#8348 = EDGE_LOOP ( 'NONE', ( #8035, #8827, #7447, #9821, #3509 ) ) ;
#8349 = PLANE ( 'NONE',  #5661 ) ;
#8350 = CARTESIAN_POINT ( 'NONE',  ( -1.849999999999999201, 1.650000000000000355, 2.700000000000000178 ) ) ;
#8351 = CARTESIAN_POINT ( 'NONE',  ( 1.750000000000000444, 0.9791474364207024550, -2.819525418635502767 ) ) ;
#8352 = SURFACE_STYLE_USAGE ( .BOTH. , #10104 ) ;
#8353 =( NAMED_UNIT ( * ) SI_UNIT ( $, .STERADIAN. ) SOLID_ANGLE_UNIT ( ) );
#8355 = LINE ( 'NONE', #4072, #4611 ) ;
#8354 = CARTESIAN_POINT ( 'NONE',  ( 1.950000000000000400, 0.000000000000000000, -1.800000000000000266 ) ) ;
#8356 =( LENGTH_UNIT ( ) NAMED_UNIT ( * ) SI_UNIT ( .MILLI., .METRE. ) );
#8357 = LINE ( 'NONE', #2570, #2972 ) ;
#8358 = LINE ( 'NONE', #4289, #3143 ) ;
#8359 = EDGE_LOOP ( 'NONE', ( #5618, #10429, #451, #8841 ) ) ;
#8360 = DIRECTION ( 'NONE',  ( 1.000000000000000000, -0.000000000000000000, 0.000000000000000000 ) ) ;
#8361 = CARTESIAN_POINT ( 'NONE',  ( 1.725000000000000089, 1.650016564616985759, 2.935913071606941482 ) ) ;
#8362 = ORIENTED_EDGE ( 'NONE', *, *, #7124, .F. ) ;
#8363 = VERTEX_POINT ( 'NONE', #491 ) ;
#8364 = LINE ( 'NONE', #893, #6109 ) ;
#8365 = STYLED_ITEM ( 'NONE', ( #6485 ), #8136 ) ;
#8366 = ORIENTED_EDGE ( 'NONE', *, *, #649, .F. ) ;
#8367 =( GEOMETRIC_REPRESENTATION_CONTEXT ( 3 ) GLOBAL_UNCERTAINTY_ASSIGNED_CONTEXT ( ( #6191 ) ) GLOBAL_UNIT_ASSIGNED_CONTEXT ( ( #6203, #7958, #2227 ) ) REPRESENTATION_CONTEXT ( 'NONE', 'WORKASPACE' ) );
#8368 = CARTESIAN_POINT ( 'NONE',  ( 3.145255262575063160, 0.04999999999999998196, 0.5000000000000000000 ) ) ;
#8369 = CARTESIAN_POINT ( 'NONE',  ( 1.725000000000000089, 1.109374968413276541, 2.810277712176606713 ) ) ;
#8370 = LINE ( 'NONE', #15, #5945 ) ;
#8371 =( NAMED_UNIT ( * ) PLANE_ANGLE_UNIT ( ) SI_UNIT ( $, .RADIAN. ) );
#8372 = STYLED_ITEM ( 'NONE', ( #7477 ), #8180 ) ;
#8373 =( NAMED_UNIT ( * ) SI_UNIT ( $, .STERADIAN. ) SOLID_ANGLE_UNIT ( ) );
#8374 = LINE ( 'NONE', #1878, #6683 ) ;
#8375 = PLANE ( 'NONE',  #9264 ) ;
#8376 = ORIENTED_EDGE ( 'NONE', *, *, #7733, .F. ) ;
#8377 = VERTEX_POINT ( 'NONE', #6215 ) ;
#8378 = UNCERTAINTY_MEASURE_WITH_UNIT (LENGTH_MEASURE( 1.000000000000000082E-05 ), #5833, 'distance_accuracy_value', 'NONE');
#8379 = ORIENTED_EDGE ( 'NONE', *, *, #8605, .F. ) ;
#8380 = CARTESIAN_POINT ( 'NONE',  ( 0.000000000000000000, 3.100000000000000533, 0.000000000000000000 ) ) ;
#8381 = VERTEX_POINT ( 'NONE', #3764 ) ;
#8382 = AXIS2_PLACEMENT_3D ( 'NONE', #4116, #7463, #3050 ) ;
#8383 = VECTOR ( 'NONE', #6626, 1000.000000000000000 ) ;
#8384 = CARTESIAN_POINT ( 'NONE',  ( 2.500000000000000000, 0.05000000000000000278, -0.9000000000000005773 ) ) ;
#8385 = ORIENTED_EDGE ( 'NONE', *, *, #9493, .T. ) ;
#8386 = COLOUR_RGB ( '',0.6470588235294117974, 0.6196078431372549211, 0.5882352941176470784 ) ;
#8387 = SURFACE_SIDE_STYLE ('',( #9987 ) ) ;
#8388 = FACE_OUTER_BOUND ( 'NONE', #2434, .T. ) ;
#8389 = PLANE ( 'NONE',  #10354 ) ;
#8390 = ADVANCED_FACE ( 'NONE', ( #7039 ), #8651, .T. ) ;
#8391 =( NAMED_UNIT ( * ) SI_UNIT ( $, .STERADIAN. ) SOLID_ANGLE_UNIT ( ) );
#8392 = FACE_OUTER_BOUND ( 'NONE', #2698, .T. ) ;
#8393 = COLOUR_RGB ( '',0.6470588235294117974, 0.6196078431372549211, 0.5882352941176470784 ) ;
#8394 = VERTEX_POINT ( 'NONE', #4562 ) ;
#8395 = VERTEX_POINT ( 'NONE', #281 ) ;
#8396 = ORIENTED_EDGE ( 'NONE', *, *, #1804, .F. ) ;
#8397 = LINE ( 'NONE', #5979, #7500 ) ;
#8398 = CARTESIAN_POINT ( 'NONE',  ( -3.000000000000000000, 3.058578643762690508, -1.500000000000000444 ) ) ;
#8399 = EDGE_LOOP ( 'NONE', ( #7848, #3364, #3496, #7056, #5026 ) ) ;
#8400 =( LENGTH_UNIT ( ) NAMED_UNIT ( * ) SI_UNIT ( .MILLI., .METRE. ) );
#8401 = EDGE_CURVE ( 'NONE', #1352, #6448, #7140, .T. ) ;
#8402 = ADVANCED_FACE ( 'NONE', ( #6935 ), #5437, .F. ) ;
#8403 = AXIS2_PLACEMENT_3D ( 'NONE', #2410, #5707, #9079 ) ;
#8404 = EDGE_CURVE ( 'NONE', #3013, #3840, #4075, .T. ) ;
#8405 = CARTESIAN_POINT ( 'NONE',  ( -1.849999999999999201, 1.640999999999999792, -2.700000000000001510 ) ) ;
#8406 = CARTESIAN_POINT ( 'NONE',  ( 3.511456704643024285, 1.999346841135182240, 1.749999999999998890 ) ) ;
#8407 = ADVANCED_FACE ( 'NONE', ( #9743 ), #8023, .F. ) ;
#8408 = CARTESIAN_POINT ( 'NONE',  ( -2.900000000000001243, 1.539999999999999813, -2.899999999999999467 ) ) ;
#8410 = CARTESIAN_POINT ( 'NONE',  ( 3.100000000000000089, 1.649999999999999911, -1.900000000000000577 ) ) ;
#8409 = CARTESIAN_POINT ( 'NONE',  ( -1.725000000000000089, 1.550000000000000488, -2.701845832985407814 ) ) ;
#8411 = PRESENTATION_STYLE_ASSIGNMENT (( #9956 ) ) ;
#8412 = CARTESIAN_POINT ( 'NONE',  ( -1.724999999999999867, 1.800000000000000488, -2.799999999999999822 ) ) ;
#8413 = MECHANICAL_DESIGN_GEOMETRIC_PRESENTATION_REPRESENTATION (  '', ( #5590 ), #6824 ) ;
#8414 = LINE ( 'NONE', #942, #3842 ) ;
#8415 = VECTOR ( 'NONE', #6528, 1000.000000000000114 ) ;
#8416 = EDGE_LOOP ( 'NONE', ( #3933, #2506, #1064, #7225, #1669 ) ) ;
#8417 = ADVANCED_FACE ( 'NONE', ( #651 ), #2359, .F. ) ;
#8418 =( GEOMETRIC_REPRESENTATION_CONTEXT ( 3 ) GLOBAL_UNCERTAINTY_ASSIGNED_CONTEXT ( ( #3466 ) ) GLOBAL_UNIT_ASSIGNED_CONTEXT ( ( #8230, #6627, #1735 ) ) REPRESENTATION_CONTEXT ( 'NONE', 'WORKASPACE' ) );
#8419 = CARTESIAN_POINT ( 'NONE',  ( -2.900000000000001688, 1.639999999999999680, -2.799999999999998934 ) ) ;
#8420 = EDGE_CURVE ( 'NONE', #3402, #5802, #8242, .T. ) ;
#8421 = VECTOR ( 'NONE', #4986, 1000.000000000000114 ) ;
#8422 = CYLINDRICAL_SURFACE ( 'NONE', #6269, 0.2500000000000006661 ) ;
#8423 =( NAMED_UNIT ( * ) PLANE_ANGLE_UNIT ( ) SI_UNIT ( $, .RADIAN. ) );
#8424 = CARTESIAN_POINT ( 'NONE',  ( -2.999999999999999556, 0.2000000000000001776, 1.600000000000000089 ) ) ;
#8425 = AXIS2_PLACEMENT_3D ( 'NONE', #195, #1999, #5299 ) ;
#8426 = VERTEX_POINT ( 'NONE', #9043 ) ;
#8427 = CARTESIAN_POINT ( 'NONE',  ( -1.821402008895268487, -7.856804290284272518, -4.500000000000001776 ) ) ;
#8428 = VECTOR ( 'NONE', #6796, 1000.000000000000000 ) ;
#8429 = ORIENTED_EDGE ( 'NONE', *, *, #2863, .T. ) ;
#8430 = DIRECTION ( 'NONE',  ( -0.000000000000000000, -0.000000000000000000, -1.000000000000000000 ) ) ;
#8431 = VECTOR ( 'NONE', #7507, 1000.000000000000000 ) ;
#8432 = DIRECTION ( 'NONE',  ( 0.000000000000000000, 0.000000000000000000, -1.000000000000000000 ) ) ;
#8433 = DIRECTION ( 'NONE',  ( 0.000000000000000000, 0.000000000000000000, -1.000000000000000000 ) ) ;
#8434 = CARTESIAN_POINT ( 'NONE',  ( -2.975818384536700556, 1.800000000000000933, -1.500000000000000000 ) ) ;
#8435 = STYLED_ITEM ( 'NONE', ( #4830 ), #2408 ) ;
#8436 = CARTESIAN_POINT ( 'NONE',  ( -3.099999999999985878, 1.800000000000000488, -1.900000000000001021 ) ) ;
#8437 = CARTESIAN_POINT ( 'NONE',  ( 3.000000000000000444, 0.2000000000000000111, -1.600000000000000755 ) ) ;
#8438 = CARTESIAN_POINT ( 'NONE',  ( 3.023412060355426423, 1.634033064726141182, 1.500000000000000000 ) ) ;
#8439 = ORIENTED_EDGE ( 'NONE', *, *, #9501, .F. ) ;
#8440 = ORIENTED_EDGE ( 'NONE', *, *, #1584, .F. ) ;
#8441 = ORIENTED_EDGE ( 'NONE', *, *, #7192, .T. ) ;
#8442 = VECTOR ( 'NONE', #8853, 1000.000000000000000 ) ;
#8443 = DIRECTION ( 'NONE',  ( -1.000000000000000000, 0.000000000000000000, -0.000000000000000000 ) ) ;
#8444 = ORIENTED_EDGE ( 'NONE', *, *, #4857, .F. ) ;
#8445 = EDGE_CURVE ( 'NONE', #3558, #7636, #3059, .T. ) ;
#8446 = VECTOR ( 'NONE', #7221, 1000.000000000000000 ) ;
#8447 = VECTOR ( 'NONE', #5592, 1000.000000000000000 ) ;
#8448 = DIRECTION ( 'NONE',  ( -1.000000000000000000, -0.000000000000000000, -0.000000000000000000 ) ) ;
#8449 = ORIENTED_EDGE ( 'NONE', *, *, #943, .F. ) ;
#8450 = CARTESIAN_POINT ( 'NONE',  ( 0.000000000000000000, 3.100000000000000533, 0.000000000000000000 ) ) ;
#8451 =( NAMED_UNIT ( * ) PLANE_ANGLE_UNIT ( ) SI_UNIT ( $, .RADIAN. ) );
#8452 = DIRECTION ( 'NONE',  ( 0.000000000000000000, -1.000000000000000000, 2.670717223410073261E-17 ) ) ;
#8453 = VECTOR ( 'NONE', #6002, 1000.000000000000000 ) ;
#8454 = CARTESIAN_POINT ( 'NONE',  ( 1.399999999999999911, 1.189999999999999281, -2.999623222474934181 ) ) ;
#8455 = VERTEX_POINT ( 'NONE', #5770 ) ;
#8456 = EDGE_LOOP ( 'NONE', ( #1227, #3029, #5467, #1319 ) ) ;
#8457 = ORIENTED_EDGE ( 'NONE', *, *, #6567, .F. ) ;
#8458 = EDGE_CURVE ( 'NONE', #578, #10207, #603, .T. ) ;
#8459 = EDGE_LOOP ( 'NONE', ( #2220, #8566, #9278, #7960, #6295, #7819, #9566 ) ) ;
#8460 = SURFACE_STYLE_USAGE ( .BOTH. , #869 ) ;
#8461 =( GEOMETRIC_REPRESENTATION_CONTEXT ( 3 ) GLOBAL_UNCERTAINTY_ASSIGNED_CONTEXT ( ( #4844 ) ) GLOBAL_UNIT_ASSIGNED_CONTEXT ( ( #10400, #6213, #5375 ) ) REPRESENTATION_CONTEXT ( 'NONE', 'WORKASPACE' ) );
#8462 = CARTESIAN_POINT ( 'NONE',  ( -2.963662989417781279, 1.800000000000000711, 1.500000000000000000 ) ) ;
#8463 = FACE_OUTER_BOUND ( 'NONE', #2399, .T. ) ;
#8464 = VERTEX_POINT ( 'NONE', #8134 ) ;
#8466 = CARTESIAN_POINT ( 'NONE',  ( -3.197123022628389322, 0.1661989060850450062, 2.400000000000000799 ) ) ;
#8465 = CARTESIAN_POINT ( 'NONE',  ( -3.164620985312510015, 0.07719631184942966906, 2.400000000000000799 ) ) ;
#8467 = PLANE ( 'NONE',  #1131 ) ;
#8468 = CARTESIAN_POINT ( 'NONE',  ( 1.750000000000000444, 1.039999999999999813, 2.999999999999999112 ) ) ;
#8469 = CARTESIAN_POINT ( 'NONE',  ( 1.949999999999999956, 0.000000000000000000, 2.400000000000001243 ) ) ;
#8470 = PRODUCT_RELATED_PRODUCT_CATEGORY ( 'part', '', ( #10515 ) ) ;
#8471 = EDGE_CURVE ( 'NONE', #77, #7619, #3107, .T. ) ;
#8472 = MECHANICAL_DESIGN_GEOMETRIC_PRESENTATION_REPRESENTATION (  '', ( #2365 ), #4937 ) ;
#8473 = EDGE_CURVE ( 'NONE', #4063, #613, #3974, .T. ) ;
#8474 =( NAMED_UNIT ( * ) PLANE_ANGLE_UNIT ( ) SI_UNIT ( $, .RADIAN. ) );
#8475 = EDGE_LOOP ( 'NONE', ( #3361, #3507, #10634, #3471 ) ) ;
#8476 = ADVANCED_FACE ( 'NONE', ( #10662 ), #767, .T. ) ;
#8477 = LINE ( 'NONE', #7969, #7614 ) ;
#8478 = PLANE ( 'NONE',  #4510 ) ;
#8479 = LINE ( 'NONE', #2741, #5630 ) ;
#8480 = DIRECTION ( 'NONE',  ( -0.000000000000000000, -1.000000000000000000, -0.000000000000000000 ) ) ;
#8481 = ORIENTED_EDGE ( 'NONE', *, *, #5293, .F. ) ;
#8483 = B_SPLINE_CURVE_WITH_KNOTS ( 'NONE', 3,
 ( #7875, #2864, #391, #1986, #6942, #10511, #1328, #2804, #9494, #4416, #6172, #1222, #5337, #9700, #7775, #449, #4517, #8710, #7050, #3011, #288, #2911, #6223, #3618, #2089, #8763, #5385, #7097 ),
 .UNSPECIFIED., .F., .F.,
 ( 4, 2, 2, 2, 1, 2, 2, 2, 2, 2, 2, 1, 2, 2, 4 ),
 ( 0.000000000000000000, 0.06250000000000056899, 0.1250000000000011380, 0.2500000000000024425, 0.3125000000000032196, 0.3437500000000034417, 0.3750000000000037192, 0.5000000000000033307, 0.5625000000000028866, 0.6250000000000024425, 0.7500000000000012212, 0.8125000000000009992, 0.8437500000000008882, 0.8750000000000008882, 1.000000000000000000 ),
 .UNSPECIFIED. ) ;
#8482 = CARTESIAN_POINT ( 'NONE',  ( 5.510910596163088939E-17, 0.05000000000000000278, 2.149999999999999911 ) ) ;
#8484 = EDGE_CURVE ( 'NONE', #7202, #77, #4818, .T. ) ;
#8485 = EDGE_LOOP ( 'NONE', ( #6298, #3634, #4419, #7827, #4798 ) ) ;
#8486 = VECTOR ( 'NONE', #6733, 1000.000000000000000 ) ;
#8487 = VECTOR ( 'NONE', #3758, 1000.000000000000000 ) ;
#8488 = CARTESIAN_POINT ( 'NONE',  ( -2.176831603997348541, 0.5449102240437043720, 2.778325043173701658 ) ) ;
#8489 = CARTESIAN_POINT ( 'NONE',  ( -2.969135892120426945, 1.467714666349904995, 2.972285464116882547 ) ) ;
#8490 = DIRECTION ( 'NONE',  ( 0.000000000000000000, 1.000000000000000000, 0.000000000000000000 ) ) ;
#8491 = CARTESIAN_POINT ( 'NONE',  ( -1.868750000000000133, 0.3999999999999999667, 0.3500000000000002554 ) ) ;
#8492 = DIRECTION ( 'NONE',  ( -0.5299989400031807074, -0.8479983040050874665, -1.050744689675816166E-15 ) ) ;
#8493 = DIRECTION ( 'NONE',  ( 0.000000000000000000, -1.000000000000000000, 0.000000000000000000 ) ) ;
#8494 = VERTEX_POINT ( 'NONE', #703 ) ;
#8495 = EDGE_LOOP ( 'NONE', ( #186, #5829, #4939, #1614 ) ) ;
#8496 = AXIS2_PLACEMENT_3D ( 'NONE', #2568, #47, #9307 ) ;
#8497 = UNCERTAINTY_MEASURE_WITH_UNIT (LENGTH_MEASURE( 1.000000000000000082E-05 ), #5866, 'distance_accuracy_value', 'NONE');
#8498 = ORIENTED_EDGE ( 'NONE', *, *, #6852, .F. ) ;
#8499 = ORIENTED_EDGE ( 'NONE', *, *, #322, .F. ) ;
#8500 = DIRECTION ( 'NONE',  ( -1.000000000000000000, -0.000000000000000000, 0.000000000000000000 ) ) ;
#8501 = ORIENTED_EDGE ( 'NONE', *, *, #8330, .F. ) ;
#8502 = VECTOR ( 'NONE', #1985, 1000.000000000000000 ) ;
#8503 = CARTESIAN_POINT ( 'NONE',  ( -2.500000000000000888, 0.05000000000000000278, -0.9999999999999993339 ) ) ;
#8504 =( LENGTH_UNIT ( ) NAMED_UNIT ( * ) SI_UNIT ( .MILLI., .METRE. ) );
#8505 =( LENGTH_UNIT ( ) NAMED_UNIT ( * ) SI_UNIT ( .MILLI., .METRE. ) );
#8506 = CARTESIAN_POINT ( 'NONE',  ( 0.7297918222780855890, 1.800000000000000488, 1.754329820263847761 ) ) ;
#8507 = PLANE ( 'NONE',  #3172 ) ;
#8508 = EDGE_CURVE ( 'NONE', #2609, #10758, #4024, .T. ) ;
#8509 = CARTESIAN_POINT ( 'NONE',  ( 0.8000000000000000444, 1.650000000000000133, 2.700615277661802871 ) ) ;
#8510 = ORIENTED_EDGE ( 'NONE', *, *, #90, .F. ) ;
#8511 = UNCERTAINTY_MEASURE_WITH_UNIT (LENGTH_MEASURE( 1.000000000000000082E-05 ), #5863, 'distance_accuracy_value', 'NONE');
#8512 = ORIENTED_EDGE ( 'NONE', *, *, #588, .F. ) ;
#8513 = ORIENTED_EDGE ( 'NONE', *, *, #7532, .T. ) ;
#8514 = FILL_AREA_STYLE ('',( #6794 ) ) ;
#8515 = CARTESIAN_POINT ( 'NONE',  ( -4.049999999999997158, 0.000000000000000000, 2.400000000000000799 ) ) ;
#8516 = EDGE_LOOP ( 'NONE', ( #6687, #6300 ) ) ;
#8517 = CARTESIAN_POINT ( 'NONE',  ( 1.725000000000000089, 1.550000000000000488, 2.701845832985407814 ) ) ;
#8518 =( LENGTH_UNIT ( ) NAMED_UNIT ( * ) SI_UNIT ( .MILLI., .METRE. ) );
#8519 = DIRECTION ( 'NONE',  ( -0.4961389383568342581, 0.8682431421244589664, -5.379149148211307208E-16 ) ) ;
#8520 = PLANE ( 'NONE',  #4031 ) ;
#8521 = EDGE_CURVE ( 'NONE', #4014, #1813, #7368, .T. ) ;
#8522 = LINE ( 'NONE', #934, #5057 ) ;
#8524 = CARTESIAN_POINT ( 'NONE',  ( -2.989893766851884127, 1.031864077255182366, -2.951184463531092650 ) ) ;
#8523 = DIRECTION ( 'NONE',  ( 0.000000000000000000, 1.000000000000000000, 0.000000000000000000 ) ) ;
#8525 = CARTESIAN_POINT ( 'NONE',  ( -3.099999999999985878, 1.800000000000000488, 2.701845832985406926 ) ) ;
#8526 = CARTESIAN_POINT ( 'NONE',  ( -0.8000000000000000444, 0.000000000000000000, 2.700000000000000178 ) ) ;
#8527 = CARTESIAN_POINT ( 'NONE',  ( -1.949999999999999956, 0.2000000000000000111, 2.400000000000001243 ) ) ;
#8528 = CARTESIAN_POINT ( 'NONE',  ( -2.899999999999999467, 1.173333333333332451, -3.000000000000000888 ) ) ;
#8529 = EDGE_LOOP ( 'NONE', ( #7838, #8993, #7768, #6427 ) ) ;
#8530 = EDGE_CURVE ( 'NONE', #613, #148, #6474, .T. ) ;
#8531 = CARTESIAN_POINT ( 'NONE',  ( 1.649999999999999911, 0.05000000000000000278, 0.9999999999999993339 ) ) ;
#8532 = EDGE_CURVE ( 'NONE', #2021, #7879, #3277, .T. ) ;
#8533 = PRESENTATION_STYLE_ASSIGNMENT (( #6762 ) ) ;
#8534 = PLANE ( 'NONE',  #8272 ) ;
#8535 = PLANE ( 'NONE',  #10127 ) ;
#8536 = ORIENTED_EDGE ( 'NONE', *, *, #8521, .T. ) ;
#8537 = DIRECTION ( 'NONE',  ( -0.9856151131419452760, -0.1690054695747755520, 0.000000000000000000 ) ) ;
#8538 = ORIENTED_EDGE ( 'NONE', *, *, #7654, .F. ) ;
#8539 = EDGE_CURVE ( 'NONE', #9753, #8845, #5580, .T. ) ;
#8540 = DIRECTION ( 'NONE',  ( -0.000000000000000000, -1.000000000000000000, -0.000000000000000000 ) ) ;
#8541 = EDGE_CURVE ( 'NONE', #3829, #6855, #9856, .T. ) ;
#8542 = EDGE_CURVE ( 'NONE', #8944, #7307, #4140, .T. ) ;
#8543 = B_SPLINE_CURVE_WITH_KNOTS ( 'NONE', 3,
 ( #10423, #3786, #2923, #9601, #2102, #7105, #7164, #10467, #1342, #4633, #7992, #508, #3022, #6341, #2215, #5515, #8889, #1389, #4680, #8042, #4134, #4899, #3989, #6553, #8321, #6605, #5728 ),
 .UNSPECIFIED., .F., .F.,
 ( 4, 2, 2, 2, 1, 2, 2, 2, 2, 2, 2, 2, 2, 4 ),
 ( 0.000000000000000000, 0.06250000000000037470, 0.1250000000000007494, 0.2500000000000009992, 0.3125000000000009992, 0.3437500000000009992, 0.3750000000000009992, 0.5000000000000005551, 0.5625000000000003331, 0.6250000000000002220, 0.7500000000000000000, 0.8125000000000002220, 0.8750000000000003331, 1.000000000000000000 ),
 .UNSPECIFIED. ) ;
#8544 = CARTESIAN_POINT ( 'NONE',  ( -1.868750000000000133, 0.3999999999999999667, -0.9000000000000003553 ) ) ;
#8545 = LINE ( 'NONE', #1058, #7767 ) ;
#8546 = DIRECTION ( 'NONE',  ( -0.000000000000000000, 0.000000000000000000, 1.000000000000000000 ) ) ;
#8547 = CARTESIAN_POINT ( 'NONE',  ( 1.399999999999999911, 1.119999999999999885, -2.959900934651531479 ) ) ;
#8548 = CARTESIAN_POINT ( 'NONE',  ( 3.035474657216254535, 0.4068829983659283944, -1.750000000000000666 ) ) ;
#8549 = EDGE_LOOP ( 'NONE', ( #5786, #7081, #4784, #3777 ) ) ;
#8550 = EDGE_LOOP ( 'NONE', ( #9406, #2853, #7662, #4963, #1206 ) ) ;
#8551 = ORIENTED_EDGE ( 'NONE', *, *, #9432, .F. ) ;
#8552 = DIRECTION ( 'NONE',  ( 0.1031413735657395470, 0.6995440351107073962, -0.7071067811865487940 ) ) ;
#8553 = VECTOR ( 'NONE', #3425, 1000.000000000000000 ) ;
#8554 = ORIENTED_EDGE ( 'NONE', *, *, #8692, .T. ) ;
#8555 = ORIENTED_EDGE ( 'NONE', *, *, #3838, .T. ) ;
#8556 = AXIS2_PLACEMENT_3D ( 'NONE', #3129, #7492, #9169 ) ;
#8557 = EDGE_CURVE ( 'NONE', #1232, #9227, #2241, .T. ) ;
#8558 = FILL_AREA_STYLE ('',( #6074 ) ) ;
#8559 = FACE_OUTER_BOUND ( 'NONE', #8359, .T. ) ;
#8560 = CARTESIAN_POINT ( 'NONE',  ( 1.750000000000000222, 1.006666666666666599, -2.800000000000000266 ) ) ;
#8561 = CARTESIAN_POINT ( 'NONE',  ( -2.289372235857621618, 0.6018745232693742953, -2.905664137328551888 ) ) ;
#8562 = FACE_OUTER_BOUND ( 'NONE', #5453, .T. ) ;
#8563 = FILL_AREA_STYLE ('',( #6139 ) ) ;
#8564 = VERTEX_POINT ( 'NONE', #8527 ) ;
#8565 = EDGE_LOOP ( 'NONE', ( #3292, #5723, #7356, #9396 ) ) ;
#8566 = ORIENTED_EDGE ( 'NONE', *, *, #9380, .F. ) ;
#8567 = VECTOR ( 'NONE', #8981, 1000.000000000000000 ) ;
#8568 =( NAMED_UNIT ( * ) PLANE_ANGLE_UNIT ( ) SI_UNIT ( $, .RADIAN. ) );
#8569 = CARTESIAN_POINT ( 'NONE',  ( -1.749999999999999334, 0.000000000000000000, 3.000000000000000888 ) ) ;
#8570 = VERTEX_POINT ( 'NONE', #2680 ) ;
#8571 = DIRECTION ( 'NONE',  ( 0.000000000000000000, 0.000000000000000000, 1.000000000000000000 ) ) ;
#8572 = MECHANICAL_DESIGN_GEOMETRIC_PRESENTATION_REPRESENTATION (  '', ( #3148 ), #10134 ) ;
#8573 = DIRECTION ( 'NONE',  ( -1.000000000000000000, 0.000000000000000000, 0.000000000000000000 ) ) ;
#8574 = DIRECTION ( 'NONE',  ( -0.1690054695747714997, -0.9856151131419459421, 0.000000000000000000 ) ) ;
#8575 = ORIENTED_EDGE ( 'NONE', *, *, #182, .T. ) ;
#8576 = VECTOR ( 'NONE', #10007, 1000.000000000000000 ) ;
#8578 = LINE ( 'NONE', #5100, #1967 ) ;
#8577 = ADVANCED_BREP_SHAPE_REPRESENTATION ( '', ( #2774, #4552 ), #8233 ) ;
#8580 = DIRECTION ( 'NONE',  ( 1.000000000000000000, 0.000000000000000000, -0.000000000000000000 ) ) ;
#8579 = CARTESIAN_POINT ( 'NONE',  ( -2.399999999999999911, 0.3999999999999999667, -0.9000000000000005773 ) ) ;
#8581 = DIRECTION ( 'NONE',  ( 0.000000000000000000, 0.000000000000000000, 1.000000000000000000 ) ) ;
#8582 = CARTESIAN_POINT ( 'NONE',  ( -2.900000000000002576, 1.040000000000000036, 3.000000000000000000 ) ) ;
#8583 = ORIENTED_EDGE ( 'NONE', *, *, #4708, .F. ) ;
#8584 = DIRECTION ( 'NONE',  ( 0.000000000000000000, 0.000000000000000000, 1.000000000000000000 ) ) ;
#8585 = VECTOR ( 'NONE', #229, 1000.000000000000000 ) ;
#8586 = CARTESIAN_POINT ( 'NONE',  ( -1.766485034026791689, 1.119803423342948578, -2.957132713903388943 ) ) ;
#8587 = ORIENTED_EDGE ( 'NONE', *, *, #5245, .F. ) ;
#8588 = MECHANICAL_DESIGN_GEOMETRIC_PRESENTATION_REPRESENTATION (  '', ( #722 ), #10332 ) ;
#8589 =( NAMED_UNIT ( * ) PLANE_ANGLE_UNIT ( ) SI_UNIT ( $, .RADIAN. ) );
#8590 = CARTESIAN_POINT ( 'NONE',  ( 3.052456489953511820, 1.595996894053965054, -1.500000000000018652 ) ) ;
#8591 = VECTOR ( 'NONE', #4582, 1000.000000000000114 ) ;
#8592 = LINE ( 'NONE', #227, #3317 ) ;
#8593 = ORIENTED_EDGE ( 'NONE', *, *, #9812, .T. ) ;
#8594 = DIRECTION ( 'NONE',  ( -0.000000000000000000, -1.000000000000000000, -0.000000000000000000 ) ) ;
#8595 = ORIENTED_EDGE ( 'NONE', *, *, #2719, .F. ) ;
#8596 = AXIS2_PLACEMENT_3D ( 'NONE', #7182, #8851, #3643 ) ;
#8597 = LINE ( 'NONE', #4249, #4266 ) ;
#8598 = CARTESIAN_POINT ( 'NONE',  ( -1.558529982953852366, 1.649999999999999911, -1.100939157571596327 ) ) ;
#8599 = LINE ( 'NONE', #6890, #3264 ) ;
#8600 = CARTESIAN_POINT ( 'NONE',  ( 3.000000000000000444, 0.2000000000000000111, 2.400000000000001243 ) ) ;
#8601 = PRESENTATION_LAYER_ASSIGNMENT (  '', '', ( #7716 ) ) ;
#8602 = PLANE ( 'NONE',  #3299 ) ;
#8603 = EDGE_LOOP ( 'NONE', ( #282, #1068, #8593, #5411, #1823, #792 ) ) ;
#8604 = MECHANICAL_DESIGN_GEOMETRIC_PRESENTATION_REPRESENTATION (  '', ( #4664 ), #8367 ) ;
#8605 = EDGE_CURVE ( 'NONE', #4460, #1766, #1801, .T. ) ;
#8606 = ORIENTED_EDGE ( 'NONE', *, *, #9148, .F. ) ;
#8607 = EDGE_CURVE ( 'NONE', #7782, #6791, #6489, .T. ) ;
#8608 = EDGE_CURVE ( 'NONE', #3076, #2951, #1745, .T. ) ;
#8609 = FACE_OUTER_BOUND ( 'NONE', #4421, .T. ) ;
#8610 = EDGE_LOOP ( 'NONE', ( #9842, #7449, #3392, #2747, #10779, #9651 ) ) ;
#8611 = EDGE_CURVE ( 'NONE', #8038, #7176, #8414, .T. ) ;
#8612 = EDGE_LOOP ( 'NONE', ( #5799, #4026, #6029 ) ) ;
#8613 = PRESENTATION_LAYER_ASSIGNMENT (  '', '', ( #2844 ) ) ;
#8614 = EDGE_CURVE ( 'NONE', #6406, #5295, #5939, .T. ) ;
#8615 = CARTESIAN_POINT ( 'NONE',  ( 2.299999999999999378, 0.9900000000000063194, -2.969132483627874297 ) ) ;
#8616 = CARTESIAN_POINT ( 'NONE',  ( -2.549999999999999822, 0.2000000000000000111, 1.600000000000000533 ) ) ;
#8617 = CARTESIAN_POINT ( 'NONE',  ( -1.900000000000000133, 0.4500000000000001776, -0.9000000000000003553 ) ) ;
#8618 = SHAPE_DEFINITION_REPRESENTATION ( #6469, #4983 ) ;
#8619 = LINE ( 'NONE', #4374, #5446 ) ;
#8620 = DIRECTION ( 'NONE',  ( -0.000000000000000000, 0.8479983040050887988, -0.5299989400031787090 ) ) ;
#8621 = CARTESIAN_POINT ( 'NONE',  ( -0.2500000000000000000, 0.4000000000000000222, 0.8999999999999998002 ) ) ;
#8622 = VERTEX_POINT ( 'NONE', #8469 ) ;
#8623 =( GEOMETRIC_REPRESENTATION_CONTEXT ( 3 ) GLOBAL_UNCERTAINTY_ASSIGNED_CONTEXT ( ( #6945 ) ) GLOBAL_UNIT_ASSIGNED_CONTEXT ( ( #4376, #7736, #1949 ) ) REPRESENTATION_CONTEXT ( 'NONE', 'WORKASPACE' ) );
#8624 = VECTOR ( 'NONE', #10333, 1000.000000000000227 ) ;
#8625 = VERTEX_POINT ( 'NONE', #5994 ) ;
#8626 = DIRECTION ( 'NONE',  ( 0.9893046619307648282, 0.1458639293384598745, -0.000000000000000000 ) ) ;
#8627 = EDGE_CURVE ( 'NONE', #10318, #2222, #3324, .T. ) ;
#8628 = LINE ( 'NONE', #8569, #7194 ) ;
#8629 = ORIENTED_EDGE ( 'NONE', *, *, #1141, .T. ) ;
#8630 = SURFACE_STYLE_USAGE ( .BOTH. , #7071 ) ;
#8631 = EDGE_CURVE ( 'NONE', #9324, #4327, #3482, .T. ) ;
#8632 = COLOUR_RGB ( '',0.6470588235294117974, 0.6196078431372549211, 0.5882352941176470784 ) ;
#8633 = CARTESIAN_POINT ( 'NONE',  ( 1.725000000000000089, 0.9900000000000056533, -2.969132483627863195 ) ) ;
#8634 = SURFACE_SIDE_STYLE ('',( #7746 ) ) ;
#8635 = VECTOR ( 'NONE', #5400, 1000.000000000000000 ) ;
#8636 = CARTESIAN_POINT ( 'NONE',  ( -2.999999999999999556, 1.639999999999999902, 1.500000000000000000 ) ) ;
#8638 = CARTESIAN_POINT ( 'NONE',  ( -1.724999999999999867, 1.109374968413278317, 2.810277712176606713 ) ) ;
#8637 = DIRECTION ( 'NONE',  ( -1.000000000000000000, 0.000000000000000000, -0.000000000000000000 ) ) ;
#8639 = SURFACE_STYLE_FILL_AREA ( #5265 ) ;
#8640 = CARTESIAN_POINT ( 'NONE',  ( -1.748645309301181117, 0.8361144450277663287, -2.829911096509761581 ) ) ;
#8641 = ORIENTED_EDGE ( 'NONE', *, *, #7042, .F. ) ;
#8642 =( NAMED_UNIT ( * ) PLANE_ANGLE_UNIT ( ) SI_UNIT ( $, .RADIAN. ) );
#8643 = PRESENTATION_LAYER_ASSIGNMENT (  '', '', ( #252 ) ) ;
#8644 = DIRECTION ( 'NONE',  ( 0.1660101621116049919, 0.06985066062633342454, 0.9836470460921150627 ) ) ;
#8645 = PLANE ( 'NONE',  #10342 ) ;
#8646 = CARTESIAN_POINT ( 'NONE',  ( -3.099999999999985878, 1.800000000000000488, 1.500000000000000000 ) ) ;
#8647 = DIRECTION ( 'NONE',  ( -1.000000000000000000, 0.000000000000000000, -0.000000000000000000 ) ) ;
#8648 = SURFACE_SIDE_STYLE ('',( #328 ) ) ;
#8649 = EDGE_CURVE ( 'NONE', #8944, #4084, #5106, .T. ) ;
#8650 = STYLED_ITEM ( 'NONE', ( #2724 ), #3796 ) ;
#8651 = PLANE ( 'NONE',  #4207 ) ;
#8652 = AXIS2_PLACEMENT_3D ( 'NONE', #3444, #235, #5176 ) ;
#8653 = ORIENTED_EDGE ( 'NONE', *, *, #4857, .T. ) ;
#8654 = ORIENTED_EDGE ( 'NONE', *, *, #6847, .T. ) ;
#8655 = MECHANICAL_DESIGN_GEOMETRIC_PRESENTATION_REPRESENTATION (  '', ( #794 ), #7235 ) ;
#8656 = DIRECTION ( 'NONE',  ( -1.000000000000000000, 0.000000000000000000, 1.495451272393799049E-16 ) ) ;
#8657 = CARTESIAN_POINT ( 'NONE',  ( -2.925123892348078680, 1.442440776823443738, 2.997673626593427620 ) ) ;
#8658 = EDGE_CURVE ( 'NONE', #9191, #10725, #8358, .T. ) ;
#8659 = CARTESIAN_POINT ( 'NONE',  ( 2.899999999999999467, 1.639999999999999902, -2.799999999999999378 ) ) ;
#8660 = EDGE_CURVE ( 'NONE', #4660, #6898, #9916, .T. ) ;
#8661 = DIRECTION ( 'NONE',  ( 0.9860555265491632859, 0.000000000000000000, -0.1664166414811101002 ) ) ;
#8662 = DIRECTION ( 'NONE',  ( -0.1690054695747755520, 0.9856151131419452760, -0.000000000000000000 ) ) ;
#8663 = ORIENTED_EDGE ( 'NONE', *, *, #2863, .F. ) ;
#8664 = ORIENTED_EDGE ( 'NONE', *, *, #3601, .T. ) ;
#8665 = ORIENTED_EDGE ( 'NONE', *, *, #2300, .T. ) ;
#8666 = FILL_AREA_STYLE_COLOUR ( '', #8967 ) ;
#8667 = CIRCLE ( 'NONE', #4440, 0.09999999999999982514 ) ;
#8668 = VERTEX_POINT ( 'NONE', #4339 ) ;
#8669 = EDGE_LOOP ( 'NONE', ( #5469, #9593, #3594, #8664 ) ) ;
#8670 = PLANE ( 'NONE',  #3066 ) ;
#8671 = CARTESIAN_POINT ( 'NONE',  ( -2.999999999999999556, 1.639999999999999902, 1.500000000000026867 ) ) ;
#8672 = DIRECTION ( 'NONE',  ( 1.000000000000000000, -0.000000000000000000, 0.000000000000000000 ) ) ;
#8673 = SHAPE_DEFINITION_REPRESENTATION ( #8146, #10266 ) ;
#8674 = ADVANCED_FACE ( 'NONE', ( #7472, #5161, #9366 ), #881, .T. ) ;
#8675 = DIRECTION ( 'NONE',  ( -0.000000000000000000, 0.000000000000000000, 1.000000000000000000 ) ) ;
#8676 = DIRECTION ( 'NONE',  ( -0.000000000000000000, 1.000000000000000000, 0.000000000000000000 ) ) ;
#8677 = VECTOR ( 'NONE', #6644, 1000.000000000000000 ) ;
#8678 = EDGE_CURVE ( 'NONE', #2438, #590, #2521, .T. ) ;
#8679 = CARTESIAN_POINT ( 'NONE',  ( 1.725000000000000089, 1.119999999999999885, -2.959900934651531479 ) ) ;
#8680 = EDGE_LOOP ( 'NONE', ( #5977, #1015, #7643, #7666 ) ) ;
#8681 = ORIENTED_EDGE ( 'NONE', *, *, #5984, .T. ) ;
#8682 = CARTESIAN_POINT ( 'NONE',  ( -0.7999999999999996003, 1.649999999999999911, 2.700615277661802871 ) ) ;
#8683 = EDGE_CURVE ( 'NONE', #8625, #9753, #3379, .T. ) ;
#8684 = CARTESIAN_POINT ( 'NONE',  ( -2.201387595806831854, 0.5552424364119704636, -2.923824743312684493 ) ) ;
#8685 = ORIENTED_EDGE ( 'NONE', *, *, #4178, .F. ) ;
#8686 = CARTESIAN_POINT ( 'NONE',  ( -1.725000000000000089, 1.551862865526311808, -2.801828480139958444 ) ) ;
#8687 = VECTOR ( 'NONE', #1963, 1000.000000000000000 ) ;
#8688 = CARTESIAN_POINT ( 'NONE',  ( -1.749999999999999334, 1.649999999999999911, -2.799999999999999822 ) ) ;
#8689 = CARTESIAN_POINT ( 'NONE',  ( -1.900033674241059511, 1.799999999999999822, -0.1206298916306449420 ) ) ;
#8690 = ORIENTED_EDGE ( 'NONE', *, *, #10255, .F. ) ;
#8691 = EDGE_CURVE ( 'NONE', #6879, #10585, #8302, .T. ) ;
#8692 = EDGE_CURVE ( 'NONE', #2021, #1083, #10361, .T. ) ;
#8693 = B_SPLINE_CURVE_WITH_KNOTS ( 'NONE', 3,
 ( #5597, #3218, #7302, #8916 ),
 .UNSPECIFIED., .F., .F.,
 ( 4, 4 ),
 ( 0.000000000000000000, 1.000000000000000000 ),
 .UNSPECIFIED. ) ;
#8694 = CARTESIAN_POINT ( 'NONE',  ( -2.999999999999999112, 1.650000000000000355, 2.799999999999999822 ) ) ;
#8695 = DIRECTION ( 'NONE',  ( 0.000000000000000000, 0.000000000000000000, -1.000000000000000000 ) ) ;
#8696 = PRESENTATION_STYLE_ASSIGNMENT (( #6152 ) ) ;
#8697 = ORIENTED_EDGE ( 'NONE', *, *, #257, .T. ) ;
#8698 = CARTESIAN_POINT ( 'NONE',  ( -2.275444008190515621, 0.9726542196610570290, -2.731307302345951538 ) ) ;
#8699 = DIRECTION ( 'NONE',  ( 1.047063412999457397E-16, 6.106320268017409079E-16, 1.000000000000000000 ) ) ;
#8700 = LINE ( 'NONE', #1209, #1601 ) ;
#8701 = FACE_OUTER_BOUND ( 'NONE', #8516, .T. ) ;
#8702 = SURFACE_STYLE_FILL_AREA ( #2847 ) ;
#8703 = PLANE ( 'NONE',  #1824 ) ;
#8704 = DIRECTION ( 'NONE',  ( -0.000000000000000000, -0.000000000000000000, 1.000000000000000000 ) ) ;
#8705 = ORIENTED_EDGE ( 'NONE', *, *, #8166, .T. ) ;
#8706 = ORIENTED_EDGE ( 'NONE', *, *, #1125, .F. ) ;
#8707 = CARTESIAN_POINT ( 'NONE',  ( -3.000000000000000000, 1.649999999999999911, -2.500000000000000444 ) ) ;
#8708 = CARTESIAN_POINT ( 'NONE',  ( 0.000000000000000000, 0.2000000000000000111, 1.600000000000000533 ) ) ;
#8709 = LINE ( 'NONE', #8491, #10773 ) ;
#8710 = CARTESIAN_POINT ( 'NONE',  ( 0.4297422395228592817, 0.05000000000000000278, 1.836908401805750879 ) ) ;
#8711 = LINE ( 'NONE', #338, #5370 ) ;
#8712 = ORIENTED_EDGE ( 'NONE', *, *, #2803, .T. ) ;
#8713 = VERTEX_POINT ( 'NONE', #9202 ) ;
#8714 = ORIENTED_EDGE ( 'NONE', *, *, #6926, .F. ) ;
#8715 = ORIENTED_EDGE ( 'NONE', *, *, #3719, .T. ) ;
#8716 = APPLICATION_CONTEXT ( 'automotive_design' ) ;
#8717 = SURFACE_SIDE_STYLE ('',( #10626 ) ) ;
#8718 = SURFACE_SIDE_STYLE ('',( #10306 ) ) ;
#8719 = DIRECTION ( 'NONE',  ( 0.9856151131419452760, -0.1690054695747758295, 0.000000000000000000 ) ) ;
#8720 = LINE ( 'NONE', #10577, #3535 ) ;
#8721 = DIRECTION ( 'NONE',  ( 1.000000000000000000, 0.000000000000000000, 0.000000000000000000 ) ) ;
#8722 = CARTESIAN_POINT ( 'NONE',  ( -1.849999999999999645, 1.640000000000000346, 2.700000000000000178 ) ) ;
#8723 = CARTESIAN_POINT ( 'NONE',  ( -1.822735025818184251, 1.649999999999999911, -2.700000000000001510 ) ) ;
#8724 = ORIENTED_EDGE ( 'NONE', *, *, #8191, .T. ) ;
#8725 = PRESENTATION_LAYER_ASSIGNMENT (  '', '', ( #2612 ) ) ;
#8726 = UNCERTAINTY_MEASURE_WITH_UNIT (LENGTH_MEASURE( 1.000000000000000082E-05 ), #8059, 'distance_accuracy_value', 'NONE');
#8727 = ORIENTED_EDGE ( 'NONE', *, *, #6020, .T. ) ;
#8728 = FACE_OUTER_BOUND ( 'NONE', #4976, .T. ) ;
#8729 = ORIENTED_EDGE ( 'NONE', *, *, #1969, .F. ) ;
#8730 = PRESENTATION_LAYER_ASSIGNMENT (  '', '', ( #3990 ) ) ;
#8731 = FACE_OUTER_BOUND ( 'NONE', #10209, .T. ) ;
#8732 = CARTESIAN_POINT ( 'NONE',  ( -1.250903821584728126, 1.800000000000000711, -1.436154448670931005 ) ) ;
#8733 = DIRECTION ( 'NONE',  ( 0.000000000000000000, 0.000000000000000000, -1.000000000000000000 ) ) ;
#8734 = CARTESIAN_POINT ( 'NONE',  ( -2.999999999999999112, 0.000000000000000000, 2.699999999999999734 ) ) ;
#8735 = LINE ( 'NONE', #425, #5809 ) ;
#8736 = B_SPLINE_CURVE_WITH_KNOTS ( 'NONE', 3,
 ( #10657, #4071, #4987, #7421, #2455, #6529 ),
 .UNSPECIFIED., .F., .F.,
 ( 4, 2, 4 ),
 ( 0.000000000000000000, 0.5000000000000000000, 1.000000000000000000 ),
 .UNSPECIFIED. ) ;
#8737 = COLOUR_RGB ( '',0.6470588235294117974, 0.6196078431372549211, 0.5882352941176470784 ) ;
#8738 = EDGE_LOOP ( 'NONE', ( #10099, #8429, #9893, #3298, #8385, #4366 ) ) ;
#8739 = DIRECTION ( 'NONE',  ( 0.000000000000000000, -0.000000000000000000, -1.000000000000000000 ) ) ;
#8740 = PRESENTATION_LAYER_ASSIGNMENT (  '', '', ( #1756 ) ) ;
#8741 = ADVANCED_FACE ( 'NONE', ( #7531 ), #51, .T. ) ;
#8742 = ADVANCED_FACE ( 'NONE', ( #4451 ), #5269, .T. ) ;
#8743 = EDGE_CURVE ( 'NONE', #330, #2831, #7961, .T. ) ;
#8744 =( NAMED_UNIT ( * ) PLANE_ANGLE_UNIT ( ) SI_UNIT ( $, .RADIAN. ) );
#8745 =( GEOMETRIC_REPRESENTATION_CONTEXT ( 3 ) GLOBAL_UNCERTAINTY_ASSIGNED_CONTEXT ( ( #79 ) ) GLOBAL_UNIT_ASSIGNED_CONTEXT ( ( #1454, #9123, #2440 ) ) REPRESENTATION_CONTEXT ( 'NONE', 'WORKASPACE' ) );
#8746 = ADVANCED_FACE ( 'NONE', ( #483 ), #4551, .F. ) ;
#8747 = CARTESIAN_POINT ( 'NONE',  ( -1.725000000000000089, 1.779925552076473627, 2.799999999999999822 ) ) ;
#8748 = DIRECTION ( 'NONE',  ( 0.4216370213557839586, -0.7378647873726221773, 0.5270462766947294764 ) ) ;
#8749 = VECTOR ( 'NONE', #7988, 1000.000000000000000 ) ;
#8750 = CARTESIAN_POINT ( 'NONE',  ( 0.000000000000000000, 0.2000000000000000111, -1.800000000000000266 ) ) ;
#8751 = CARTESIAN_POINT ( 'NONE',  ( -3.102876977371611833, 0.7999634446562049472, -4.500000000000001776 ) ) ;
#8752 = STYLED_ITEM ( 'NONE', ( #614 ), #9129 ) ;
#8753 = EDGE_CURVE ( 'NONE', #2823, #10318, #9530, .T. ) ;
#8754 = VERTEX_POINT ( 'NONE', #6925 ) ;
#8755 = B_SPLINE_CURVE_WITH_KNOTS ( 'NONE', 3,
 ( #6419, #5551, #9094, #3068 ),
 .UNSPECIFIED., .F., .F.,
 ( 4, 4 ),
 ( 0.000000000000000000, 1.000000000000000000 ),
 .UNSPECIFIED. ) ;
#8756 = EDGE_CURVE ( 'NONE', #5354, #4145, #1207, .T. ) ;
#8757 = CARTESIAN_POINT ( 'NONE',  ( 2.986931380451262719, 1.490527714159658457, 2.949857516158503667 ) ) ;
#8758 = LINE ( 'NONE', #7204, #2721 ) ;
#8759 = VECTOR ( 'NONE', #5326, 1000.000000000000000 ) ;
#8760 = CARTESIAN_POINT ( 'NONE',  ( -3.092515106404892133, 1.769510837724642682, -1.500000000000000222 ) ) ;
#8761 = CIRCLE ( 'NONE', #3860, 0.4499999999999999001 ) ;
#8762 = CARTESIAN_POINT ( 'NONE',  ( 3.197123022628389322, 0.1661989060850456168, 1.599999999999999423 ) ) ;
#8763 = CARTESIAN_POINT ( 'NONE',  ( 0.1126151761461589157, 0.04999999999999998890, 2.139468245159364290 ) ) ;
#8764 =( NAMED_UNIT ( * ) SI_UNIT ( $, .STERADIAN. ) SOLID_ANGLE_UNIT ( ) );
#8765 = VERTEX_POINT ( 'NONE', #9579 ) ;
#8766 = EDGE_LOOP ( 'NONE', ( #575, #4482, #4047, #3542, #9880, #1831 ) ) ;
#8767 = ORIENTED_EDGE ( 'NONE', *, *, #7291, .F. ) ;
#8768 = PRESENTATION_LAYER_ASSIGNMENT (  '', '', ( #2629 ) ) ;
#8769 = SURFACE_STYLE_USAGE ( .BOTH. , #3016 ) ;
#8770 = COLOUR_RGB ( '',0.6470588235294117974, 0.6196078431372549211, 0.5882352941176470784 ) ;
#8771 = EDGE_LOOP ( 'NONE', ( #6657, #7678, #5544, #2587, #8879, #1782 ) ) ;
#8772 = CARTESIAN_POINT ( 'NONE',  ( 1.318643257891283893, 1.649999999999999911, 0.7444064871682386508 ) ) ;
#8773 = CLOSED_SHELL ( 'NONE', ( #10351, #9798, #3975, #6250, #3258, #5563, #4269, #8417 ) ) ;
#8774 = LINE ( 'NONE', #6388, #5876 ) ;
#8775 = CARTESIAN_POINT ( 'NONE',  ( 1.766485034026790357, 0.9893483593578138446, -2.966396577844844895 ) ) ;
#8776 = CARTESIAN_POINT ( 'NONE',  ( -2.899999999999999467, 1.639999999999999680, 2.799999999999998934 ) ) ;
#8777 = AXIS2_PLACEMENT_3D ( 'NONE', #4865, #867, #5925 ) ;
#8778 = DIRECTION ( 'NONE',  ( -0.000000000000000000, 1.000000000000000000, 0.000000000000000000 ) ) ;
#8779 =( LENGTH_UNIT ( ) NAMED_UNIT ( * ) SI_UNIT ( .MILLI., .METRE. ) );
#8780 = ORIENTED_EDGE ( 'NONE', *, *, #9693, .T. ) ;
#8781 = ADVANCED_FACE ( 'NONE', ( #428 ), #5323, .T. ) ;
#8782 = VERTEX_POINT ( 'NONE', #6407 ) ;
#8783 = VECTOR ( 'NONE', #10522, 1000.000000000000000 ) ;
#8784 = DIRECTION ( 'NONE',  ( 1.495451272393799542E-16, -0.000000000000000000, 1.000000000000000000 ) ) ;
#8785 = ORIENTED_EDGE ( 'NONE', *, *, #6501, .F. ) ;
#8786 = VECTOR ( 'NONE', #2648, 1000.000000000000000 ) ;
#8787 = LINE ( 'NONE', #9830, #5473 ) ;
#8788 = ORIENTED_EDGE ( 'NONE', *, *, #2407, .F. ) ;
#8789 = B_SPLINE_CURVE_WITH_KNOTS ( 'NONE', 3,
 ( #7863, #1418, #2134, #7037 ),
 .UNSPECIFIED., .F., .F.,
 ( 4, 4 ),
 ( 0.000000000000000000, 1.000000000000000000 ),
 .UNSPECIFIED. ) ;
#8790 = DIRECTION ( 'NONE',  ( 1.000000000000000000, 0.000000000000000000, -1.495451272393799542E-16 ) ) ;
#8791 = CARTESIAN_POINT ( 'NONE',  ( 0.000000000000000000, 0.2000000000000000111, 0.000000000000000000 ) ) ;
#8792 = CARTESIAN_POINT ( 'NONE',  ( 3.000000000000000444, 0.2000000000000000111, -2.400000000000000799 ) ) ;
#8793 = VECTOR ( 'NONE', #9762, 1000.000000000000000 ) ;
#8794 = DIRECTION ( 'NONE',  ( -0.000000000000000000, -1.000000000000000000, 0.000000000000000000 ) ) ;
#8795 = CARTESIAN_POINT ( 'NONE',  ( -2.999999999999999112, 1.797345146833222218, 1.500000000000004663 ) ) ;
#8796 = CARTESIAN_POINT ( 'NONE',  ( -2.900000000000001243, 1.040000000000000036, -3.000000000000000444 ) ) ;
#8797 = VECTOR ( 'NONE', #3919, 1000.000000000000000 ) ;
#8798 = STYLED_ITEM ( 'NONE', ( #372 ), #2593 ) ;
#8799 = SURFACE_STYLE_FILL_AREA ( #9527 ) ;
#8800 = EDGE_CURVE ( 'NONE', #3145, #8494, #8856, .T. ) ;
#8801 = VERTEX_POINT ( 'NONE', #7413 ) ;
#8802 = SURFACE_STYLE_USAGE ( .BOTH. , #5424 ) ;
#8803 = CYLINDRICAL_SURFACE ( 'NONE', #6537, 0.09999999999999982514 ) ;
#8804 = AXIS2_PLACEMENT_3D ( 'NONE', #10279, #317, #9575 ) ;
#8805 = VECTOR ( 'NONE', #7941, 1000.000000000000000 ) ;
#8806 = CARTESIAN_POINT ( 'NONE',  ( 2.275444008190515621, 0.6434831302162199451, -2.754682371836738586 ) ) ;
#8807 = CARTESIAN_POINT ( 'NONE',  ( -0.09528252762698313783, 1.649999999999999245, 1.500000000000000222 ) ) ;
#8808 = LINE ( 'NONE', #7196, #3763 ) ;
#8809 = PLANE ( 'NONE',  #5474 ) ;
#8810 = FILL_AREA_STYLE_COLOUR ( '', #7333 ) ;
#8811 = ADVANCED_FACE ( 'NONE', ( #3905 ), #3262, .T. ) ;
#8812 = EDGE_CURVE ( 'NONE', #4623, #5734, #2748, .T. ) ;
#8813 = CARTESIAN_POINT ( 'NONE',  ( -0.7999999999999994893, 1.650000000000001021, 2.701845832985407814 ) ) ;
#8814 = EDGE_CURVE ( 'NONE', #2951, #9227, #8070, .T. ) ;
#8815 = EDGE_LOOP ( 'NONE', ( #1271, #5520, #5072, #1396, #8663 ) ) ;
#8816 = CARTESIAN_POINT ( 'NONE',  ( 3.000000000000000888, 1.800000000000000488, 1.899999999999999689 ) ) ;
#8817 = DIRECTION ( 'NONE',  ( -1.000000000000000000, -0.000000000000000000, -0.000000000000000000 ) ) ;
#8818 = FACE_OUTER_BOUND ( 'NONE', #9993, .T. ) ;
#8819 = COLOUR_RGB ( '',0.8431372549019607865, 0.8156862745098039102, 0.7529411764705882248 ) ;
#8820 = B_SPLINE_CURVE_WITH_KNOTS ( 'NONE', 3,
 ( #6266, #8434, #1927, #3502 ),
 .UNSPECIFIED., .F., .F.,
 ( 4, 4 ),
 ( 0.000000000000000000, 1.000000000000000000 ),
 .UNSPECIFIED. ) ;
#8821 = FILL_AREA_STYLE_COLOUR ( '', #9963 ) ;
#8822 = FILL_AREA_STYLE_COLOUR ( '', #3213 ) ;
#8823 = PLANE ( 'NONE',  #8016 ) ;
#8824 = ORIENTED_EDGE ( 'NONE', *, *, #10413, .T. ) ;
#8825 = EDGE_LOOP ( 'NONE', ( #5292, #5835, #5632, #5663 ) ) ;
#8826 = EDGE_CURVE ( 'NONE', #5312, #5906, #398, .T. ) ;
#8827 = ORIENTED_EDGE ( 'NONE', *, *, #7520, .F. ) ;
#8828 = LINE ( 'NONE', #1335, #586 ) ;
#8829 = ORIENTED_EDGE ( 'NONE', *, *, #10073, .T. ) ;
#8830 = CARTESIAN_POINT ( 'NONE',  ( 1.499932675404402671, 1.649999999999999467, -0.1903948256147980633 ) ) ;
#8831 = DIRECTION ( 'NONE',  ( 0.000000000000000000, -0.000000000000000000, -1.000000000000000000 ) ) ;
#8832 = CARTESIAN_POINT ( 'NONE',  ( 1.761043567301742163, 1.649999999999999467, 0.7133984507931907526 ) ) ;
#8833 = CARTESIAN_POINT ( 'NONE',  ( -3.099999999999985878, 1.649999999999999911, -1.899999999999998579 ) ) ;
#8834 = APPLICATION_PROTOCOL_DEFINITION ( 'draft international standard', 'automotive_design', 1998, #1311 ) ;
#8835 = FILL_AREA_STYLE_COLOUR ( '', #10023 ) ;
#8836 = VECTOR ( 'NONE', #9747, 1000.000000000000000 ) ;
#8837 = DIRECTION ( 'NONE',  ( -1.000000000000000000, -0.000000000000000000, -0.000000000000000000 ) ) ;
#8838 = VERTEX_POINT ( 'NONE', #638 ) ;
#8839 = STYLED_ITEM ( 'NONE', ( #7162 ), #4163 ) ;
#8840 = UNCERTAINTY_MEASURE_WITH_UNIT (LENGTH_MEASURE( 1.000000000000000082E-05 ), #2435, 'distance_accuracy_value', 'NONE');
#8841 = ORIENTED_EDGE ( 'NONE', *, *, #2394, .T. ) ;
#8842 = LINE ( 'NONE', #7114, #3705 ) ;
#8843 = ORIENTED_EDGE ( 'NONE', *, *, #7733, .T. ) ;
#8844 = CARTESIAN_POINT ( 'NONE',  ( -0.3342222971704654211, 0.05000000000000000278, 1.806517813098470926 ) ) ;
#8845 = VERTEX_POINT ( 'NONE', #8909 ) ;
#8846 = AXIS2_PLACEMENT_3D ( 'NONE', #3110, #9195, #5606 ) ;
#8847 = VECTOR ( 'NONE', #9535, 1000.000000000000000 ) ;
#8848 = CARTESIAN_POINT ( 'NONE',  ( -2.549999999999999822, 0.000000000000000000, 1.600000000000000533 ) ) ;
#8849 = CARTESIAN_POINT ( 'NONE',  ( -1.754329820263832662, 1.800000000000000488, 0.7297918222781204500 ) ) ;
#8850 = CARTESIAN_POINT ( 'NONE',  ( 1.822735025818185584, 1.640000000000000124, -2.700000000000001066 ) ) ;
#8851 = DIRECTION ( 'NONE',  ( 0.000000000000000000, -0.01862865526314227624, -0.9998264715454812102 ) ) ;
#8852 = FILL_AREA_STYLE ('',( #5417 ) ) ;
#8853 = DIRECTION ( 'NONE',  ( -0.000000000000000000, -1.000000000000000000, -0.000000000000000000 ) ) ;
#8854 = DIRECTION ( 'NONE',  ( 0.8682431421244597436, 0.000000000000000000, 0.4961389383568329259 ) ) ;
#8855 = VERTEX_POINT ( 'NONE', #10542 ) ;
#8856 = LINE ( 'NONE', #4807, #9106 ) ;
#8857 = FACE_OUTER_BOUND ( 'NONE', #5615, .T. ) ;
#8858 = MECHANICAL_DESIGN_GEOMETRIC_PRESENTATION_REPRESENTATION (  '', ( #640 ), #4794 ) ;
#8859 =( LENGTH_UNIT ( ) NAMED_UNIT ( * ) SI_UNIT ( .MILLI., .METRE. ) );
#8860 = EDGE_CURVE ( 'NONE', #1185, #2936, #10650, .T. ) ;
#8861 =( NAMED_UNIT ( * ) SI_UNIT ( $, .STERADIAN. ) SOLID_ANGLE_UNIT ( ) );
#8862 = CARTESIAN_POINT ( 'NONE',  ( -0.6467502192729481791, 1.649999999999999911, -1.353739692867408806 ) ) ;
#8863 = DIRECTION ( 'NONE',  ( -1.000000000000000000, -0.000000000000000000, -0.000000000000000000 ) ) ;
#8864 = DIRECTION ( 'NONE',  ( 0.000000000000000000, 1.000000000000000000, 0.000000000000000000 ) ) ;
#8865 = DIRECTION ( 'NONE',  ( -0.000000000000000000, -0.000000000000000000, -1.000000000000000000 ) ) ;
#8866 = CARTESIAN_POINT ( 'NONE',  ( 2.924747927390970670, 1.639999999999999680, -2.799999999999998046 ) ) ;
#8867 = EDGE_LOOP ( 'NONE', ( #1421, #9931, #688, #5211 ) ) ;
#8868 = EDGE_CURVE ( 'NONE', #9806, #10574, #5480, .T. ) ;
#8869 = DIRECTION ( 'NONE',  ( 0.9861240419316827932, 0.01175908810768414720, 0.1655931694581524727 ) ) ;
#8870 = CARTESIAN_POINT ( 'NONE',  ( 3.295163886627928473, 0.05523492450537400428, 0.5261799387799148686 ) ) ;
#8871 = ADVANCED_FACE ( 'NONE', ( #3147 ), #6460, .F. ) ;
#8872 = DIRECTION ( 'NONE',  ( -0.000000000000000000, -1.000000000000000000, -0.000000000000000000 ) ) ;
#8873 = DIRECTION ( 'NONE',  ( -1.000000000000000000, 0.000000000000000000, -0.000000000000000000 ) ) ;
#8874 = CARTESIAN_POINT ( 'NONE',  ( 2.176831603997347653, 0.5449102240437043720, -2.778325043173702991 ) ) ;
#8875 =( NAMED_UNIT ( * ) PLANE_ANGLE_UNIT ( ) SI_UNIT ( $, .RADIAN. ) );
#8876 = ORIENTED_EDGE ( 'NONE', *, *, #7859, .F. ) ;
#8877 = ORIENTED_EDGE ( 'NONE', *, *, #10677, .F. ) ;
#8878 = SURFACE_STYLE_USAGE ( .BOTH. , #6334 ) ;
#8879 = ORIENTED_EDGE ( 'NONE', *, *, #2793, .T. ) ;
#8880 = PRESENTATION_STYLE_ASSIGNMENT (( #8769 ) ) ;
#8881 = ORIENTED_EDGE ( 'NONE', *, *, #5393, .T. ) ;
#8882 = ADVANCED_FACE ( 'NONE', ( #1363 ), #8120, .F. ) ;
#8883 = EDGE_CURVE ( 'NONE', #5733, #7445, #10712, .T. ) ;
#8884 = EDGE_CURVE ( 'NONE', #2795, #482, #9076, .T. ) ;
#8885 = LINE ( 'NONE', #460, #4864 ) ;
#8886 = ADVANCED_FACE ( 'NONE', ( #6520 ), #9027, .F. ) ;
#8887 = DIRECTION ( 'NONE',  ( -0.000000000000000000, -1.000000000000000000, -0.000000000000000000 ) ) ;
#8888 =( LENGTH_UNIT ( ) NAMED_UNIT ( * ) SI_UNIT ( .MILLI., .METRE. ) );
#8889 = CARTESIAN_POINT ( 'NONE',  ( -0.08679897932027413887, 0.04999999999999998890, 1.360188992419681053 ) ) ;
#8890 = FILL_AREA_STYLE_COLOUR ( '', #10250 ) ;
#8891 =( NAMED_UNIT ( * ) SI_UNIT ( $, .STERADIAN. ) SOLID_ANGLE_UNIT ( ) );
#8892 = CARTESIAN_POINT ( 'NONE',  ( 1.725000000000000089, 1.119999999999999885, 2.959900934651531479 ) ) ;
#8893 = ORIENTED_EDGE ( 'NONE', *, *, #4890, .F. ) ;
#8894 = ORIENTED_EDGE ( 'NONE', *, *, #1988, .T. ) ;
#8895 = CARTESIAN_POINT ( 'NONE',  ( 5.000000000000000888, 0.000000000000000000, -2.799999999999999822 ) ) ;
#8896 = VERTEX_POINT ( 'NONE', #3856 ) ;
#8897 = CARTESIAN_POINT ( 'NONE',  ( 0.2794631927931196524, 0.05000000000000000971, 1.912196864487112569 ) ) ;
#8898 = ORIENTED_EDGE ( 'NONE', *, *, #5360, .T. ) ;
#8899 = EDGE_CURVE ( 'NONE', #4590, #5423, #10708, .T. ) ;
#8900 = FACE_OUTER_BOUND ( 'NONE', #7611, .T. ) ;
#8901 = CYLINDRICAL_SURFACE ( 'NONE', #9104, 0.1000000000000002554 ) ;
#8902 = CARTESIAN_POINT ( 'NONE',  ( 1.725000000000000089, 1.109374968413278095, 2.810277712176606713 ) ) ;
#8903 = CARTESIAN_POINT ( 'NONE',  ( 3.251008616508833882, 1.310783146137172839, -0.5999999999999999778 ) ) ;
#8904 = DIRECTION ( 'NONE',  ( -1.000000000000000000, -0.000000000000000000, -0.000000000000000000 ) ) ;
#8905 = CARTESIAN_POINT ( 'NONE',  ( 0.2500000000000000000, 0.3999999999999999112, -0.5999999999999999778 ) ) ;
#8906 = ORIENTED_EDGE ( 'NONE', *, *, #2514, .T. ) ;
#8907 = ORIENTED_EDGE ( 'NONE', *, *, #4722, .F. ) ;
#8908 =( GEOMETRIC_REPRESENTATION_CONTEXT ( 3 ) GLOBAL_UNCERTAINTY_ASSIGNED_CONTEXT ( ( #1613 ) ) GLOBAL_UNIT_ASSIGNED_CONTEXT ( ( #1013, #3564, #1126 ) ) REPRESENTATION_CONTEXT ( 'NONE', 'WORKASPACE' ) );
#8909 = CARTESIAN_POINT ( 'NONE',  ( -3.204135107032042296, 1.618360519674102882, 1.499999999999999112 ) ) ;
#8910 = CARTESIAN_POINT ( 'NONE',  ( -1.849999999999999423, 1.640000000000000790, 2.700000000000000178 ) ) ;
#8911 = CARTESIAN_POINT ( 'NONE',  ( -2.899999999999999911, 1.439999999999997726, 3.000000000000000000 ) ) ;
#8912 = AXIS2_PLACEMENT_3D ( 'NONE', #8297, #9037, #10000 ) ;
#8913 = DIRECTION ( 'NONE',  ( -1.000000000000000000, -0.000000000000000000, -0.000000000000000000 ) ) ;
#8914 = MECHANICAL_DESIGN_GEOMETRIC_PRESENTATION_REPRESENTATION (  '', ( #1059 ), #2453 ) ;
#8915 = LINE ( 'NONE', #4655, #4277 ) ;
#8916 = CARTESIAN_POINT ( 'NONE',  ( 3.295163886627928473, 0.05523492450537408061, 0.4999999999999997780 ) ) ;
#8917 =( NAMED_UNIT ( * ) SI_UNIT ( $, .STERADIAN. ) SOLID_ANGLE_UNIT ( ) );
#8918 = PRESENTATION_LAYER_ASSIGNMENT (  '', '', ( #5376 ) ) ;
#8919 = CARTESIAN_POINT ( 'NONE',  ( 1.725000000000000311, 1.793126469462960948, 2.769076929586161029 ) ) ;
#8920 = AXIS2_PLACEMENT_3D ( 'NONE', #10760, #1410, #4707 ) ;
#8921 = EDGE_LOOP ( 'NONE', ( #9256, #7067, #1815, #2838 ) ) ;
#8922 = STYLED_ITEM ( 'NONE', ( #601 ), #5861 ) ;
#8923 = CARTESIAN_POINT ( 'NONE',  ( 2.924747927389947932, 1.439999999999999059, 2.999999999999998668 ) ) ;
#8924 = CARTESIAN_POINT ( 'NONE',  ( 2.176831603997347209, 0.5449102240437043720, 2.778325043173702102 ) ) ;
#8925 = CARTESIAN_POINT ( 'NONE',  ( -2.275444008190515177, 0.9726542196610570290, 2.731307302345950649 ) ) ;
#8926 = PRESENTATION_LAYER_ASSIGNMENT (  '', '', ( #6108 ) ) ;
#8927 = VECTOR ( 'NONE', #10183, 1000.000000000000000 ) ;
#8928 = FACE_OUTER_BOUND ( 'NONE', #10451, .T. ) ;
#8929 = CARTESIAN_POINT ( 'NONE',  ( 3.000000000000000444, -2.439454888092384977E-17, 2.400000000000001243 ) ) ;
#8930 = APPLICATION_CONTEXT ( 'automotive_design' ) ;
#8931 = DIRECTION ( 'NONE',  ( 0.000000000000000000, 0.000000000000000000, 1.000000000000000000 ) ) ;
#8932 = VERTEX_POINT ( 'NONE', #9733 ) ;
#8933 = EDGE_LOOP ( 'NONE', ( #4746, #10778, #4999, #5173 ) ) ;
#8934 = DIRECTION ( 'NONE',  ( 1.000000000000000000, 0.000000000000000000, 1.517883041479709048E-14 ) ) ;
#8935 = CARTESIAN_POINT ( 'NONE',  ( 1.399999999999999911, 1.189999999999999281, -2.958596702461715910 ) ) ;
#8936 = ORIENTED_EDGE ( 'NONE', *, *, #66, .F. ) ;
#8937 = CARTESIAN_POINT ( 'NONE',  ( 0.7157900588268298891, 1.649999999999999911, 1.320168919692262355 ) ) ;
#8938 = CARTESIAN_POINT ( 'NONE',  ( -2.999999999999999112, 0.9899999999999999911, 2.699999999999999734 ) ) ;
#8939 = CARTESIAN_POINT ( 'NONE',  ( -1.749972624337437832, 0.9897492686847915166, -2.968821944913500488 ) ) ;
#8940 = LINE ( 'NONE', #8833, #8783 ) ;
#8941 = FACE_OUTER_BOUND ( 'NONE', #4748, .T. ) ;
#8942 = PLANE ( 'NONE',  #7031 ) ;
#8943 = STYLED_ITEM ( 'NONE', ( #7405 ), #9992 ) ;
#8944 = VERTEX_POINT ( 'NONE', #8229 ) ;
#8945 = EDGE_CURVE ( 'NONE', #3986, #9418, #753, .T. ) ;
#8946 = EDGE_CURVE ( 'NONE', #1331, #10050, #2233, .T. ) ;
#8947 = VECTOR ( 'NONE', #5397, 1000.000000000000000 ) ;
#8948 = UNCERTAINTY_MEASURE_WITH_UNIT (LENGTH_MEASURE( 1.000000000000000082E-05 ), #10720, 'distance_accuracy_value', 'NONE');
#8949 = ORIENTED_EDGE ( 'NONE', *, *, #188, .T. ) ;
#8950 = ADVANCED_FACE ( 'NONE', ( #6688 ), #2560, .T. ) ;
#8951 = DIRECTION ( 'NONE',  ( -1.084202172485502462E-15, 0.000000000000000000, 1.000000000000000000 ) ) ;
#8952 = ORIENTED_EDGE ( 'NONE', *, *, #10548, .F. ) ;
#8953 = PLANE ( 'NONE',  #444 ) ;
#8954 = ORIENTED_EDGE ( 'NONE', *, *, #782, .T. ) ;
#8955 = ADVANCED_FACE ( 'NONE', ( #95 ), #7575, .F. ) ;
#8956 = PRODUCT_DEFINITION_SHAPE ( 'NONE', 'NONE',  #10821 ) ;
#8957 = VECTOR ( 'NONE', #2608, 1000.000000000000227 ) ;
#8958 = CARTESIAN_POINT ( 'NONE',  ( -0.1276039697904124692, 0.2400000000000000466, 1.474261951190297903 ) ) ;
#8959 = VECTOR ( 'NONE', #1622, 1000.000000000000114 ) ;
#8960 = DIRECTION ( 'NONE',  ( -0.000000000000000000, 1.000000000000000000, 0.000000000000000000 ) ) ;
#8961 = FACE_OUTER_BOUND ( 'NONE', #6245, .T. ) ;
#8962 = DIRECTION ( 'NONE',  ( 0.000000000000000000, -0.000000000000000000, 1.000000000000000000 ) ) ;
#8963 = DIRECTION ( 'NONE',  ( 0.000000000000000000, 0.9974881498328391771, -0.07083354391147972384 ) ) ;
#8964 = CARTESIAN_POINT ( 'NONE',  ( 2.399999999999999911, 0.4000000000000000222, -0.5687499999999998668 ) ) ;
#8965 = AXIS2_PLACEMENT_3D ( 'NONE', #914, #9938, #2337 ) ;
#8966 = CARTESIAN_POINT ( 'NONE',  ( 1.950000000000000622, 0.2000000000000000111, 0.000000000000000000 ) ) ;
#8967 = COLOUR_RGB ( '',0.6470588235294117974, 0.6196078431372549211, 0.5882352941176470784 ) ;
#8968 = ORIENTED_EDGE ( 'NONE', *, *, #3060, .T. ) ;
#8969 = VERTEX_POINT ( 'NONE', #1843 ) ;
#8970 = DIRECTION ( 'NONE',  ( 0.000000000000000000, 0.000000000000000000, 1.000000000000000000 ) ) ;
#8971 = DIRECTION ( 'NONE',  ( -1.000000000000000000, -0.000000000000000000, 0.000000000000000000 ) ) ;
#8972 = ADVANCED_FACE ( 'NONE', ( #1734 ), #9189, .F. ) ;
#8973 =( GEOMETRIC_REPRESENTATION_CONTEXT ( 3 ) GLOBAL_UNCERTAINTY_ASSIGNED_CONTEXT ( ( #4311 ) ) GLOBAL_UNIT_ASSIGNED_CONTEXT ( ( #5348, #6291, #6903 ) ) REPRESENTATION_CONTEXT ( 'NONE', 'WORKASPACE' ) );
#8974 = FACE_OUTER_BOUND ( 'NONE', #2690, .T. ) ;
#8975 = FILL_AREA_STYLE_COLOUR ( '', #3685 ) ;
#8976 = PRESENTATION_LAYER_ASSIGNMENT (  '', '', ( #8435 ) ) ;
#8977 = FACE_OUTER_BOUND ( 'NONE', #4396, .T. ) ;
#8978 = DIRECTION ( 'NONE',  ( 0.000000000000000000, 0.9998264715454813212, 0.01862865526313777637 ) ) ;
#8979 = CARTESIAN_POINT ( 'NONE',  ( -1.725000000000000089, 1.550000000000000488, -2.701845832985407814 ) ) ;
#8980 = CARTESIAN_POINT ( 'NONE',  ( -1.399999999999999911, 1.189999999999999281, -2.958596702461715910 ) ) ;
#8981 = DIRECTION ( 'NONE',  ( 0.000000000000000000, 1.000000000000000000, 0.000000000000000000 ) ) ;
#8982 =( GEOMETRIC_REPRESENTATION_CONTEXT ( 3 ) GLOBAL_UNCERTAINTY_ASSIGNED_CONTEXT ( ( #5405 ) ) GLOBAL_UNIT_ASSIGNED_CONTEXT ( ( #9269, #10126, #7087 ) ) REPRESENTATION_CONTEXT ( 'NONE', 'WORKASPACE' ) );
#8983 = VECTOR ( 'NONE', #8675, 1000.000000000000000 ) ;
#8984 = ORIENTED_EDGE ( 'NONE', *, *, #7382, .T. ) ;
#8985 = SURFACE_SIDE_STYLE ('',( #4821 ) ) ;
#8986 = CARTESIAN_POINT ( 'NONE',  ( -1.724999999999999867, 1.554657163815786003, 2.951802450871777506 ) ) ;
#8987 = EDGE_CURVE ( 'NONE', #6842, #1955, #10048, .T. ) ;
#8988 = VECTOR ( 'NONE', #4621, 1000.000000000000000 ) ;
#8989 = CARTESIAN_POINT ( 'NONE',  ( -2.100296005460343896, 0.9747427812500785160, 2.760718726936656431 ) ) ;
#8990 = CARTESIAN_POINT ( 'NONE',  ( -3.100000000000000533, 1.649999999999999911, 2.500000000000001332 ) ) ;
#8991 = PLANE ( 'NONE',  #7681 ) ;
#8992 = ORIENTED_EDGE ( 'NONE', *, *, #10152, .T. ) ;
#8993 = ORIENTED_EDGE ( 'NONE', *, *, #3884, .F. ) ;
#8994 = B_SPLINE_CURVE_WITH_KNOTS ( 'NONE', 3,
 ( #3968, #7299, #10656, #5654, #6869, #10105 ),
 .UNSPECIFIED., .F., .F.,
 ( 4, 2, 4 ),
 ( 0.000000000000000000, 0.5000000000000000000, 1.000000000000000000 ),
 .UNSPECIFIED. ) ;
#8995 = CARTESIAN_POINT ( 'NONE',  ( 3.000000000000000444, 1.023333333333333650, -2.900000000000000799 ) ) ;
#8996 = SURFACE_STYLE_FILL_AREA ( #2313 ) ;
#8997 = ORIENTED_EDGE ( 'NONE', *, *, #9310, .T. ) ;
#8998 = AXIS2_PLACEMENT_3D ( 'NONE', #1646, #225, #6648 ) ;
#8999 = LINE ( 'NONE', #8149, #9375 ) ;
#9000 = EDGE_CURVE ( 'NONE', #2736, #904, #8289, .T. ) ;
#9001 = CARTESIAN_POINT ( 'NONE',  ( 1.725000000000000089, 0.9899999999999997691, 2.969132483627863639 ) ) ;
#9002 = PLANE ( 'NONE',  #7350 ) ;
#9003 = CARTESIAN_POINT ( 'NONE',  ( 0.2500000000229193331, 0.2400000000000000744, 1.715984058441121007 ) ) ;
#9004 = FILL_AREA_STYLE ('',( #8890 ) ) ;
#9005 = ITEM_DEFINED_TRANSFORMATION ( 'NONE', 'NONE', #10526,  #4552 ) ;
#9006 = DIRECTION ( 'NONE',  ( -0.000000000000000000, -1.000000000000000000, -0.000000000000000000 ) ) ;
#9007 = PLANE ( 'NONE',  #8556 ) ;
#9008 = ORIENTED_EDGE ( 'NONE', *, *, #814, .T. ) ;
#9009 = VERTEX_POINT ( 'NONE', #9243 ) ;
#9010 = CARTESIAN_POINT ( 'NONE',  ( 0.000000000000000000, 0.2000000000000000111, 2.400000000000001243 ) ) ;
#9011 = ORIENTED_EDGE ( 'NONE', *, *, #4435, .T. ) ;
#9012 = DIRECTION ( 'NONE',  ( -1.000000000000000000, -0.000000000000000000, -0.000000000000000000 ) ) ;
#9013 = ORIENTED_EDGE ( 'NONE', *, *, #7019, .T. ) ;
#9014 = EDGE_CURVE ( 'NONE', #4160, #4894, #8397, .T. ) ;
#9015 = LINE ( 'NONE', #1513, #976 ) ;
#9016 = FILL_AREA_STYLE ('',( #2277 ) ) ;
#9017 = DIRECTION ( 'NONE',  ( 0.000000000000000000, -1.000000000000000000, 2.670717223410072953E-17 ) ) ;
#9018 = VECTOR ( 'NONE', #5577, 999.9999999999998863 ) ;
#9019 = ADVANCED_FACE ( 'NONE', ( #5090 ), #922, .F. ) ;
#9020 = DIRECTION ( 'NONE',  ( -1.000000000000000000, 0.000000000000000000, 0.000000000000000000 ) ) ;
#9021 =( NAMED_UNIT ( * ) SI_UNIT ( $, .STERADIAN. ) SOLID_ANGLE_UNIT ( ) );
#9022 = LINE ( 'NONE', #1360, #5444 ) ;
#9023 = LINE ( 'NONE', #9840, #9626 ) ;
#9024 = EDGE_CURVE ( 'NONE', #3963, #1707, #37, .T. ) ;
#9025 = VERTEX_POINT ( 'NONE', #7682 ) ;
#9026 = ORIENTED_EDGE ( 'NONE', *, *, #6132, .F. ) ;
#9027 = PLANE ( 'NONE',  #6623 ) ;
#9028 = FACE_OUTER_BOUND ( 'NONE', #3116, .T. ) ;
#9029 = ORIENTED_EDGE ( 'NONE', *, *, #859, .T. ) ;
#9030 = AXIS2_PLACEMENT_3D ( 'NONE', #10543, #2289, #1469 ) ;
#9031 = B_SPLINE_CURVE_WITH_KNOTS ( 'NONE', 3,
 ( #3873, #8870, #1322, #7146, #6219, #10508 ),
 .UNSPECIFIED., .F., .F.,
 ( 4, 2, 4 ),
 ( 0.000000000000000000, 0.5000000000000000000, 1.000000000000000000 ),
 .UNSPECIFIED. ) ;
#9032 = VECTOR ( 'NONE', #9328, 1000.000000000000114 ) ;
#9033 = ADVANCED_FACE ( 'NONE', ( #3469 ), #10100, .F. ) ;
#9034 = EDGE_CURVE ( 'NONE', #1895, #9065, #4159, .T. ) ;
#9035 = LINE ( 'NONE', #10654, #7701 ) ;
#9036 = CARTESIAN_POINT ( 'NONE',  ( -3.023412060355426867, 1.634033064726141404, 1.500000000000000222 ) ) ;
#9038 = DIRECTION ( 'NONE',  ( -1.000000000000000000, 0.000000000000000000, 0.000000000000000000 ) ) ;
#9037 = DIRECTION ( 'NONE',  ( -1.000000000000000000, 0.000000000000000000, 0.000000000000000000 ) ) ;
#9039 = DIRECTION ( 'NONE',  ( -0.4961389383568337585, 0.8682431421244591885, 0.000000000000000000 ) ) ;
#9040 = DIRECTION ( 'NONE',  ( 0.000000000000000000, 0.000000000000000000, 1.000000000000000000 ) ) ;
#9041 = FILL_AREA_STYLE_COLOUR ( '', #3019 ) ;
#9042 = AXIS2_PLACEMENT_3D ( 'NONE', #6161, #7135, #6212 ) ;
#9043 = CARTESIAN_POINT ( 'NONE',  ( -1.725000000000000089, 1.109374968413270990, -2.810277712176607157 ) ) ;
#9044 = ORIENTED_EDGE ( 'NONE', *, *, #10675, .T. ) ;
#9045 = ADVANCED_FACE ( 'NONE', ( #865 ), #6910, .T. ) ;
#9046 = VECTOR ( 'NONE', #316, 1000.000000000000000 ) ;
#9047 = CARTESIAN_POINT ( 'NONE',  ( 0.4500000000000000666, 0.04999999999999992645, 0.9000000000000000222 ) ) ;
#9048 = CARTESIAN_POINT ( 'NONE',  ( -2.986931380452918283, 1.589857516155613881, 2.850527714162980786 ) ) ;
#9049 = SURFACE_STYLE_USAGE ( .BOTH. , #1596 ) ;
#9050 = ORIENTED_EDGE ( 'NONE', *, *, #8078, .F. ) ;
#9051 = ORIENTED_EDGE ( 'NONE', *, *, #3601, .F. ) ;
#9052 = DIRECTION ( 'NONE',  ( -1.000000000000000000, 0.000000000000000000, -0.000000000000000000 ) ) ;
#9053 = B_SPLINE_CURVE_WITH_KNOTS ( 'NONE', 3,
 ( #1166, #9257, #1750, #5113, #2786, #4344 ),
 .UNSPECIFIED., .F., .F.,
 ( 4, 2, 4 ),
 ( 0.000000000000000000, 0.5000000000000000000, 1.000000000000000000 ),
 .UNSPECIFIED. ) ;
#9054 = ORIENTED_EDGE ( 'NONE', *, *, #4511, .T. ) ;
#9055 = CARTESIAN_POINT ( 'NONE',  ( 2.399999999999999467, 0.04999999999999990563, 0.3500000000000004219 ) ) ;
#9056 = CARTESIAN_POINT ( 'NONE',  ( 1.725000000000000089, 1.114592996245836964, 2.809975643556418490 ) ) ;
#9057 = CARTESIAN_POINT ( 'NONE',  ( 1.855465047488622954, 1.649999999999999689, 0.4750839061574441691 ) ) ;
#9058 = DIRECTION ( 'NONE',  ( 1.000000000000000000, 0.000000000000000000, 0.000000000000000000 ) ) ;
#9059 = LINE ( 'NONE', #1551, #7083 ) ;
#9060 = DIRECTION ( 'NONE',  ( 0.8682431421244595215, 0.000000000000000000, 0.4961389383568333145 ) ) ;
#9061 = SURFACE_STYLE_USAGE ( .BOTH. , #18 ) ;
#9062 = ORIENTED_EDGE ( 'NONE', *, *, #10014, .F. ) ;
#9063 = ORIENTED_EDGE ( 'NONE', *, *, #8264, .T. ) ;
#9064 = UNCERTAINTY_MEASURE_WITH_UNIT (LENGTH_MEASURE( 1.000000000000000082E-05 ), #3823, 'distance_accuracy_value', 'NONE');
#9065 = VERTEX_POINT ( 'NONE', #2209 ) ;
#9066 = VERTEX_POINT ( 'NONE', #1379 ) ;
#9067 = ORIENTED_EDGE ( 'NONE', *, *, #686, .F. ) ;
#9068 = CARTESIAN_POINT ( 'NONE',  ( -3.000000000000000888, 1.650000000000000355, -2.900000000000000355 ) ) ;
#9069 = FACE_OUTER_BOUND ( 'NONE', #8921, .T. ) ;
#9070 = CARTESIAN_POINT ( 'NONE',  ( -1.725000000000000089, 0.9793749684132778688, 2.819509261152939761 ) ) ;
#9071 = CARTESIAN_POINT ( 'NONE',  ( 0.6005656797157228333, 1.800000000000000488, -1.803074943732277280 ) ) ;
#9072 = FACE_OUTER_BOUND ( 'NONE', #7869, .T. ) ;
#9073 = CARTESIAN_POINT ( 'NONE',  ( -1.733283001604469575, 0.5606250315867216116, 2.999623222474925743 ) ) ;
#9074 = ORIENTED_EDGE ( 'NONE', *, *, #3978, .T. ) ;
#9075 = VERTEX_POINT ( 'NONE', #1953 ) ;
#9076 = LINE ( 'NONE', #4863, #5 ) ;
#9077 = CARTESIAN_POINT ( 'NONE',  ( -3.429011037612589276E-16, 3.100000000000000089, 1.400000000000000133 ) ) ;
#9078 = ORIENTED_EDGE ( 'NONE', *, *, #6106, .F. ) ;
#9079 = DIRECTION ( 'NONE',  ( 0.000000000000000000, -0.000000000000000000, 1.000000000000000000 ) ) ;
#9080 = DIRECTION ( 'NONE',  ( 0.1690054695747755520, 0.9856151131419452760, 0.000000000000000000 ) ) ;
#9081 = CARTESIAN_POINT ( 'NONE',  ( 3.144879139892854170, 0.06077074439317967092, 0.5521986658763282652 ) ) ;
#9083 = DIRECTION ( 'NONE',  ( -0.000000000000000000, -1.000000000000000000, -0.000000000000000000 ) ) ;
#9082 = FILL_AREA_STYLE_COLOUR ( '', #7130 ) ;
#9084 = CARTESIAN_POINT ( 'NONE',  ( 3.046699193019195562, 1.410309857178409572E-16, 1.599999999999998757 ) ) ;
#9085 = EDGE_CURVE ( 'NONE', #1507, #7949, #4379, .T. ) ;
#9086 = EDGE_CURVE ( 'NONE', #6050, #8394, #2770, .T. ) ;
#9087 = DIRECTION ( 'NONE',  ( -0.000000000000000000, -0.000000000000000000, -1.000000000000000000 ) ) ;
#9088 = AXIS2_PLACEMENT_3D ( 'NONE', #3153, #5710, #697 ) ;
#9089 = EDGE_CURVE ( 'NONE', #8332, #8145, #8214, .T. ) ;
#9090 = ORIENTED_EDGE ( 'NONE', *, *, #2070, .F. ) ;
#9091 = CARTESIAN_POINT ( 'NONE',  ( -0.2214571911395600279, 0.04999999999999999584, 1.307891787543828732 ) ) ;
#9092 = DIRECTION ( 'NONE',  ( -1.000000000000000000, 0.000000000000000000, 0.000000000000000000 ) ) ;
#9093 = PRESENTATION_STYLE_ASSIGNMENT (( #7431 ) ) ;
#9094 = CARTESIAN_POINT ( 'NONE',  ( -0.8000000000000000444, 1.615523560882251575, 2.790959445382464654 ) ) ;
#9095 = AXIS2_PLACEMENT_3D ( 'NONE', #5170, #7705, #5052 ) ;
#9096 = ORIENTED_EDGE ( 'NONE', *, *, #2872, .T. ) ;
#9097 = ORIENTED_EDGE ( 'NONE', *, *, #6504, .F. ) ;
#9098 = ADVANCED_FACE ( 'NONE', ( #9516 ), #10571, .F. ) ;
#9099 =( NAMED_UNIT ( * ) SI_UNIT ( $, .STERADIAN. ) SOLID_ANGLE_UNIT ( ) );
#9100 =( LENGTH_UNIT ( ) NAMED_UNIT ( * ) SI_UNIT ( .MILLI., .METRE. ) );
#9101 = VECTOR ( 'NONE', #6471, 1000.000000000000000 ) ;
#9102 = EDGE_CURVE ( 'NONE', #6406, #9322, #8094, .T. ) ;
#9103 = ORIENTED_EDGE ( 'NONE', *, *, #536, .F. ) ;
#9104 = AXIS2_PLACEMENT_3D ( 'NONE', #3200, #9937, #4751 ) ;
#9105 = CARTESIAN_POINT ( 'NONE',  ( 1.850000000000000311, 9.857313811473279230, -2.700000000000001510 ) ) ;
#9106 = VECTOR ( 'NONE', #4011, 1000.000000000000227 ) ;
#9107 = B_SPLINE_CURVE_WITH_KNOTS ( 'NONE', 3,
 ( #3092, #9887, #5746, #1516 ),
 .UNSPECIFIED., .F., .F.,
 ( 4, 4 ),
 ( 0.000000000000000000, 1.000000000000000000 ),
 .UNSPECIFIED. ) ;
#9108 = CARTESIAN_POINT ( 'NONE',  ( -1.868750000000000133, 0.4000000000000000222, 0.5687499999999998668 ) ) ;
#9109 = DIRECTION ( 'NONE',  ( 0.000000000000000000, -1.000000000000000000, -0.000000000000000000 ) ) ;
#9110 = DIRECTION ( 'NONE',  ( 0.000000000000000000, 1.000000000000000000, 0.000000000000000000 ) ) ;
#9111 = DIRECTION ( 'NONE',  ( -0.000000000000000000, -1.000000000000000000, -0.000000000000000000 ) ) ;
#9112 = CARTESIAN_POINT ( 'NONE',  ( 3.141765312904813534, 0.1499390827019098371, -0.5999999999999939826 ) ) ;
#9113 = DIRECTION ( 'NONE',  ( 0.1660101621116044923, 0.06985066062633372985, 0.9836470460921151737 ) ) ;
#9114 = ORIENTED_EDGE ( 'NONE', *, *, #4594, .T. ) ;
#9115 = ORIENTED_EDGE ( 'NONE', *, *, #4038, .F. ) ;
#9116 = ORIENTED_EDGE ( 'NONE', *, *, #4037, .F. ) ;
#9117 = AXIS2_PLACEMENT_3D ( 'NONE', #2251, #256, #8934 ) ;
#9118 = FILL_AREA_STYLE ('',( #8216 ) ) ;
#9119 = ORIENTED_EDGE ( 'NONE', *, *, #8045, .T. ) ;
#9120 = CARTESIAN_POINT ( 'NONE',  ( -1.750000000000000222, 0.000000000000000000, 2.799999999999999822 ) ) ;
#9121 = ORIENTED_EDGE ( 'NONE', *, *, #6696, .F. ) ;
#9122 = CARTESIAN_POINT ( 'NONE',  ( 0.2255922317862274762, 0.2400000000000000466, 1.572249583676535334 ) ) ;
#9123 =( NAMED_UNIT ( * ) PLANE_ANGLE_UNIT ( ) SI_UNIT ( $, .RADIAN. ) );
#9124 = LINE ( 'NONE', #9235, #1970 ) ;
#9125 = CARTESIAN_POINT ( 'NONE',  ( 1.733283001604466911, 0.5606250315867211675, 2.999623222474925743 ) ) ;
#9126 = CARTESIAN_POINT ( 'NONE',  ( 1.741543061873307208, 1.800000000000000488, -0.7598578817009701281 ) ) ;
#9127 = CARTESIAN_POINT ( 'NONE',  ( 1.741666666666666918, 0.9793749684132778688, 2.819509261152938429 ) ) ;
#9128 = VECTOR ( 'NONE', #9217, 1000.000000000000227 ) ;
#9129 = ADVANCED_FACE ( 'NONE', ( #6032 ), #9407, .F. ) ;
#9130 = CARTESIAN_POINT ( 'NONE',  ( 2.963662989417781723, 1.550000000000000488, 1.500000000000000000 ) ) ;
#9131 = EDGE_LOOP ( 'NONE', ( #2497, #9013, #5308, #7908, #1065, #9484, #4847 ) ) ;
#9132 = ORIENTED_EDGE ( 'NONE', *, *, #4493, .T. ) ;
#9133 =( NAMED_UNIT ( * ) SI_UNIT ( $, .STERADIAN. ) SOLID_ANGLE_UNIT ( ) );
#9134 = FACE_OUTER_BOUND ( 'NONE', #2124, .T. ) ;
#9135 = VERTEX_POINT ( 'NONE', #3935 ) ;
#9136 = DIRECTION ( 'NONE',  ( 0.000000000000000000, 0.000000000000000000, -1.000000000000000000 ) ) ;
#9137 = CARTESIAN_POINT ( 'NONE',  ( 3.511456704643024285, 1.999346841135182240, -4.500000000000001776 ) ) ;
#9138 = CLOSED_SHELL ( 'NONE', ( #9900, #4492, #5305, #1995, #2128, #6430, #3650, #7161 ) ) ;
#9139 = PRESENTATION_STYLE_ASSIGNMENT (( #7362 ) ) ;
#9141 = LINE ( 'NONE', #4020, #6547 ) ;
#9140 = CARTESIAN_POINT ( 'NONE',  ( -1.798815536468908904, 1.640000000000000124, -2.709413843984056935 ) ) ;
#9142 = CARTESIAN_POINT ( 'NONE',  ( -1.849999999999999423, 1.640999999999999792, 2.799999999999999822 ) ) ;
#9143 = DIRECTION ( 'NONE',  ( -0.000000000000000000, -1.000000000000000000, -0.000000000000000000 ) ) ;
#9144 = CARTESIAN_POINT ( 'NONE',  ( -3.209401869767083415, 1.597231553983463614, 1.478297884777304061 ) ) ;
#9145 = EDGE_LOOP ( 'NONE', ( #1334, #3962, #7401, #3773, #4352 ) ) ;
#9146 = VECTOR ( 'NONE', #3675, 1000.000000000000000 ) ;
#9147 = CARTESIAN_POINT ( 'NONE',  ( -1.749653394080789459, 0.5499915388736729138, 2.849880849202529376 ) ) ;
#9148 = EDGE_CURVE ( 'NONE', #3612, #180, #6545, .T. ) ;
#9149 = SURFACE_SIDE_STYLE ('',( #10065 ) ) ;
#9150 = ADVANCED_FACE ( 'NONE', ( #5837 ), #7435, .F. ) ;
#9151 =( BOUNDED_CURVE ( )  B_SPLINE_CURVE ( 3, ( #2940, #3750, #367, #7078 ),
 .UNSPECIFIED., .F., .T. ) 
 B_SPLINE_CURVE_WITH_KNOTS ( ( 4, 4 ),
 ( 0.000000000000000000, 1.000000000000000000 ),
 .UNSPECIFIED. ) 
 CURVE ( )  GEOMETRIC_REPRESENTATION_ITEM ( )  RATIONAL_B_SPLINE_CURVE ( ( 1.000000000000000000, 0.3333333333333333703, 0.3333333333333333703, 1.000000000000000000 ) ) 
 REPRESENTATION_ITEM ( '' )  );
#9152 = CARTESIAN_POINT ( 'NONE',  ( 0.8000000000000000444, 0.000000000000000000, 2.799999999999999822 ) ) ;
#9153 = VECTOR ( 'NONE', #1432, 1000.000000000000000 ) ;
#9154 = ORIENTED_EDGE ( 'NONE', *, *, #9354, .T. ) ;
#9155 = VERTEX_POINT ( 'NONE', #3985 ) ;
#9156 = ADVANCED_FACE ( 'NONE', ( #5784 ), #9157, .T. ) ;
#9157 = PLANE ( 'NONE',  #5940 ) ;
#9158 = ORIENTED_EDGE ( 'NONE', *, *, #7456, .T. ) ;
#9159 = AXIS2_PLACEMENT_3D ( 'NONE', #2728, #2019, #8581 ) ;
#9160 = VECTOR ( 'NONE', #2431, 1000.000000000000000 ) ;
#9161 = CARTESIAN_POINT ( 'NONE',  ( 2.912371676056421332, 1.639999999999999902, 2.799999999999999378 ) ) ;
#9162 = EDGE_CURVE ( 'NONE', #4566, #3160, #646, .T. ) ;
#9163 = DIRECTION ( 'NONE',  ( -0.4961389383568339251, -0.8682431421244590775, 5.379149148211308194E-16 ) ) ;
#9164 = DIRECTION ( 'NONE',  ( 0.000000000000000000, -1.000000000000000000, 0.000000000000000000 ) ) ;
#9165 = FILL_AREA_STYLE_COLOUR ( '', #9327 ) ;
#9166 = LINE ( 'NONE', #8436, #5152 ) ;
#9167 = DIRECTION ( 'NONE',  ( -1.000000000000000000, -0.000000000000000000, 0.000000000000000000 ) ) ;
#9168 = EDGE_CURVE ( 'NONE', #2782, #7458, #1491, .T. ) ;
#9169 = DIRECTION ( 'NONE',  ( 1.000000000000000000, 0.000000000000000000, 1.951563910473911137E-15 ) ) ;
#9170 = VERTEX_POINT ( 'NONE', #9864 ) ;
#9171 = VERTEX_POINT ( 'NONE', #2370 ) ;
#9172 =( GEOMETRIC_REPRESENTATION_CONTEXT ( 3 ) GLOBAL_UNCERTAINTY_ASSIGNED_CONTEXT ( ( #1718 ) ) GLOBAL_UNIT_ASSIGNED_CONTEXT ( ( #1213, #4459, #10341 ) ) REPRESENTATION_CONTEXT ( 'NONE', 'WORKASPACE' ) );
#9173 = UNCERTAINTY_MEASURE_WITH_UNIT (LENGTH_MEASURE( 1.000000000000000082E-05 ), #4486, 'distance_accuracy_value', 'NONE');
#9174 = ORIENTED_EDGE ( 'NONE', *, *, #5166, .F. ) ;
#9175 = DIRECTION ( 'NONE',  ( 0.000000000000000000, -0.000000000000000000, -1.000000000000000000 ) ) ;
#9176 = VERTEX_POINT ( 'NONE', #1870 ) ;
#9177 = DIRECTION ( 'NONE',  ( -1.000000000000000000, 0.000000000000000000, -0.000000000000000000 ) ) ;
#9178 = VERTEX_POINT ( 'NONE', #7544 ) ;
#9179 = PLANE ( 'NONE',  #5116 ) ;
#9180 = CARTESIAN_POINT ( 'NONE',  ( 3.000000000000000444, 0.000000000000000000, 1.599999999999999423 ) ) ;
#9181 = CARTESIAN_POINT ( 'NONE',  ( -1.750000000000000222, 0.9791474364207025660, -2.819525418635503655 ) ) ;
#9182 =( NAMED_UNIT ( * ) PLANE_ANGLE_UNIT ( ) SI_UNIT ( $, .RADIAN. ) );
#9183 = CARTESIAN_POINT ( 'NONE',  ( 3.000000000000000000, 1.800000000000000488, -2.500000000000001332 ) ) ;
#9184 = DIRECTION ( 'NONE',  ( -0.000000000000000000, 0.000000000000000000, 1.000000000000000000 ) ) ;
#9185 = MECHANICAL_DESIGN_GEOMETRIC_PRESENTATION_REPRESENTATION (  '', ( #7764 ), #7925 ) ;
#9186 = ORIENTED_EDGE ( 'NONE', *, *, #2607, .T. ) ;
#9187 = VERTEX_POINT ( 'NONE', #9263 ) ;
#9188 = ORIENTED_EDGE ( 'NONE', *, *, #3457, .T. ) ;
#9189 = PLANE ( 'NONE',  #4348 ) ;
#9190 = CARTESIAN_POINT ( 'NONE',  ( 1.750000000000000444, 1.439999999999999503, 2.999999999999999112 ) ) ;
#9191 = VERTEX_POINT ( 'NONE', #10070 ) ;
#9192 = PLANE ( 'NONE',  #6189 ) ;
#9193 = PRESENTATION_LAYER_ASSIGNMENT (  '', '', ( #3056 ) ) ;
#9194 = AXIS2_PLACEMENT_3D ( 'NONE', #2238, #3809, #9791 ) ;
#9195 = DIRECTION ( 'NONE',  ( -0.000000000000000000, -0.000000000000000000, -1.000000000000000000 ) ) ;
#9196 = DIRECTION ( 'NONE',  ( -2.891205793294673495E-15, 0.000000000000000000, -1.000000000000000000 ) ) ;
#9197 = FILL_AREA_STYLE_COLOUR ( '', #2837 ) ;
#9198 = CARTESIAN_POINT ( 'NONE',  ( -1.725000000000000089, 1.114595457278211743, 2.810043880005338668 ) ) ;
#9199 = FACE_OUTER_BOUND ( 'NONE', #2916, .T. ) ;
#9200 = CARTESIAN_POINT ( 'NONE',  ( -1.399999999999999911, 1.120000000000000551, 2.959900934651531479 ) ) ;
#9201 = PRESENTATION_LAYER_ASSIGNMENT (  '', '', ( #1856 ) ) ;
#9202 = CARTESIAN_POINT ( 'NONE',  ( 1.750000000000000444, 1.640000000000000124, 2.799999999999999822 ) ) ;
#9203 = ORIENTED_EDGE ( 'NONE', *, *, #596, .T. ) ;
#9204 = LINE ( 'NONE', #4180, #8307 ) ;
#9205 = VECTOR ( 'NONE', #5540, 1000.000000000000000 ) ;
#9206 = SURFACE_STYLE_FILL_AREA ( #1327 ) ;
#9207 = CARTESIAN_POINT ( 'NONE',  ( -1.725000000000000089, 1.761134074253986936, -2.844018924963483297 ) ) ;
#9208 = DIRECTION ( 'NONE',  ( 0.000000000000000000, 0.000000000000000000, -1.000000000000000000 ) ) ;
#9209 = ORIENTED_EDGE ( 'NONE', *, *, #2467, .F. ) ;
#9210 = EDGE_LOOP ( 'NONE', ( #10460, #4959, #2273, #692 ) ) ;
#9211 = DIRECTION ( 'NONE',  ( 0.000000000000000000, 0.000000000000000000, 1.000000000000000000 ) ) ;
#9212 = VECTOR ( 'NONE', #2727, 1000.000000000000000 ) ;
#9213 = VERTEX_POINT ( 'NONE', #2577 ) ;
#9214 = EDGE_CURVE ( 'NONE', #5098, #2021, #4300, .T. ) ;
#9215 = CARTESIAN_POINT ( 'NONE',  ( 1.949999999999999956, 0.2000000000000000111, 2.400000000000001243 ) ) ;
#9216 = FILL_AREA_STYLE_COLOUR ( '', #3089 ) ;
#9217 = DIRECTION ( 'NONE',  ( 0.9856151131419434996, 0.1690054695747857938, 0.000000000000000000 ) ) ;
#9218 = CARTESIAN_POINT ( 'NONE',  ( -2.899999999999999467, 1.439999999999997282, -3.000000000000000444 ) ) ;
#9219 = CARTESIAN_POINT ( 'NONE',  ( 2.275444008190515621, 0.6434831302162199451, -2.754682371836738586 ) ) ;
#9220 = DIRECTION ( 'NONE',  ( 1.000000000000000000, -0.000000000000000000, 0.000000000000000000 ) ) ;
#9221 = AXIS2_PLACEMENT_3D ( 'NONE', #1290, #2317, #5623 ) ;
#9222 = DIRECTION ( 'NONE',  ( -1.000000000000000000, -0.000000000000000000, 0.000000000000000000 ) ) ;
#9223 = EDGE_LOOP ( 'NONE', ( #9807, #9457, #9831, #6821, #4316, #7883, #2051 ) ) ;
#9224 = ORIENTED_EDGE ( 'NONE', *, *, #9102, .F. ) ;
#9225 = EDGE_CURVE ( 'NONE', #3261, #2438, #2689, .T. ) ;
#9226 = ADVANCED_FACE ( 'NONE', ( #10121 ), #7649, .F. ) ;
#9227 = VERTEX_POINT ( 'NONE', #6822 ) ;
#9228 = ADVANCED_FACE ( 'NONE', ( #121 ), #2633, .F. ) ;
#9229 = ORIENTED_EDGE ( 'NONE', *, *, #3386, .T. ) ;
#9230 = EDGE_CURVE ( 'NONE', #1681, #5782, #9323, .T. ) ;
#9231 = LINE ( 'NONE', #8384, #10234 ) ;
#9232 = ORIENTED_EDGE ( 'NONE', *, *, #1659, .F. ) ;
#9233 = DIRECTION ( 'NONE',  ( 1.000000000000000000, 0.000000000000000000, -0.000000000000000000 ) ) ;
#9234 = CARTESIAN_POINT ( 'NONE',  ( 2.201387595806831854, 0.5552424364119702416, 2.923824743312680496 ) ) ;
#9235 = CARTESIAN_POINT ( 'NONE',  ( -2.999999999999999112, 1.639999999999999902, 2.900000000000000355 ) ) ;
#9236 =( NAMED_UNIT ( * ) PLANE_ANGLE_UNIT ( ) SI_UNIT ( $, .RADIAN. ) );
#9237 = CARTESIAN_POINT ( 'NONE',  ( 1.250903821584606002, 1.800000000000000266, 1.436154448671000727 ) ) ;
#9238 = CARTESIAN_POINT ( 'NONE',  ( 3.000000000000000444, 0.000000000000000000, -4.500000000000001776 ) ) ;
#9239 = CARTESIAN_POINT ( 'NONE',  ( 2.986931380451860463, 1.589857516157465067, -2.850527714160853598 ) ) ;
#9240 = EDGE_LOOP ( 'NONE', ( #5454, #3984, #7117, #7698, #7092 ) ) ;
#9241 = VERTEX_POINT ( 'NONE', #169 ) ;
#9242 = ORIENTED_EDGE ( 'NONE', *, *, #5849, .F. ) ;
#9243 = CARTESIAN_POINT ( 'NONE',  ( -2.201387595806832742, 0.5552424364119702416, 2.923824743312680496 ) ) ;
#9244 = EDGE_CURVE ( 'NONE', #2868, #969, #4529, .T. ) ;
#9245 = DIRECTION ( 'NONE',  ( 1.000000000000000000, -0.000000000000000000, 0.000000000000000000 ) ) ;
#9246 = ORIENTED_EDGE ( 'NONE', *, *, #4293, .T. ) ;
#9247 = FILL_AREA_STYLE_COLOUR ( '', #6707 ) ;
#9248 = FILL_AREA_STYLE ('',( #1737 ) ) ;
#9249 = FILL_AREA_STYLE ('',( #4018 ) ) ;
#9250 = CARTESIAN_POINT ( 'NONE',  ( -3.062593455610858051, 1.564586392933845715, -2.076184765183203496 ) ) ;
#9252 = DIRECTION ( 'NONE',  ( -0.000000000000000000, 3.097720492815727166E-16, 1.000000000000000000 ) ) ;
#9251 = DIRECTION ( 'NONE',  ( -0.000000000000000000, 0.9998264715454813212, -0.01862865526313777637 ) ) ;
#9253 = LINE ( 'NONE', #10816, #7205 ) ;
#9254 = CARTESIAN_POINT ( 'NONE',  ( 1.399999999999999911, 1.117205701710528576, -2.809926963919710641 ) ) ;
#9255 = DIRECTION ( 'NONE',  ( -0.1690054695747755520, 0.9856151131419452760, -0.000000000000000000 ) ) ;
#9256 = ORIENTED_EDGE ( 'NONE', *, *, #3457, .F. ) ;
#9257 = CARTESIAN_POINT ( 'NONE',  ( 1.822735025818191135, 0.9899999999999997691, -2.700000000000000622 ) ) ;
#9258 = CARTESIAN_POINT ( 'NONE',  ( 3.000000000000000888, 1.639999999999999902, 1.500000000000000000 ) ) ;
#9259 = CARTESIAN_POINT ( 'NONE',  ( 3.057587376248534383, 1.586092108864519901, -1.489452738600727022 ) ) ;
#9260 = ADVANCED_FACE ( 'NONE', ( #2744 ), #5172, .T. ) ;
#9261 = CARTESIAN_POINT ( 'NONE',  ( 1.750000000000000222, 1.039999999999999813, 2.999999999999999556 ) ) ;
#9262 = VERTEX_POINT ( 'NONE', #9431 ) ;
#9263 = CARTESIAN_POINT ( 'NONE',  ( -1.724999999999999867, 1.117205701710566323, 2.809926963919709308 ) ) ;
#9264 = AXIS2_PLACEMENT_3D ( 'NONE', #962, #2091, #2960 ) ;
#9265 = ORIENTED_EDGE ( 'NONE', *, *, #3652, .F. ) ;
#9266 = CARTESIAN_POINT ( 'NONE',  ( -2.275444008190515621, 0.6434831302162199451, 2.754682371836738142 ) ) ;
#9267 = FACE_OUTER_BOUND ( 'NONE', #7283, .T. ) ;
#9268 = CARTESIAN_POINT ( 'NONE',  ( -1.749999999999999334, 0.000000000000000000, -2.799999999999999822 ) ) ;
#9269 =( LENGTH_UNIT ( ) NAMED_UNIT ( * ) SI_UNIT ( .MILLI., .METRE. ) );
#9270 = VECTOR ( 'NONE', #2136, 1000.000000000000000 ) ;
#9271 = CARTESIAN_POINT ( 'NONE',  ( 2.500000000000000000, 0.05000000000000000278, -0.9999999999999991118 ) ) ;
#9272 = CARTESIAN_POINT ( 'NONE',  ( 2.299999999999999822, 0.6538153425844858146, -2.900182071975721421 ) ) ;
#9273 = CARTESIAN_POINT ( 'NONE',  ( 1.399999999999999911, 0.5499999999999998224, -2.850000000000000089 ) ) ;
#9274 = VERTEX_POINT ( 'NONE', #5120 ) ;
#9275 = EDGE_LOOP ( 'NONE', ( #1571, #4761, #8202, #10303 ) ) ;
#9276 = VECTOR ( 'NONE', #657, 1000.000000000000227 ) ;
#9277 = UNCERTAINTY_MEASURE_WITH_UNIT (LENGTH_MEASURE( 1.000000000000000082E-05 ), #4387, 'distance_accuracy_value', 'NONE');
#9278 = ORIENTED_EDGE ( 'NONE', *, *, #6310, .F. ) ;
#9279 = SURFACE_STYLE_USAGE ( .BOTH. , #9932 ) ;
#9280 = VERTEX_POINT ( 'NONE', #1919 ) ;
#9281 = AXIS2_PLACEMENT_3D ( 'NONE', #3804, #2894, #10491 ) ;
#9282 = DIRECTION ( 'NONE',  ( 0.000000000000000000, 0.07083354391147976548, -0.9974881498328390661 ) ) ;
#9283 = VERTEX_POINT ( 'NONE', #8482 ) ;
#9284 = MECHANICAL_DESIGN_GEOMETRIC_PRESENTATION_REPRESENTATION (  '', ( #6440 ), #1249 ) ;
#9285 =( NAMED_UNIT ( * ) SI_UNIT ( $, .STERADIAN. ) SOLID_ANGLE_UNIT ( ) );
#9286 = LINE ( 'NONE', #1776, #10704 ) ;
#9287 = CARTESIAN_POINT ( 'NONE',  ( 0.000000000000000000, 0.000000000000000000, 0.000000000000000000 ) ) ;
#9288 = EDGE_CURVE ( 'NONE', #1337, #3402, #1004, .T. ) ;
#9289 = CARTESIAN_POINT ( 'NONE',  ( 1.733333333333333393, 0.9793749684132778688, 2.819509261152938429 ) ) ;
#9290 = EDGE_CURVE ( 'NONE', #517, #3612, #4351, .T. ) ;
#9291 = PRESENTATION_LAYER_ASSIGNMENT (  '', '', ( #4868 ) ) ;
#9292 = LINE ( 'NONE', #8621, #6673 ) ;
#9293 = ORIENTED_EDGE ( 'NONE', *, *, #1016, .T. ) ;
#9294 =( REPRESENTATION_RELATIONSHIP ('NONE','NONE', #7237, #10266 ) REPRESENTATION_RELATIONSHIP_WITH_TRANSFORMATION ( #1608 )SHAPE_REPRESENTATION_RELATIONSHIP( ) );
#9295 = VERTEX_POINT ( 'NONE', #1115 ) ;
#9296 = EDGE_LOOP ( 'NONE', ( #5813, #9378, #689, #4706, #356 ) ) ;
#9297 = PRESENTATION_STYLE_ASSIGNMENT (( #812 ) ) ;
#9298 = EDGE_CURVE ( 'NONE', #7951, #4301, #955, .T. ) ;
#9299 = SURFACE_SIDE_STYLE ('',( #3311 ) ) ;
#9300 = ORIENTED_EDGE ( 'NONE', *, *, #4238, .T. ) ;
#9301 = DIRECTION ( 'NONE',  ( 0.000000000000000000, 0.7071067811865467956, -0.7071067811865483499 ) ) ;
#9302 = CARTESIAN_POINT ( 'NONE',  ( 2.500000000000000000, 0.05000000000000000278, -0.3500000000000006994 ) ) ;
#9303 = DIRECTION ( 'NONE',  ( -1.000000000000000000, -0.000000000000000000, -0.000000000000000000 ) ) ;
#9304 = LINE ( 'NONE', #7419, #926 ) ;
#9305 = CARTESIAN_POINT ( 'NONE',  ( -2.400000000000000355, 0.04999999999999998890, -0.3500000000000006994 ) ) ;
#9307 = DIRECTION ( 'NONE',  ( 0.9860555265491620647, 0.000000000000000000, 0.1664166414811171224 ) ) ;
#9306 = DIRECTION ( 'NONE',  ( 0.000000000000000000, -0.1643989873053594009, 0.9863939238321434155 ) ) ;
#9308 =( NAMED_UNIT ( * ) PLANE_ANGLE_UNIT ( ) SI_UNIT ( $, .RADIAN. ) );
#9309 = DIRECTION ( 'NONE',  ( -0.000000000000000000, 0.000000000000000000, -1.000000000000000000 ) ) ;
#9310 = EDGE_CURVE ( 'NONE', #4400, #2231, #8364, .T. ) ;
#9311 = MECHANICAL_DESIGN_GEOMETRIC_PRESENTATION_REPRESENTATION (  '', ( #8943 ), #10663 ) ;
#9312 = DIRECTION ( 'NONE',  ( 0.9861240419316837924, 0.01175908810768394944, -0.1655931694581461722 ) ) ;
#9313 = VECTOR ( 'NONE', #298, 1000.000000000000000 ) ;
#9314 = ORIENTED_EDGE ( 'NONE', *, *, #3095, .T. ) ;
#9315 = VECTOR ( 'NONE', #9616, 1000.000000000000000 ) ;
#9316 = CARTESIAN_POINT ( 'NONE',  ( -3.100000000000000977, 1.800000000000000488, -2.500000000000000444 ) ) ;
#9317 = VECTOR ( 'NONE', #144, 1000.000000000000000 ) ;
#9318 =( NAMED_UNIT ( * ) PLANE_ANGLE_UNIT ( ) SI_UNIT ( $, .RADIAN. ) );
#9319 = FACE_OUTER_BOUND ( 'NONE', #9828, .T. ) ;
#9320 = CARTESIAN_POINT ( 'NONE',  ( 1.950000000000000622, 0.2000000000000000111, -2.400000000000001243 ) ) ;
#9321 = CARTESIAN_POINT ( 'NONE',  ( 1.750000000000000444, 1.640999999999999792, -2.800000000000000266 ) ) ;
#9322 = VERTEX_POINT ( 'NONE', #67 ) ;
#9323 = LINE ( 'NONE', #10239, #8927 ) ;
#9324 = VERTEX_POINT ( 'NONE', #6714 ) ;
#9325 = EDGE_CURVE ( 'NONE', #10207, #6565, #618, .T. ) ;
#9326 = CARTESIAN_POINT ( 'NONE',  ( 0.4500000000000001776, 0.04999999999999995420, -0.9000000000000003553 ) ) ;
#9327 = COLOUR_RGB ( '',0.6470588235294117974, 0.6196078431372549211, 0.5882352941176470784 ) ;
#9328 = DIRECTION ( 'NONE',  ( -0.000000000000000000, -0.07083354391147970996, -0.9974881498328390661 ) ) ;
#9329 = VECTOR ( 'NONE', #7055, 1000.000000000000114 ) ;
#9330 = SURFACE_SIDE_STYLE ('',( #6992 ) ) ;
#9331 = CARTESIAN_POINT ( 'NONE',  ( -2.399999999999999911, 0.4000000000000000777, 0.5687499999999998668 ) ) ;
#9332 = DIRECTION ( 'NONE',  ( 0.000000000000000000, 1.000000000000000000, 0.000000000000000000 ) ) ;
#9333 = VERTEX_POINT ( 'NONE', #8816 ) ;
#9334 = ORIENTED_EDGE ( 'NONE', *, *, #5181, .T. ) ;
#9335 = ORIENTED_EDGE ( 'NONE', *, *, #1381, .T. ) ;
#9336 =( GEOMETRIC_REPRESENTATION_CONTEXT ( 3 ) GLOBAL_UNCERTAINTY_ASSIGNED_CONTEXT ( ( #2713 ) ) GLOBAL_UNIT_ASSIGNED_CONTEXT ( ( #6042, #6872, #10222 ) ) REPRESENTATION_CONTEXT ( 'NONE', 'WORKASPACE' ) );
#9337 = ORIENTED_EDGE ( 'NONE', *, *, #8193, .F. ) ;
#9338 = MECHANICAL_DESIGN_GEOMETRIC_PRESENTATION_REPRESENTATION (  '', ( #2686 ), #5812 ) ;
#9339 = LINE ( 'NONE', #6784, #3760 ) ;
#9340 = ADVANCED_FACE ( 'NONE', ( #10452 ), #3715, .F. ) ;
#9341 = ORIENTED_EDGE ( 'NONE', *, *, #10611, .T. ) ;
#9342 = LINE ( 'NONE', #7830, #8324 ) ;
#9343 = PLANE ( 'NONE',  #5608 ) ;
#9344 = DIRECTION ( 'NONE',  ( 0.1031413735657397968, -0.6995440351107079513, 0.7071067811865482389 ) ) ;
#9345 = LINE ( 'NONE', #1836, #1788 ) ;
#9346 = AXIS2_PLACEMENT_3D ( 'NONE', #4571, #5287, #8661 ) ;
#9347 = CARTESIAN_POINT ( 'NONE',  ( -2.275444008190515177, 0.6434831302162200561, -2.754682371836739918 ) ) ;
#9348 = ORIENTED_EDGE ( 'NONE', *, *, #2070, .T. ) ;
#9349 = ORIENTED_EDGE ( 'NONE', *, *, #1793, .T. ) ;
#9350 = VERTEX_POINT ( 'NONE', #2142 ) ;
#9351 = DIRECTION ( 'NONE',  ( 0.000000000000000000, 0.000000000000000000, -1.000000000000000000 ) ) ;
#9352 = DIRECTION ( 'NONE',  ( 0.000000000000000000, 0.9974881498328390661, 0.07083354391147921036 ) ) ;
#9353 = ORIENTED_EDGE ( 'NONE', *, *, #552, .F. ) ;
#9354 = EDGE_CURVE ( 'NONE', #4728, #2164, #2886, .T. ) ;
#9355 = SURFACE_SIDE_STYLE ('',( #4982 ) ) ;
#9356 = EDGE_CURVE ( 'NONE', #1705, #6548, #1321, .T. ) ;
#9357 = ADVANCED_FACE ( 'NONE', ( #2855 ), #10404, .T. ) ;
#9358 = DIRECTION ( 'NONE',  ( -0.000000000000000000, 0.000000000000000000, -1.000000000000000000 ) ) ;
#9359 = FILL_AREA_STYLE_COLOUR ( '', #731 ) ;
#9360 = LINE ( 'NONE', #9523, #4547 ) ;
#9361 = CARTESIAN_POINT ( 'NONE',  ( 3.047323801004683475, 1.790392896183010008, 1.499999999999999778 ) ) ;
#9363 = DIRECTION ( 'NONE',  ( 0.000000000000000000, 0.9974881498328384000, 0.07083354391148836970 ) ) ;
#9362 = LINE ( 'NONE', #1962, #1393 ) ;
#9364 = CARTESIAN_POINT ( 'NONE',  ( 1.725000000000000089, 1.800000000000000711, -2.701845832985407814 ) ) ;
#9365 = CARTESIAN_POINT ( 'NONE',  ( 3.062593455610858051, 1.564586392933846160, -1.467446827165984402 ) ) ;
#9366 = FACE_BOUND ( 'NONE', #2286, .T. ) ;
#9367 = EDGE_CURVE ( 'NONE', #5893, #6548, #9650, .T. ) ;
#9368 = VECTOR ( 'NONE', #1772, 1000.000000000000000 ) ;
#9369 = EDGE_CURVE ( 'NONE', #9875, #9518, #2478, .T. ) ;
#9370 = EDGE_CURVE ( 'NONE', #1731, #8494, #3007, .T. ) ;
#9371 = DIRECTION ( 'NONE',  ( 0.9856151131419452760, 0.1690054695747755520, 0.000000000000000000 ) ) ;
#9372 = VERTEX_POINT ( 'NONE', #7821 ) ;
#9373 = FILL_AREA_STYLE_COLOUR ( '', #4709 ) ;
#9374 =( LENGTH_UNIT ( ) NAMED_UNIT ( * ) SI_UNIT ( .MILLI., .METRE. ) );
#9375 = VECTOR ( 'NONE', #10679, 1000.000000000000000 ) ;
#9376 = FACE_OUTER_BOUND ( 'NONE', #7229, .T. ) ;
#9377 = DIRECTION ( 'NONE',  ( 0.000000000000000000, -0.000000000000000000, -1.000000000000000000 ) ) ;
#9378 = ORIENTED_EDGE ( 'NONE', *, *, #6235, .T. ) ;
#9379 = CARTESIAN_POINT ( 'NONE',  ( -1.750000000000000222, 0.9791474364206997905, 2.819525418635504099 ) ) ;
#9380 = EDGE_CURVE ( 'NONE', #9009, #4894, #2196, .T. ) ;
#9381 = VERTEX_POINT ( 'NONE', #9587 ) ;
#9382 = AXIS2_PLACEMENT_3D ( 'NONE', #8405, #8139, #5878 ) ;
#9383 = AXIS2_PLACEMENT_3D ( 'NONE', #6417, #1325, #9749 ) ;
#9384 = FACE_OUTER_BOUND ( 'NONE', #3265, .T. ) ;
#9385 = CARTESIAN_POINT ( 'NONE',  ( 3.071387591998028911E-16, 1.649999999999999911, -1.899999999999999911 ) ) ;
#9386 = CARTESIAN_POINT ( 'NONE',  ( -2.550000000000002487, 0.2000000000000000111, -1.599999999999999867 ) ) ;
#9387 = DIRECTION ( 'NONE',  ( 0.000000000000000000, -0.8137334712067353371, 0.5812381937190957970 ) ) ;
#9388 = DIRECTION ( 'NONE',  ( -0.000000000000000000, -0.000000000000000000, -1.000000000000000000 ) ) ;
#9389 = ORIENTED_EDGE ( 'NONE', *, *, #3315, .T. ) ;
#9390 = ORIENTED_EDGE ( 'NONE', *, *, #1053, .F. ) ;
#9391 = AXIS2_PLACEMENT_3D ( 'NONE', #3184, #4738, #619 ) ;
#9392 = PRODUCT_DEFINITION_CONTEXT ( 'detailed design', #8930, 'design' ) ;
#9393 = ORIENTED_EDGE ( 'NONE', *, *, #101, .F. ) ;
#9394 = CARTESIAN_POINT ( 'NONE',  ( -1.733283001604470241, 1.105833291217681813, 2.760403304684965420 ) ) ;
#9395 = VERTEX_POINT ( 'NONE', #8707 ) ;
#9396 = ORIENTED_EDGE ( 'NONE', *, *, #9162, .F. ) ;
#9397 = AXIS2_PLACEMENT_3D ( 'NONE', #7774, #3503, #9545 ) ;
#9398 = DIRECTION ( 'NONE',  ( -0.8682431421244595215, 0.000000000000000000, 0.4961389383568331479 ) ) ;
#9399 = FACE_OUTER_BOUND ( 'NONE', #3994, .T. ) ;
#9400 = CARTESIAN_POINT ( 'NONE',  ( 0.4749134309314146929, 1.800000000000000711, 1.855532590672872351 ) ) ;
#9401 = SURFACE_STYLE_USAGE ( .BOTH. , #4477 ) ;
#9402 = CARTESIAN_POINT ( 'NONE',  ( -2.176831603997347653, 0.5449102240437043720, -2.778325043173702991 ) ) ;
#9403 = EDGE_LOOP ( 'NONE', ( #6333, #10196, #6506, #7878, #504 ) ) ;
#9404 = UNCERTAINTY_MEASURE_WITH_UNIT (LENGTH_MEASURE( 1.000000000000000082E-05 ), #1578, 'distance_accuracy_value', 'NONE');
#9405 = EDGE_LOOP ( 'NONE', ( #7499, #3194, #10614, #925 ) ) ;
#9406 = ORIENTED_EDGE ( 'NONE', *, *, #6235, .F. ) ;
#9407 = PLANE ( 'NONE',  #6629 ) ;
#9408 = LINE ( 'NONE', #6084, #5428 ) ;
#9409 = ORIENTED_EDGE ( 'NONE', *, *, #3922, .F. ) ;
#9410 = CARTESIAN_POINT ( 'NONE',  ( -3.232597679844644301, 0.3730819044509715576, -1.600000000000000089 ) ) ;
#9411 = CARTESIAN_POINT ( 'NONE',  ( -2.899999999999999467, 1.439999999999997726, 3.000000000000000000 ) ) ;
#9412 = ORIENTED_EDGE ( 'NONE', *, *, #54, .T. ) ;
#9413 = SURFACE_STYLE_FILL_AREA ( #6751 ) ;
#9415 = PLANE ( 'NONE',  #9735 ) ;
#9414 = CARTESIAN_POINT ( 'NONE',  ( -2.999999999999999112, -2.439454888092384977E-17, 2.400000000000001243 ) ) ;
#9416 = DIRECTION ( 'NONE',  ( 1.000000000000000000, 0.000000000000000000, -0.000000000000000000 ) ) ;
#9417 = CARTESIAN_POINT ( 'NONE',  ( -1.950000000000000622, 0.000000000000000000, -1.800000000000000266 ) ) ;
#9418 = VERTEX_POINT ( 'NONE', #6167 ) ;
#9419 = DIRECTION ( 'NONE',  ( 1.000000000000000000, 0.000000000000000000, 0.000000000000000000 ) ) ;
#9420 = B_SPLINE_CURVE_WITH_KNOTS ( 'NONE', 3,
 ( #2484, #1760, #1655, #5726, #1709, #4953 ),
 .UNSPECIFIED., .F., .F.,
 ( 4, 2, 4 ),
 ( 0.000000000000000000, 0.5000000000000000000, 1.000000000000000000 ),
 .UNSPECIFIED. ) ;
#9421 = LINE ( 'NONE', #8586, #6321 ) ;
#9422 = VERTEX_POINT ( 'NONE', #7871 ) ;
#9423 = CARTESIAN_POINT ( 'NONE',  ( 1.750000000000000444, 1.649999999999999911, 2.799999999999999822 ) ) ;
#9424 = EDGE_CURVE ( 'NONE', #3390, #8944, #1373, .T. ) ;
#9425 = EDGE_CURVE ( 'NONE', #7176, #8782, #8027, .T. ) ;
#9426 =( LENGTH_UNIT ( ) NAMED_UNIT ( * ) SI_UNIT ( .MILLI., .METRE. ) );
#9427 = FACE_OUTER_BOUND ( 'NONE', #3485, .T. ) ;
#9428 = EDGE_CURVE ( 'NONE', #6704, #418, #3872, .T. ) ;
#9429 = FACE_OUTER_BOUND ( 'NONE', #2495, .T. ) ;
#9430 = EDGE_LOOP ( 'NONE', ( #7100, #6823, #1612 ) ) ;
#9431 = CARTESIAN_POINT ( 'NONE',  ( 3.000000000000000444, 0.000000000000000000, -1.600000000000000311 ) ) ;
#9432 = EDGE_CURVE ( 'NONE', #272, #8363, #10683, .T. ) ;
#9433 = ORIENTED_EDGE ( 'NONE', *, *, #5360, .F. ) ;
#9434 = CARTESIAN_POINT ( 'NONE',  ( -2.399999999999999911, 0.4000000000000000777, 0.5687499999999998668 ) ) ;
#9435 = CARTESIAN_POINT ( 'NONE',  ( -1.761043567301736168, 1.649999999999999911, -0.7133984507931936392 ) ) ;
#9436 = DIRECTION ( 'NONE',  ( 0.000000000000000000, 0.9974881498328390661, -0.07083354391148022344 ) ) ;
#9437 = ADVANCED_FACE ( 'NONE', ( #387 ), #4078, .F. ) ;
#9438 = CARTESIAN_POINT ( 'NONE',  ( 0.000000000000000000, 0.000000000000000000, 0.000000000000000000 ) ) ;
#9439 = AXIS2_PLACEMENT_3D ( 'NONE', #7553, #3619, #7661 ) ;
#9440 = CARTESIAN_POINT ( 'NONE',  ( 3.000000000000000888, 1.539999999999999591, -2.900000000000001243 ) ) ;
#9441 = ORIENTED_EDGE ( 'NONE', *, *, #935, .T. ) ;
#9442 = EDGE_CURVE ( 'NONE', #9283, #2047, #7134, .T. ) ;
#9443 = ORIENTED_EDGE ( 'NONE', *, *, #3398, .T. ) ;
#9444 = SURFACE_STYLE_FILL_AREA ( #2869 ) ;
#9445 = COLOUR_RGB ( '',0.6470588235294117974, 0.6196078431372549211, 0.5882352941176470784 ) ;
#9446 = ORIENTED_EDGE ( 'NONE', *, *, #1537, .F. ) ;
#9447 = VERTEX_POINT ( 'NONE', #3275 ) ;
#9448 = VECTOR ( 'NONE', #7091, 1000.000000000000000 ) ;
#9449 =( LENGTH_UNIT ( ) NAMED_UNIT ( * ) SI_UNIT ( .MILLI., .METRE. ) );
#9450 = LINE ( 'NONE', #8616, #1261 ) ;
#9451 = PRODUCT_CONTEXT ( 'NONE', #4767, 'mechanical' ) ;
#9452 = LINE ( 'NONE', #5249, #7560 ) ;
#9453 = STYLED_ITEM ( 'NONE', ( #5277 ), #5776 ) ;
#9454 = DIRECTION ( 'NONE',  ( 1.000000000000000000, -0.000000000000000000, 3.252606517456526318E-15 ) ) ;
#9455 = PRESENTATION_STYLE_ASSIGNMENT (( #3464 ) ) ;
#9456 = EDGE_LOOP ( 'NONE', ( #4237, #5088, #4216, #2195 ) ) ;
#9457 = ORIENTED_EDGE ( 'NONE', *, *, #9086, .T. ) ;
#9458 =( GEOMETRIC_REPRESENTATION_CONTEXT ( 3 ) GLOBAL_UNCERTAINTY_ASSIGNED_CONTEXT ( ( #849 ) ) GLOBAL_UNIT_ASSIGNED_CONTEXT ( ( #6380, #3279, #5613 ) ) REPRESENTATION_CONTEXT ( 'NONE', 'WORKASPACE' ) );
#9459 = CARTESIAN_POINT ( 'NONE',  ( -1.749999999999999778, 1.006666666666666599, -2.800000000000000266 ) ) ;
#9460 = VERTEX_POINT ( 'NONE', #9147 ) ;
#9461 = DIRECTION ( 'NONE',  ( 8.213652821859882870E-18, 1.000000000000000000, -0.000000000000000000 ) ) ;
#9462 = VECTOR ( 'NONE', #3271, 1000.000000000000000 ) ;
#9463 = LINE ( 'NONE', #3692, #3049 ) ;
#9464 = EDGE_CURVE ( 'NONE', #7027, #7726, #1683, .T. ) ;
#9465 = CARTESIAN_POINT ( 'NONE',  ( -0.9066147603745737804, 1.800000000000000711, -1.672248268018962980 ) ) ;
#9466 = DIRECTION ( 'NONE',  ( 0.8479983040050876886, 0.5299989400031804854, -3.343278558059416598E-16 ) ) ;
#9467 = COLOUR_RGB ( '',0.6470588235294117974, 0.6196078431372549211, 0.5882352941176470784 ) ;
#9469 = DIRECTION ( 'NONE',  ( 0.000000000000000000, 0.000000000000000000, -1.000000000000000000 ) ) ;
#9468 = CARTESIAN_POINT ( 'NONE',  ( -1.399999999999999911, 1.189999999999999281, 2.958596702461715910 ) ) ;
#9470 = DIRECTION ( 'NONE',  ( 0.000000000000000000, -1.000000000000000000, -0.000000000000000000 ) ) ;
#9471 = DIRECTION ( 'NONE',  ( 0.000000000000000000, 1.000000000000000000, -0.000000000000000000 ) ) ;
#9472 = ORIENTED_EDGE ( 'NONE', *, *, #10369, .F. ) ;
#9473 =( LENGTH_UNIT ( ) NAMED_UNIT ( * ) SI_UNIT ( .MILLI., .METRE. ) );
#9474 = AXIS2_PLACEMENT_3D ( 'NONE', #3282, #6599, #2477 ) ;
#9475 = FACE_OUTER_BOUND ( 'NONE', #5340, .T. ) ;
#9476 = ADVANCED_FACE ( 'NONE', ( #2468 ), #8085, .F. ) ;
#9477 =( LENGTH_UNIT ( ) NAMED_UNIT ( * ) SI_UNIT ( .MILLI., .METRE. ) );
#9478 = CARTESIAN_POINT ( 'NONE',  ( -2.299999999999999378, 0.9829864320293230096, -2.876807002484933928 ) ) ;
#9479 = CARTESIAN_POINT ( 'NONE',  ( 1.725000000000000089, 0.5606250315867218337, -2.999623222474925743 ) ) ;
#9480 = STYLED_ITEM ( 'NONE', ( #5594 ), #9748 ) ;
#9481 = DIRECTION ( 'NONE',  ( -1.000000000000000000, 0.000000000000000000, -2.891205793294684539E-15 ) ) ;
#9482 = FILL_AREA_STYLE_COLOUR ( '', #10032 ) ;
#9483 = VECTOR ( 'NONE', #842, 1000.000000000000000 ) ;
#9484 = ORIENTED_EDGE ( 'NONE', *, *, #5766, .T. ) ;
#9485 = ORIENTED_EDGE ( 'NONE', *, *, #4317, .F. ) ;
#9486 = EDGE_CURVE ( 'NONE', #1773, #8270, #1538, .T. ) ;
#9487 =( GEOMETRIC_REPRESENTATION_CONTEXT ( 3 ) GLOBAL_UNCERTAINTY_ASSIGNED_CONTEXT ( ( #3451 ) ) GLOBAL_UNIT_ASSIGNED_CONTEXT ( ( #7804, #3800, #3039 ) ) REPRESENTATION_CONTEXT ( 'NONE', 'WORKASPACE' ) );
#9488 = CARTESIAN_POINT ( 'NONE',  ( -2.227305834058732614, 0.5543891892319575687, 2.769133385321098206 ) ) ;
#9489 = ADVANCED_FACE ( 'NONE', ( #1910 ), #6880, .T. ) ;
#9490 = CARTESIAN_POINT ( 'NONE',  ( -2.899999999999999911, 1.439999999999997726, 3.000000000000000000 ) ) ;
#9491 = VECTOR ( 'NONE', #4917, 1000.000000000000227 ) ;
#9492 = DIRECTION ( 'NONE',  ( -0.9893046619307639400, 0.1458639293384654811, 8.485886417279716684E-15 ) ) ;
#9493 = EDGE_CURVE ( 'NONE', #6879, #7555, #5219, .T. ) ;
#9494 = CARTESIAN_POINT ( 'NONE',  ( 0.3689944610045576279, 0.05000000000000000971, 1.439050470504585233 ) ) ;
#9495 = AXIS2_PLACEMENT_3D ( 'NONE', #2926, #1241, #4531 ) ;
#9496 = VERTEX_POINT ( 'NONE', #5943 ) ;
#9497 = ORIENTED_EDGE ( 'NONE', *, *, #5660, .T. ) ;
#9498 = VERTEX_POINT ( 'NONE', #1749 ) ;
#9499 = LINE ( 'NONE', #342, #9146 ) ;
#9500 = ORIENTED_EDGE ( 'NONE', *, *, #9948, .T. ) ;
#9501 = EDGE_CURVE ( 'NONE', #4460, #4805, #1105, .T. ) ;
#9502 = ORIENTED_EDGE ( 'NONE', *, *, #5919, .F. ) ;
#9503 = MECHANICAL_DESIGN_GEOMETRIC_PRESENTATION_REPRESENTATION (  '', ( #2844 ), #1978 ) ;
#9504 = CARTESIAN_POINT ( 'NONE',  ( 3.101604300710384621, 1.300000000000001155, 1.200000000000026379 ) ) ;
#9505 = DIRECTION ( 'NONE',  ( 0.9860555265491623977, 0.000000000000000000, 0.1664166414811150130 ) ) ;
#9506 = DIRECTION ( 'NONE',  ( 1.000000000000000000, 0.000000000000000000, 0.000000000000000000 ) ) ;
#9507 = CARTESIAN_POINT ( 'NONE',  ( 3.000000000000000444, 0.000000000000000000, 0.000000000000000000 ) ) ;
#9508 = CARTESIAN_POINT ( 'NONE',  ( 0.2500000000000000555, 0.4000000000000000222, 0.6000000000000000888 ) ) ;
#9509 = PRESENTATION_LAYER_ASSIGNMENT (  '', '', ( #6670 ) ) ;
#9510 = CARTESIAN_POINT ( 'NONE',  ( -1.749999999999999112, 1.439999999999997726, 3.000000000000000444 ) ) ;
#9511 = ORIENTED_EDGE ( 'NONE', *, *, #941, .F. ) ;
#9512 = COLOUR_RGB ( '',0.6470588235294117974, 0.6196078431372549211, 0.5882352941176470784 ) ;
#9513 = UNCERTAINTY_MEASURE_WITH_UNIT (LENGTH_MEASURE( 1.000000000000000082E-05 ), #4345, 'distance_accuracy_value', 'NONE');
#9514 = COLOUR_RGB ( '',0.6470588235294117974, 0.6196078431372549211, 0.5882352941176470784 ) ;
#9515 = ORIENTED_EDGE ( 'NONE', *, *, #8658, .F. ) ;
#9516 = FACE_OUTER_BOUND ( 'NONE', #909, .T. ) ;
#9517 = PLANE ( 'NONE',  #4900 ) ;
#9518 = VERTEX_POINT ( 'NONE', #6760 ) ;
#9519 = FACE_OUTER_BOUND ( 'NONE', #3135, .T. ) ;
#9520 = CYLINDRICAL_SURFACE ( 'NONE', #9537, 0.09999999999999982514 ) ;
#9521 = LINE ( 'NONE', #10437, #10174 ) ;
#9522 = VECTOR ( 'NONE', #1932, 1000.000000000000000 ) ;
#9523 = CARTESIAN_POINT ( 'NONE',  ( 3.250000000000001332, 1.321879589400769328, 1.200000000000025491 ) ) ;
#9525 = DIRECTION ( 'NONE',  ( 0.4961389383568337585, 0.8682431421244591885, 0.000000000000000000 ) ) ;
#9524 = CARTESIAN_POINT ( 'NONE',  ( -1.749999999999999334, 1.039999999999999813, -3.000000000000000444 ) ) ;
#9526 = FILL_AREA_STYLE_COLOUR ( '', #8632 ) ;
#9527 = FILL_AREA_STYLE ('',( #5420 ) ) ;
#9528 = B_SPLINE_CURVE_WITH_KNOTS ( 'NONE', 3,
 ( #6465, #5762, #9036, #7420 ),
 .UNSPECIFIED., .F., .F.,
 ( 4, 4 ),
 ( 0.000000000000000000, 1.000000000000000000 ),
 .UNSPECIFIED. ) ;
#9529 = ORIENTED_EDGE ( 'NONE', *, *, #9564, .F. ) ;
#9530 = LINE ( 'NONE', #8698, #9973 ) ;
#9531 = COLOUR_RGB ( '',0.6470588235294117974, 0.6196078431372549211, 0.5882352941176470784 ) ;
#9532 = CARTESIAN_POINT ( 'NONE',  ( -1.725000000000000089, 1.779925552076474959, -2.799999999999999822 ) ) ;
#9533 = CARTESIAN_POINT ( 'NONE',  ( -2.951184463531092650, 1.629893766851918890, -2.700000000000000622 ) ) ;
#9534 = CARTESIAN_POINT ( 'NONE',  ( -0.4628680418394008345, 1.649999999999999467, 1.427045656572681231 ) ) ;
#9535 = DIRECTION ( 'NONE',  ( -0.000000000000000000, 1.000000000000000000, 0.000000000000000000 ) ) ;
#9536 = FACE_OUTER_BOUND ( 'NONE', #7457, .T. ) ;
#9537 = AXIS2_PLACEMENT_3D ( 'NONE', #7898, #5316, #8573 ) ;
#9538 =( NAMED_UNIT ( * ) PLANE_ANGLE_UNIT ( ) SI_UNIT ( $, .RADIAN. ) );
#9539 = ORIENTED_EDGE ( 'NONE', *, *, #7520, .T. ) ;
#9540 = ORIENTED_EDGE ( 'NONE', *, *, #10347, .T. ) ;
#9541 = DIRECTION ( 'NONE',  ( 1.000000000000000000, 0.000000000000000000, 0.000000000000000000 ) ) ;
#9542 = AXIS2_PLACEMENT_3D ( 'NONE', #927, #7578, #4276 ) ;
#9543 = CARTESIAN_POINT ( 'NONE',  ( -2.500000000000000000, 0.05000000000000000278, -0.9999999999999993339 ) ) ;
#9544 = CARTESIAN_POINT ( 'NONE',  ( -0.9066147603744709738, 1.649999999999999467, 1.672248268019030037 ) ) ;
#9545 = DIRECTION ( 'NONE',  ( 0.000000000000000000, 0.8479983040050885768, -0.5299989400031790421 ) ) ;
#9546 = B_SPLINE_CURVE_WITH_KNOTS ( 'NONE', 3,
 ( #2685, #7476, #4, #6881, #9207, #5890 ),
 .UNSPECIFIED., .F., .F.,
 ( 4, 2, 4 ),
 ( 0.000000000000000000, 0.5000000000000000000, 1.000000000000000000 ),
 .UNSPECIFIED. ) ;
#9547 = SURFACE_STYLE_USAGE ( .BOTH. , #10358 ) ;
#9548 = VERTEX_POINT ( 'NONE', #4401 ) ;
#9549 = ORIENTED_EDGE ( 'NONE', *, *, #1697, .F. ) ;
#9550 = VECTOR ( 'NONE', #2437, 1000.000000000000114 ) ;
#9551 = ORIENTED_EDGE ( 'NONE', *, *, #2793, .F. ) ;
#9552 = FACE_OUTER_BOUND ( 'NONE', #627, .T. ) ;
#9553 = AXIS2_PLACEMENT_3D ( 'NONE', #4041, #725, #7548 ) ;
#9554 = ORIENTED_EDGE ( 'NONE', *, *, #265, .F. ) ;
#9555 = VERTEX_POINT ( 'NONE', #9316 ) ;
#9556 = CARTESIAN_POINT ( 'NONE',  ( -0.8000000000000000444, 0.000000000000000000, 2.699999999999999734 ) ) ;
#9557 = DIRECTION ( 'NONE',  ( 0.000000000000000000, 0.000000000000000000, -1.000000000000000000 ) ) ;
#9558 = CARTESIAN_POINT ( 'NONE',  ( -0.2500000000000004441, 0.3999999999999999667, -0.6000000000000000888 ) ) ;
#9559 =( NAMED_UNIT ( * ) PLANE_ANGLE_UNIT ( ) SI_UNIT ( $, .RADIAN. ) );
#9560 = SURFACE_STYLE_FILL_AREA ( #7008 ) ;
#9561 = VECTOR ( 'NONE', #7914, 1000.000000000000000 ) ;
#9562 = ADVANCED_FACE ( 'NONE', ( #276 ), #6931, .T. ) ;
#9563 = ADVANCED_FACE ( 'NONE', ( #5998 ), #10113, .T. ) ;
#9564 = EDGE_CURVE ( 'NONE', #8570, #3514, #6756, .T. ) ;
#9565 = CARTESIAN_POINT ( 'NONE',  ( 3.232597679844643412, 0.3730819044509732230, -1.750000000000000888 ) ) ;
#9566 = ORIENTED_EDGE ( 'NONE', *, *, #4947, .T. ) ;
#9567 = ORIENTED_EDGE ( 'NONE', *, *, #8683, .T. ) ;
#9568 = EDGE_CURVE ( 'NONE', #9649, #8801, #2130, .T. ) ;
#9569 = PLANE ( 'NONE',  #5079 ) ;
#9570 = VERTEX_POINT ( 'NONE', #5273 ) ;
#9571 = VECTOR ( 'NONE', #3537, 1000.000000000000000 ) ;
#9572 = CARTESIAN_POINT ( 'NONE',  ( -0.7297918222781146769, 1.800000000000000711, -1.754329820263830886 ) ) ;
#9573 = B_SPLINE_CURVE_WITH_KNOTS ( 'NONE', 3,
 ( #471, #1401, #3794, #7116, #1510, #10480 ),
 .UNSPECIFIED., .F., .F.,
 ( 4, 2, 4 ),
 ( 0.000000000000000000, 0.5000000000000000000, 1.000000000000000000 ),
 .UNSPECIFIED. ) ;
#9574 = DIRECTION ( 'NONE',  ( -1.000000000000000000, 0.000000000000000000, 0.000000000000000000 ) ) ;
#9575 = DIRECTION ( 'NONE',  ( 0.000000000000000000, 0.000000000000000000, 1.000000000000000000 ) ) ;
#9576 = DIRECTION ( 'NONE',  ( 0.000000000000000000, 0.000000000000000000, 1.000000000000000000 ) ) ;
#9577 = EDGE_CURVE ( 'NONE', #6898, #10732, #6314, .T. ) ;
#9578 = EDGE_LOOP ( 'NONE', ( #3897, #2334, #6110, #9063 ) ) ;
#9579 = CARTESIAN_POINT ( 'NONE',  ( 3.000000000000000888, -2.710505431213761085E-17, -1.600000000000000755 ) ) ;
#9580 = ADVANCED_FACE ( 'NONE', ( #9684 ), #373, .F. ) ;
#9581 = FACE_OUTER_BOUND ( 'NONE', #4099, .T. ) ;
#9582 = CARTESIAN_POINT ( 'NONE',  ( -1.724999999999999867, 1.800000000000000044, 2.735468749332209182 ) ) ;
#9583 = CARTESIAN_POINT ( 'NONE',  ( -0.7444064871680303730, 1.650000000000000133, 1.318643257891408682 ) ) ;
#9584 = PLANE ( 'NONE',  #2383 ) ;
#9585 = VERTEX_POINT ( 'NONE', #2897 ) ;
#9586 = ORIENTED_EDGE ( 'NONE', *, *, #9635, .F. ) ;
#9587 = CARTESIAN_POINT ( 'NONE',  ( -2.299999999999998934, 0.6538153425844861477, -2.900182071975722753 ) ) ;
#9588 = CARTESIAN_POINT ( 'NONE',  ( 1.725000000000000089, 1.117205701710528576, -2.809926963919710641 ) ) ;
#9589 = PLANE ( 'NONE',  #1687 ) ;
#9590 = EDGE_CURVE ( 'NONE', #2704, #6785, #2182, .T. ) ;
#9591 = DIRECTION ( 'NONE',  ( 0.000000000000000000, 0.000000000000000000, 1.000000000000000000 ) ) ;
#9592 = PRESENTATION_STYLE_ASSIGNMENT (( #2204 ) ) ;
#9593 = ORIENTED_EDGE ( 'NONE', *, *, #9425, .T. ) ;
#9594 = EDGE_LOOP ( 'NONE', ( #397, #8148, #622, #9115, #1920, #9863 ) ) ;
#9595 = ORIENTED_EDGE ( 'NONE', *, *, #9214, .T. ) ;
#9596 = CARTESIAN_POINT ( 'NONE',  ( -3.100000000000000533, 1.800000000000000488, 1.900000000000000799 ) ) ;
#9597 = ORIENTED_EDGE ( 'NONE', *, *, #8691, .T. ) ;
#9598 = CARTESIAN_POINT ( 'NONE',  ( 1.133785510258754625, 1.650000000000000355, -0.9875873162723349807 ) ) ;
#9599 = SURFACE_SIDE_STYLE ('',( #5456 ) ) ;
#9600 = CARTESIAN_POINT ( 'NONE',  ( -3.000000000000000000, 1.649999999999999911, 2.500000000000000888 ) ) ;
#9601 = CARTESIAN_POINT ( 'NONE',  ( 0.3397607939579994074, 0.04999999999999998890, 1.613073635059653732 ) ) ;
#9602 = APPLICATION_PROTOCOL_DEFINITION ( 'draft international standard', 'automotive_design', 1998, #6111 ) ;
#9603 = PLANE ( 'NONE',  #5279 ) ;
#9604 = ORIENTED_EDGE ( 'NONE', *, *, #796, .F. ) ;
#9605 = VECTOR ( 'NONE', #9306, 1000.000000000000114 ) ;
#9606 = UNCERTAINTY_MEASURE_WITH_UNIT (LENGTH_MEASURE( 1.000000000000000082E-05 ), #4870, 'distance_accuracy_value', 'NONE');
#9607 = ORIENTED_EDGE ( 'NONE', *, *, #4109, .T. ) ;
#9608 = LINE ( 'NONE', #9827, #3362 ) ;
#9609 = ORIENTED_EDGE ( 'NONE', *, *, #2589, .F. ) ;
#9610 = PLANE ( 'NONE',  #7770 ) ;
#9611 = ORIENTED_EDGE ( 'NONE', *, *, #8614, .T. ) ;
#9612 = EDGE_CURVE ( 'NONE', #9372, #9496, #2207, .T. ) ;
#9613 = MECHANICAL_DESIGN_GEOMETRIC_PRESENTATION_REPRESENTATION (  '', ( #783 ), #4162 ) ;
#9614 = DIRECTION ( 'NONE',  ( 1.000000000000000000, 0.000000000000000000, -3.373073425510469502E-15 ) ) ;
#9615 = CARTESIAN_POINT ( 'NONE',  ( -0.6430119572356256530, 1.800000000000000488, 1.787962972593761357 ) ) ;
#9616 = DIRECTION ( 'NONE',  ( -0.1690054695747755520, -0.9856151131419452760, -0.000000000000000000 ) ) ;
#9617 = EDGE_CURVE ( 'NONE', #6282, #5838, #486, .T. ) ;
#9618 = SURFACE_SIDE_STYLE ('',( #2832 ) ) ;
#9619 = SURFACE_STYLE_USAGE ( .BOTH. , #3093 ) ;
#9620 = CARTESIAN_POINT ( 'NONE',  ( -3.100000000000000533, 1.800000000000000488, 1.899999999999999911 ) ) ;
#9621 = VECTOR ( 'NONE', #7305, 1000.000000000000114 ) ;
#9622 = CARTESIAN_POINT ( 'NONE',  ( 3.295163886627928473, 0.05523492450537409448, -0.5000000000000009992 ) ) ;
#9623 = ADVANCED_FACE ( 'NONE', ( #3861 ), #3756, .F. ) ;
#9624 = ORIENTED_EDGE ( 'NONE', *, *, #10544, .T. ) ;
#9625 = SURFACE_STYLE_FILL_AREA ( #3603 ) ;
#9626 = VECTOR ( 'NONE', #687, 1000.000000000000114 ) ;
#9627 = CARTESIAN_POINT ( 'NONE',  ( 2.917157287525380394, 3.099999999999999201, 1.458578643762690419 ) ) ;
#9628 = FACE_OUTER_BOUND ( 'NONE', #297, .T. ) ;
#9629 = COLOUR_RGB ( '',0.6470588235294117974, 0.6196078431372549211, 0.5882352941176470784 ) ;
#9630 = SURFACE_STYLE_USAGE ( .BOTH. , #7193 ) ;
#9631 = CARTESIAN_POINT ( 'NONE',  ( -1.353739692867545807, 1.649999999999999467, 0.6467502192727752064 ) ) ;
#9632 = VECTOR ( 'NONE', #5511, 1000.000000000000000 ) ;
#9633 = CARTESIAN_POINT ( 'NONE',  ( -2.999999999999999556, 1.639999999999999902, 1.600000000000000311 ) ) ;
#9634 = DIRECTION ( 'NONE',  ( 0.4961389383568332034, 0.000000000000000000, -0.8682431421244596326 ) ) ;
#9635 = EDGE_CURVE ( 'NONE', #418, #9324, #8700, .T. ) ;
#9636 = CARTESIAN_POINT ( 'NONE',  ( -3.052456489953509600, 1.595996894053967941, 1.500000000000009326 ) ) ;
#9637 = DIRECTION ( 'NONE',  ( 0.000000000000000000, 0.9974881498328391771, -0.07083354391147972384 ) ) ;
#9638 =( GEOMETRIC_REPRESENTATION_CONTEXT ( 3 ) GLOBAL_UNCERTAINTY_ASSIGNED_CONTEXT ( ( #3245 ) ) GLOBAL_UNIT_ASSIGNED_CONTEXT ( ( #6577, #149, #9133 ) ) REPRESENTATION_CONTEXT ( 'NONE', 'WORKASPACE' ) );
#9639 = DIRECTION ( 'NONE',  ( 0.4961389383568320932, 0.000000000000000000, 0.8682431421244602987 ) ) ;
#9640 = ORIENTED_EDGE ( 'NONE', *, *, #8860, .F. ) ;
#9641 = CARTESIAN_POINT ( 'NONE',  ( 3.000000000000001332, 1.522731960132805096, 2.917268039867192631 ) ) ;
#9642 = DIRECTION ( 'NONE',  ( 0.000000000000000000, 0.000000000000000000, -1.000000000000000000 ) ) ;
#9643 = CARTESIAN_POINT ( 'NONE',  ( 1.750000000000000222, 1.650000000000000355, -2.799999999999999822 ) ) ;
#9644 = VECTOR ( 'NONE', #6604, 1000.000000000000114 ) ;
#9645 = DIRECTION ( 'NONE',  ( 0.000000000000000000, -0.000000000000000000, -1.000000000000000000 ) ) ;
#9646 = CARTESIAN_POINT ( 'NONE',  ( 3.000000000000000888, 1.639999999999999902, -1.500000000000000000 ) ) ;
#9647 = SURFACE_SIDE_STYLE ('',( #2912 ) ) ;
#9648 = VERTEX_POINT ( 'NONE', #8806 ) ;
#9649 = VERTEX_POINT ( 'NONE', #2946 ) ;
#9650 = B_SPLINE_CURVE_WITH_KNOTS ( 'NONE', 3,
 ( #4567, #9641, #5442, #8757, #4512, #3814, #7921, #2907, #3767, #10561, #8923, #7145 ),
 .UNSPECIFIED., .F., .F.,
 ( 4, 2, 2, 2, 2, 4 ),
 ( 0.000000000000000000, 0.2499999999999942268, 0.3749999999999923950, 0.4374999999999914513, 0.4999999999999905631, 1.000000000000000000 ),
 .UNSPECIFIED. ) ;
#9651 = ORIENTED_EDGE ( 'NONE', *, *, #2986, .F. ) ;
#9652 =( NAMED_UNIT ( * ) SI_UNIT ( $, .STERADIAN. ) SOLID_ANGLE_UNIT ( ) );
#9653 =( GEOMETRIC_REPRESENTATION_CONTEXT ( 3 ) GLOBAL_UNCERTAINTY_ASSIGNED_CONTEXT ( ( #6837 ) ) GLOBAL_UNIT_ASSIGNED_CONTEXT ( ( #10593, #6571, #6455 ) ) REPRESENTATION_CONTEXT ( 'NONE', 'WORKASPACE' ) );
#9654 = EDGE_LOOP ( 'NONE', ( #5518, #9768, #5806, #8510, #6560, #10772 ) ) ;
#9655 = CARTESIAN_POINT ( 'NONE',  ( 0.3953778698449832429, 1.649999999999999911, -1.448438283592722975 ) ) ;
#9656 = LINE ( 'NONE', #461, #10236 ) ;
#9657 = DIRECTION ( 'NONE',  ( 0.000000000000000000, 0.000000000000000000, -1.000000000000000000 ) ) ;
#9658 = DIRECTION ( 'NONE',  ( -0.1690054695747761626, 0.9856151131419452760, 0.000000000000000000 ) ) ;
#9659 = SHAPE_DEFINITION_REPRESENTATION ( #9915, #7753 ) ;
#9660 = CARTESIAN_POINT ( 'NONE',  ( -1.849999999999999201, 1.643333333333334201, 2.700000000000000178 ) ) ;
#9661 = ORIENTED_EDGE ( 'NONE', *, *, #8065, .F. ) ;
#9662 = ORIENTED_EDGE ( 'NONE', *, *, #9905, .T. ) ;
#9663 = EDGE_CURVE ( 'NONE', #3728, #8855, #7967, .T. ) ;
#9664 = CARTESIAN_POINT ( 'NONE',  ( 1.748645309301181339, 0.8361144450277644413, 2.829911096509761581 ) ) ;
#9665 = ORIENTED_EDGE ( 'NONE', *, *, #6020, .F. ) ;
#9666 = AXIS2_PLACEMENT_3D ( 'NONE', #8380, #908, #5801 ) ;
#9667 = LINE ( 'NONE', #8053, #10051 ) ;
#9668 = ORIENTED_EDGE ( 'NONE', *, *, #4055, .T. ) ;
#9669 = DIRECTION ( 'NONE',  ( -0.03489949670249401642, 0.9993908270190959842, 0.000000000000000000 ) ) ;
#9670 = CARTESIAN_POINT ( 'NONE',  ( 3.000000000000000888, 1.023333333333333428, 2.900000000000000355 ) ) ;
#9671 = DIRECTION ( 'NONE',  ( 0.4682929057908473691, -0.7492686492653555241, -0.4682929057908459813 ) ) ;
#9672 = LINE ( 'NONE', #1307, #2338 ) ;
#9673 = AXIS2_PLACEMENT_3D ( 'NONE', #9565, #1444, #352 ) ;
#9674 = VECTOR ( 'NONE', #4730, 1000.000000000000000 ) ;
#9675 = SURFACE_STYLE_FILL_AREA ( #1361 ) ;
#9676 = ADVANCED_FACE ( 'NONE', ( #10397 ), #3806, .F. ) ;
#9677 = ORIENTED_EDGE ( 'NONE', *, *, #1001, .T. ) ;
#9678 = DIRECTION ( 'NONE',  ( 1.000000000000000000, 0.000000000000000000, 3.771137991253926601E-16 ) ) ;
#9679 = CARTESIAN_POINT ( 'NONE',  ( 1.836970198721029934E-16, 3.058578643762690064, -1.500000000000000444 ) ) ;
#9680 = EDGE_CURVE ( 'NONE', #7740, #2668, #8187, .T. ) ;
#9681 = PRESENTATION_LAYER_ASSIGNMENT (  '', '', ( #242 ) ) ;
#9682 = DIRECTION ( 'NONE',  ( 0.000000000000000000, 0.000000000000000000, -1.000000000000000000 ) ) ;
#9683 = VECTOR ( 'NONE', #196, 1000.000000000000000 ) ;
#9684 = FACE_OUTER_BOUND ( 'NONE', #468, .T. ) ;
#9685 = CARTESIAN_POINT ( 'NONE',  ( -1.486894215470387470, 1.649999999999999467, -0.2356132304556936563 ) ) ;
#9686 = DIRECTION ( 'NONE',  ( 0.000000000000000000, 1.000000000000000000, -0.000000000000000000 ) ) ;
#9687 = LINE ( 'NONE', #5541, #439 ) ;
#9688 = DIRECTION ( 'NONE',  ( -0.000000000000000000, 0.000000000000000000, 1.000000000000000000 ) ) ;
#9689 =( LENGTH_UNIT ( ) NAMED_UNIT ( * ) SI_UNIT ( .MILLI., .METRE. ) );
#9690 = ADVANCED_FACE ( 'NONE', ( #7298 ), #7167, .F. ) ;
#9691 = VECTOR ( 'NONE', #10566, 1000.000000000000000 ) ;
#9692 = EDGE_CURVE ( 'NONE', #9274, #6337, #9035, .T. ) ;
#9693 = EDGE_CURVE ( 'NONE', #8069, #2943, #8234, .T. ) ;
#9694 = ORIENTED_EDGE ( 'NONE', *, *, #6051, .T. ) ;
#9695 = CARTESIAN_POINT ( 'NONE',  ( 0.2500000000000000555, 0.4000000000000000222, 0.6000000000000000888 ) ) ;
#9696 = PLANE ( 'NONE',  #4085 ) ;
#9697 = PLANE ( 'NONE',  #7789 ) ;
#9698 = PRESENTATION_LAYER_ASSIGNMENT (  '', '', ( #2365 ) ) ;
#9699 =( NAMED_UNIT ( * ) PLANE_ANGLE_UNIT ( ) SI_UNIT ( $, .RADIAN. ) );
#9700 = CARTESIAN_POINT ( 'NONE',  ( 0.4499329403012186646, 0.04999999999999999584, 1.643125735734729531 ) ) ;
#9701 = DIRECTION ( 'NONE',  ( 0.000000000000000000, 1.000000000000000000, -0.000000000000000000 ) ) ;
#9702 = EDGE_LOOP ( 'NONE', ( #8036, #3878, #4275, #35 ) ) ;
#9703 = ORIENTED_EDGE ( 'NONE', *, *, #6312, .F. ) ;
#9704 = ADVANCED_FACE ( 'NONE', ( #9737 ), #4017, .F. ) ;
#9705 =( LENGTH_UNIT ( ) NAMED_UNIT ( * ) SI_UNIT ( .MILLI., .METRE. ) );
#9706 = ORIENTED_EDGE ( 'NONE', *, *, #4235, .T. ) ;
#9707 = CARTESIAN_POINT ( 'NONE',  ( -1.849999999999999423, 0.3999999999999999112, -2.800000000000001155 ) ) ;
#9708 = ORIENTED_EDGE ( 'NONE', *, *, #8342, .F. ) ;
#9709 = PRESENTATION_LAYER_ASSIGNMENT (  '', '', ( #794 ) ) ;
#9710 = CARTESIAN_POINT ( 'NONE',  ( 1.353739692867456323, 1.649999999999999911, -0.6467502192728659116 ) ) ;
#9711 = FILL_AREA_STYLE_COLOUR ( '', #3591 ) ;
#9712 = LINE ( 'NONE', #6290, #8243 ) ;
#9713 =( NAMED_UNIT ( * ) SI_UNIT ( $, .STERADIAN. ) SOLID_ANGLE_UNIT ( ) );
#9714 = LINE ( 'NONE', #3683, #414 ) ;
#9715 = VECTOR ( 'NONE', #1497, 1000.000000000000000 ) ;
#9716 =( NAMED_UNIT ( * ) PLANE_ANGLE_UNIT ( ) SI_UNIT ( $, .RADIAN. ) );
#9717 = ORIENTED_EDGE ( 'NONE', *, *, #6779, .T. ) ;
#9718 = VECTOR ( 'NONE', #10421, 999.9999999999998863 ) ;
#9719 = UNCERTAINTY_MEASURE_WITH_UNIT (LENGTH_MEASURE( 1.000000000000000082E-05 ), #10767, 'distance_accuracy_value', 'NONE');
#9720 = ORIENTED_EDGE ( 'NONE', *, *, #6156, .T. ) ;
#9721 = CARTESIAN_POINT ( 'NONE',  ( -3.300000000000000266, 0.7661623507412511636, -1.750000000000000444 ) ) ;
#9722 = VERTEX_POINT ( 'NONE', #2293 ) ;
#9723 = CARTESIAN_POINT ( 'NONE',  ( 0.3172345405453442790, 0.05000000000000001665, 1.849435232677982155 ) ) ;
#9724 = ORIENTED_EDGE ( 'NONE', *, *, #321, .F. ) ;
#9725 = STYLED_ITEM ( 'NONE', ( #5944 ), #4565 ) ;
#9726 = DIRECTION ( 'NONE',  ( 0.9856151131419453870, -0.1690054695747752189, 0.000000000000000000 ) ) ;
#9727 = CARTESIAN_POINT ( 'NONE',  ( 1.850000000000000311, 1.640000000000000124, -2.700000000000001066 ) ) ;
#9728 = CARTESIAN_POINT ( 'NONE',  ( -1.749999999999999556, 1.640000000000000568, 2.799999999999999822 ) ) ;
#9729 = CARTESIAN_POINT ( 'NONE',  ( -1.399999999999999911, 1.114592996245836964, -2.809975643556418490 ) ) ;
#9730 = LINE ( 'NONE', #5477, #8442 ) ;
#9731 = CARTESIAN_POINT ( 'NONE',  ( 3.295163886627928029, 0.05523492450537426102, -0.5261799387799156458 ) ) ;
#9732 = ORIENTED_EDGE ( 'NONE', *, *, #5505, .F. ) ;
#9733 = CARTESIAN_POINT ( 'NONE',  ( -1.849999999999999201, 1.640000000000000568, -2.700000000000001066 ) ) ;
#9734 = LINE ( 'NONE', #2234, #10060 ) ;
#9735 = AXIS2_PLACEMENT_3D ( 'NONE', #5207, #8580, #1096 ) ;
#9736 = FACE_OUTER_BOUND ( 'NONE', #5686, .T. ) ;
#9737 = FACE_OUTER_BOUND ( 'NONE', #9275, .T. ) ;
#9738 = FACE_BOUND ( 'NONE', #6912, .T. ) ;
#9739 = DIRECTION ( 'NONE',  ( -9.680376539334744480E-18, -1.000000000000000000, 0.000000000000000000 ) ) ;
#9740 = PRESENTATION_LAYER_ASSIGNMENT (  '', '', ( #1678 ) ) ;
#9741 = SURFACE_SIDE_STYLE ('',( #3866 ) ) ;
#9742 = CARTESIAN_POINT ( 'NONE',  ( 3.511456704643024285, 1.999346841135182240, -1.750000000000000666 ) ) ;
#9743 = FACE_OUTER_BOUND ( 'NONE', #10184, .T. ) ;
#9744 = ORIENTED_EDGE ( 'NONE', *, *, #4696, .T. ) ;
#9745 = EDGE_CURVE ( 'NONE', #9395, #1895, #7360, .T. ) ;
#9746 = CARTESIAN_POINT ( 'NONE',  ( 3.000000000000000888, -2.439454888092384977E-17, -2.400000000000000799 ) ) ;
#9747 = DIRECTION ( 'NONE',  ( -1.000000000000000000, -0.000000000000000000, 0.000000000000000000 ) ) ;
#9748 = ADVANCED_FACE ( 'NONE', ( #757 ), #5760, .F. ) ;
#9749 = DIRECTION ( 'NONE',  ( 0.4961389383568337585, 0.8682431421244591885, 0.000000000000000000 ) ) ;
#9750 = ADVANCED_FACE ( 'NONE', ( #819 ), #4768, .F. ) ;
#9751 = DIRECTION ( 'NONE',  ( 1.000000000000000000, 0.000000000000000000, 0.000000000000000000 ) ) ;
#9752 = PRESENTATION_STYLE_ASSIGNMENT (( #9049 ) ) ;
#9753 = VERTEX_POINT ( 'NONE', #3967 ) ;
#9754 = ORIENTED_EDGE ( 'NONE', *, *, #4415, .T. ) ;
#9755 = EDGE_CURVE ( 'NONE', #4923, #979, #2236, .T. ) ;
#9756 = PRESENTATION_STYLE_ASSIGNMENT (( #7742 ) ) ;
#9757 = FILL_AREA_STYLE_COLOUR ( '', #63 ) ;
#9758 = ORIENTED_EDGE ( 'NONE', *, *, #10695, .T. ) ;
#9759 = CARTESIAN_POINT ( 'NONE',  ( -2.200000000000000178, 0.2000000000000000111, 1.800000000000000266 ) ) ;
#9760 = EDGE_CURVE ( 'NONE', #2595, #3587, #10339, .T. ) ;
#9761 = DIRECTION ( 'NONE',  ( 0.9893046619307894751, -0.1458639293382921198, 8.485886417279667774E-15 ) ) ;
#9762 = DIRECTION ( 'NONE',  ( 0.000000000000000000, 0.9998264715454813212, 0.01862865526313777637 ) ) ;
#9763 = CARTESIAN_POINT ( 'NONE',  ( -3.100000000000000977, 1.649999999999999911, 2.799999999999999822 ) ) ;
#9764 = CONTEXT_DEPENDENT_SHAPE_REPRESENTATION ( #9294, #557 ) ;
#9765 = FACE_OUTER_BOUND ( 'NONE', #8815, .T. ) ;
#9766 = EDGE_CURVE ( 'NONE', #8932, #8570, #597, .T. ) ;
#9767 = DIRECTION ( 'NONE',  ( -0.9856151131419453870, 0.1690054695747752189, -0.000000000000000000 ) ) ;
#9768 = ORIENTED_EDGE ( 'NONE', *, *, #1371, .T. ) ;
#9769 = VERTEX_POINT ( 'NONE', #10603 ) ;
#9770 = LINE ( 'NONE', #7069, #4556 ) ;
#9771 = ORIENTED_EDGE ( 'NONE', *, *, #3505, .F. ) ;
#9772 = CARTESIAN_POINT ( 'NONE',  ( -1.749999999999999112, 1.439999999999997504, -3.000000000000000444 ) ) ;
#9773 = ORIENTED_EDGE ( 'NONE', *, *, #1914, .T. ) ;
#9774 = DIRECTION ( 'NONE',  ( -0.000000000000000000, -0.000000000000000000, -1.000000000000000000 ) ) ;
#9775 = DIRECTION ( 'NONE',  ( 0.1660101621116054360, -0.06985066062633371597, 0.9836470460921149517 ) ) ;
#9776 = LINE ( 'NONE', #1357, #44 ) ;
#9777 = CARTESIAN_POINT ( 'NONE',  ( 1.766485034026787249, 0.5604284549296919549, 2.996855001726780987 ) ) ;
#9778 = LINE ( 'NONE', #10440, #2267 ) ;
#9779 = CYLINDRICAL_SURFACE ( 'NONE', #8087, 0.09999999999999982514 ) ;
#9780 = DIRECTION ( 'NONE',  ( -0.000000000000000000, -0.000000000000000000, -1.000000000000000000 ) ) ;
#9781 = ORIENTED_EDGE ( 'NONE', *, *, #6696, .T. ) ;
#9782 = ORIENTED_EDGE ( 'NONE', *, *, #3915, .T. ) ;
#9783 = DIRECTION ( 'NONE',  ( -0.000000000000000000, 0.000000000000000000, 1.000000000000000000 ) ) ;
#9784 = CARTESIAN_POINT ( 'NONE',  ( 0.4500000000000001221, 0.04999999999999995420, 0.3499999999999996447 ) ) ;
#9785 = LINE ( 'NONE', #2290, #8447 ) ;
#9786 = EDGE_CURVE ( 'NONE', #8329, #4111, #3101, .T. ) ;
#9787 = B_SPLINE_CURVE_WITH_KNOTS ( 'NONE', 3,
 ( #8795, #424, #480, #7238 ),
 .UNSPECIFIED., .F., .F.,
 ( 4, 4 ),
 ( 0.000000000000000000, 1.000000000000000000 ),
 .UNSPECIFIED. ) ;
#9788 = VECTOR ( 'NONE', #7425, 1000.000000000000000 ) ;
#9789 = DIRECTION ( 'NONE',  ( -0.000000000000000000, -1.000000000000000000, -0.000000000000000000 ) ) ;
#9790 = PLANE ( 'NONE',  #7620 ) ;
#9791 = DIRECTION ( 'NONE',  ( 0.9856151131419452760, 0.1690054695747755520, 0.000000000000000000 ) ) ;
#9792 = CARTESIAN_POINT ( 'NONE',  ( 2.977164018682346480, 1.603654613816883012, -2.836448215374284043 ) ) ;
#9793 = VECTOR ( 'NONE', #8647, 1000.000000000000000 ) ;
#9794 = DIRECTION ( 'NONE',  ( 0.000000000000000000, 0.000000000000000000, 1.000000000000000000 ) ) ;
#9795 =( GEOMETRIC_REPRESENTATION_CONTEXT ( 3 ) GLOBAL_UNCERTAINTY_ASSIGNED_CONTEXT ( ( #4199 ) ) GLOBAL_UNIT_ASSIGNED_CONTEXT ( ( #7418, #9950, #4810 ) ) REPRESENTATION_CONTEXT ( 'NONE', 'WORKASPACE' ) );
#9796 = COLOUR_RGB ( '',0.6470588235294117974, 0.6196078431372549211, 0.5882352941176470784 ) ;
#9797 = EDGE_CURVE ( 'NONE', #5906, #4400, #3377, .T. ) ;
#9798 = ADVANCED_FACE ( 'NONE', ( #871 ), #1849, .T. ) ;
#9799 = ORIENTED_EDGE ( 'NONE', *, *, #8401, .T. ) ;
#9800 = CARTESIAN_POINT ( 'NONE',  ( -2.204364238465235514E-17, 0.05000000000000000278, 1.250000000000000222 ) ) ;
#9801 =( NAMED_UNIT ( * ) PLANE_ANGLE_UNIT ( ) SI_UNIT ( $, .RADIAN. ) );
#9802 = FACE_OUTER_BOUND ( 'NONE', #1349, .T. ) ;
#9803 = LINE ( 'NONE', #1486, #5928 ) ;
#9804 = CARTESIAN_POINT ( 'NONE',  ( 3.046699193019196006, 9.740878893424413840E-18, 2.400000000000001243 ) ) ;
#9805 = CARTESIAN_POINT ( 'NONE',  ( 3.000000000000000888, 1.539999999999997371, -2.900000000000001243 ) ) ;
#9806 = VERTEX_POINT ( 'NONE', #931 ) ;
#9807 = ORIENTED_EDGE ( 'NONE', *, *, #6048, .F. ) ;
#9808 = CARTESIAN_POINT ( 'NONE',  ( -2.200000000000000178, 0.2000000000000000111, 1.800000000000000266 ) ) ;
#9809 = EDGE_CURVE ( 'NONE', #4471, #6050, #6801, .T. ) ;
#9810 = CARTESIAN_POINT ( 'NONE',  ( -1.749999999999999334, 0.000000000000000000, -2.799999999999999822 ) ) ;
#9811 = ORIENTED_EDGE ( 'NONE', *, *, #8420, .F. ) ;
#9812 = EDGE_CURVE ( 'NONE', #4301, #523, #1092, .T. ) ;
#9813 = VECTOR ( 'NONE', #2843, 1000.000000000000114 ) ;
#9814 = CARTESIAN_POINT ( 'NONE',  ( 3.145255262575063160, 0.05000000000000012768, 0.6000000000000121902 ) ) ;
#9815 = EDGE_CURVE ( 'NONE', #9722, #523, #4279, .T. ) ;
#9816 = CARTESIAN_POINT ( 'NONE',  ( 2.399999999999999911, 0.05000000000000003053, 0.9000000000000003553 ) ) ;
#9817 = FILL_AREA_STYLE ('',( #9165 ) ) ;
#9818 = PRESENTATION_STYLE_ASSIGNMENT (( #4792 ) ) ;
#9819 = CARTESIAN_POINT ( 'NONE',  ( 2.500000000000000000, 0.05000000000000000278, 0.9999999999999993339 ) ) ;
#9820 = DIRECTION ( 'NONE',  ( 0.000000000000000000, -1.000000000000000000, -0.000000000000000000 ) ) ;
#9821 = ORIENTED_EDGE ( 'NONE', *, *, #1928, .T. ) ;
#9822 = VECTOR ( 'NONE', #642, 1000.000000000000000 ) ;
#9823 = UNCERTAINTY_MEASURE_WITH_UNIT (LENGTH_MEASURE( 1.000000000000000082E-05 ), #9449, 'distance_accuracy_value', 'NONE');
#9824 = EDGE_CURVE ( 'NONE', #7782, #9518, #771, .T. ) ;
#9825 = ORIENTED_EDGE ( 'NONE', *, *, #101, .T. ) ;
#9826 = EDGE_CURVE ( 'NONE', #4521, #1731, #10166, .T. ) ;
#9827 = CARTESIAN_POINT ( 'NONE',  ( 2.299999999999999822, 0.9829864320293230096, -2.876807002484933484 ) ) ;
#9828 = EDGE_LOOP ( 'NONE', ( #8824, #556, #3753, #10589, #3938 ) ) ;
#9829 = VECTOR ( 'NONE', #210, 1000.000000000000000 ) ;
#9830 = CARTESIAN_POINT ( 'NONE',  ( 1.725000000000000089, 1.119999999999996776, 2.959900934651531479 ) ) ;
#9831 = ORIENTED_EDGE ( 'NONE', *, *, #4413, .T. ) ;
#9832 = VECTOR ( 'NONE', #2008, 1000.000000000000000 ) ;
#9833 = FACE_OUTER_BOUND ( 'NONE', #8343, .T. ) ;
#9834 =( GEOMETRIC_REPRESENTATION_CONTEXT ( 3 ) GLOBAL_UNCERTAINTY_ASSIGNED_CONTEXT ( ( #2494 ) ) GLOBAL_UNIT_ASSIGNED_CONTEXT ( ( #4390, #7525, #8353 ) ) REPRESENTATION_CONTEXT ( 'NONE', 'WORKASPACE' ) );
#9835 = FACE_OUTER_BOUND ( 'NONE', #2760, .T. ) ;
#9836 = MANIFOLD_SOLID_BREP ( 'ŒﬁΩ - âüÇµèoÇµ1[3]', #8773 ) ;
#9837 = CARTESIAN_POINT ( 'NONE',  ( 1.744401821570565225, 0.5606250315867208345, 2.999623222474925743 ) ) ;
#9838 = CARTESIAN_POINT ( 'NONE',  ( 1.750000000000000222, 0.9824615816236952348, 2.869415983609708398 ) ) ;
#9839 = AXIS2_PLACEMENT_3D ( 'NONE', #4425, #4320, #9505 ) ;
#9840 = CARTESIAN_POINT ( 'NONE',  ( 2.176831603997347209, 0.5449102240437042610, 2.778325043173702102 ) ) ;
#9841 = COLOUR_RGB ( '',0.8431372549019607865, 0.8156862745098039102, 0.7529411764705882248 ) ;
#9842 = ORIENTED_EDGE ( 'NONE', *, *, #10762, .F. ) ;
#9843 = ORIENTED_EDGE ( 'NONE', *, *, #8542, .F. ) ;
#9844 = CARTESIAN_POINT ( 'NONE',  ( -1.725000000000000089, 1.569124839807742644, 2.799999999999999822 ) ) ;
#9845 = CARTESIAN_POINT ( 'NONE',  ( 3.000000000000000000, 3.000000000000000000, 1.500000000000000222 ) ) ;
#9846 = CARTESIAN_POINT ( 'NONE',  ( 1.725000000000000089, 1.120000000000002105, 2.959900934651531479 ) ) ;
#9847 = VECTOR ( 'NONE', #463, 1000.000000000000114 ) ;
#9848 =( REPRESENTATION_RELATIONSHIP ('NONE','NONE', #7237, #7753 ) REPRESENTATION_RELATIONSHIP_WITH_TRANSFORMATION ( #2379 )SHAPE_REPRESENTATION_RELATIONSHIP( ) );
#9849 = CARTESIAN_POINT ( 'NONE',  ( 3.279839148257636966E-35, 0.05000000010113581084, 1.700000000000000178 ) ) ;
#9850 = AXIS2_PLACEMENT_3D ( 'NONE', #8892, #8837, #10376 ) ;
#9851 = VECTOR ( 'NONE', #4553, 1000.000000000000000 ) ;
#9853 = CARTESIAN_POINT ( 'NONE',  ( 2.975818384536701000, 1.800000000000000933, -1.500000000000000000 ) ) ;
#9852 = LINE ( 'NONE', #2353, #9959 ) ;
#9854 = LINE ( 'NONE', #2519, #9462 ) ;
#9855 = VECTOR ( 'NONE', #7904, 1000.000000000000000 ) ;
#9856 = LINE ( 'NONE', #3868, #1234 ) ;
#9857 = VERTEX_POINT ( 'NONE', #6694 ) ;
#9858 = DIRECTION ( 'NONE',  ( 0.000000000000000000, 0.7108982099748833994, 0.7032949132863869357 ) ) ;
#9859 = FACE_OUTER_BOUND ( 'NONE', #6668, .T. ) ;
#9860 = CARTESIAN_POINT ( 'NONE',  ( -2.995566730470000216, 1.572223397181305771, 2.868205383692644883 ) ) ;
#9861 = LINE ( 'NONE', #3167, #9691 ) ;
#9862 = ORIENTED_EDGE ( 'NONE', *, *, #8814, .F. ) ;
#9863 = ORIENTED_EDGE ( 'NONE', *, *, #5321, .F. ) ;
#9864 = CARTESIAN_POINT ( 'NONE',  ( -1.750000000000000222, 0.9791474364207025660, -2.819525418635503655 ) ) ;
#9865 = LINE ( 'NONE', #3232, #7377 ) ;
#9866 = ORIENTED_EDGE ( 'NONE', *, *, #579, .T. ) ;
#9867 =( GEOMETRIC_REPRESENTATION_CONTEXT ( 3 ) GLOBAL_UNCERTAINTY_ASSIGNED_CONTEXT ( ( #7946 ) ) GLOBAL_UNIT_ASSIGNED_CONTEXT ( ( #152, #9801, #983 ) ) REPRESENTATION_CONTEXT ( 'NONE', 'WORKASPACE' ) );
#9868 = DIRECTION ( 'NONE',  ( 0.000000000000000000, 0.000000000000000000, 1.000000000000000000 ) ) ;
#9869 = CARTESIAN_POINT ( 'NONE',  ( 1.850000000000000311, 9.857313811473279230, -2.700000000000001510 ) ) ;
#9870 = CARTESIAN_POINT ( 'NONE',  ( 0.000000000000000000, 0.000000000000000000, 1.700000000000000178 ) ) ;
#9871 = DIRECTION ( 'NONE',  ( -0.000000000000000000, 0.000000000000000000, 1.000000000000000000 ) ) ;
#9872 = DIRECTION ( 'NONE',  ( 0.000000000000000000, 0.1643989873053577078, -0.9863939238321436376 ) ) ;
#9873 = DIRECTION ( 'NONE',  ( 0.000000000000000000, 1.000000000000000000, 0.000000000000000000 ) ) ;
#9874 =( NAMED_UNIT ( * ) PLANE_ANGLE_UNIT ( ) SI_UNIT ( $, .RADIAN. ) );
#9875 = VERTEX_POINT ( 'NONE', #5096 ) ;
#9876 = ORIENTED_EDGE ( 'NONE', *, *, #7926, .T. ) ;
#9877 = FACE_OUTER_BOUND ( 'NONE', #4314, .T. ) ;
#9878 = ORIENTED_EDGE ( 'NONE', *, *, #6591, .F. ) ;
#9879 = LINE ( 'NONE', #2387, #278 ) ;
#9880 = ORIENTED_EDGE ( 'NONE', *, *, #1860, .T. ) ;
#9881 = DIRECTION ( 'NONE',  ( 1.000000000000000000, -0.000000000000000000, 0.000000000000000000 ) ) ;
#9882 =( NAMED_UNIT ( * ) SI_UNIT ( $, .STERADIAN. ) SOLID_ANGLE_UNIT ( ) );
#9883 = ADVANCED_FACE ( 'NONE', ( #8463 ), #6038, .T. ) ;
#9884 = CARTESIAN_POINT ( 'NONE',  ( -3.100000000000000977, 1.800000000000000488, -1.900000000000001243 ) ) ;
#9885 =( GEOMETRIC_REPRESENTATION_CONTEXT ( 3 ) GLOBAL_UNCERTAINTY_ASSIGNED_CONTEXT ( ( #4433 ) ) GLOBAL_UNIT_ASSIGNED_CONTEXT ( ( #7501, #7448, #6564 ) ) REPRESENTATION_CONTEXT ( 'NONE', 'WORKASPACE' ) );
#9886 = ADVANCED_FACE ( 'NONE', ( #10321 ), #1154, .F. ) ;
#9887 = CARTESIAN_POINT ( 'NONE',  ( -1.750000000000001110, 0.9824615816236952348, -2.869415983609708398 ) ) ;
#9888 = PRESENTATION_STYLE_ASSIGNMENT (( #8164 ) ) ;
#9889 = CARTESIAN_POINT ( 'NONE',  ( 1.950000000000000178, 0.2000000000000000111, -1.800000000000000266 ) ) ;
#9890 = EDGE_CURVE ( 'NONE', #8564, #1680, #9521, .T. ) ;
#9891 = CARTESIAN_POINT ( 'NONE',  ( 3.204135107032042296, 1.618360519674104436, 1.500000000000000000 ) ) ;
#9892 = ORIENTED_EDGE ( 'NONE', *, *, #6849, .T. ) ;
#9893 = ORIENTED_EDGE ( 'NONE', *, *, #2928, .F. ) ;
#9894 = CARTESIAN_POINT ( 'NONE',  ( 3.100000000000000977, 1.800000000000000488, 2.799999999999999822 ) ) ;
#9895 = DIRECTION ( 'NONE',  ( 1.000000000000000000, 0.000000000000000000, 0.000000000000000000 ) ) ;
#9896 = ORIENTED_EDGE ( 'NONE', *, *, #6047, .T. ) ;
#9897 = VECTOR ( 'NONE', #7822, 1000.000000000000114 ) ;
#9898 = CARTESIAN_POINT ( 'NONE',  ( -1.868750000000000133, 0.4000000000000000777, -0.9000000000000003553 ) ) ;
#9899 = CARTESIAN_POINT ( 'NONE',  ( 1.725000000000000089, 1.650016564616986425, -2.935913071606941482 ) ) ;
#9900 = ADVANCED_FACE ( 'NONE', ( #312 ), #262, .T. ) ;
#9902 = LINE ( 'NONE', #10605, #6914 ) ;
#9901 = LINE ( 'NONE', #875, #684 ) ;
#9903 = CARTESIAN_POINT ( 'NONE',  ( -2.977164018682780799, 1.476448215374962958, -2.963654613816360417 ) ) ;
#9904 = SURFACE_SIDE_STYLE ('',( #4875 ) ) ;
#9905 = EDGE_CURVE ( 'NONE', #6130, #6141, #10550, .T. ) ;
#9906 = PRESENTATION_LAYER_ASSIGNMENT (  '', '', ( #640 ) ) ;
#9907 = CARTESIAN_POINT ( 'NONE',  ( -3.204135107032042296, 1.618360519674102882, 1.499999999999999112 ) ) ;
#9908 = VERTEX_POINT ( 'NONE', #7899 ) ;
#9909 = AXIS2_PLACEMENT_3D ( 'NONE', #10294, #5235, #7824 ) ;
#9910 = CARTESIAN_POINT ( 'NONE',  ( -0.3921082124562084159, 0.05000000000000001665, 1.921457191139523513 ) ) ;
#9911 = DIRECTION ( 'NONE',  ( -1.000000000000000000, 0.000000000000000000, -0.000000000000000000 ) ) ;
#9912 = EDGE_LOOP ( 'NONE', ( #4312, #1906, #5942, #7503 ) ) ;
#9913 = ORIENTED_EDGE ( 'NONE', *, *, #1395, .F. ) ;
#9914 = FILL_AREA_STYLE_COLOUR ( '', #5232 ) ;
#9915 = PRODUCT_DEFINITION_SHAPE ( 'NONE', 'NONE',  #2187 ) ;
#9916 = B_SPLINE_CURVE_WITH_KNOTS ( 'NONE', 3,
 ( #7641, #6811, #5886, #4936 ),
 .UNSPECIFIED., .F., .F.,
 ( 4, 4 ),
 ( 0.000000000000000000, 1.000000000000000000 ),
 .UNSPECIFIED. ) ;
#9917 = LINE ( 'NONE', #10673, #1984 ) ;
#9918 = EDGE_LOOP ( 'NONE', ( #92, #1722, #6618, #10804 ) ) ;
#9919 = MANIFOLD_SOLID_BREP ( 'ŒﬁΩ - âüÇµèoÇµ1[1]', #4716 ) ;
#9920 = EDGE_CURVE ( 'NONE', #8254, #3349, #10641, .T. ) ;
#9921 = FACE_BOUND ( 'NONE', #3452, .T. ) ;
#9922 = CARTESIAN_POINT ( 'NONE',  ( 1.822042636654148229, 0.9899999999999997691, 2.700000000000000178 ) ) ;
#9923 = DIRECTION ( 'NONE',  ( 0.000000000000000000, 0.000000000000000000, -1.000000000000000000 ) ) ;
#9924 = CYLINDRICAL_SURFACE ( 'NONE', #6853, 0.2000000000000000944 ) ;
#9925 = FACE_OUTER_BOUND ( 'NONE', #8565, .T. ) ;
#9926 = LINE ( 'NONE', #4136, #2860 ) ;
#9927 = LINE ( 'NONE', #5732, #3822 ) ;
#9928 = ORIENTED_EDGE ( 'NONE', *, *, #3960, .F. ) ;
#9929 = ORIENTED_EDGE ( 'NONE', *, *, #1320, .F. ) ;
#9930 = UNCERTAINTY_MEASURE_WITH_UNIT (LENGTH_MEASURE( 1.000000000000000082E-05 ), #10733, 'distance_accuracy_value', 'NONE');
#9931 = ORIENTED_EDGE ( 'NONE', *, *, #3978, .F. ) ;
#9932 = SURFACE_SIDE_STYLE ('',( #6671 ) ) ;
#9933 = ORIENTED_EDGE ( 'NONE', *, *, #1914, .F. ) ;
#9934 = DIRECTION ( 'NONE',  ( 0.000000000000000000, -1.000000000000000000, 0.000000000000000000 ) ) ;
#9935 = ORIENTED_EDGE ( 'NONE', *, *, #5335, .F. ) ;
#9936 = DIRECTION ( 'NONE',  ( -2.990902544787597113E-16, -0.000000000000000000, -1.000000000000000000 ) ) ;
#9937 = DIRECTION ( 'NONE',  ( 0.000000000000000000, 0.000000000000000000, 1.000000000000000000 ) ) ;
#9938 = DIRECTION ( 'NONE',  ( 0.000000000000000000, 1.000000000000000000, 0.000000000000000000 ) ) ;
#9939 = DIRECTION ( 'NONE',  ( 0.000000000000000000, 0.000000000000000000, -1.000000000000000000 ) ) ;
#9940 = CARTESIAN_POINT ( 'NONE',  ( 1.672248268018806661, 1.800000000000000266, -0.9066147603747638506 ) ) ;
#9941 = DIRECTION ( 'NONE',  ( 0.000000000000000000, 0.01862865526313777637, -0.9998264715454813212 ) ) ;
#9942 = LINE ( 'NONE', #6574, #6810 ) ;
#9943 = ORIENTED_EDGE ( 'NONE', *, *, #188, .F. ) ;
#9944 = VERTEX_POINT ( 'NONE', #9670 ) ;
#9945 = CARTESIAN_POINT ( 'NONE',  ( -3.572487334777332554E-16, 3.099999999999999645, 1.458578643762690419 ) ) ;
#9946 = EDGE_LOOP ( 'NONE', ( #7353, #751, #2210, #4969, #2491, #5962 ) ) ;
#9947 = EDGE_CURVE ( 'NONE', #10732, #5312, #8113, .T. ) ;
#9948 = EDGE_CURVE ( 'NONE', #2268, #4468, #7344, .T. ) ;
#9949 = ADVANCED_FACE ( 'NONE', ( #4852 ), #8901, .F. ) ;
#9950 =( NAMED_UNIT ( * ) PLANE_ANGLE_UNIT ( ) SI_UNIT ( $, .RADIAN. ) );
#9951 = DIRECTION ( 'NONE',  ( 0.9856151131419452760, -0.1690054695747755520, 0.000000000000000000 ) ) ;
#9952 = DIRECTION ( 'NONE',  ( 0.000000000000000000, -0.9974881498328390661, 0.07083354391148080631 ) ) ;
#9953 = EDGE_CURVE ( 'NONE', #10689, #3170, #3848, .T. ) ;
#9955 = DIRECTION ( 'NONE',  ( 0.000000000000000000, -1.000000000000000000, 2.670717223410072953E-17 ) ) ;
#9954 = DIRECTION ( 'NONE',  ( 0.000000000000000000, 0.000000000000000000, 1.000000000000000000 ) ) ;
#9956 = SURFACE_STYLE_USAGE ( .BOTH. , #4989 ) ;
#9957 = CARTESIAN_POINT ( 'NONE',  ( 3.102876977371611833, 0.7999634446562068346, 1.749999999999999778 ) ) ;
#9958 = DIRECTION ( 'NONE',  ( 1.000000000000000000, 0.000000000000000000, -8.673617379883937653E-15 ) ) ;
#9959 = VECTOR ( 'NONE', #1530, 1000.000000000000000 ) ;
#9960 = EDGE_CURVE ( 'NONE', #7879, #3260, #6098, .T. ) ;
#9961 = ORIENTED_EDGE ( 'NONE', *, *, #4164, .T. ) ;
#9962 = ADVANCED_FACE ( 'NONE', ( #8057 ), #10591, .T. ) ;
#9963 = COLOUR_RGB ( '',0.6470588235294117974, 0.6196078431372549211, 0.5882352941176470784 ) ;
#9964 =( LENGTH_UNIT ( ) NAMED_UNIT ( * ) SI_UNIT ( .MILLI., .METRE. ) );
#9965 = PRESENTATION_LAYER_ASSIGNMENT (  '', '', ( #8372 ) ) ;
#9966 = ORIENTED_EDGE ( 'NONE', *, *, #7658, .F. ) ;
#9967 = ORIENTED_EDGE ( 'NONE', *, *, #2335, .F. ) ;
#9968 =( NAMED_UNIT ( * ) PLANE_ANGLE_UNIT ( ) SI_UNIT ( $, .RADIAN. ) );
#9969 = VECTOR ( 'NONE', #4173, 1000.000000000000000 ) ;
#9970 = ORIENTED_EDGE ( 'NONE', *, *, #2611, .F. ) ;
#9971 = COLOUR_RGB ( '',0.6470588235294117974, 0.6196078431372549211, 0.5882352941176470784 ) ;
#9972 = DIRECTION ( 'NONE',  ( 0.000000000000000000, -0.000000000000000000, -1.000000000000000000 ) ) ;
#9973 = VECTOR ( 'NONE', #7028, 1000.000000000000114 ) ;
#9974 = PLANE ( 'NONE',  #1169 ) ;
#9975 = CARTESIAN_POINT ( 'NONE',  ( -1.849999999999999201, 1.650000000000000355, 2.700000000000000178 ) ) ;
#9976 = CARTESIAN_POINT ( 'NONE',  ( 0.2485372562949192121, 0.2400000000000000466, 1.731644727444923371 ) ) ;
#9977 = DIRECTION ( 'NONE',  ( 1.000000000000000000, 0.000000000000000000, 0.000000000000000000 ) ) ;
#9978 = LINE ( 'NONE', #5795, #595 ) ;
#9979 = CARTESIAN_POINT ( 'NONE',  ( -0.4499999999999999001, 0.05000000000000000278, 0.9999999999999993339 ) ) ;
#9980 = EDGE_LOOP ( 'NONE', ( #8168, #110, #6034, #1757 ) ) ;
#9981 = VERTEX_POINT ( 'NONE', #4057 ) ;
#9982 = EDGE_LOOP ( 'NONE', ( #370, #1979, #5238, #8379, #8172, #5342 ) ) ;
#9983 = VECTOR ( 'NONE', #3557, 1000.000000000000227 ) ;
#9984 = ORIENTED_EDGE ( 'NONE', *, *, #52, .T. ) ;
#9985 = CARTESIAN_POINT ( 'NONE',  ( -3.300000000000000266, 0.7661623507412511636, -2.400000000000000799 ) ) ;
#9986 = ORIENTED_EDGE ( 'NONE', *, *, #9298, .F. ) ;
#9987 = SURFACE_STYLE_FILL_AREA ( #4148 ) ;
#9988 = SURFACE_STYLE_FILL_AREA ( #1725 ) ;
#9989 = DIRECTION ( 'NONE',  ( 0.000000000000000000, 0.8479983040050885768, 0.5299989400031790421 ) ) ;
#9990 = PRESENTATION_LAYER_ASSIGNMENT (  '', '', ( #4181 ) ) ;
#9991 = CARTESIAN_POINT ( 'NONE',  ( 2.983308966103936033, 1.481886566132081251, -2.958112390133376568 ) ) ;
#9992 = ADVANCED_FACE ( 'NONE', ( #5744 ), #8004, .T. ) ;
#9993 = EDGE_LOOP ( 'NONE', ( #4362, #1135, #9334, #5366 ) ) ;
#9994 = ORIENTED_EDGE ( 'NONE', *, *, #2328, .F. ) ;
#9995 = DIRECTION ( 'NONE',  ( -1.000000000000000000, 0.000000000000000000, 8.673617379884087537E-15 ) ) ;
#9996 = CARTESIAN_POINT ( 'NONE',  ( 1.836970198721030181E-16, 3.000000000000000000, -1.500000000000000222 ) ) ;
#9997 = ORIENTED_EDGE ( 'NONE', *, *, #2944, .F. ) ;
#9998 = VECTOR ( 'NONE', #8794, 1000.000000000000000 ) ;
#9999 = AXIS2_PLACEMENT_3D ( 'NONE', #4596, #3038, #8733 ) ;
#10001 = DIRECTION ( 'NONE',  ( 0.000000000000000000, -2.670717223410072953E-17, -1.000000000000000000 ) ) ;
#10000 = DIRECTION ( 'NONE',  ( 0.000000000000000000, 0.000000000000000000, 1.000000000000000000 ) ) ;
#10002 = CARTESIAN_POINT ( 'NONE',  ( -2.973901564647890350, 1.472611756432254948, -2.967414793495051217 ) ) ;
#10003 = EDGE_CURVE ( 'NONE', #3803, #1519, #3627, .T. ) ;
#10004 = AXIS2_PLACEMENT_3D ( 'NONE', #685, #6573, #1728 ) ;
#10005 = CARTESIAN_POINT ( 'NONE',  ( -3.100000000000000977, 1.649999999999999911, -2.500000000000000000 ) ) ;
#10006 = ADVANCED_FACE ( 'NONE', ( #7622 ), #5138, .F. ) ;
#10007 = DIRECTION ( 'NONE',  ( 2.990902544787597113E-16, -0.000000000000000000, 1.000000000000000000 ) ) ;
#10008 = ORIENTED_EDGE ( 'NONE', *, *, #10012, .F. ) ;
#10009 = VECTOR ( 'NONE', #5256, 1000.000000000000000 ) ;
#10010 = CARTESIAN_POINT ( 'NONE',  ( 5.510910596163088939E-17, 0.05000000000000000278, 2.149999999999999911 ) ) ;
#10011 = CARTESIAN_POINT ( 'NONE',  ( 3.000000000000000444, 1.539999999999998703, -2.899999999999999911 ) ) ;
#10012 = EDGE_CURVE ( 'NONE', #9570, #1184, #10147, .T. ) ;
#10013 = EDGE_CURVE ( 'NONE', #7412, #5295, #8337, .T. ) ;
#10014 = EDGE_CURVE ( 'NONE', #6503, #9648, #4149, .T. ) ;
#10015 = DIRECTION ( 'NONE',  ( 0.000000000000000000, 0.000000000000000000, 1.000000000000000000 ) ) ;
#10016 = STYLED_ITEM ( 'NONE', ( #10044 ), #7706 ) ;
#10017 = EDGE_CURVE ( 'NONE', #10598, #10743, #10039, .T. ) ;
#10018 = CARTESIAN_POINT ( 'NONE',  ( 1.725000000000000089, 0.5499999999999987121, 2.850000000000000089 ) ) ;
#10019 = ORIENTED_EDGE ( 'NONE', *, *, #5166, .T. ) ;
#10020 = ORIENTED_EDGE ( 'NONE', *, *, #10810, .F. ) ;
#10021 = ORIENTED_EDGE ( 'NONE', *, *, #6048, .T. ) ;
#10022 = VECTOR ( 'NONE', #3801, 1000.000000000000000 ) ;
#10023 = COLOUR_RGB ( '',0.6470588235294117974, 0.6196078431372549211, 0.5882352941176470784 ) ;
#10024 = DIRECTION ( 'NONE',  ( 0.9861240419316825712, 0.01175908810768451669, -0.1655931694581544433 ) ) ;
#10025 = CARTESIAN_POINT ( 'NONE',  ( 2.500000000000000000, 0.05000000000000000278, 0.8999999999999999112 ) ) ;
#10026 = SURFACE_STYLE_USAGE ( .BOTH. , #6662 ) ;
#10027 = CARTESIAN_POINT ( 'NONE',  ( 2.900000000000001243, 1.639999999999999902, -2.799999999999997602 ) ) ;
#10028 = ADVANCED_FACE ( 'NONE', ( #8388 ), #10093, .T. ) ;
#10029 = CARTESIAN_POINT ( 'NONE',  ( 5.000000000000000888, 0.000000000000000000, 2.700000000000000178 ) ) ;
#10030 = VERTEX_POINT ( 'NONE', #2707 ) ;
#10031 = ORIENTED_EDGE ( 'NONE', *, *, #6930, .T. ) ;
#10032 = COLOUR_RGB ( '',0.6470588235294117974, 0.6196078431372549211, 0.5882352941176470784 ) ;
#10033 = UNCERTAINTY_MEASURE_WITH_UNIT (LENGTH_MEASURE( 1.000000000000000082E-05 ), #7534, 'distance_accuracy_value', 'NONE');
#10034 = VERTEX_POINT ( 'NONE', #6786 ) ;
#10035 = PRESENTATION_STYLE_ASSIGNMENT (( #9279 ) ) ;
#10036 = ORIENTED_EDGE ( 'NONE', *, *, #9577, .F. ) ;
#10037 = FACE_OUTER_BOUND ( 'NONE', #3846, .T. ) ;
#10038 = ORIENTED_EDGE ( 'NONE', *, *, #8800, .F. ) ;
#10039 = LINE ( 'NONE', #7672, #704 ) ;
#10040 = SURFACE_STYLE_USAGE ( .BOTH. , #4853 ) ;
#10041 =( LENGTH_UNIT ( ) NAMED_UNIT ( * ) SI_UNIT ( .MILLI., .METRE. ) );
#10042 = CARTESIAN_POINT ( 'NONE',  ( 3.000000000000000444, 1.539999999999998703, -2.899999999999999911 ) ) ;
#10043 = AXIS2_PLACEMENT_3D ( 'NONE', #6303, #9669, #3847 ) ;
#10044 = PRESENTATION_STYLE_ASSIGNMENT (( #701 ) ) ;
#10045 = ORIENTED_EDGE ( 'NONE', *, *, #2419, .T. ) ;
#10046 = ORIENTED_EDGE ( 'NONE', *, *, #2479, .F. ) ;
#10047 = ORIENTED_EDGE ( 'NONE', *, *, #6432, .T. ) ;
#10048 = LINE ( 'NONE', #4925, #8383 ) ;
#10049 = CARTESIAN_POINT ( 'NONE',  ( -3.000000000000000000, 3.000000000000000000, -1.500000000000000666 ) ) ;
#10050 = VERTEX_POINT ( 'NONE', #9180 ) ;
#10051 = VECTOR ( 'NONE', #8159, 1000.000000000000000 ) ;
#10052 = ADVANCED_FACE ( 'NONE', ( #2653 ), #856, .T. ) ;
#10053 = SURFACE_STYLE_USAGE ( .BOTH. , #3422 ) ;
#10054 = CARTESIAN_POINT ( 'NONE',  ( 3.000000000000000888, 1.539999999999999591, -2.700000000000001066 ) ) ;
#10055 = CARTESIAN_POINT ( 'NONE',  ( 0.000000000000000000, 0.2000000000000000111, -2.400000000000001243 ) ) ;
#10057 = CARTESIAN_POINT ( 'NONE',  ( -0.2500000000000000000, 0.4000000000000000222, -0.9000000000000004663 ) ) ;
#10056 = FACE_OUTER_BOUND ( 'NONE', #4796, .T. ) ;
#10058 = CARTESIAN_POINT ( 'NONE',  ( 1.750000000000000666, 0.000000000000000000, 2.799999999999999822 ) ) ;
#10059 = CARTESIAN_POINT ( 'NONE',  ( 1.749972624337438054, 0.9897492686847881860, 2.968821944913498267 ) ) ;
#10060 = VECTOR ( 'NONE', #8071, 1000.000000000000000 ) ;
#10061 = DIRECTION ( 'NONE',  ( -1.000000000000000000, -0.000000000000000000, 1.131341397376177734E-15 ) ) ;
#10062 = B_SPLINE_CURVE_WITH_KNOTS ( 'NONE', 3,
 ( #8086, #445, #2244, #5547, #5497, #8924 ),
 .UNSPECIFIED., .F., .F.,
 ( 4, 2, 4 ),
 ( 0.000000000000000000, 0.5000000000000000000, 1.000000000000000000 ),
 .UNSPECIFIED. ) ;
#10063 = ORIENTED_EDGE ( 'NONE', *, *, #9024, .F. ) ;
#10064 = CARTESIAN_POINT ( 'NONE',  ( 3.300000000000000266, 0.7661623507412514966, -4.500000000000001776 ) ) ;
#10065 = SURFACE_STYLE_FILL_AREA ( #7314 ) ;
#10066 = MECHANICAL_DESIGN_GEOMETRIC_PRESENTATION_REPRESENTATION (  '', ( #4786 ), #6368 ) ;
#10067 = FACE_OUTER_BOUND ( 'NONE', #8475, .T. ) ;
#10068 = FACE_OUTER_BOUND ( 'NONE', #7648, .T. ) ;
#10069 = EDGE_LOOP ( 'NONE', ( #5981, #678, #9967, #1647, #8287, #19 ) ) ;
#10070 = CARTESIAN_POINT ( 'NONE',  ( -1.849999999999999645, 0.9899999999999999911, -2.700000000000001066 ) ) ;
#10071 = PRESENTATION_LAYER_ASSIGNMENT (  '', '', ( #1695 ) ) ;
#10072 = ORIENTED_EDGE ( 'NONE', *, *, #9370, .F. ) ;
#10073 = EDGE_CURVE ( 'NONE', #1083, #2206, #6075, .T. ) ;
#10074 = ADVANCED_FACE ( 'NONE', ( #6134 ), #5188, .F. ) ;
#10075 = LINE ( 'NONE', #2579, #4949 ) ;
#10076 = ADVANCED_FACE ( 'NONE', ( #8559 ), #5346, .F. ) ;
#10077 = CARTESIAN_POINT ( 'NONE',  ( 1.760106233148095445, 0.9981359227448178828, 2.748815536468908860 ) ) ;
#10078 = DIRECTION ( 'NONE',  ( 0.000000000000000000, -0.000000000000000000, 1.000000000000000000 ) ) ;
#10079 = CARTESIAN_POINT ( 'NONE',  ( -1.733283001604466689, 1.119999999999999885, 2.959900934651531479 ) ) ;
#10080 = CYLINDRICAL_SURFACE ( 'NONE', #5683, 0.1000000000000006994 ) ;
#10081 = EDGE_CURVE ( 'NONE', #5228, #2743, #1070, .T. ) ;
#10082 = DIRECTION ( 'NONE',  ( -0.000000000000000000, 0.000000000000000000, 1.000000000000000000 ) ) ;
#10083 = DIRECTION ( 'NONE',  ( -0.000000000000000000, -0.000000000000000000, -1.000000000000000000 ) ) ;
#10084 = ORIENTED_EDGE ( 'NONE', *, *, #1829, .T. ) ;
#10085 = ORIENTED_EDGE ( 'NONE', *, *, #9464, .T. ) ;
#10086 = VERTEX_POINT ( 'NONE', #9600 ) ;
#10087 = CARTESIAN_POINT ( 'NONE',  ( 3.250000000000001776, 1.321879589400769328, 0.5999999999999999778 ) ) ;
#10088 = EDGE_LOOP ( 'NONE', ( #8227, #3824, #5572, #10240 ) ) ;
#10089 = FACE_OUTER_BOUND ( 'NONE', #6206, .T. ) ;
#10090 = EDGE_LOOP ( 'NONE', ( #5508, #2423, #801, #4670 ) ) ;
#10091 = EDGE_CURVE ( 'NONE', #10300, #5757, #2876, .T. ) ;
#10092 = SURFACE_STYLE_USAGE ( .BOTH. , #8387 ) ;
#10093 = CYLINDRICAL_SURFACE ( 'NONE', #3325, 0.1000000000000001721 ) ;
#10094 =( LENGTH_UNIT ( ) NAMED_UNIT ( * ) SI_UNIT ( .MILLI., .METRE. ) );
#10095 = PLANE ( 'NONE',  #1272 ) ;
#10096 = CARTESIAN_POINT ( 'NONE',  ( -1.749999999999999778, 0.9536496124483970771, 2.799999999999999822 ) ) ;
#10097 = ORIENTED_EDGE ( 'NONE', *, *, #6180, .F. ) ;
#10098 = ORIENTED_EDGE ( 'NONE', *, *, #4367, .F. ) ;
#10099 = ORIENTED_EDGE ( 'NONE', *, *, #10484, .T. ) ;
#10100 = PLANE ( 'NONE',  #1759 ) ;
#10101 = ORIENTED_EDGE ( 'NONE', *, *, #5984, .F. ) ;
#10102 =( NAMED_UNIT ( * ) PLANE_ANGLE_UNIT ( ) SI_UNIT ( $, .RADIAN. ) );
#10103 = CARTESIAN_POINT ( 'NONE',  ( 1.725000000000000089, 1.109374968413276985, 2.810277712176606713 ) ) ;
#10104 = SURFACE_SIDE_STYLE ('',( #10716 ) ) ;
#10105 = CARTESIAN_POINT ( 'NONE',  ( -2.999999999999999112, -2.710505431213761085E-17, 1.600000000000000089 ) ) ;
#10107 = LINE ( 'NONE', #4228, #3611 ) ;
#10106 = LINE ( 'NONE', #267, #9605 ) ;
#10108 = CARTESIAN_POINT ( 'NONE',  ( -3.047323801004682586, 1.790392896183011118, 1.499999999999999112 ) ) ;
#10109 = DIRECTION ( 'NONE',  ( 0.000000000000000000, 0.9974881498328390661, 0.07083354391147921036 ) ) ;
#10110 = EDGE_CURVE ( 'NONE', #6743, #9135, #9450, .T. ) ;
#10111 = DIRECTION ( 'NONE',  ( -0.000000000000000000, 0.5299989400031787090, 0.8479983040050887988 ) ) ;
#10112 = VERTEX_POINT ( 'NONE', #1136 ) ;
#10113 = PLANE ( 'NONE',  #1957 ) ;
#10114 = SURFACE_STYLE_USAGE ( .BOTH. , #2626 ) ;
#10115 = CARTESIAN_POINT ( 'NONE',  ( 3.000000000000000888, 9.857313811473279230, 2.699999999999999734 ) ) ;
#10116 = DIRECTION ( 'NONE',  ( -1.000000000000000000, -7.477256361968997712E-17, 7.477256361968997712E-17 ) ) ;
#10117 = VECTOR ( 'NONE', #5476, 1000.000000000000000 ) ;
#10118 = LINE ( 'NONE', #1002, #175 ) ;
#10119 = EDGE_CURVE ( 'NONE', #9241, #2943, #4424, .T. ) ;
#10120 = ORIENTED_EDGE ( 'NONE', *, *, #2504, .T. ) ;
#10121 = FACE_OUTER_BOUND ( 'NONE', #905, .T. ) ;
#10122 = VECTOR ( 'NONE', #2490, 1000.000000000000000 ) ;
#10123 = VERTEX_POINT ( 'NONE', #10422 ) ;
#10124 = DIRECTION ( 'NONE',  ( -0.000000000000000000, 0.000000000000000000, -1.000000000000000000 ) ) ;
#10125 = CARTESIAN_POINT ( 'NONE',  ( -0.1207150186125972163, 1.649999999999999689, -1.899999999999999911 ) ) ;
#10126 =( NAMED_UNIT ( * ) PLANE_ANGLE_UNIT ( ) SI_UNIT ( $, .RADIAN. ) );
#10127 = AXIS2_PLACEMENT_3D ( 'NONE', #3389, #64, #9377 ) ;
#10128 = CARTESIAN_POINT ( 'NONE',  ( 3.000000000000001332, 1.800000000000000488, 2.799999999999999822 ) ) ;
#10129 = LINE ( 'NONE', #2641, #2342 ) ;
#10130 = DIRECTION ( 'NONE',  ( 0.000000000000000000, 0.000000000000000000, 1.000000000000000000 ) ) ;
#10131 = VERTEX_POINT ( 'NONE', #7784 ) ;
#10132 = ORIENTED_EDGE ( 'NONE', *, *, #1267, .T. ) ;
#10133 = EDGE_CURVE ( 'NONE', #8969, #5853, #1276, .T. ) ;
#10134 =( GEOMETRIC_REPRESENTATION_CONTEXT ( 3 ) GLOBAL_UNCERTAINTY_ASSIGNED_CONTEXT ( ( #1193 ) ) GLOBAL_UNIT_ASSIGNED_CONTEXT ( ( #5826, #8241, #7303 ) ) REPRESENTATION_CONTEXT ( 'NONE', 'WORKASPACE' ) );
#10135 = UNCERTAINTY_MEASURE_WITH_UNIT (LENGTH_MEASURE( 1.000000000000000082E-05 ), #3932, 'distance_accuracy_value', 'NONE');
#10136 = ORIENTED_EDGE ( 'NONE', *, *, #3510, .T. ) ;
#10137 = EDGE_CURVE ( 'NONE', #9191, #5836, #3680, .T. ) ;
#10138 = LINE ( 'NONE', #5184, #2332 ) ;
#10139 = ORIENTED_EDGE ( 'NONE', *, *, #8166, .F. ) ;
#10140 = VECTOR ( 'NONE', #1833, 1000.000000000000000 ) ;
#10141 = VECTOR ( 'NONE', #9255, 1000.000000000000000 ) ;
#10142 = DIRECTION ( 'NONE',  ( 0.000000000000000000, 1.000000000000000000, 0.000000000000000000 ) ) ;
#10143 = ORIENTED_EDGE ( 'NONE', *, *, #9214, .F. ) ;
#10144 = B_SPLINE_CURVE_WITH_KNOTS ( 'NONE', 3,
 ( #9125, #9837, #682, #9777 ),
 .UNSPECIFIED., .F., .F.,
 ( 4, 4 ),
 ( 0.000000000000000000, 1.000000000000000000 ),
 .UNSPECIFIED. ) ;
#10145 = VECTOR ( 'NONE', #6338, 1000.000000000000114 ) ;
#10146 = CARTESIAN_POINT ( 'NONE',  ( 1.949999999999999956, 0.2000000000000000111, 2.400000000000001243 ) ) ;
#10147 = LINE ( 'NONE', #4208, #1244 ) ;
#10148 =( NAMED_UNIT ( * ) SI_UNIT ( $, .STERADIAN. ) SOLID_ANGLE_UNIT ( ) );
#10149 = SHAPE_REPRESENTATION_RELATIONSHIP ( 'NONE' , 'NONE' ,  #4983, #6086 ) ;
#10150 = FILL_AREA_STYLE ('',( #6904 ) ) ;
#10151 = CARTESIAN_POINT ( 'NONE',  ( 1.750000000000000222, 0.000000000000000000, -2.799999999999999822 ) ) ;
#10152 = EDGE_CURVE ( 'NONE', #2368, #5757, #247, .T. ) ;
#10153 = EDGE_CURVE ( 'NONE', #6791, #547, #7938, .T. ) ;
#10154 = VECTOR ( 'NONE', #1049, 1000.000000000000000 ) ;
#10155 = ADVANCED_FACE ( 'NONE', ( #3629 ), #5298, .T. ) ;
#10156 = ORIENTED_EDGE ( 'NONE', *, *, #7942, .T. ) ;
#10157 = ORIENTED_EDGE ( 'NONE', *, *, #10434, .F. ) ;
#10158 = ORIENTED_EDGE ( 'NONE', *, *, #8404, .F. ) ;
#10159 = DIRECTION ( 'NONE',  ( 0.8682431421244592995, 0.4961389383568338141, -0.000000000000000000 ) ) ;
#10160 = CARTESIAN_POINT ( 'NONE',  ( 3.100000000000000977, 1.800000000000000488, 1.899999999999999911 ) ) ;
#10161 = ORIENTED_EDGE ( 'NONE', *, *, #7989, .T. ) ;
#10162 = ADVANCED_BREP_SHAPE_REPRESENTATION ( '', ( #9836, #4552 ), #6825 ) ;
#10163 = CARTESIAN_POINT ( 'NONE',  ( 5.510910596163090172E-17, 0.000000000000000000, 2.149999999999999911 ) ) ;
#10164 = STYLED_ITEM ( 'NONE', ( #1591 ), #9437 ) ;
#10165 = VECTOR ( 'NONE', #3341, 1000.000000000000000 ) ;
#10166 = LINE ( 'NONE', #42, #3668 ) ;
#10167 = ORIENTED_EDGE ( 'NONE', *, *, #6580, .T. ) ;
#10168 = DIRECTION ( 'NONE',  ( -1.000000000000000000, -0.000000000000000000, -0.000000000000000000 ) ) ;
#10170 = FACE_OUTER_BOUND ( 'NONE', #3529, .T. ) ;
#10169 = CARTESIAN_POINT ( 'NONE',  ( -2.999999999999999112, 0.000000000000000000, 2.799999999999999822 ) ) ;
#10171 = FILL_AREA_STYLE ('',( #1854 ) ) ;
#10172 = CARTESIAN_POINT ( 'NONE',  ( -3.191055894963187090, 1.664369324725876176, 1.499999999999998668 ) ) ;
#10173 = EDGE_CURVE ( 'NONE', #4082, #717, #10307, .T. ) ;
#10174 = VECTOR ( 'NONE', #363, 1000.000000000000000 ) ;
#10175 = CARTESIAN_POINT ( 'NONE',  ( 1.749975804872960117, 0.9897519640084035952, -2.968859900848145106 ) ) ;
#10176 = ORIENTED_EDGE ( 'NONE', *, *, #4882, .T. ) ;
#10177 = AXIS2_PLACEMENT_3D ( 'NONE', #408, #2818, #2056 ) ;
#10178 = PLANE ( 'NONE',  #3483 ) ;
#10179 = CARTESIAN_POINT ( 'NONE',  ( 2.900000000000001243, 1.639999999999999680, 2.799999999999998490 ) ) ;
#10180 = LINE ( 'NONE', #4242, #4507 ) ;
#10181 = VECTOR ( 'NONE', #4737, 1000.000000000000114 ) ;
#10182 = ORIENTED_EDGE ( 'NONE', *, *, #4295, .F. ) ;
#10183 = DIRECTION ( 'NONE',  ( -0.000000000000000000, -1.000000000000000000, -0.000000000000000000 ) ) ;
#10184 = EDGE_LOOP ( 'NONE', ( #1663, #9011, #3934, #6165 ) ) ;
#10185 = MANIFOLD_SOLID_BREP ( 'ŒﬁΩ - âüÇµèoÇµ1[4]', #9138 ) ;
#10186 = CARTESIAN_POINT ( 'NONE',  ( 1.725000000000000089, 1.117205701710529020, -2.809926963919710641 ) ) ;
#10187 = CARTESIAN_POINT ( 'NONE',  ( -2.949262050385491829, 1.452814078323086955, 2.987283847718197549 ) ) ;
#10188 = AXIS2_PLACEMENT_3D ( 'NONE', #2929, #10527, #3686 ) ;
#10189 = DIRECTION ( 'NONE',  ( 1.734723475976810250E-14, 0.000000000000000000, -1.000000000000000000 ) ) ;
#10190 = VECTOR ( 'NONE', #1284, 1000.000000000000000 ) ;
#10191 = FACE_OUTER_BOUND ( 'NONE', #6886, .T. ) ;
#10192 = CARTESIAN_POINT ( 'NONE',  ( 3.100000000000000089, 1.649999999999999911, 2.799999999999999822 ) ) ;
#10193 = DIRECTION ( 'NONE',  ( -0.000000000000000000, 0.1643989873053577078, 0.9863939238321436376 ) ) ;
#10194 = ORIENTED_EDGE ( 'NONE', *, *, #9760, .T. ) ;
#10195 = VERTEX_POINT ( 'NONE', #8939 ) ;
#10196 = ORIENTED_EDGE ( 'NONE', *, *, #8627, .F. ) ;
#10197 = VECTOR ( 'NONE', #9416, 1000.000000000000000 ) ;
#10198 = PLANE ( 'NONE',  #4043 ) ;
#10199 = ORIENTED_EDGE ( 'NONE', *, *, #880, .F. ) ;
#10200 = ORIENTED_EDGE ( 'NONE', *, *, #5819, .T. ) ;
#10201 = CARTESIAN_POINT ( 'NONE',  ( 1.725000000000000089, 1.800000000000000488, 2.799999999999999822 ) ) ;
#10202 =( LENGTH_UNIT ( ) NAMED_UNIT ( * ) SI_UNIT ( .MILLI., .METRE. ) );
#10203 = FACE_OUTER_BOUND ( 'NONE', #7052, .T. ) ;
#10204 = DIRECTION ( 'NONE',  ( -1.000000000000000000, 0.000000000000000000, -0.000000000000000000 ) ) ;
#10205 = CARTESIAN_POINT ( 'NONE',  ( 2.399999999999999911, 0.4500000000000001776, -0.5999999999999998668 ) ) ;
#10206 = STYLED_ITEM ( 'NONE', ( #2791 ), #7597 ) ;
#10207 = VERTEX_POINT ( 'NONE', #1887 ) ;
#10208 = EDGE_LOOP ( 'NONE', ( #8583, #8334, #10572, #6600 ) ) ;
#10209 = EDGE_LOOP ( 'NONE', ( #6535, #3976, #9500, #3949, #1891 ) ) ;
#10210 = CARTESIAN_POINT ( 'NONE',  ( 3.100000000000000977, 1.800000000000000488, -2.500000000000000444 ) ) ;
#10211 = EDGE_LOOP ( 'NONE', ( #1542, #94, #5922, #5903 ) ) ;
#10212 = CARTESIAN_POINT ( 'NONE',  ( -1.849999999999999423, 0.3999999999999999112, -2.800000000000001155 ) ) ;
#10213 = EDGE_CURVE ( 'NONE', #5958, #7828, #1030, .T. ) ;
#10214 = EDGE_CURVE ( 'NONE', #1172, #3346, #7276, .T. ) ;
#10215 = SURFACE_SIDE_STYLE ('',( #2067 ) ) ;
#10216 = VERTEX_POINT ( 'NONE', #5624 ) ;
#10217 =( GEOMETRIC_REPRESENTATION_CONTEXT ( 3 ) GLOBAL_UNCERTAINTY_ASSIGNED_CONTEXT ( ( #2822 ) ) GLOBAL_UNIT_ASSIGNED_CONTEXT ( ( #6510, #3090, #2983 ) ) REPRESENTATION_CONTEXT ( 'NONE', 'WORKASPACE' ) );
#10218 = ADVANCED_FACE ( 'NONE', ( #3181 ), #9002, .T. ) ;
#10219 = PLANE ( 'NONE',  #1433 ) ;
#10221 = DIRECTION ( 'NONE',  ( 0.000000000000000000, -1.000000000000000000, 3.097720492815727166E-16 ) ) ;
#10220 = CARTESIAN_POINT ( 'NONE',  ( 2.900000000000001243, 1.439999999999999503, 2.999999999999999112 ) ) ;
#10222 =( NAMED_UNIT ( * ) SI_UNIT ( $, .STERADIAN. ) SOLID_ANGLE_UNIT ( ) );
#10223 = CARTESIAN_POINT ( 'NONE',  ( -3.000000000000000000, 1.023333333333333650, 2.900000000000000799 ) ) ;
#10224 = ORIENTED_EDGE ( 'NONE', *, *, #1326, .T. ) ;
#10225 = CARTESIAN_POINT ( 'NONE',  ( 3.000000000000000888, 1.639999999999999902, -2.500000000000001332 ) ) ;
#10226 = B_SPLINE_CURVE_WITH_KNOTS ( 'NONE', 3,
 ( #4466, #7657, #6171, #176 ),
 .UNSPECIFIED., .F., .F.,
 ( 4, 4 ),
 ( 0.000000000000000000, 1.000000000000000000 ),
 .UNSPECIFIED. ) ;
#10227 =( GEOMETRIC_REPRESENTATION_CONTEXT ( 3 ) GLOBAL_UNCERTAINTY_ASSIGNED_CONTEXT ( ( #8948 ) ) GLOBAL_UNIT_ASSIGNED_CONTEXT ( ( #10720, #5489, #6468 ) ) REPRESENTATION_CONTEXT ( 'NONE', 'WORKASPACE' ) );
#10228 = CARTESIAN_POINT ( 'NONE',  ( 3.204135107032042296, 1.618360519674104436, 1.500000000000000000 ) ) ;
#10229 = ORIENTED_EDGE ( 'NONE', *, *, #10613, .T. ) ;
#10230 = EDGE_CURVE ( 'NONE', #2743, #5228, #8761, .T. ) ;
#10231 = FILL_AREA_STYLE ('',( #9373 ) ) ;
#10232 = CARTESIAN_POINT ( 'NONE',  ( 2.899999999999999467, 1.639999999999999902, -2.799999999999997602 ) ) ;
#10233 = EDGE_CURVE ( 'NONE', #9262, #3986, #5790, .T. ) ;
#10234 = VECTOR ( 'NONE', #8448, 1000.000000000000000 ) ;
#10235 = LINE ( 'NONE', #9152, #8453 ) ;
#10236 = VECTOR ( 'NONE', #565, 1000.000000000000000 ) ;
#10237 = PLANE ( 'NONE',  #6096 ) ;
#10238 = ORIENTED_EDGE ( 'NONE', *, *, #7840, .F. ) ;
#10239 = CARTESIAN_POINT ( 'NONE',  ( 1.836970198721030181E-16, 3.100000000000000533, 1.500000000000000222 ) ) ;
#10240 = ORIENTED_EDGE ( 'NONE', *, *, #9920, .T. ) ;
#10241 = VECTOR ( 'NONE', #9358, 1000.000000000000000 ) ;
#10242 = VECTOR ( 'NONE', #2246, 1000.000000000000000 ) ;
#10243 = CARTESIAN_POINT ( 'NONE',  ( 3.295163886627928473, 0.05523492450537409448, -0.5000000000000009992 ) ) ;
#10244 = CARTESIAN_POINT ( 'NONE',  ( -1.721844117651988970, 1.649999999999999467, -0.8046111561473237028 ) ) ;
#10245 = DIRECTION ( 'NONE',  ( -1.000000000000000000, 0.000000000000000000, -1.734723475976810250E-14 ) ) ;
#10246 = CARTESIAN_POINT ( 'NONE',  ( -1.949999999999999956, 0.000000000000000000, 1.800000000000000266 ) ) ;
#10247 = LINE ( 'NONE', #10029, #3380 ) ;
#10248 = SURFACE_STYLE_USAGE ( .BOTH. , #1765 ) ;
#10249 = ORIENTED_EDGE ( 'NONE', *, *, #1792, .T. ) ;
#10250 = COLOUR_RGB ( '',0.6470588235294117974, 0.6196078431372549211, 0.5882352941176470784 ) ;
#10251 = PRODUCT_DEFINITION_CONTEXT ( 'detailed design', #899, 'design' ) ;
#10252 = ORIENTED_EDGE ( 'NONE', *, *, #3854, .T. ) ;
#10253 = PLANE ( 'NONE',  #2676 ) ;
#10254 = EDGE_LOOP ( 'NONE', ( #6775, #4600, #5689, #6960 ) ) ;
#10255 = EDGE_CURVE ( 'NONE', #3145, #9649, #6104, .T. ) ;
#10256 = B_SPLINE_CURVE_WITH_KNOTS ( 'NONE', 3,
 ( #787, #10682, #7439, #10629 ),
 .UNSPECIFIED., .F., .F.,
 ( 4, 4 ),
 ( 0.000000000000000000, 1.000000000000000000 ),
 .UNSPECIFIED. ) ;
#10257 = ORIENTED_EDGE ( 'NONE', *, *, #9085, .T. ) ;
#10258 = LINE ( 'NONE', #6183, #6923 ) ;
#10259 = FILL_AREA_STYLE ('',( #3575 ) ) ;
#10260 = DIRECTION ( 'NONE',  ( 0.000000000000000000, 0.000000000000000000, 1.000000000000000000 ) ) ;
#10261 = MECHANICAL_DESIGN_GEOMETRIC_PRESENTATION_REPRESENTATION (  '', ( #1678 ), #10607 ) ;
#10262 = DIRECTION ( 'NONE',  ( 0.000000000000000000, 0.000000000000000000, 1.000000000000000000 ) ) ;
#10263 = LINE ( 'NONE', #2710, #5785 ) ;
#10264 = LINE ( 'NONE', #91, #4052 ) ;
#10265 = EDGE_LOOP ( 'NONE', ( #6358, #6732, #5699, #1845 ) ) ;
#10266 = SHAPE_REPRESENTATION ( 'EVQQ2-DHMSW2-03W_4', ( #4552 ), #8233 ) ;
#10267 = UNCERTAINTY_MEASURE_WITH_UNIT (LENGTH_MEASURE( 1.000000000000000082E-05 ), #6579, 'distance_accuracy_value', 'NONE');
#10268 = ORIENTED_EDGE ( 'NONE', *, *, #3660, .T. ) ;
#10269 = EDGE_CURVE ( 'NONE', #1754, #413, #6661, .T. ) ;
#10270 = DIRECTION ( 'NONE',  ( 0.000000000000000000, 1.000000000000000000, -0.000000000000000000 ) ) ;
#10271 = ORIENTED_EDGE ( 'NONE', *, *, #9288, .F. ) ;
#10272 = DIRECTION ( 'NONE',  ( -6.352781728866252403E-16, 0.000000000000000000, -1.000000000000000000 ) ) ;
#10273 = CARTESIAN_POINT ( 'NONE',  ( 2.550000000000002043, 0.000000000000000000, -1.599999999999999423 ) ) ;
#10274 = CARTESIAN_POINT ( 'NONE',  ( -1.772620802046990685, 1.800000000000000488, -0.6841539964435735532 ) ) ;
#10275 = VERTEX_POINT ( 'NONE', #5274 ) ;
#10276 = DIRECTION ( 'NONE',  ( 2.990902544787597113E-16, 0.000000000000000000, 1.000000000000000000 ) ) ;
#10278 = CARTESIAN_POINT ( 'NONE',  ( 1.949999999999999956, 0.000000000000000000, -1.800000000000000266 ) ) ;
#10277 = CARTESIAN_POINT ( 'NONE',  ( -3.000000000000000444, 0.1999999999999992339, -1.600000000000000089 ) ) ;
#10279 = CARTESIAN_POINT ( 'NONE',  ( 3.000000000000000888, 1.639999999999999902, -2.900000000000001243 ) ) ;
#10280 = CARTESIAN_POINT ( 'NONE',  ( -3.204135107032042296, 1.618360519674102882, 1.499999999999999112 ) ) ;
#10281 = ORIENTED_EDGE ( 'NONE', *, *, #138, .T. ) ;
#10282 = ADVANCED_FACE ( 'NONE', ( #7549 ), #8645, .T. ) ;
#10283 = EDGE_CURVE ( 'NONE', #6351, #4566, #10285, .T. ) ;
#10284 = EDGE_CURVE ( 'NONE', #2066, #1773, #8370, .T. ) ;
#10285 = LINE ( 'NONE', #2429, #9483 ) ;
#10286 = CARTESIAN_POINT ( 'NONE',  ( 2.200698611458723697, 0.6547013534078994779, 2.912659003781971734 ) ) ;
#10287 = EDGE_CURVE ( 'NONE', #6347, #3672, #1931, .T. ) ;
#10288 = SURFACE_STYLE_USAGE ( .BOTH. , #1170 ) ;
#10289 = EDGE_CURVE ( 'NONE', #8276, #4327, #4898, .T. ) ;
#10290 = ORIENTED_EDGE ( 'NONE', *, *, #769, .F. ) ;
#10291 = VERTEX_POINT ( 'NONE', #2539 ) ;
#10292 = CARTESIAN_POINT ( 'NONE',  ( -2.899999999999999467, 1.639999999999999902, 3.000000000000000000 ) ) ;
#10293 = CARTESIAN_POINT ( 'NONE',  ( -1.754329820263835105, 1.650000000000000133, -0.7297918222781170083 ) ) ;
#10294 = CARTESIAN_POINT ( 'NONE',  ( 3.000000000000000444, -1.350416637735500913, -1.500000000000000000 ) ) ;
#10295 = CARTESIAN_POINT ( 'NONE',  ( 1.725000000000000089, 0.5499999999999999334, -2.850000000000000089 ) ) ;
#10296 = AXIS2_PLACEMENT_3D ( 'NONE', #4255, #8493, #2586 ) ;
#10297 = FACE_OUTER_BOUND ( 'NONE', #8119, .T. ) ;
#10298 = EDGE_LOOP ( 'NONE', ( #10622, #2266, #8954, #7880, #10299 ) ) ;
#10299 = ORIENTED_EDGE ( 'NONE', *, *, #9766, .T. ) ;
#10300 = VERTEX_POINT ( 'NONE', #5846 ) ;
#10301 = CYLINDRICAL_SURFACE ( 'NONE', #3012, 0.2000000000000001221 ) ;
#10302 =( GEOMETRIC_REPRESENTATION_CONTEXT ( 3 ) GLOBAL_UNCERTAINTY_ASSIGNED_CONTEXT ( ( #5519 ) ) GLOBAL_UNIT_ASSIGNED_CONTEXT ( ( #6752, #5935, #3597 ) ) REPRESENTATION_CONTEXT ( 'NONE', 'WORKASPACE' ) );
#10303 = ORIENTED_EDGE ( 'NONE', *, *, #718, .F. ) ;
#10304 = ORIENTED_EDGE ( 'NONE', *, *, #9424, .F. ) ;
#10305 = AXIS2_PLACEMENT_3D ( 'NONE', #6711, #1812, #6763 ) ;
#10306 = SURFACE_STYLE_FILL_AREA ( #8558 ) ;
#10307 = LINE ( 'NONE', #9504, #4878 ) ;
#10308 = SHAPE_REPRESENTATION_RELATIONSHIP ( 'NONE' , 'NONE' ,  #2025, #7660 ) ;
#10309 = CARTESIAN_POINT ( 'NONE',  ( 1.528701009594109816, 1.799999999999999822, 1.158199755421320365 ) ) ;
#10310 = MECHANICAL_DESIGN_GEOMETRIC_PRESENTATION_REPRESENTATION (  '', ( #5376 ), #10482 ) ;
#10311 = CARTESIAN_POINT ( 'NONE',  ( -1.749999999999999334, 0.000000000000000000, 2.799999999999999822 ) ) ;
#10312 = LINE ( 'NONE', #6028, #758 ) ;
#10313 = ORIENTED_EDGE ( 'NONE', *, *, #1257, .T. ) ;
#10314 = ORIENTED_EDGE ( 'NONE', *, *, #8311, .F. ) ;
#10315 = VECTOR ( 'NONE', #203, 1000.000000000000000 ) ;
#10316 = CARTESIAN_POINT ( 'NONE',  ( 3.314333682014634075, 2.033147935050136912, -1.750000000000000666 ) ) ;
#10317 = CARTESIAN_POINT ( 'NONE',  ( -1.749999999999999778, 1.006666666666666599, -2.800000000000000266 ) ) ;
#10318 = VERTEX_POINT ( 'NONE', #9478 ) ;
#10319 = CARTESIAN_POINT ( 'NONE',  ( -3.035474657216254979, 0.4068829983659271732, -4.500000000000001776 ) ) ;
#10320 = VECTOR ( 'NONE', #4548, 1000.000000000000000 ) ;
#10321 = FACE_OUTER_BOUND ( 'NONE', #2162, .T. ) ;
#10322 = VECTOR ( 'NONE', #1944, 1000.000000000000000 ) ;
#10323 = FILL_AREA_STYLE_COLOUR ( '', #7541 ) ;
#10324 = VECTOR ( 'NONE', #9541, 1000.000000000000000 ) ;
#10325 = CARTESIAN_POINT ( 'NONE',  ( 2.399999999999999467, 0.4000000000000000222, 0.6000000000000000888 ) ) ;
#10327 = CARTESIAN_POINT ( 'NONE',  ( 3.000000000000000888, 1.040000000000000036, -3.000000000000000888 ) ) ;
#10326 = CARTESIAN_POINT ( 'NONE',  ( 1.850000000000000311, 1.650000000000000355, -2.700000000000001066 ) ) ;
#10328 = PLANE ( 'NONE',  #6327 ) ;
#10329 = CARTESIAN_POINT ( 'NONE',  ( 1.399999999999999911, 1.114592996245836964, 2.809975643556418490 ) ) ;
#10330 = ORIENTED_EDGE ( 'NONE', *, *, #8155, .T. ) ;
#10331 =( NAMED_UNIT ( * ) PLANE_ANGLE_UNIT ( ) SI_UNIT ( $, .RADIAN. ) );
#10332 =( GEOMETRIC_REPRESENTATION_CONTEXT ( 3 ) GLOBAL_UNCERTAINTY_ASSIGNED_CONTEXT ( ( #3348 ) ) GLOBAL_UNIT_ASSIGNED_CONTEXT ( ( #9477, #6159, #8861 ) ) REPRESENTATION_CONTEXT ( 'NONE', 'WORKASPACE' ) );
#10333 = DIRECTION ( 'NONE',  ( -0.9856151131419448319, -0.1690054695747780222, 0.000000000000000000 ) ) ;
#10334 = CARTESIAN_POINT ( 'NONE',  ( -9.905539167793427418E-18, 1.649999999999999023, 0.000000000000000000 ) ) ;
#10335 = CARTESIAN_POINT ( 'NONE',  ( -0.5742886780809832725, 1.649999999999999911, -1.385905989226449808 ) ) ;
#10336 = DIRECTION ( 'NONE',  ( 1.000000000000000000, -4.231779662960249042E-30, -1.734723475976810053E-15 ) ) ;
#10337 = B_SPLINE_CURVE_WITH_KNOTS ( 'NONE', 3,
 ( #3321, #9198, #2354, #8638 ),
 .UNSPECIFIED., .F., .F.,
 ( 4, 4 ),
 ( 0.000000000000000000, 1.000000000000000000 ),
 .UNSPECIFIED. ) ;
#10338 = EDGE_CURVE ( 'NONE', #7612, #4063, #8266, .T. ) ;
#10339 = CIRCLE ( 'NONE', #6998, 0.09999999999999982514 ) ;
#10340 = DIRECTION ( 'NONE',  ( -0.000000000000000000, 2.670717223410073261E-17, 1.000000000000000000 ) ) ;
#10341 =( NAMED_UNIT ( * ) SI_UNIT ( $, .STERADIAN. ) SOLID_ANGLE_UNIT ( ) );
#10342 = AXIS2_PLACEMENT_3D ( 'NONE', #1973, #1605, #10078 ) ;
#10343 = PLANE ( 'NONE',  #2624 ) ;
#10344 = ORIENTED_EDGE ( 'NONE', *, *, #1464, .T. ) ;
#10345 = ORIENTED_EDGE ( 'NONE', *, *, #6653, .F. ) ;
#10346 = VECTOR ( 'NONE', #9895, 1000.000000000000000 ) ;
#10347 = EDGE_CURVE ( 'NONE', #7684, #5733, #8320, .T. ) ;
#10348 = CARTESIAN_POINT ( 'NONE',  ( 2.275444008190515177, 0.9726542196610570290, -2.731307302345951094 ) ) ;
#10349 = DIRECTION ( 'NONE',  ( -0.000000000000000000, -0.000000000000000000, -1.000000000000000000 ) ) ;
#10350 = EDGE_CURVE ( 'NONE', #8801, #4521, #2485, .T. ) ;
#10351 = ADVANCED_FACE ( 'NONE', ( #786 ), #1165, .T. ) ;
#10352 = CARTESIAN_POINT ( 'NONE',  ( -2.965718182652287815, 1.464560316785917582, 2.975450177549729958 ) ) ;
#10353 = EDGE_CURVE ( 'NONE', #5856, #502, #5898, .T. ) ;
#10354 = AXIS2_PLACEMENT_3D ( 'NONE', #8338, #9017, #10700 ) ;
#10355 = PLANE ( 'NONE',  #5160 ) ;
#10356 = CARTESIAN_POINT ( 'NONE',  ( 1.725000000000000311, 1.800000000000000266, 2.701845832985406926 ) ) ;
#10357 = AXIS2_PLACEMENT_3D ( 'NONE', #8515, #7683, #2884 ) ;
#10358 = SURFACE_SIDE_STYLE ('',( #10458 ) ) ;
#10359 = ORIENTED_EDGE ( 'NONE', *, *, #3606, .F. ) ;
#10360 = ORIENTED_EDGE ( 'NONE', *, *, #874, .T. ) ;
#10361 = LINE ( 'NONE', #6637, #8576 ) ;
#10362 = PRODUCT_DEFINITION_CONTEXT ( 'detailed design', #6659, 'design' ) ;
#10363 = ORIENTED_EDGE ( 'NONE', *, *, #138, .F. ) ;
#10364 = CARTESIAN_POINT ( 'NONE',  ( -2.999999999999999112, 1.797345146833222218, 1.500000000000004663 ) ) ;
#10365 = B_SPLINE_CURVE_WITH_KNOTS ( 'NONE', 3,
 ( #3820, #2203, #8989, #7316 ),
 .UNSPECIFIED., .F., .F.,
 ( 4, 4 ),
 ( 0.000000000000000000, 1.000000000000000000 ),
 .UNSPECIFIED. ) ;
#10366 = ORIENTED_EDGE ( 'NONE', *, *, #1258, .T. ) ;
#10367 = ORIENTED_EDGE ( 'NONE', *, *, #10338, .F. ) ;
#10368 = VECTOR ( 'NONE', #10624, 1000.000000000000000 ) ;
#10369 = EDGE_CURVE ( 'NONE', #5836, #413, #209, .T. ) ;
#10370 = DIRECTION ( 'NONE',  ( 0.000000000000000000, 1.000000000000000000, 0.000000000000000000 ) ) ;
#10371 = SURFACE_STYLE_USAGE ( .BOTH. , #4474 ) ;
#10372 = CARTESIAN_POINT ( 'NONE',  ( 1.399999999999999911, 1.551862865526314250, -2.801828480139958888 ) ) ;
#10373 = APPLICATION_PROTOCOL_DEFINITION ( 'draft international standard', 'automotive_design', 1998, #8930 ) ;
#10374 = CARTESIAN_POINT ( 'NONE',  ( 1.725000000000000089, 1.119999999999999885, -2.959900934651531479 ) ) ;
#10375 = VECTOR ( 'NONE', #9658, 999.9999999999998863 ) ;
#10376 = DIRECTION ( 'NONE',  ( 0.000000000000000000, 0.000000000000000000, 1.000000000000000000 ) ) ;
#10377 = ORIENTED_EDGE ( 'NONE', *, *, #8260, .T. ) ;
#10378 = VECTOR ( 'NONE', #130, 1000.000000000000000 ) ;
#10379 = UNCERTAINTY_MEASURE_WITH_UNIT (LENGTH_MEASURE( 1.000000000000000082E-05 ), #7080, 'distance_accuracy_value', 'NONE');
#10380 = VECTOR ( 'NONE', #7129, 1000.000000000000114 ) ;
#10381 = ORIENTED_EDGE ( 'NONE', *, *, #8061, .T. ) ;
#10382 = FILL_AREA_STYLE ('',( #5555 ) ) ;
#10383 = LINE ( 'NONE', #6143, #9832 ) ;
#10384 = VERTEX_POINT ( 'NONE', #960 ) ;
#10385 = DIRECTION ( 'NONE',  ( 1.000000000000000000, -4.511231974305699241E-17, -6.352781728866252403E-16 ) ) ;
#10386 = PLANE ( 'NONE',  #10043 ) ;
#10387 = VECTOR ( 'NONE', #3821, 1000.000000000000000 ) ;
#10388 = EDGE_LOOP ( 'NONE', ( #6875, #810, #1490, #9811, #10271, #231, #8685, #3407 ) ) ;
#10389 = CARTESIAN_POINT ( 'NONE',  ( 3.204135107032050289, 1.618360519674075571, -1.500000000000000000 ) ) ;
#10390 = DIRECTION ( 'NONE',  ( 0.000000000000000000, 0.000000000000000000, 1.000000000000000000 ) ) ;
#10391 = SURFACE_SIDE_STYLE ('',( #368 ) ) ;
#10392 = CARTESIAN_POINT ( 'NONE',  ( -2.999999999999999112, 1.800000000000000488, 2.799999999999999822 ) ) ;
#10393 = ORIENTED_EDGE ( 'NONE', *, *, #5841, .T. ) ;
#10394 = DIRECTION ( 'NONE',  ( 0.000000000000000000, -1.000000000000000000, 0.000000000000000000 ) ) ;
#10395 = STYLED_ITEM ( 'NONE', ( #3360 ), #7613 ) ;
#10396 = EDGE_CURVE ( 'NONE', #7307, #4084, #4251, .T. ) ;
#10397 = FACE_OUTER_BOUND ( 'NONE', #4866, .T. ) ;
#10398 = DIRECTION ( 'NONE',  ( -0.9856151131419452760, -0.1690054695747755520, 0.000000000000000000 ) ) ;
#10399 = CARTESIAN_POINT ( 'NONE',  ( 2.399999999999999467, 0.4500000000000001776, 0.6000000000000000888 ) ) ;
#10400 =( LENGTH_UNIT ( ) NAMED_UNIT ( * ) SI_UNIT ( .MILLI., .METRE. ) );
#10401 = MECHANICAL_DESIGN_GEOMETRIC_PRESENTATION_REPRESENTATION (  '', ( #3241 ), #9867 ) ;
#10402 = ORIENTED_EDGE ( 'NONE', *, *, #648, .T. ) ;
#10403 = ORIENTED_EDGE ( 'NONE', *, *, #10119, .F. ) ;
#10404 = PLANE ( 'NONE',  #1413 ) ;
#10405 = CARTESIAN_POINT ( 'NONE',  ( -1.399999999999999911, 1.800000000000000488, -2.947231250521888501 ) ) ;
#10406 = PLANE ( 'NONE',  #9383 ) ;
#10407 = FILL_AREA_STYLE_COLOUR ( '', #7971 ) ;
#10408 = FILL_AREA_STYLE ('',( #499 ) ) ;
#10409 = VERTEX_POINT ( 'NONE', #7815 ) ;
#10410 = ORIENTED_EDGE ( 'NONE', *, *, #5907, .T. ) ;
#10411 = VECTOR ( 'NONE', #8430, 1000.000000000000000 ) ;
#10412 = ORIENTED_EDGE ( 'NONE', *, *, #3118, .T. ) ;
#10413 = EDGE_CURVE ( 'NONE', #1862, #10030, #1543, .T. ) ;
#10414 = DIRECTION ( 'NONE',  ( 0.000000000000000000, -1.000000000000000000, 2.670717223410072953E-17 ) ) ;
#10415 = AXIS2_PLACEMENT_3D ( 'NONE', #10454, #8088, #6220 ) ;
#10416 = ORIENTED_EDGE ( 'NONE', *, *, #5077, .T. ) ;
#10417 = EDGE_CURVE ( 'NONE', #8253, #5503, #4500, .T. ) ;
#10418 = EDGE_LOOP ( 'NONE', ( #8785, #2345, #4744, #9935 ) ) ;
#10419 = CARTESIAN_POINT ( 'NONE',  ( 3.295163886627928473, 0.05523492450537408061, 0.4999999999999997780 ) ) ;
#10420 = EDGE_CURVE ( 'NONE', #5782, #6154, #4758, .T. ) ;
#10421 = DIRECTION ( 'NONE',  ( 0.1690054695747709723, 0.9856151131419461642, 0.000000000000000000 ) ) ;
#10422 = CARTESIAN_POINT ( 'NONE',  ( -3.102876977371611833, 0.7999634446562048362, 1.749999999999999778 ) ) ;
#10423 = CARTESIAN_POINT ( 'NONE',  ( 0.3500000000612961681, 0.05000000001520674836, 1.700000000000000178 ) ) ;
#10424 = DIRECTION ( 'NONE',  ( 1.000000000000000000, 0.000000000000000000, 0.000000000000000000 ) ) ;
#10425 = LINE ( 'NONE', #1239, #8635 ) ;
#10426 = VECTOR ( 'NONE', #163, 1000.000000000000000 ) ;
#10427 = CARTESIAN_POINT ( 'NONE',  ( -1.749999999999999112, 1.649999999999999911, -2.772042636654154180 ) ) ;
#10428 = EDGE_LOOP ( 'NONE', ( #1087, #3573, #3468, #2714 ) ) ;
#10429 = ORIENTED_EDGE ( 'NONE', *, *, #9298, .T. ) ;
#10430 = CARTESIAN_POINT ( 'NONE',  ( -3.099999999999985878, 1.800000000000000488, 2.500000000000001332 ) ) ;
#10431 = ORIENTED_EDGE ( 'NONE', *, *, #7245, .T. ) ;
#10432 = DIRECTION ( 'NONE',  ( 0.000000000000000000, 0.000000000000000000, -1.000000000000000000 ) ) ;
#10433 = ORIENTED_EDGE ( 'NONE', *, *, #4109, .F. ) ;
#10434 = EDGE_CURVE ( 'NONE', #956, #4977, #3487, .T. ) ;
#10435 = VECTOR ( 'NONE', #844, 1000.000000000000000 ) ;
#10436 = FACE_OUTER_BOUND ( 'NONE', #9223, .T. ) ;
#10437 = CARTESIAN_POINT ( 'NONE',  ( -1.949999999999999956, 0.2000000000000000111, 2.400000000000001243 ) ) ;
#10438 = CARTESIAN_POINT ( 'NONE',  ( 1.759413843984058756, 1.640000000000000124, -2.748815536468909304 ) ) ;
#10439 = FILL_AREA_STYLE ('',( #423 ) ) ;
#10440 = CARTESIAN_POINT ( 'NONE',  ( -3.100000000000000533, 1.649999999999999911, -1.900000000000000799 ) ) ;
#10441 = LINE ( 'NONE', #6254, #950 ) ;
#10442 = CYLINDRICAL_SURFACE ( 'NONE', #2105, 0.2000000000000001221 ) ;
#10443 = ORIENTED_EDGE ( 'NONE', *, *, #9014, .T. ) ;
#10444 = PLANE ( 'NONE',  #403 ) ;
#10445 = CARTESIAN_POINT ( 'NONE',  ( -1.385914435630145602, 1.649999999999999911, 0.5742673643406737138 ) ) ;
#10446 = FACE_OUTER_BOUND ( 'NONE', #7679, .T. ) ;
#10447 = SURFACE_STYLE_USAGE ( .BOTH. , #9741 ) ;
#10448 = CARTESIAN_POINT ( 'NONE',  ( -1.399999999999999911, 1.109374968413276763, -2.810277712176606713 ) ) ;
#10449 = ADVANCED_FACE ( 'NONE', ( #5539 ), #374, .T. ) ;
#10450 = PRESENTATION_STYLE_ASSIGNMENT (( #6164 ) ) ;
#10451 = EDGE_LOOP ( 'NONE', ( #3171, #7709 ) ) ;
#10452 = FACE_OUTER_BOUND ( 'NONE', #9405, .T. ) ;
#10453 = LINE ( 'NONE', #2953, #5482 ) ;
#10454 = CARTESIAN_POINT ( 'NONE',  ( 2.500000000000000000, 0.05000000000000000278, 0.9999999999999993339 ) ) ;
#10455 = EDGE_CURVE ( 'NONE', #9322, #3402, #492, .T. ) ;
#10456 = FACE_OUTER_BOUND ( 'NONE', #6083, .T. ) ;
#10457 =( REPRESENTATION_RELATIONSHIP ('NONE','NONE', #7237, #4983 ) REPRESENTATION_RELATIONSHIP_WITH_TRANSFORMATION ( #1189 )SHAPE_REPRESENTATION_RELATIONSHIP( ) );
#10458 = SURFACE_STYLE_FILL_AREA ( #450 ) ;
#10459 = EDGE_LOOP ( 'NONE', ( #4958, #2867, #305, #1882 ) ) ;
#10460 = ORIENTED_EDGE ( 'NONE', *, *, #7181, .F. ) ;
#10461 = ORIENTED_EDGE ( 'NONE', *, *, #2064, .T. ) ;
#10462 = CARTESIAN_POINT ( 'NONE',  ( -3.000000000000000888, 1.649999999999999689, -2.799999999999999822 ) ) ;
#10463 = ORIENTED_EDGE ( 'NONE', *, *, #7773, .F. ) ;
#10464 = LINE ( 'NONE', #3782, #4012 ) ;
#10465 = CARTESIAN_POINT ( 'NONE',  ( 2.500000000000000000, 0.000000000000000000, 0.9999999999999991118 ) ) ;
#10466 = CARTESIAN_POINT ( 'NONE',  ( -3.057587376248533051, 1.586092108864524564, 1.489452738600704818 ) ) ;
#10467 = CARTESIAN_POINT ( 'NONE',  ( 0.2305522688697738687, 0.04999999999999999584, 1.435525332095969109 ) ) ;
#10468 = EDGE_CURVE ( 'NONE', #5853, #1083, #9528, .T. ) ;
#10469 = DIRECTION ( 'NONE',  ( 1.000000000000000000, 0.000000000000000000, 0.000000000000000000 ) ) ;
#10470 = DIRECTION ( 'NONE',  ( 0.1690054695747755520, 0.9856151131419452760, 0.000000000000000000 ) ) ;
#10471 = B_SPLINE_CURVE_WITH_KNOTS ( 'NONE', 3,
 ( #9490, #1982, #8657, #5334, #10187, #4465, #6991, #10352, #8489, #2859, #4306, #1875 ),
 .UNSPECIFIED., .F., .F.,
 ( 4, 2, 2, 2, 2, 4 ),
 ( 0.000000000000000000, 0.2499999999999864553, 0.3749999999999810152, 0.4374999999999800715, 0.4999999999999791278, 1.000000000000000000 ),
 .UNSPECIFIED. ) ;
#10472 = EDGE_CURVE ( 'NONE', #7444, #578, #10604, .T. ) ;
#10473 = LINE ( 'NONE', #7110, #3370 ) ;
#10474 = ORIENTED_EDGE ( 'NONE', *, *, #8508, .T. ) ;
#10475 = UNCERTAINTY_MEASURE_WITH_UNIT (LENGTH_MEASURE( 1.000000000000000082E-05 ), #6257, 'distance_accuracy_value', 'NONE');
#10476 = ORIENTED_EDGE ( 'NONE', *, *, #8945, .T. ) ;
#10477 = CARTESIAN_POINT ( 'NONE',  ( -2.500000000000000444, 0.000000000000000000, -4.500000000000001776 ) ) ;
#10478 = VERTEX_POINT ( 'NONE', #10813 ) ;
#10479 = PRESENTATION_LAYER_ASSIGNMENT (  '', '', ( #2619 ) ) ;
#10480 = CARTESIAN_POINT ( 'NONE',  ( -1.750000000000000444, 1.006666666666666599, 2.799999999999999822 ) ) ;
#10481 = VERTEX_POINT ( 'NONE', #598 ) ;
#10482 =( GEOMETRIC_REPRESENTATION_CONTEXT ( 3 ) GLOBAL_UNCERTAINTY_ASSIGNED_CONTEXT ( ( #3028 ) ) GLOBAL_UNIT_ASSIGNED_CONTEXT ( ( #5832, #6541, #1540 ) ) REPRESENTATION_CONTEXT ( 'NONE', 'WORKASPACE' ) );
#10483 = CARTESIAN_POINT ( 'NONE',  ( -1.100939157571582783, 1.800000000000000711, -1.558529982953821280 ) ) ;
#10484 = EDGE_CURVE ( 'NONE', #1643, #1572, #2454, .T. ) ;
#10485 = DIRECTION ( 'NONE',  ( 0.000000000000000000, 0.000000000000000000, 1.000000000000000000 ) ) ;
#10486 = ADVANCED_FACE ( 'NONE', ( #8977 ), #8077, .F. ) ;
#10487 = EDGE_CURVE ( 'NONE', #1337, #3728, #4812, .T. ) ;
#10488 = CARTESIAN_POINT ( 'NONE',  ( -3.099999999999985878, 1.649999999999999911, 2.799999999999999822 ) ) ;
#10489 = LINE ( 'NONE', #2075, #361 ) ;
#10490 = ORIENTED_EDGE ( 'NONE', *, *, #2328, .T. ) ;
#10491 = DIRECTION ( 'NONE',  ( 1.445602896647336550E-15, 0.000000000000000000, 1.000000000000000000 ) ) ;
#10492 = AXIS2_PLACEMENT_3D ( 'NONE', #10399, #10554, #6267 ) ;
#10493 = DIRECTION ( 'NONE',  ( 0.000000000000000000, -1.000000000000000000, 2.670717223410073261E-17 ) ) ;
#10494 = CARTESIAN_POINT ( 'NONE',  ( 2.799999999999999822, 3.100000000000000089, 1.400000000000000133 ) ) ;
#10495 = AXIS2_PLACEMENT_3D ( 'NONE', #1236, #2054, #348 ) ;
#10496 = AXIS2_PLACEMENT_3D ( 'NONE', #4978, #4217, #1785 ) ;
#10497 = DIRECTION ( 'NONE',  ( 0.000000000000000000, 1.000000000000000000, 0.000000000000000000 ) ) ;
#10498 = EDGE_CURVE ( 'NONE', #1766, #3247, #2584, .T. ) ;
#10499 = CARTESIAN_POINT ( 'NONE',  ( -0.5076578116959418185, 1.649999999999999689, 1.411686847430088765 ) ) ;
#10500 = EDGE_CURVE ( 'NONE', #10481, #4247, #6631, .T. ) ;
#10501 = CARTESIAN_POINT ( 'NONE',  ( -1.624278986266878944, -7.823003196369318957, -4.500000000000001776 ) ) ;
#10502 = PLANE ( 'NONE',  #6010 ) ;
#10503 = CARTESIAN_POINT ( 'NONE',  ( 3.000000000000000444, 0.000000000000000000, -4.500000000000001776 ) ) ;
#10504 = CARTESIAN_POINT ( 'NONE',  ( 3.023412060355428199, 1.634033064726140516, -1.500000000000000000 ) ) ;
#10505 =( LENGTH_UNIT ( ) NAMED_UNIT ( * ) SI_UNIT ( .MILLI., .METRE. ) );
#10506 = VERTEX_POINT ( 'NONE', #8128 ) ;
#10507 = CARTESIAN_POINT ( 'NONE',  ( 2.100296005460343896, 0.9748186252476053193, -2.760713341109134245 ) ) ;
#10508 = CARTESIAN_POINT ( 'NONE',  ( 3.291673936957678848, 0.1551740072072838039, 0.6000000000000029754 ) ) ;
#10509 = AXIS2_PLACEMENT_3D ( 'NONE', #6815, #4993, #2683 ) ;
#10510 = FACE_OUTER_BOUND ( 'NONE', #1546, .T. ) ;
#10511 = CARTESIAN_POINT ( 'NONE',  ( 0.2231110542971180832, 0.05000000000000000971, 1.304270272611513182 ) ) ;
#10512 = FACE_OUTER_BOUND ( 'NONE', #6759, .T. ) ;
#10513 = ORIENTED_EDGE ( 'NONE', *, *, #52, .F. ) ;
#10514 = ORIENTED_EDGE ( 'NONE', *, *, #10396, .F. ) ;
#10515 = PRODUCT ( 'EVQQ2-DHMSW2-03W_3', 'EVQQ2-DHMSW2-03W_3', '', ( #3577 ) ) ;
#10516 = EDGE_LOOP ( 'NONE', ( #4309, #147, #520, #1784 ) ) ;
#10517 = DIRECTION ( 'NONE',  ( 0.000000000000000000, -0.9974881498328390661, -0.07083354391147902995 ) ) ;
#10518 = AXIS2_PLACEMENT_3D ( 'NONE', #5584, #8163, #9939 ) ;
#10519 = VERTEX_POINT ( 'NONE', #8176 ) ;
#10520 = CARTESIAN_POINT ( 'NONE',  ( 0.5742886780809810521, 1.649999999999999689, 1.385905989226449142 ) ) ;
#10521 = CARTESIAN_POINT ( 'NONE',  ( 1.158199755421372101, 1.650000000000000133, 1.528701009593743665 ) ) ;
#10522 = DIRECTION ( 'NONE',  ( 1.000000000000000000, 0.000000000000000000, -0.000000000000000000 ) ) ;
#10523 = COLOUR_RGB ( '',0.6470588235294117974, 0.6196078431372549211, 0.5882352941176470784 ) ;
#10524 = LINE ( 'NONE', #6498, #292 ) ;
#10525 = DIRECTION ( 'NONE',  ( -0.9856151131419449429, -0.1690054695747776892, 0.000000000000000000 ) ) ;
#10526 = AXIS2_PLACEMENT_3D ( 'NONE', #7940, #2764, #4634 ) ;
#10527 = DIRECTION ( 'NONE',  ( 0.000000000000000000, 0.000000000000000000, 1.000000000000000000 ) ) ;
#10528 = EDGE_LOOP ( 'NONE', ( #9203, #9096 ) ) ;
#10529 = ORIENTED_EDGE ( 'NONE', *, *, #5574, .T. ) ;
#10530 = LINE ( 'NONE', #9721, #10532 ) ;
#10531 = EDGE_LOOP ( 'NONE', ( #2094, #3175, #3639, #6405, #7618 ) ) ;
#10532 = VECTOR ( 'NONE', #1398, 1000.000000000000114 ) ;
#10533 = CARTESIAN_POINT ( 'NONE',  ( -3.100000000000000533, 1.649999999999999911, -1.900000000000001021 ) ) ;
#10534 = ORIENTED_EDGE ( 'NONE', *, *, #1969, .T. ) ;
#10535 = DIRECTION ( 'NONE',  ( 0.000000000000000000, 0.000000000000000000, 1.000000000000000000 ) ) ;
#10536 = CARTESIAN_POINT ( 'NONE',  ( 0.000000000000000000, 3.100000000000000533, -1.500000000000000222 ) ) ;
#10537 = CARTESIAN_POINT ( 'NONE',  ( 3.207110692211511349, 1.607893289865729214, -1.489148942388661467 ) ) ;
#10538 = FACE_OUTER_BOUND ( 'NONE', #980, .T. ) ;
#10539 = LINE ( 'NONE', #8905, #1990 ) ;
#10540 = AXIS2_PLACEMENT_3D ( 'NONE', #4764, #5650, #9682 ) ;
#10541 = EDGE_LOOP ( 'NONE', ( #6031, #9549, #4522, #5163, #7169, #2725, #3307, #4422 ) ) ;
#10542 = CARTESIAN_POINT ( 'NONE',  ( 1.725000000000000089, 0.9793749684132834199, -2.819509261152938873 ) ) ;
#10543 = CARTESIAN_POINT ( 'NONE',  ( -3.000000000000000888, 1.639999999999999902, -2.900000000000000355 ) ) ;
#10544 = EDGE_CURVE ( 'NONE', #502, #8231, #1528, .T. ) ;
#10545 = VECTOR ( 'NONE', #9470, 1000.000000000000000 ) ;
#10546 = CARTESIAN_POINT ( 'NONE',  ( 3.210989154900473874, 1.586465982334615665, 1.467446827165954870 ) ) ;
#10547 = VECTOR ( 'NONE', #8209, 1000.000000000000000 ) ;
#10548 = EDGE_CURVE ( 'NONE', #2806, #419, #8994, .T. ) ;
#10550 = B_SPLINE_CURVE_WITH_KNOTS ( 'NONE', 3,
 ( #2117, #7801, #4442, #2938, #3641, #9615, #2013, #6090, #3694, #477, #3798, #6965, #6918, #7119, #6247, #8849, #6200, #5471, #5317, #8689, #5414, #1200, #2068, #2830, #1303, #10274, #1356, #4595, #8732, #10483, #9465, #7020, #2888, #9572, #2984, #1251, #1959, #4543 ),
 .UNSPECIFIED., .F., .F.,
 ( 4, 1, 1, 1, 2, 2, 2, 1, 1, 1, 2, 2, 2, 1, 1, 1, 2, 2, 2, 1, 1, 1, 2, 2, 4 ),
 ( 0.000000000000000000, 0.06249999999999990286, 0.09374999999999984734, 0.1093749999999998473, 0.1171874999999998335, 0.1249999999999998057, 0.2499999999999995559, 0.3124999999999993894, 0.3437499999999992784, 0.3593749999999992784, 0.3671874999999992784, 0.3749999999999992784, 0.4999999999999991118, 0.5624999999999990008, 0.5937499999999990008, 0.6093749999999988898, 0.6171874999999988898, 0.6249999999999988898, 0.7499999999999990008, 0.8124999999999991118, 0.8437499999999991118, 0.8593749999999991118, 0.8671874999999991118, 0.8749999999999991118, 1.000000000000000000 ),
 .UNSPECIFIED. ) ;
#10549 = CARTESIAN_POINT ( 'NONE',  ( -1.375029273410755426, 1.650000000000000133, 0.5999936494202258164 ) ) ;
#10551 = EDGE_CURVE ( 'NONE', #7740, #7444, #8522, .T. ) ;
#10552 = DIRECTION ( 'NONE',  ( -0.000000000000000000, -1.000000000000000000, -0.000000000000000000 ) ) ;
#10553 = LINE ( 'NONE', #1368, #3225 ) ;
#10554 = DIRECTION ( 'NONE',  ( -1.000000000000000000, -1.084202172485504434E-15, 0.000000000000000000 ) ) ;
#10555 = FACE_OUTER_BOUND ( 'NONE', #55, .T. ) ;
#10556 = VECTOR ( 'NONE', #2308, 1000.000000000000000 ) ;
#10557 = DIRECTION ( 'NONE',  ( -0.1690054695747752189, -0.9856151131419453870, 0.000000000000000000 ) ) ;
#10558 = ADVANCED_FACE ( 'NONE', ( #4226 ), #7691, .F. ) ;
#10559 = ORIENTED_EDGE ( 'NONE', *, *, #3378, .T. ) ;
#10560 = ADVANCED_FACE ( 'NONE', ( #3596 ), #10219, .T. ) ;
#10561 = CARTESIAN_POINT ( 'NONE',  ( 2.951186080911747389, 1.449763107293781106, 2.990235275325561659 ) ) ;
#10562 = DIRECTION ( 'NONE',  ( -1.000000000000000000, 0.000000000000000000, 0.000000000000000000 ) ) ;
#10563 = FACE_OUTER_BOUND ( 'NONE', #10298, .T. ) ;
#10564 = VECTOR ( 'NONE', #1482, 1000.000000000000000 ) ;
#10565 = CARTESIAN_POINT ( 'NONE',  ( 3.101604300710384621, 1.300000000000000266, -2.076184765183203496 ) ) ;
#10566 = DIRECTION ( 'NONE',  ( 0.000000000000000000, 1.000000000000000000, -0.000000000000000000 ) ) ;
#10567 = CARTESIAN_POINT ( 'NONE',  ( -3.099999999999985878, 1.649999999999999911, 2.799999999999999822 ) ) ;
#10568 = ORIENTED_EDGE ( 'NONE', *, *, #7715, .F. ) ;
#10569 = ORIENTED_EDGE ( 'NONE', *, *, #3778, .T. ) ;
#10570 = B_SPLINE_CURVE_WITH_KNOTS ( 'NONE', 3,
 ( #5867, #1888, #8561, #1947, #2709, #1077 ),
 .UNSPECIFIED., .F., .F.,
 ( 4, 2, 4 ),
 ( 0.000000000000000000, 0.5000000000000000000, 1.000000000000000000 ),
 .UNSPECIFIED. ) ;
#10571 = PLANE ( 'NONE',  #9117 ) ;
#10572 = ORIENTED_EDGE ( 'NONE', *, *, #7256, .F. ) ;
#10573 = DIRECTION ( 'NONE',  ( -0.000000000000000000, -1.000000000000000000, -0.000000000000000000 ) ) ;
#10574 = VERTEX_POINT ( 'NONE', #9305 ) ;
#10575 = LINE ( 'NONE', #1339, #8749 ) ;
#10576 = CARTESIAN_POINT ( 'NONE',  ( 0.7297918222781256681, 1.649999999999999467, -1.754329820263825335 ) ) ;
#10577 = CARTESIAN_POINT ( 'NONE',  ( 3.102876977371612277, 0.7999634446562063905, 1.750000000000001110 ) ) ;
#10578 = PRESENTATION_STYLE_ASSIGNMENT (( #7220 ) ) ;
#10579 = CARTESIAN_POINT ( 'NONE',  ( -2.275444008190515177, 0.9726542196610570290, -2.731307302345951538 ) ) ;
#10580 = VECTOR ( 'NONE', #840, 1000.000000000000000 ) ;
#10581 = CARTESIAN_POINT ( 'NONE',  ( -1.759413843984057424, 1.650000000000000133, -2.748815536468909748 ) ) ;
#10582 = ORIENTED_EDGE ( 'NONE', *, *, #10119, .T. ) ;
#10583 = EDGE_CURVE ( 'NONE', #7949, #1828, #2566, .T. ) ;
#10584 = UNCERTAINTY_MEASURE_WITH_UNIT (LENGTH_MEASURE( 1.000000000000000082E-05 ), #7166, 'distance_accuracy_value', 'NONE');
#10585 = VERTEX_POINT ( 'NONE', #211 ) ;
#10586 = CARTESIAN_POINT ( 'NONE',  ( -3.000000000000000444, 1.643164487128668361, -1.500000000000000000 ) ) ;
#10587 = VERTEX_POINT ( 'NONE', #1796 ) ;
#10588 = LINE ( 'NONE', #3134, #9018 ) ;
#10589 = ORIENTED_EDGE ( 'NONE', *, *, #2734, .T. ) ;
#10590 = CARTESIAN_POINT ( 'NONE',  ( -3.000000000000000000, 0.9899999999999999911, 2.700000000000000178 ) ) ;
#10591 = PLANE ( 'NONE',  #4347 ) ;
#10592 = DIRECTION ( 'NONE',  ( 1.000000000000000000, 0.000000000000000000, -0.000000000000000000 ) ) ;
#10593 =( LENGTH_UNIT ( ) NAMED_UNIT ( * ) SI_UNIT ( .MILLI., .METRE. ) );
#10594 = CARTESIAN_POINT ( 'NONE',  ( 0.000000000000000000, 0.2000000000000000111, -1.800000000000000266 ) ) ;
#10595 = DIRECTION ( 'NONE',  ( -0.4657464327780650448, -0.8849182224106967309, 5.703748781159552870E-17 ) ) ;
#10596 = EDGE_CURVE ( 'NONE', #8464, #4110, #5205, .T. ) ;
#10597 = CARTESIAN_POINT ( 'NONE',  ( -7.347880794884120229E-17, 1.649999999999999911, -1.500000000000000222 ) ) ;
#10598 = VERTEX_POINT ( 'NONE', #6805 ) ;
#10599 = ORIENTED_EDGE ( 'NONE', *, *, #3386, .F. ) ;
#10600 = CARTESIAN_POINT ( 'NONE',  ( -2.999999999999999112, 0.000000000000000000, 1.600000000000000311 ) ) ;
#10601 = CARTESIAN_POINT ( 'NONE',  ( 2.500000000000000000, 0.000000000000000000, -4.500000000000001776 ) ) ;
#10602 = APPLICATION_CONTEXT ( 'automotive_design' ) ;
#10603 = CARTESIAN_POINT ( 'NONE',  ( -2.999999999999999112, 1.539999999999998259, 2.900000000000000355 ) ) ;
#10604 = LINE ( 'NONE', #4871, #5771 ) ;
#10605 = CARTESIAN_POINT ( 'NONE',  ( -3.099999999999985878, 1.649999999999999911, 2.500000000000001332 ) ) ;
#10606 = DIRECTION ( 'NONE',  ( 0.000000000000000000, -0.07083354391148080631, -0.9974881498328390661 ) ) ;
#10607 =( GEOMETRIC_REPRESENTATION_CONTEXT ( 3 ) GLOBAL_UNCERTAINTY_ASSIGNED_CONTEXT ( ( #9823 ) ) GLOBAL_UNIT_ASSIGNED_CONTEXT ( ( #9449, #2815, #7783 ) ) REPRESENTATION_CONTEXT ( 'NONE', 'WORKASPACE' ) );
#10608 = DIRECTION ( 'NONE',  ( -0.9860555265491623977, 0.000000000000000000, 0.1664166414811150130 ) ) ;
#10609 = EDGE_CURVE ( 'NONE', #8363, #6879, #8578, .T. ) ;
#10610 = DIRECTION ( 'NONE',  ( -0.1031413735657401576, 0.6995440351107093946, 0.7071067811865467956 ) ) ;
#10611 = EDGE_CURVE ( 'NONE', #6543, #6704, #6040, .T. ) ;
#10612 = CARTESIAN_POINT ( 'NONE',  ( -1.399999999999999911, 1.119999999999999885, -2.959900934651531479 ) ) ;
#10613 = EDGE_CURVE ( 'NONE', #1301, #4054, #266, .T. ) ;
#10614 = ORIENTED_EDGE ( 'NONE', *, *, #10583, .T. ) ;
#10615 = DIRECTION ( 'NONE',  ( -1.000000000000000000, -0.000000000000000000, -0.000000000000000000 ) ) ;
#10616 = CARTESIAN_POINT ( 'NONE',  ( 1.725000000000000089, 1.650000000000001910, 2.701845832985407814 ) ) ;
#10617 = ADVANCED_FACE ( 'NONE', ( #1038 ), #155, .T. ) ;
#10618 = EDGE_CURVE ( 'NONE', #10216, #2736, #3476, .T. ) ;
#10619 =( NAMED_UNIT ( * ) SI_UNIT ( $, .STERADIAN. ) SOLID_ANGLE_UNIT ( ) );
#10620 = FACE_OUTER_BOUND ( 'NONE', #293, .T. ) ;
#10621 = ORIENTED_EDGE ( 'NONE', *, *, #2982, .T. ) ;
#10622 = ORIENTED_EDGE ( 'NONE', *, *, #9564, .T. ) ;
#10623 = CARTESIAN_POINT ( 'NONE',  ( 2.899999999999999467, 1.040000000000000036, -3.000000000000001332 ) ) ;
#10624 = DIRECTION ( 'NONE',  ( -1.000000000000000000, -0.000000000000000000, -0.000000000000000000 ) ) ;
#10625 = ORIENTED_EDGE ( 'NONE', *, *, #3060, .F. ) ;
#10626 = SURFACE_STYLE_FILL_AREA ( #3939 ) ;
#10627 = SURFACE_STYLE_USAGE ( .BOTH. , #9599 ) ;
#10628 = DIRECTION ( 'NONE',  ( 0.000000000000000000, 0.000000000000000000, 1.000000000000000000 ) ) ;
#10629 = CARTESIAN_POINT ( 'NONE',  ( 1.749653611907633799, 0.5500116923825111304, -2.849879399697389459 ) ) ;
#10630 = CARTESIAN_POINT ( 'NONE',  ( 2.926179938779915446, 1.639999999999999458, -2.700000000000001066 ) ) ;
#10631 = LINE ( 'NONE', #3082, #9160 ) ;
#10632 = DIRECTION ( 'NONE',  ( 0.000000000000000000, -0.07083354391148109774, -0.9974881498328389551 ) ) ;
#10633 = EDGE_LOOP ( 'NONE', ( #10229, #7512, #862, #4862 ) ) ;
#10634 = ORIENTED_EDGE ( 'NONE', *, *, #10812, .T. ) ;
#10635 = B_SPLINE_CURVE_WITH_KNOTS ( 'NONE', 3,
 ( #4211, #748, #2554, #4061 ),
 .UNSPECIFIED., .F., .F.,
 ( 4, 4 ),
 ( 0.000000000000000000, 1.000000000000000000 ),
 .UNSPECIFIED. ) ;
#10636 = LINE ( 'NONE', #9010, #1116 ) ;
#10637 = ORIENTED_EDGE ( 'NONE', *, *, #57, .F. ) ;
#10638 = CARTESIAN_POINT ( 'NONE',  ( 0.08679897932037733410, 0.05000000000000001665, 2.039811007580319302 ) ) ;
#10639 = EDGE_LOOP ( 'NONE', ( #97, #10314, #8498, #2544, #8984 ) ) ;
#10640 = LINE ( 'NONE', #525, #2015 ) ;
#10641 = LINE ( 'NONE', #2392, #4027 ) ;
#10642 =( GEOMETRIC_REPRESENTATION_CONTEXT ( 3 ) GLOBAL_UNCERTAINTY_ASSIGNED_CONTEXT ( ( #5975 ) ) GLOBAL_UNIT_ASSIGNED_CONTEXT ( ( #8356, #9308, #824 ) ) REPRESENTATION_CONTEXT ( 'NONE', 'WORKASPACE' ) );
#10643 = LINE ( 'NONE', #9070, #3702 ) ;
#10644 = VECTOR ( 'NONE', #5206, 1000.000000000000000 ) ;
#10645 = CARTESIAN_POINT ( 'NONE',  ( 1.750000000000000000, 0.9791474364206995684, 2.819525418635503655 ) ) ;
#10646 = CARTESIAN_POINT ( 'NONE',  ( 3.207110692211506908, 1.607893289865748532, 1.489148942388651697 ) ) ;
#10647 = ORIENTED_EDGE ( 'NONE', *, *, #9826, .T. ) ;
#10648 = ORIENTED_EDGE ( 'NONE', *, *, #5217, .T. ) ;
#10649 = MECHANICAL_DESIGN_GEOMETRIC_PRESENTATION_REPRESENTATION (  '', ( #3990 ), #8908 ) ;
#10650 = LINE ( 'NONE', #10600, #1071 ) ;
#10651 = CARTESIAN_POINT ( 'NONE',  ( 1.850000000000000311, 9.857313811473279230, -2.800000000000001155 ) ) ;
#10652 = CYLINDRICAL_SURFACE ( 'NONE', #10540, 0.1000000000000006994 ) ;
#10653 =( GEOMETRIC_REPRESENTATION_CONTEXT ( 3 ) GLOBAL_UNCERTAINTY_ASSIGNED_CONTEXT ( ( #2062 ) ) GLOBAL_UNIT_ASSIGNED_CONTEXT ( ( #10041, #7290, #9021 ) ) REPRESENTATION_CONTEXT ( 'NONE', 'WORKASPACE' ) );
#10654 = CARTESIAN_POINT ( 'NONE',  ( 2.963662989417781279, 1.800000000000000488, 2.799999999999999822 ) ) ;
#10655 = VECTOR ( 'NONE', #2299, 1000.000000000000000 ) ;
#10656 = CARTESIAN_POINT ( 'NONE',  ( -3.164620985312510015, 0.07719631184942968294, 1.600000000000000089 ) ) ;
#10658 = LINE ( 'NONE', #5824, #122 ) ;
#10657 = CARTESIAN_POINT ( 'NONE',  ( 3.204135107032050289, 1.618360519674075571, -1.500000000000000000 ) ) ;
#10659 = CARTESIAN_POINT ( 'NONE',  ( 3.279839148257636966E-35, 0.05000000010113581084, 1.700000000000000178 ) ) ;
#10660 = CARTESIAN_POINT ( 'NONE',  ( -9.901648023587490550E-17, 1.649999999999999911, 1.899999999999999911 ) ) ;
#10661 = CARTESIAN_POINT ( 'NONE',  ( 2.983712137608178327, 1.594977569563616582, -2.845320523506792654 ) ) ;
#10662 = FACE_OUTER_BOUND ( 'NONE', #847, .T. ) ;
#10663 =( GEOMETRIC_REPRESENTATION_CONTEXT ( 3 ) GLOBAL_UNCERTAINTY_ASSIGNED_CONTEXT ( ( #5182 ) ) GLOBAL_UNIT_ASSIGNED_CONTEXT ( ( #4646, #6452, #9882 ) ) REPRESENTATION_CONTEXT ( 'NONE', 'WORKASPACE' ) );
#10664 = ORIENTED_EDGE ( 'NONE', *, *, #4165, .T. ) ;
#10665 = CARTESIAN_POINT ( 'NONE',  ( -0.3689944610045798323, 0.05000000000000000278, 1.960949529495384258 ) ) ;
#10666 = PLANE ( 'NONE',  #8286 ) ;
#10667 = FACE_OUTER_BOUND ( 'NONE', #7981, .T. ) ;
#10668 = DIRECTION ( 'NONE',  ( 1.000000000000000000, 0.000000000000000000, 0.000000000000000000 ) ) ;
#10669 = CARTESIAN_POINT ( 'NONE',  ( 3.291673936957679292, 0.1551740072072836374, 0.5000000000000000000 ) ) ;
#10670 = ORIENTED_EDGE ( 'NONE', *, *, #271, .F. ) ;
#10671 = VERTEX_POINT ( 'NONE', #2778 ) ;
#10672 = CARTESIAN_POINT ( 'NONE',  ( -3.299999999999999822, 0.7661623507412476108, -4.500000000000001776 ) ) ;
#10673 = CARTESIAN_POINT ( 'NONE',  ( 3.250000000000001332, 1.321879589400769328, -2.076184765183203496 ) ) ;
#10674 = EDGE_LOOP ( 'NONE', ( #3246, #3841, #179, #8968, #636, #1081 ) ) ;
#10675 = EDGE_CURVE ( 'NONE', #10506, #2532, #4244, .T. ) ;
#10676 = EDGE_CURVE ( 'NONE', #7982, #752, #5361, .T. ) ;
#10677 = EDGE_CURVE ( 'NONE', #1733, #1172, #527, .T. ) ;
#10678 = VECTOR ( 'NONE', #9923, 1000.000000000000000 ) ;
#10679 = DIRECTION ( 'NONE',  ( 0.000000000000000000, 1.000000000000000000, -0.000000000000000000 ) ) ;
#10680 = ADVANCED_FACE ( 'NONE', ( #2072 ), #314, .F. ) ;
#10681 = CARTESIAN_POINT ( 'NONE',  ( 1.899932651517831639, 1.649999999999999911, 0.2412597832612956572 ) ) ;
#10682 = CARTESIAN_POINT ( 'NONE',  ( 1.748645436234199657, 0.8361278470606458013, -2.829910123383247100 ) ) ;
#10683 = B_SPLINE_CURVE_WITH_KNOTS ( 'NONE', 3,
 ( #9746, #2243, #2038, #4463, #5332, #1217 ),
 .UNSPECIFIED., .F., .F.,
 ( 4, 2, 4 ),
 ( 0.000000000000000000, 0.5000000000000000000, 1.000000000000000000 ),
 .UNSPECIFIED. ) ;
#10684 = LINE ( 'NONE', #6499, #7747 ) ;
#10685 = CARTESIAN_POINT ( 'NONE',  ( 3.197123022628389322, 0.1661989060850456168, -1.600000000000000977 ) ) ;
#10686 = ORIENTED_EDGE ( 'NONE', *, *, #6132, .T. ) ;
#10687 = PRESENTATION_LAYER_ASSIGNMENT (  '', '', ( #4542 ) ) ;
#10688 = PRODUCT_DEFINITION_CONTEXT ( 'detailed design', #10602, 'design' ) ;
#10689 = VERTEX_POINT ( 'NONE', #8694 ) ;
#10690 = FACE_OUTER_BOUND ( 'NONE', #8135, .T. ) ;
#10691 = ORIENTED_EDGE ( 'NONE', *, *, #3658, .F. ) ;
#10692 =( GEOMETRIC_REPRESENTATION_CONTEXT ( 3 ) GLOBAL_UNCERTAINTY_ASSIGNED_CONTEXT ( ( #8726 ) ) GLOBAL_UNIT_ASSIGNED_CONTEXT ( ( #8059, #422, #7900 ) ) REPRESENTATION_CONTEXT ( 'NONE', 'WORKASPACE' ) );
#10693 = CARTESIAN_POINT ( 'NONE',  ( -0.04415800111229434277, 0.05000000000000000278, 2.049933048558234105 ) ) ;
#10694 = ORIENTED_EDGE ( 'NONE', *, *, #7160, .F. ) ;
#10695 = EDGE_CURVE ( 'NONE', #3467, #6842, #6210, .T. ) ;
#10696 = MECHANICAL_DESIGN_GEOMETRIC_PRESENTATION_REPRESENTATION (  '', ( #7716 ), #2669 ) ;
#10697 = ADVANCED_FACE ( 'NONE', ( #5416 ), #2016, .T. ) ;
#10698 = LINE ( 'NONE', #8112, #5651 ) ;
#10699 = CARTESIAN_POINT ( 'NONE',  ( 2.299999999999999822, 0.9829864320293227875, 2.876807002484929043 ) ) ;
#10700 = DIRECTION ( 'NONE',  ( 0.000000000000000000, -2.670717223410072953E-17, -1.000000000000000000 ) ) ;
#10701 = DIRECTION ( 'NONE',  ( 1.000000000000000000, 0.000000000000000000, -0.000000000000000000 ) ) ;
#10702 =( LENGTH_UNIT ( ) NAMED_UNIT ( * ) SI_UNIT ( .MILLI., .METRE. ) );
#10703 = CARTESIAN_POINT ( 'NONE',  ( -1.749972624337437832, 0.9897492686847915166, -2.968821944913500488 ) ) ;
#10704 = VECTOR ( 'NONE', #3888, 1000.000000000000000 ) ;
#10705 = DIRECTION ( 'NONE',  ( 0.000000000000000000, 0.000000000000000000, -1.000000000000000000 ) ) ;
#10706 = VERTEX_POINT ( 'NONE', #4545 ) ;
#10707 = ORIENTED_EDGE ( 'NONE', *, *, #7452, .F. ) ;
#10708 = LINE ( 'NONE', #9894, #2283 ) ;
#10709 = CARTESIAN_POINT ( 'NONE',  ( -3.100000000000000533, 1.800000000000000488, -1.900000000000000799 ) ) ;
#10710 = EDGE_LOOP ( 'NONE', ( #7494, #2961 ) ) ;
#10711 = PLANE ( 'NONE',  #4225 ) ;
#10712 = B_SPLINE_CURVE_WITH_KNOTS ( 'NONE', 3,
 ( #9844, #690, #1573, #4762 ),
 .UNSPECIFIED., .F., .F.,
 ( 4, 4 ),
 ( 0.000000000000000000, 1.000000000000000000 ),
 .UNSPECIFIED. ) ;
#10713 = AXIS2_PLACEMENT_3D ( 'NONE', #2751, #10189, #10245 ) ;
#10714 = DIRECTION ( 'NONE',  ( 0.000000000000000000, 0.000000000000000000, 1.000000000000000000 ) ) ;
#10715 = STYLED_ITEM ( 'NONE', ( #8211 ), #7866 ) ;
#10716 = SURFACE_STYLE_FILL_AREA ( #4985 ) ;
#10717 =( LENGTH_UNIT ( ) NAMED_UNIT ( * ) SI_UNIT ( .MILLI., .METRE. ) );
#10719 = CARTESIAN_POINT ( 'NONE',  ( -1.849999999999999423, 0.3999999999999999112, -2.800000000000001155 ) ) ;
#10718 = DIRECTION ( 'NONE',  ( 1.000000000000000000, 0.000000000000000000, -0.000000000000000000 ) ) ;
#10720 =( LENGTH_UNIT ( ) NAMED_UNIT ( * ) SI_UNIT ( .MILLI., .METRE. ) );
#10721 = LINE ( 'NONE', #6701, #5742 ) ;
#10722 = AXIS2_PLACEMENT_3D ( 'NONE', #9142, #1742, #1639 ) ;
#10723 = CARTESIAN_POINT ( 'NONE',  ( -3.210989154900473430, 1.586465982334615665, 1.467446827165956202 ) ) ;
#10724 = ADVANCED_FACE ( 'NONE', ( #6252 ), #2120, .T. ) ;
#10725 = VERTEX_POINT ( 'NONE', #1564 ) ;
#10726 = CARTESIAN_POINT ( 'NONE',  ( -0.4499329403012188866, 0.05000000000000002359, 1.756874264265297914 ) ) ;
#10727 = DIRECTION ( 'NONE',  ( 0.000000000000000000, 0.000000000000000000, 1.000000000000000000 ) ) ;
#10728 = CARTESIAN_POINT ( 'NONE',  ( 1.850000000000000311, 1.650000000000000355, 2.700000000000000178 ) ) ;
#10729 = CARTESIAN_POINT ( 'NONE',  ( -1.724999999999999867, 1.800000000000000711, -2.701845832985407814 ) ) ;
#10730 = DIRECTION ( 'NONE',  ( 0.03489949670249305191, -0.9993908270190959842, 0.000000000000000000 ) ) ;
#10731 = ORIENTED_EDGE ( 'NONE', *, *, #1281, .F. ) ;
#10732 = VERTEX_POINT ( 'NONE', #4060 ) ;
#10733 =( LENGTH_UNIT ( ) NAMED_UNIT ( * ) SI_UNIT ( .MILLI., .METRE. ) );
#10734 = PLANE ( 'NONE',  #6158 ) ;
#10735 = ORIENTED_EDGE ( 'NONE', *, *, #249, .F. ) ;
#10736 = LINE ( 'NONE', #3177, #5314 ) ;
#10737 = DIRECTION ( 'NONE',  ( 0.000000000000000000, -0.000000000000000000, 1.000000000000000000 ) ) ;
#10738 = DIRECTION ( 'NONE',  ( 0.000000000000000000, 0.000000000000000000, -1.000000000000000000 ) ) ;
#10739 = CARTESIAN_POINT ( 'NONE',  ( -0.2500000000295548030, 0.2400000000684449630, 1.700000000000000178 ) ) ;
#10740 =( NAMED_UNIT ( * ) PLANE_ANGLE_UNIT ( ) SI_UNIT ( $, .RADIAN. ) );
#10741 = DIRECTION ( 'NONE',  ( 0.000000000000000000, -0.07083354391147970996, 0.9974881498328390661 ) ) ;
#10742 = CARTESIAN_POINT ( 'NONE',  ( 3.145255262575082256, 0.05000000000000055095, -0.5000000000000008882 ) ) ;
#10743 = VERTEX_POINT ( 'NONE', #3203 ) ;
#10744 = ORIENTED_EDGE ( 'NONE', *, *, #6238, .T. ) ;
#10745 = EDGE_CURVE ( 'NONE', #8668, #6282, #10643, .T. ) ;
#10746 = B_SPLINE_CURVE_WITH_KNOTS ( 'NONE', 3,
 ( #6097, #7695, #10329, #5105 ),
 .UNSPECIFIED., .F., .F.,
 ( 4, 4 ),
 ( 0.000000000000000000, 1.000000000000000000 ),
 .UNSPECIFIED. ) ;
#10747 = AXIS2_PLACEMENT_3D ( 'NONE', #10212, #4483, #7844 ) ;
#10748 = ORIENTED_EDGE ( 'NONE', *, *, #8800, .T. ) ;
#10749 = EDGE_CURVE ( 'NONE', #2231, #7893, #10144, .T. ) ;
#10750 = FACE_OUTER_BOUND ( 'NONE', #4538, .T. ) ;
#10751 = ORIENTED_EDGE ( 'NONE', *, *, #1053, .T. ) ;
#10752 = VERTEX_POINT ( 'NONE', #4107 ) ;
#10753 = EDGE_CURVE ( 'NONE', #8713, #1705, #1459, .T. ) ;
#10754 = CARTESIAN_POINT ( 'NONE',  ( 2.199999999999999734, 0.2000000000000000111, -1.800000000000000488 ) ) ;
#10755 = VECTOR ( 'NONE', #8817, 1000.000000000000000 ) ;
#10756 = CARTESIAN_POINT ( 'NONE',  ( 2.969135892120494891, 1.467714666350000030, -2.972285464116815490 ) ) ;
#10757 = DIRECTION ( 'NONE',  ( 0.000000000000000000, -0.9863939238321436376, -0.1643989873053577078 ) ) ;
#10758 = VERTEX_POINT ( 'NONE', #4003 ) ;
#10759 = ORIENTED_EDGE ( 'NONE', *, *, #3637, .F. ) ;
#10760 = CARTESIAN_POINT ( 'NONE',  ( 0.000000000000000000, 0.05000000000000000278, 1.700000000000000178 ) ) ;
#10761 = CARTESIAN_POINT ( 'NONE',  ( -3.000000000000000000, 3.058578643762690508, 1.499999999999999778 ) ) ;
#10762 = EDGE_CURVE ( 'NONE', #3713, #2109, #2339, .T. ) ;
#10763 = EDGE_LOOP ( 'NONE', ( #4437, #9158, #3228, #1099 ) ) ;
#10764 = CARTESIAN_POINT ( 'NONE',  ( 1.900000000000000133, 0.4500000000000001776, -0.9000000000000004663 ) ) ;
#10765 = VECTOR ( 'NONE', #2132, 1000.000000000000000 ) ;
#10766 = CARTESIAN_POINT ( 'NONE',  ( 3.232597679844644301, 0.3730819044509732230, -1.750000000000000666 ) ) ;
#10768 = DIRECTION ( 'NONE',  ( 0.000000000000000000, 0.000000000000000000, 1.000000000000000000 ) ) ;
#10767 =( LENGTH_UNIT ( ) NAMED_UNIT ( * ) SI_UNIT ( .MILLI., .METRE. ) );
#10769 = FILL_AREA_STYLE_COLOUR ( '', #8386 ) ;
#10770 = AXIS2_PLACEMENT_3D ( 'NONE', #6554, #4839, #9977 ) ;
#10771 = CARTESIAN_POINT ( 'NONE',  ( 1.725000000000000089, 1.554657163815786003, -2.951802450871778394 ) ) ;
#10772 = ORIENTED_EDGE ( 'NONE', *, *, #8328, .F. ) ;
#10773 = VECTOR ( 'NONE', #5336, 1000.000000000000000 ) ;
#10774 = CARTESIAN_POINT ( 'NONE',  ( -0.2963814269570165250, 0.05000000000000000278, 1.359933049050300546 ) ) ;
#10775 = CARTESIAN_POINT ( 'NONE',  ( 2.075244797380500383, 1.550000000000000488, -2.701845832985407814 ) ) ;
#10776 = DIRECTION ( 'NONE',  ( 0.4657464327780650448, -0.8849182224106967309, 0.000000000000000000 ) ) ;
#10777 = CARTESIAN_POINT ( 'NONE',  ( -2.399999999999999467, 0.4500000000000001776, 0.9000000000000005773 ) ) ;
#10778 = ORIENTED_EDGE ( 'NONE', *, *, #10812, .F. ) ;
#10779 = ORIENTED_EDGE ( 'NONE', *, *, #8530, .F. ) ;
#10780 = PRODUCT ( 'EVQQ2-DHMSW2-03W_1', 'EVQQ2-DHMSW2-03W_1', '', ( #7106 ) ) ;
#10781 = ORIENTED_EDGE ( 'NONE', *, *, #2406, .T. ) ;
#10782 = CARTESIAN_POINT ( 'NONE',  ( -2.399999999999999911, 0.05000000000000000278, 0.9999999999999993339 ) ) ;
#10783 = EDGE_CURVE ( 'NONE', #2704, #2268, #2705, .T. ) ;
#10784 = CARTESIAN_POINT ( 'NONE',  ( 2.951184463531093094, 1.629893766851911785, 2.700000000000000622 ) ) ;
#10785 = LINE ( 'NONE', #7330, #233 ) ;
#10786 = CARTESIAN_POINT ( 'NONE',  ( 0.000000000000000000, 0.05000000000000000278, 1.250000000000000222 ) ) ;
#10787 = CARTESIAN_POINT ( 'NONE',  ( -3.232597679844644301, 0.3730819044509719462, 1.749999999999998224 ) ) ;
#10788 = DIRECTION ( 'NONE',  ( 0.000000000000000000, 1.000000000000000000, 0.000000000000000000 ) ) ;
#10789 = ORIENTED_EDGE ( 'NONE', *, *, #3030, .F. ) ;
#10790 = ORIENTED_EDGE ( 'NONE', *, *, #2335, .T. ) ;
#10791 = UNCERTAINTY_MEASURE_WITH_UNIT (LENGTH_MEASURE( 1.000000000000000082E-05 ), #10505, 'distance_accuracy_value', 'NONE');
#10792 = ORIENTED_EDGE ( 'NONE', *, *, #652, .T. ) ;
#10793 = DIRECTION ( 'NONE',  ( -0.000000000000000000, -1.000000000000000000, 0.000000000000000000 ) ) ;
#10794 = ORIENTED_EDGE ( 'NONE', *, *, #10749, .F. ) ;
#10795 = LINE ( 'NONE', #5012, #6525 ) ;
#10796 = ORIENTED_EDGE ( 'NONE', *, *, #7385, .F. ) ;
#10797 = EDGE_CURVE ( 'NONE', #6337, #4808, #4854, .T. ) ;
#10798 = SURFACE_SIDE_STYLE ('',( #7450 ) ) ;
#10799 = FACE_OUTER_BOUND ( 'NONE', #895, .T. ) ;
#10800 = ADVANCED_FACE ( 'NONE', ( #10801 ), #6513, .T. ) ;
#10801 = FACE_OUTER_BOUND ( 'NONE', #5559, .T. ) ;
#10802 = CARTESIAN_POINT ( 'NONE',  ( 2.912371676056425773, 1.439999999999996394, -3.000000000000000888 ) ) ;
#10803 =( REPRESENTATION_RELATIONSHIP ('NONE','NONE', #7237, #4369 ) REPRESENTATION_RELATIONSHIP_WITH_TRANSFORMATION ( #6438 )SHAPE_REPRESENTATION_RELATIONSHIP( ) );
#10804 = ORIENTED_EDGE ( 'NONE', *, *, #3043, .T. ) ;
#10805 = EDGE_LOOP ( 'NONE', ( #7319, #4328, #7737, #7436 ) ) ;
#10806 = DIRECTION ( 'NONE',  ( -8.673617379884087537E-15, 0.000000000000000000, -1.000000000000000000 ) ) ;
#10807 = ORIENTED_EDGE ( 'NONE', *, *, #4131, .T. ) ;
#10808 = EDGE_CURVE ( 'NONE', #9170, #10195, #9107, .T. ) ;
#10809 = EDGE_CURVE ( 'NONE', #590, #4407, #7454, .T. ) ;
#10810 = EDGE_CURVE ( 'NONE', #10706, #1194, #1292, .T. ) ;
#10811 = CARTESIAN_POINT ( 'NONE',  ( 1.750000000000000444, 0.9824615816236952348, -2.869415983609707510 ) ) ;
#10812 = EDGE_CURVE ( 'NONE', #8381, #7792, #4700, .T. ) ;
#10813 = CARTESIAN_POINT ( 'NONE',  ( -3.000000000000000888, 1.649999999999999689, -2.699999999999999734 ) ) ;
#10815 = LINE ( 'NONE', #8237, #1865 ) ;
#10814 = PLANE ( 'NONE',  #343 ) ;
#10816 = CARTESIAN_POINT ( 'NONE',  ( -1.749999999999999556, 1.640999999999999792, 2.799999999999999822 ) ) ;
#10817 = CARTESIAN_POINT ( 'NONE',  ( -0.1942266453702491680, 0.05000000000000000278, 1.293774566265668335 ) ) ;
#10818 = NEXT_ASSEMBLY_USAGE_OCCURRENCE ( 'NAUO1', ' ', ' ', #7651, #6980, $ ) ;
#10819 = NEXT_ASSEMBLY_USAGE_OCCURRENCE ( 'NAUO2', ' ', ' ', #7651, #4881, $ ) ;
#10820 = NEXT_ASSEMBLY_USAGE_OCCURRENCE ( 'NAUO3', ' ', ' ', #7651, #1324, $ ) ;
#10821 = NEXT_ASSEMBLY_USAGE_OCCURRENCE ( 'NAUO4', ' ', ' ', #7651, #2187, $ ) ;
#10822 = NEXT_ASSEMBLY_USAGE_OCCURRENCE ( 'NAUO5', ' ', ' ', #7651, #6046, $ ) ;
ENDSEC;
END-ISO-10303-21;
