ISO-10303-21;
HEADER;
FILE_DESCRIPTION(('STEP AP214'),'1');
FILE_NAME('m20-9770446.stp','2026-05-09T11:33:07',('TraceParts'),('TraceParts S.A.S.'),'Spatial InterOp 3D',' ',' ');
FILE_SCHEMA(('AUTOMOTIVE_DESIGN { 1 0 10303 214 1 1 1 1 }'));
ENDSEC;
DATA;
#1=MECHANICAL_DESIGN_GEOMETRIC_PRESENTATION_REPRESENTATION(' ',(#14,#15,#16,#17,#18),#10);
#2=PRODUCT_DEFINITION_CONTEXT('',#19,'design');
#3=APPLICATION_PROTOCOL_DEFINITION('INTERNATIONAL STANDARD','automotive_design',1994,#19);
#4=PRODUCT_CATEGORY_RELATIONSHIP('NONE','NONE',#20,#21);
#5=SHAPE_DEFINITION_REPRESENTATION(#22,#23);
#6=SHAPE_DEFINITION_REPRESENTATION(#22,#24);
#7=SHAPE_DEFINITION_REPRESENTATION(#22,#25);
#8=SHAPE_DEFINITION_REPRESENTATION(#22,#26);
#9=SHAPE_DEFINITION_REPRESENTATION(#22,#27);
#10= (GEOMETRIC_REPRESENTATION_CONTEXT(3)GLOBAL_UNCERTAINTY_ASSIGNED_CONTEXT((#30))GLOBAL_UNIT_ASSIGNED_CONTEXT((#32,#33,#34))REPRESENTATION_CONTEXT('NONE','WORKSPACE'));
#14=STYLED_ITEM('',(#36),#37);
#15=STYLED_ITEM('',(#38),#39);
#16=STYLED_ITEM('',(#40),#41);
#17=STYLED_ITEM('',(#42),#43);
#18=STYLED_ITEM('',(#44),#45);
#19=APPLICATION_CONTEXT(' ');
#20=PRODUCT_CATEGORY('part','NONE');
#21=PRODUCT_RELATED_PRODUCT_CATEGORY('detail',' ',(#46));
#22=PRODUCT_DEFINITION_SHAPE('NONE','NONE',#47);
#23=ADVANCED_BREP_SHAPE_REPRESENTATION('1',(#37,#48),#10);
#24=ADVANCED_BREP_SHAPE_REPRESENTATION('2',(#39,#49),#10);
#25=ADVANCED_BREP_SHAPE_REPRESENTATION('3',(#41,#50),#10);
#26=ADVANCED_BREP_SHAPE_REPRESENTATION('4',(#43,#51),#10);
#27=ADVANCED_BREP_SHAPE_REPRESENTATION('5',(#45,#52),#10);
#30=UNCERTAINTY_MEASURE_WITH_UNIT(LENGTH_MEASURE(1.0E-06),#32,'','');
#32= (CONVERSION_BASED_UNIT('MILLIMETRE',#55)LENGTH_UNIT()NAMED_UNIT(#58));
#33= (NAMED_UNIT(#60)PLANE_ANGLE_UNIT()SI_UNIT($,.RADIAN.));
#34= (NAMED_UNIT(#60)SOLID_ANGLE_UNIT()SI_UNIT($,.STERADIAN.));
#36=PRESENTATION_STYLE_ASSIGNMENT((#66));
#37=MANIFOLD_SOLID_BREP('1',#67);
#38=PRESENTATION_STYLE_ASSIGNMENT((#68));
#39=MANIFOLD_SOLID_BREP('2',#69);
#40=PRESENTATION_STYLE_ASSIGNMENT((#70));
#41=MANIFOLD_SOLID_BREP('3',#71);
#42=PRESENTATION_STYLE_ASSIGNMENT((#72));
#43=MANIFOLD_SOLID_BREP('4',#73);
#44=PRESENTATION_STYLE_ASSIGNMENT((#74));
#45=MANIFOLD_SOLID_BREP('5',#75);
#46=PRODUCT('1','','PART--DESC',(#76));
#47=PRODUCT_DEFINITION('','NONE',#77,#2);
#48=AXIS2_PLACEMENT_3D('',#78,#79,#80);
#49=AXIS2_PLACEMENT_3D('',#81,#82,#83);
#50=AXIS2_PLACEMENT_3D('',#84,#85,#86);
#51=AXIS2_PLACEMENT_3D('',#87,#88,#89);
#52=AXIS2_PLACEMENT_3D('',#90,#91,#92);
#55=LENGTH_MEASURE_WITH_UNIT(LENGTH_MEASURE(1.0),#93);
#58=DIMENSIONAL_EXPONENTS(1.0,0.0,0.0,0.0,0.0,0.0,0.0);
#60=DIMENSIONAL_EXPONENTS(0.0,0.0,0.0,0.0,0.0,0.0,0.0);
#66=SURFACE_STYLE_USAGE(.BOTH.,#94);
#67=CLOSED_SHELL('',(#95,#96,#97,#98,#99,#100,#101,#102,#103,#104,#105,#106,#107,#108,#109,#110,#111,#112,#113,#114,#115,#116,#117,#118,#119,#120,#121,#122,#123,#124,#125,#126,#127,#128,#129,#130,#131,#132,#133,#134,#135,#136,#137,#138,#139,#140,#141,#142,#143,#144,#145,#146,#147,#148,#149,#150,#151,#152,#153,#154,#155,#156,#157,#158,#159,#160,#161,#162,#163,#164,#165,#166,#167,#168,#169,#170,#171,#172,#173,#174,#175,#176,#177,#178,#179,#180,#181,#182,#183,#184,#185,#186,#187,#188,#189,#190,#191,#192));
#68=SURFACE_STYLE_USAGE(.BOTH.,#193);
#69=CLOSED_SHELL('',(#194,#195,#196,#197,#198,#199,#200,#201,#202,#203,#204,#205,#206,#207));
#70=SURFACE_STYLE_USAGE(.BOTH.,#208);
#71=CLOSED_SHELL('',(#209,#210,#211,#212,#213,#214,#215,#216,#217,#218,#219,#220,#221,#222));
#72=SURFACE_STYLE_USAGE(.BOTH.,#223);
#73=CLOSED_SHELL('',(#224,#225,#226,#227,#228,#229,#230,#231,#232,#233,#234,#235,#236,#237));
#74=SURFACE_STYLE_USAGE(.BOTH.,#238);
#75=CLOSED_SHELL('',(#239,#240,#241,#242,#243,#244,#245,#246,#247,#248,#249,#250,#251,#252));
#76=PRODUCT_CONTEXT('',#19,'mechanical');
#77=PRODUCT_DEFINITION_FORMATION_WITH_SPECIFIED_SOURCE(' ','NONE',#46,.NOT_KNOWN.);
#78=CARTESIAN_POINT('',(0.0,0.0,0.0));
#79=DIRECTION('',(0.0,0.0,1.0));
#80=DIRECTION('',(1.0,0.0,0.0));
#81=CARTESIAN_POINT('',(0.0,0.0,0.0));
#82=DIRECTION('',(0.0,0.0,1.0));
#83=DIRECTION('',(1.0,0.0,0.0));
#84=CARTESIAN_POINT('',(0.0,0.0,0.0));
#85=DIRECTION('',(0.0,0.0,1.0));
#86=DIRECTION('',(1.0,0.0,0.0));
#87=CARTESIAN_POINT('',(0.0,0.0,0.0));
#88=DIRECTION('',(0.0,0.0,1.0));
#89=DIRECTION('',(1.0,0.0,0.0));
#90=CARTESIAN_POINT('',(0.0,0.0,0.0));
#91=DIRECTION('',(0.0,0.0,1.0));
#92=DIRECTION('',(1.0,0.0,0.0));
#93= (NAMED_UNIT(#58)LENGTH_UNIT()SI_UNIT(.MILLI.,.METRE.));
#94=SURFACE_SIDE_STYLE('',(#254));
#95=ADVANCED_FACE('',(#255,#256),#257,.F.);
#96=ADVANCED_FACE('',(#258),#259,.T.);
#97=ADVANCED_FACE('',(#260),#261,.T.);
#98=ADVANCED_FACE('',(#262,#263),#264,.F.);
#99=ADVANCED_FACE('',(#265),#266,.T.);
#100=ADVANCED_FACE('',(#267),#268,.T.);
#101=ADVANCED_FACE('',(#269,#270),#271,.F.);
#102=ADVANCED_FACE('',(#272),#273,.T.);
#103=ADVANCED_FACE('',(#274),#275,.T.);
#104=ADVANCED_FACE('',(#276,#277),#278,.F.);
#105=ADVANCED_FACE('',(#279),#280,.T.);
#106=ADVANCED_FACE('',(#281),#282,.T.);
#107=ADVANCED_FACE('',(#283,#284),#285,.T.);
#108=ADVANCED_FACE('',(#286),#287,.T.);
#109=ADVANCED_FACE('',(#288),#289,.T.);
#110=ADVANCED_FACE('',(#290),#291,.T.);
#111=ADVANCED_FACE('',(#292),#293,.T.);
#112=ADVANCED_FACE('',(#294),#295,.F.);
#113=ADVANCED_FACE('',(#296),#297,.T.);
#114=ADVANCED_FACE('',(#298),#299,.T.);
#115=ADVANCED_FACE('',(#300),#301,.F.);
#116=ADVANCED_FACE('',(#302),#303,.F.);
#117=ADVANCED_FACE('',(#304),#305,.F.);
#118=ADVANCED_FACE('',(#306),#307,.T.);
#119=ADVANCED_FACE('',(#308),#309,.F.);
#120=ADVANCED_FACE('',(#310),#311,.F.);
#121=ADVANCED_FACE('',(#312),#313,.T.);
#122=ADVANCED_FACE('',(#314),#315,.T.);
#123=ADVANCED_FACE('',(#316),#317,.T.);
#124=ADVANCED_FACE('',(#318),#319,.F.);
#125=ADVANCED_FACE('',(#320),#321,.T.);
#126=ADVANCED_FACE('',(#322),#323,.T.);
#127=ADVANCED_FACE('',(#324),#325,.F.);
#128=ADVANCED_FACE('',(#326),#327,.T.);
#129=ADVANCED_FACE('',(#328),#329,.F.);
#130=ADVANCED_FACE('',(#330),#331,.F.);
#131=ADVANCED_FACE('',(#332,#333),#334,.T.);
#132=ADVANCED_FACE('',(#335),#336,.T.);
#133=ADVANCED_FACE('',(#337),#338,.T.);
#134=ADVANCED_FACE('',(#339),#340,.T.);
#135=ADVANCED_FACE('',(#341),#342,.T.);
#136=ADVANCED_FACE('',(#343),#344,.F.);
#137=ADVANCED_FACE('',(#345),#346,.F.);
#138=ADVANCED_FACE('',(#347),#348,.T.);
#139=ADVANCED_FACE('',(#349),#350,.T.);
#140=ADVANCED_FACE('',(#351),#352,.T.);
#141=ADVANCED_FACE('',(#353),#354,.F.);
#142=ADVANCED_FACE('',(#355),#356,.T.);
#143=ADVANCED_FACE('',(#357),#358,.T.);
#144=ADVANCED_FACE('',(#359),#360,.F.);
#145=ADVANCED_FACE('',(#361),#362,.T.);
#146=ADVANCED_FACE('',(#363),#364,.F.);
#147=ADVANCED_FACE('',(#365),#366,.F.);
#148=ADVANCED_FACE('',(#367,#368),#369,.T.);
#149=ADVANCED_FACE('',(#370),#371,.T.);
#150=ADVANCED_FACE('',(#372),#373,.T.);
#151=ADVANCED_FACE('',(#374),#375,.T.);
#152=ADVANCED_FACE('',(#376),#377,.T.);
#153=ADVANCED_FACE('',(#378),#379,.F.);
#154=ADVANCED_FACE('',(#380),#381,.F.);
#155=ADVANCED_FACE('',(#382),#383,.T.);
#156=ADVANCED_FACE('',(#384),#385,.T.);
#157=ADVANCED_FACE('',(#386),#387,.T.);
#158=ADVANCED_FACE('',(#388),#389,.F.);
#159=ADVANCED_FACE('',(#390),#391,.T.);
#160=ADVANCED_FACE('',(#392),#393,.T.);
#161=ADVANCED_FACE('',(#394),#395,.F.);
#162=ADVANCED_FACE('',(#396),#397,.T.);
#163=ADVANCED_FACE('',(#398),#399,.F.);
#164=ADVANCED_FACE('',(#400),#401,.F.);
#165=ADVANCED_FACE('',(#402,#403),#404,.T.);
#166=ADVANCED_FACE('',(#405),#406,.T.);
#167=ADVANCED_FACE('',(#407),#408,.T.);
#168=ADVANCED_FACE('',(#409),#410,.T.);
#169=ADVANCED_FACE('',(#411),#412,.T.);
#170=ADVANCED_FACE('',(#413),#414,.F.);
#171=ADVANCED_FACE('',(#415),#416,.F.);
#172=ADVANCED_FACE('',(#417),#418,.T.);
#173=ADVANCED_FACE('',(#419),#420,.T.);
#174=ADVANCED_FACE('',(#421),#422,.T.);
#175=ADVANCED_FACE('',(#423),#424,.T.);
#176=ADVANCED_FACE('',(#425),#426,.T.);
#177=ADVANCED_FACE('',(#427),#428,.F.);
#178=ADVANCED_FACE('',(#429),#430,.F.);
#179=ADVANCED_FACE('',(#431),#432,.F.);
#180=ADVANCED_FACE('',(#433),#434,.F.);
#181=ADVANCED_FACE('',(#435),#436,.F.);
#182=ADVANCED_FACE('',(#437),#438,.F.);
#183=ADVANCED_FACE('',(#439),#440,.F.);
#184=ADVANCED_FACE('',(#441),#442,.F.);
#185=ADVANCED_FACE('',(#443),#444,.F.);
#186=ADVANCED_FACE('',(#445),#446,.F.);
#187=ADVANCED_FACE('',(#447),#448,.F.);
#188=ADVANCED_FACE('',(#449),#450,.F.);
#189=ADVANCED_FACE('',(#451),#452,.F.);
#190=ADVANCED_FACE('',(#453),#454,.F.);
#191=ADVANCED_FACE('',(#455),#456,.F.);
#192=ADVANCED_FACE('',(#457),#458,.F.);
#193=SURFACE_SIDE_STYLE('',(#459));
#194=ADVANCED_FACE('',(#460),#461,.F.);
#195=ADVANCED_FACE('',(#462),#463,.T.);
#196=ADVANCED_FACE('',(#464),#465,.T.);
#197=ADVANCED_FACE('',(#466),#467,.T.);
#198=ADVANCED_FACE('',(#468),#469,.T.);
#199=ADVANCED_FACE('',(#470),#471,.T.);
#200=ADVANCED_FACE('',(#472),#473,.T.);
#201=ADVANCED_FACE('',(#474),#475,.T.);
#202=ADVANCED_FACE('',(#476),#477,.T.);
#203=ADVANCED_FACE('',(#478),#479,.F.);
#204=ADVANCED_FACE('',(#480),#481,.T.);
#205=ADVANCED_FACE('',(#482),#483,.F.);
#206=ADVANCED_FACE('',(#484),#485,.F.);
#207=ADVANCED_FACE('',(#486),#487,.F.);
#208=SURFACE_SIDE_STYLE('',(#488));
#209=ADVANCED_FACE('',(#489),#490,.F.);
#210=ADVANCED_FACE('',(#491),#492,.T.);
#211=ADVANCED_FACE('',(#493),#494,.T.);
#212=ADVANCED_FACE('',(#495),#496,.T.);
#213=ADVANCED_FACE('',(#497),#498,.T.);
#214=ADVANCED_FACE('',(#499),#500,.T.);
#215=ADVANCED_FACE('',(#501),#502,.T.);
#216=ADVANCED_FACE('',(#503),#504,.T.);
#217=ADVANCED_FACE('',(#505),#506,.T.);
#218=ADVANCED_FACE('',(#507),#508,.F.);
#219=ADVANCED_FACE('',(#509),#510,.T.);
#220=ADVANCED_FACE('',(#511),#512,.F.);
#221=ADVANCED_FACE('',(#513),#514,.F.);
#222=ADVANCED_FACE('',(#515),#516,.F.);
#223=SURFACE_SIDE_STYLE('',(#517));
#224=ADVANCED_FACE('',(#518),#519,.F.);
#225=ADVANCED_FACE('',(#520),#521,.T.);
#226=ADVANCED_FACE('',(#522),#523,.T.);
#227=ADVANCED_FACE('',(#524),#525,.T.);
#228=ADVANCED_FACE('',(#526),#527,.T.);
#229=ADVANCED_FACE('',(#528),#529,.T.);
#230=ADVANCED_FACE('',(#530),#531,.T.);
#231=ADVANCED_FACE('',(#532),#533,.T.);
#232=ADVANCED_FACE('',(#534),#535,.T.);
#233=ADVANCED_FACE('',(#536),#537,.F.);
#234=ADVANCED_FACE('',(#538),#539,.T.);
#235=ADVANCED_FACE('',(#540),#541,.F.);
#236=ADVANCED_FACE('',(#542),#543,.F.);
#237=ADVANCED_FACE('',(#544),#545,.F.);
#238=SURFACE_SIDE_STYLE('',(#546));
#239=ADVANCED_FACE('',(#547),#548,.F.);
#240=ADVANCED_FACE('',(#549),#550,.T.);
#241=ADVANCED_FACE('',(#551),#552,.T.);
#242=ADVANCED_FACE('',(#553),#554,.T.);
#243=ADVANCED_FACE('',(#555),#556,.T.);
#244=ADVANCED_FACE('',(#557),#558,.T.);
#245=ADVANCED_FACE('',(#559),#560,.T.);
#246=ADVANCED_FACE('',(#561),#562,.T.);
#247=ADVANCED_FACE('',(#563),#564,.T.);
#248=ADVANCED_FACE('',(#565),#566,.F.);
#249=ADVANCED_FACE('',(#567),#568,.T.);
#250=ADVANCED_FACE('',(#569),#570,.F.);
#251=ADVANCED_FACE('',(#571),#572,.F.);
#252=ADVANCED_FACE('',(#573),#574,.F.);
#254=SURFACE_STYLE_FILL_AREA(#575);
#255=FACE_OUTER_BOUND('',#576,.T.);
#256=FACE_BOUND('',#577,.T.);
#257=PLANE('',#578);
#258=FACE_OUTER_BOUND('',#579,.T.);
#259=PLANE('',#580);
#260=FACE_OUTER_BOUND('',#581,.T.);
#261=PLANE('',#582);
#262=FACE_OUTER_BOUND('',#583,.T.);
#263=FACE_BOUND('',#584,.T.);
#264=PLANE('',#585);
#265=FACE_OUTER_BOUND('',#586,.T.);
#266=PLANE('',#587);
#267=FACE_OUTER_BOUND('',#588,.T.);
#268=PLANE('',#589);
#269=FACE_OUTER_BOUND('',#590,.T.);
#270=FACE_BOUND('',#591,.T.);
#271=PLANE('',#592);
#272=FACE_OUTER_BOUND('',#593,.T.);
#273=PLANE('',#594);
#274=FACE_OUTER_BOUND('',#595,.T.);
#275=PLANE('',#596);
#276=FACE_OUTER_BOUND('',#597,.T.);
#277=FACE_BOUND('',#598,.T.);
#278=PLANE('',#599);
#279=FACE_OUTER_BOUND('',#600,.T.);
#280=PLANE('',#601);
#281=FACE_OUTER_BOUND('',#602,.T.);
#282=PLANE('',#603);
#283=FACE_OUTER_BOUND('',#604,.T.);
#284=FACE_BOUND('',#605,.T.);
#285=PLANE('',#606);
#286=FACE_OUTER_BOUND('',#607,.T.);
#287=PLANE('',#608);
#288=FACE_OUTER_BOUND('',#609,.T.);
#289=PLANE('',#610);
#290=FACE_OUTER_BOUND('',#611,.T.);
#291=PLANE('',#612);
#292=FACE_OUTER_BOUND('',#613,.T.);
#293=PLANE('',#614);
#294=FACE_OUTER_BOUND('',#615,.T.);
#295=PLANE('',#616);
#296=FACE_OUTER_BOUND('',#617,.T.);
#297=PLANE('',#618);
#298=FACE_OUTER_BOUND('',#619,.T.);
#299=PLANE('',#620);
#300=FACE_OUTER_BOUND('',#621,.T.);
#301=PLANE('',#622);
#302=FACE_OUTER_BOUND('',#623,.T.);
#303=PLANE('',#624);
#304=FACE_OUTER_BOUND('',#625,.T.);
#305=PLANE('',#626);
#306=FACE_OUTER_BOUND('',#627,.T.);
#307=PLANE('',#628);
#308=FACE_OUTER_BOUND('',#629,.T.);
#309=PLANE('',#630);
#310=FACE_OUTER_BOUND('',#631,.T.);
#311=PLANE('',#632);
#312=FACE_OUTER_BOUND('',#633,.T.);
#313=PLANE('',#634);
#314=FACE_OUTER_BOUND('',#635,.T.);
#315=PLANE('',#636);
#316=FACE_OUTER_BOUND('',#637,.T.);
#317=PLANE('',#638);
#318=FACE_OUTER_BOUND('',#639,.T.);
#319=PLANE('',#640);
#320=FACE_OUTER_BOUND('',#641,.T.);
#321=PLANE('',#642);
#322=FACE_OUTER_BOUND('',#643,.T.);
#323=PLANE('',#644);
#324=FACE_OUTER_BOUND('',#645,.T.);
#325=PLANE('',#646);
#326=FACE_OUTER_BOUND('',#647,.T.);
#327=PLANE('',#648);
#328=FACE_OUTER_BOUND('',#649,.T.);
#329=PLANE('',#650);
#330=FACE_OUTER_BOUND('',#651,.T.);
#331=PLANE('',#652);
#332=FACE_OUTER_BOUND('',#653,.T.);
#333=FACE_BOUND('',#654,.T.);
#334=PLANE('',#655);
#335=FACE_OUTER_BOUND('',#656,.T.);
#336=PLANE('',#657);
#337=FACE_OUTER_BOUND('',#658,.T.);
#338=PLANE('',#659);
#339=FACE_OUTER_BOUND('',#660,.T.);
#340=PLANE('',#661);
#341=FACE_OUTER_BOUND('',#662,.T.);
#342=PLANE('',#663);
#343=FACE_OUTER_BOUND('',#664,.T.);
#344=PLANE('',#665);
#345=FACE_OUTER_BOUND('',#666,.T.);
#346=PLANE('',#667);
#347=FACE_OUTER_BOUND('',#668,.T.);
#348=PLANE('',#669);
#349=FACE_OUTER_BOUND('',#670,.T.);
#350=PLANE('',#671);
#351=FACE_OUTER_BOUND('',#672,.T.);
#352=PLANE('',#673);
#353=FACE_OUTER_BOUND('',#674,.T.);
#354=PLANE('',#675);
#355=FACE_OUTER_BOUND('',#676,.T.);
#356=PLANE('',#677);
#357=FACE_OUTER_BOUND('',#678,.T.);
#358=PLANE('',#679);
#359=FACE_OUTER_BOUND('',#680,.T.);
#360=PLANE('',#681);
#361=FACE_OUTER_BOUND('',#682,.T.);
#362=PLANE('',#683);
#363=FACE_OUTER_BOUND('',#684,.T.);
#364=PLANE('',#685);
#365=FACE_OUTER_BOUND('',#686,.T.);
#366=PLANE('',#687);
#367=FACE_OUTER_BOUND('',#688,.T.);
#368=FACE_BOUND('',#689,.T.);
#369=PLANE('',#690);
#370=FACE_OUTER_BOUND('',#691,.T.);
#371=PLANE('',#692);
#372=FACE_OUTER_BOUND('',#693,.T.);
#373=PLANE('',#694);
#374=FACE_OUTER_BOUND('',#695,.T.);
#375=PLANE('',#696);
#376=FACE_OUTER_BOUND('',#697,.T.);
#377=PLANE('',#698);
#378=FACE_OUTER_BOUND('',#699,.T.);
#379=PLANE('',#700);
#380=FACE_OUTER_BOUND('',#701,.T.);
#381=PLANE('',#702);
#382=FACE_OUTER_BOUND('',#703,.T.);
#383=PLANE('',#704);
#384=FACE_OUTER_BOUND('',#705,.T.);
#385=PLANE('',#706);
#386=FACE_OUTER_BOUND('',#707,.T.);
#387=PLANE('',#708);
#388=FACE_OUTER_BOUND('',#709,.T.);
#389=PLANE('',#710);
#390=FACE_OUTER_BOUND('',#711,.T.);
#391=PLANE('',#712);
#392=FACE_OUTER_BOUND('',#713,.T.);
#393=PLANE('',#714);
#394=FACE_OUTER_BOUND('',#715,.T.);
#395=PLANE('',#716);
#396=FACE_OUTER_BOUND('',#717,.T.);
#397=PLANE('',#718);
#398=FACE_OUTER_BOUND('',#719,.T.);
#399=PLANE('',#720);
#400=FACE_OUTER_BOUND('',#721,.T.);
#401=PLANE('',#722);
#402=FACE_OUTER_BOUND('',#723,.T.);
#403=FACE_BOUND('',#724,.T.);
#404=PLANE('',#725);
#405=FACE_OUTER_BOUND('',#726,.T.);
#406=PLANE('',#727);
#407=FACE_OUTER_BOUND('',#728,.T.);
#408=PLANE('',#729);
#409=FACE_OUTER_BOUND('',#730,.T.);
#410=PLANE('',#731);
#411=FACE_OUTER_BOUND('',#732,.T.);
#412=PLANE('',#733);
#413=FACE_OUTER_BOUND('',#734,.T.);
#414=PLANE('',#735);
#415=FACE_OUTER_BOUND('',#736,.T.);
#416=PLANE('',#737);
#417=FACE_OUTER_BOUND('',#738,.T.);
#418=PLANE('',#739);
#419=FACE_OUTER_BOUND('',#740,.T.);
#420=PLANE('',#741);
#421=FACE_OUTER_BOUND('',#742,.T.);
#422=PLANE('',#743);
#423=FACE_OUTER_BOUND('',#744,.T.);
#424=PLANE('',#745);
#425=FACE_OUTER_BOUND('',#746,.T.);
#426=PLANE('',#747);
#427=FACE_OUTER_BOUND('',#748,.T.);
#428=PLANE('',#749);
#429=FACE_OUTER_BOUND('',#750,.T.);
#430=PLANE('',#751);
#431=FACE_OUTER_BOUND('',#752,.T.);
#432=PLANE('',#753);
#433=FACE_OUTER_BOUND('',#754,.T.);
#434=PLANE('',#755);
#435=FACE_OUTER_BOUND('',#756,.T.);
#436=PLANE('',#757);
#437=FACE_OUTER_BOUND('',#758,.T.);
#438=PLANE('',#759);
#439=FACE_OUTER_BOUND('',#760,.T.);
#440=PLANE('',#761);
#441=FACE_OUTER_BOUND('',#762,.T.);
#442=PLANE('',#763);
#443=FACE_OUTER_BOUND('',#764,.T.);
#444=PLANE('',#765);
#445=FACE_OUTER_BOUND('',#766,.T.);
#446=PLANE('',#767);
#447=FACE_OUTER_BOUND('',#768,.T.);
#448=PLANE('',#769);
#449=FACE_OUTER_BOUND('',#770,.T.);
#450=PLANE('',#771);
#451=FACE_OUTER_BOUND('',#772,.T.);
#452=PLANE('',#773);
#453=FACE_OUTER_BOUND('',#774,.T.);
#454=PLANE('',#775);
#455=FACE_OUTER_BOUND('',#776,.T.);
#456=PLANE('',#777);
#457=FACE_OUTER_BOUND('',#778,.T.);
#458=PLANE('',#779);
#459=SURFACE_STYLE_FILL_AREA(#780);
#460=FACE_OUTER_BOUND('',#781,.T.);
#461=PLANE('',#782);
#462=FACE_OUTER_BOUND('',#783,.T.);
#463=PLANE('',#784);
#464=FACE_OUTER_BOUND('',#785,.T.);
#465=PLANE('',#786);
#466=FACE_OUTER_BOUND('',#787,.T.);
#467=PLANE('',#788);
#468=FACE_OUTER_BOUND('',#789,.T.);
#469=PLANE('',#790);
#470=FACE_OUTER_BOUND('',#791,.T.);
#471=PLANE('',#792);
#472=FACE_OUTER_BOUND('',#793,.T.);
#473=PLANE('',#794);
#474=FACE_OUTER_BOUND('',#795,.T.);
#475=PLANE('',#796);
#476=FACE_OUTER_BOUND('',#797,.T.);
#477=PLANE('',#798);
#478=FACE_OUTER_BOUND('',#799,.T.);
#479=PLANE('',#800);
#480=FACE_OUTER_BOUND('',#801,.T.);
#481=PLANE('',#802);
#482=FACE_OUTER_BOUND('',#803,.T.);
#483=PLANE('',#804);
#484=FACE_OUTER_BOUND('',#805,.T.);
#485=PLANE('',#806);
#486=FACE_OUTER_BOUND('',#807,.T.);
#487=PLANE('',#808);
#488=SURFACE_STYLE_FILL_AREA(#809);
#489=FACE_OUTER_BOUND('',#810,.T.);
#490=PLANE('',#811);
#491=FACE_OUTER_BOUND('',#812,.T.);
#492=PLANE('',#813);
#493=FACE_OUTER_BOUND('',#814,.T.);
#494=PLANE('',#815);
#495=FACE_OUTER_BOUND('',#816,.T.);
#496=PLANE('',#817);
#497=FACE_OUTER_BOUND('',#818,.T.);
#498=PLANE('',#819);
#499=FACE_OUTER_BOUND('',#820,.T.);
#500=PLANE('',#821);
#501=FACE_OUTER_BOUND('',#822,.T.);
#502=PLANE('',#823);
#503=FACE_OUTER_BOUND('',#824,.T.);
#504=PLANE('',#825);
#505=FACE_OUTER_BOUND('',#826,.T.);
#506=PLANE('',#827);
#507=FACE_OUTER_BOUND('',#828,.T.);
#508=PLANE('',#829);
#509=FACE_OUTER_BOUND('',#830,.T.);
#510=PLANE('',#831);
#511=FACE_OUTER_BOUND('',#832,.T.);
#512=PLANE('',#833);
#513=FACE_OUTER_BOUND('',#834,.T.);
#514=PLANE('',#835);
#515=FACE_OUTER_BOUND('',#836,.T.);
#516=PLANE('',#837);
#517=SURFACE_STYLE_FILL_AREA(#838);
#518=FACE_OUTER_BOUND('',#839,.T.);
#519=PLANE('',#840);
#520=FACE_OUTER_BOUND('',#841,.T.);
#521=PLANE('',#842);
#522=FACE_OUTER_BOUND('',#843,.T.);
#523=PLANE('',#844);
#524=FACE_OUTER_BOUND('',#845,.T.);
#525=PLANE('',#846);
#526=FACE_OUTER_BOUND('',#847,.T.);
#527=PLANE('',#848);
#528=FACE_OUTER_BOUND('',#849,.T.);
#529=PLANE('',#850);
#530=FACE_OUTER_BOUND('',#851,.T.);
#531=PLANE('',#852);
#532=FACE_OUTER_BOUND('',#853,.T.);
#533=PLANE('',#854);
#534=FACE_OUTER_BOUND('',#855,.T.);
#535=PLANE('',#856);
#536=FACE_OUTER_BOUND('',#857,.T.);
#537=PLANE('',#858);
#538=FACE_OUTER_BOUND('',#859,.T.);
#539=PLANE('',#860);
#540=FACE_OUTER_BOUND('',#861,.T.);
#541=PLANE('',#862);
#542=FACE_OUTER_BOUND('',#863,.T.);
#543=PLANE('',#864);
#544=FACE_OUTER_BOUND('',#865,.T.);
#545=PLANE('',#866);
#546=SURFACE_STYLE_FILL_AREA(#867);
#547=FACE_OUTER_BOUND('',#868,.T.);
#548=PLANE('',#869);
#549=FACE_OUTER_BOUND('',#870,.T.);
#550=PLANE('',#871);
#551=FACE_OUTER_BOUND('',#872,.T.);
#552=PLANE('',#873);
#553=FACE_OUTER_BOUND('',#874,.T.);
#554=PLANE('',#875);
#555=FACE_OUTER_BOUND('',#876,.T.);
#556=PLANE('',#877);
#557=FACE_OUTER_BOUND('',#878,.T.);
#558=PLANE('',#879);
#559=FACE_OUTER_BOUND('',#880,.T.);
#560=PLANE('',#881);
#561=FACE_OUTER_BOUND('',#882,.T.);
#562=PLANE('',#883);
#563=FACE_OUTER_BOUND('',#884,.T.);
#564=PLANE('',#885);
#565=FACE_OUTER_BOUND('',#886,.T.);
#566=PLANE('',#887);
#567=FACE_OUTER_BOUND('',#888,.T.);
#568=PLANE('',#889);
#569=FACE_OUTER_BOUND('',#890,.T.);
#570=PLANE('',#891);
#571=FACE_OUTER_BOUND('',#892,.T.);
#572=PLANE('',#893);
#573=FACE_OUTER_BOUND('',#894,.T.);
#574=PLANE('',#895);
#575=FILL_AREA_STYLE('',(#896));
#576=EDGE_LOOP('',(#897,#898,#899,#900,#901,#902,#903,#904));
#577=EDGE_LOOP('',(#905,#906,#907,#908));
#578=AXIS2_PLACEMENT_3D('',#909,#910,#911);
#579=EDGE_LOOP('',(#912,#913,#914,#915));
#580=AXIS2_PLACEMENT_3D('',#916,#917,#918);
#581=EDGE_LOOP('',(#919,#920,#921,#922));
#582=AXIS2_PLACEMENT_3D('',#923,#924,#925);
#583=EDGE_LOOP('',(#926,#927,#928,#929,#930,#931,#932,#933));
#584=EDGE_LOOP('',(#934,#935,#936,#937));
#585=AXIS2_PLACEMENT_3D('',#938,#939,#940);
#586=EDGE_LOOP('',(#941,#942,#943,#944));
#587=AXIS2_PLACEMENT_3D('',#945,#946,#947);
#588=EDGE_LOOP('',(#948,#949,#950,#951));
#589=AXIS2_PLACEMENT_3D('',#952,#953,#954);
#590=EDGE_LOOP('',(#955,#956,#957,#958,#959,#960,#961,#962));
#591=EDGE_LOOP('',(#963,#964,#965,#966));
#592=AXIS2_PLACEMENT_3D('',#967,#968,#969);
#593=EDGE_LOOP('',(#970,#971,#972,#973));
#594=AXIS2_PLACEMENT_3D('',#974,#975,#976);
#595=EDGE_LOOP('',(#977,#978,#979,#980));
#596=AXIS2_PLACEMENT_3D('',#981,#982,#983);
#597=EDGE_LOOP('',(#984,#985,#986,#987,#988,#989,#990,#991));
#598=EDGE_LOOP('',(#992,#993,#994,#995));
#599=AXIS2_PLACEMENT_3D('',#996,#997,#998);
#600=EDGE_LOOP('',(#999,#1000,#1001,#1002));
#601=AXIS2_PLACEMENT_3D('',#1003,#1004,#1005);
#602=EDGE_LOOP('',(#1006,#1007,#1008,#1009,#1010,#1011));
#603=AXIS2_PLACEMENT_3D('',#1012,#1013,#1014);
#604=EDGE_LOOP('',(#1015,#1016,#1017,#1018,#1019,#1020,#1021,#1022,#1023,#1024,#1025,#1026));
#605=EDGE_LOOP('',(#1027,#1028,#1029,#1030));
#606=AXIS2_PLACEMENT_3D('',#1031,#1032,#1033);
#607=EDGE_LOOP('',(#1034,#1035,#1036,#1037));
#608=AXIS2_PLACEMENT_3D('',#1038,#1039,#1040);
#609=EDGE_LOOP('',(#1041,#1042,#1043,#1044));
#610=AXIS2_PLACEMENT_3D('',#1045,#1046,#1047);
#611=EDGE_LOOP('',(#1048,#1049,#1050,#1051,#1052,#1053));
#612=AXIS2_PLACEMENT_3D('',#1054,#1055,#1056);
#613=EDGE_LOOP('',(#1057,#1058,#1059,#1060,#1061,#1062));
#614=AXIS2_PLACEMENT_3D('',#1063,#1064,#1065);
#615=EDGE_LOOP('',(#1066,#1067,#1068,#1069));
#616=AXIS2_PLACEMENT_3D('',#1070,#1071,#1072);
#617=EDGE_LOOP('',(#1073,#1074,#1075,#1076));
#618=AXIS2_PLACEMENT_3D('',#1077,#1078,#1079);
#619=EDGE_LOOP('',(#1080,#1081,#1082,#1083));
#620=AXIS2_PLACEMENT_3D('',#1084,#1085,#1086);
#621=EDGE_LOOP('',(#1087,#1088,#1089,#1090));
#622=AXIS2_PLACEMENT_3D('',#1091,#1092,#1093);
#623=EDGE_LOOP('',(#1094,#1095,#1096,#1097));
#624=AXIS2_PLACEMENT_3D('',#1098,#1099,#1100);
#625=EDGE_LOOP('',(#1101,#1102,#1103,#1104));
#626=AXIS2_PLACEMENT_3D('',#1105,#1106,#1107);
#627=EDGE_LOOP('',(#1108,#1109,#1110,#1111,#1112,#1113));
#628=AXIS2_PLACEMENT_3D('',#1114,#1115,#1116);
#629=EDGE_LOOP('',(#1117,#1118,#1119,#1120));
#630=AXIS2_PLACEMENT_3D('',#1121,#1122,#1123);
#631=EDGE_LOOP('',(#1124,#1125,#1126,#1127));
#632=AXIS2_PLACEMENT_3D('',#1128,#1129,#1130);
#633=EDGE_LOOP('',(#1131,#1132,#1133,#1134,#1135,#1136));
#634=AXIS2_PLACEMENT_3D('',#1137,#1138,#1139);
#635=EDGE_LOOP('',(#1140,#1141,#1142,#1143,#1144,#1145));
#636=AXIS2_PLACEMENT_3D('',#1146,#1147,#1148);
#637=EDGE_LOOP('',(#1149,#1150,#1151,#1152,#1153,#1154));
#638=AXIS2_PLACEMENT_3D('',#1155,#1156,#1157);
#639=EDGE_LOOP('',(#1158,#1159,#1160,#1161));
#640=AXIS2_PLACEMENT_3D('',#1162,#1163,#1164);
#641=EDGE_LOOP('',(#1165,#1166,#1167,#1168));
#642=AXIS2_PLACEMENT_3D('',#1169,#1170,#1171);
#643=EDGE_LOOP('',(#1172,#1173,#1174,#1175));
#644=AXIS2_PLACEMENT_3D('',#1176,#1177,#1178);
#645=EDGE_LOOP('',(#1179,#1180,#1181,#1182));
#646=AXIS2_PLACEMENT_3D('',#1183,#1184,#1185);
#647=EDGE_LOOP('',(#1186,#1187,#1188,#1189,#1190,#1191));
#648=AXIS2_PLACEMENT_3D('',#1192,#1193,#1194);
#649=EDGE_LOOP('',(#1195,#1196,#1197,#1198));
#650=AXIS2_PLACEMENT_3D('',#1199,#1200,#1201);
#651=EDGE_LOOP('',(#1202,#1203,#1204,#1205));
#652=AXIS2_PLACEMENT_3D('',#1206,#1207,#1208);
#653=EDGE_LOOP('',(#1209,#1210,#1211,#1212,#1213,#1214,#1215,#1216,#1217,#1218,#1219,#1220));
#654=EDGE_LOOP('',(#1221,#1222,#1223,#1224));
#655=AXIS2_PLACEMENT_3D('',#1225,#1226,#1227);
#656=EDGE_LOOP('',(#1228,#1229,#1230,#1231));
#657=AXIS2_PLACEMENT_3D('',#1232,#1233,#1234);
#658=EDGE_LOOP('',(#1235,#1236,#1237,#1238));
#659=AXIS2_PLACEMENT_3D('',#1239,#1240,#1241);
#660=EDGE_LOOP('',(#1242,#1243,#1244,#1245,#1246,#1247));
#661=AXIS2_PLACEMENT_3D('',#1248,#1249,#1250);
#662=EDGE_LOOP('',(#1251,#1252,#1253,#1254,#1255,#1256));
#663=AXIS2_PLACEMENT_3D('',#1257,#1258,#1259);
#664=EDGE_LOOP('',(#1260,#1261,#1262,#1263));
#665=AXIS2_PLACEMENT_3D('',#1264,#1265,#1266);
#666=EDGE_LOOP('',(#1267,#1268,#1269,#1270));
#667=AXIS2_PLACEMENT_3D('',#1271,#1272,#1273);
#668=EDGE_LOOP('',(#1274,#1275,#1276,#1277,#1278,#1279));
#669=AXIS2_PLACEMENT_3D('',#1280,#1281,#1282);
#670=EDGE_LOOP('',(#1283,#1284,#1285,#1286,#1287,#1288));
#671=AXIS2_PLACEMENT_3D('',#1289,#1290,#1291);
#672=EDGE_LOOP('',(#1292,#1293,#1294,#1295,#1296,#1297));
#673=AXIS2_PLACEMENT_3D('',#1298,#1299,#1300);
#674=EDGE_LOOP('',(#1301,#1302,#1303,#1304));
#675=AXIS2_PLACEMENT_3D('',#1305,#1306,#1307);
#676=EDGE_LOOP('',(#1308,#1309,#1310,#1311));
#677=AXIS2_PLACEMENT_3D('',#1312,#1313,#1314);
#678=EDGE_LOOP('',(#1315,#1316,#1317,#1318));
#679=AXIS2_PLACEMENT_3D('',#1319,#1320,#1321);
#680=EDGE_LOOP('',(#1322,#1323,#1324,#1325));
#681=AXIS2_PLACEMENT_3D('',#1326,#1327,#1328);
#682=EDGE_LOOP('',(#1329,#1330,#1331,#1332,#1333,#1334));
#683=AXIS2_PLACEMENT_3D('',#1335,#1336,#1337);
#684=EDGE_LOOP('',(#1338,#1339,#1340,#1341));
#685=AXIS2_PLACEMENT_3D('',#1342,#1343,#1344);
#686=EDGE_LOOP('',(#1345,#1346,#1347,#1348));
#687=AXIS2_PLACEMENT_3D('',#1349,#1350,#1351);
#688=EDGE_LOOP('',(#1352,#1353,#1354,#1355,#1356,#1357,#1358,#1359,#1360,#1361,#1362,#1363));
#689=EDGE_LOOP('',(#1364,#1365,#1366,#1367));
#690=AXIS2_PLACEMENT_3D('',#1368,#1369,#1370);
#691=EDGE_LOOP('',(#1371,#1372,#1373,#1374));
#692=AXIS2_PLACEMENT_3D('',#1375,#1376,#1377);
#693=EDGE_LOOP('',(#1378,#1379,#1380,#1381));
#694=AXIS2_PLACEMENT_3D('',#1382,#1383,#1384);
#695=EDGE_LOOP('',(#1385,#1386,#1387,#1388,#1389,#1390));
#696=AXIS2_PLACEMENT_3D('',#1391,#1392,#1393);
#697=EDGE_LOOP('',(#1394,#1395,#1396,#1397,#1398,#1399));
#698=AXIS2_PLACEMENT_3D('',#1400,#1401,#1402);
#699=EDGE_LOOP('',(#1403,#1404,#1405,#1406));
#700=AXIS2_PLACEMENT_3D('',#1407,#1408,#1409);
#701=EDGE_LOOP('',(#1410,#1411,#1412,#1413));
#702=AXIS2_PLACEMENT_3D('',#1414,#1415,#1416);
#703=EDGE_LOOP('',(#1417,#1418,#1419,#1420,#1421,#1422));
#704=AXIS2_PLACEMENT_3D('',#1423,#1424,#1425);
#705=EDGE_LOOP('',(#1426,#1427,#1428,#1429,#1430,#1431));
#706=AXIS2_PLACEMENT_3D('',#1432,#1433,#1434);
#707=EDGE_LOOP('',(#1435,#1436,#1437,#1438,#1439,#1440));
#708=AXIS2_PLACEMENT_3D('',#1441,#1442,#1443);
#709=EDGE_LOOP('',(#1444,#1445,#1446,#1447));
#710=AXIS2_PLACEMENT_3D('',#1448,#1449,#1450);
#711=EDGE_LOOP('',(#1451,#1452,#1453,#1454));
#712=AXIS2_PLACEMENT_3D('',#1455,#1456,#1457);
#713=EDGE_LOOP('',(#1458,#1459,#1460,#1461));
#714=AXIS2_PLACEMENT_3D('',#1462,#1463,#1464);
#715=EDGE_LOOP('',(#1465,#1466,#1467,#1468));
#716=AXIS2_PLACEMENT_3D('',#1469,#1470,#1471);
#717=EDGE_LOOP('',(#1472,#1473,#1474,#1475,#1476,#1477));
#718=AXIS2_PLACEMENT_3D('',#1478,#1479,#1480);
#719=EDGE_LOOP('',(#1481,#1482,#1483,#1484));
#720=AXIS2_PLACEMENT_3D('',#1485,#1486,#1487);
#721=EDGE_LOOP('',(#1488,#1489,#1490,#1491));
#722=AXIS2_PLACEMENT_3D('',#1492,#1493,#1494);
#723=EDGE_LOOP('',(#1495,#1496,#1497,#1498,#1499,#1500,#1501,#1502,#1503,#1504,#1505,#1506));
#724=EDGE_LOOP('',(#1507,#1508,#1509,#1510));
#725=AXIS2_PLACEMENT_3D('',#1511,#1512,#1513);
#726=EDGE_LOOP('',(#1514,#1515,#1516,#1517));
#727=AXIS2_PLACEMENT_3D('',#1518,#1519,#1520);
#728=EDGE_LOOP('',(#1521,#1522,#1523,#1524));
#729=AXIS2_PLACEMENT_3D('',#1525,#1526,#1527);
#730=EDGE_LOOP('',(#1528,#1529,#1530,#1531,#1532,#1533));
#731=AXIS2_PLACEMENT_3D('',#1534,#1535,#1536);
#732=EDGE_LOOP('',(#1537,#1538,#1539,#1540,#1541,#1542));
#733=AXIS2_PLACEMENT_3D('',#1543,#1544,#1545);
#734=EDGE_LOOP('',(#1546,#1547,#1548,#1549));
#735=AXIS2_PLACEMENT_3D('',#1550,#1551,#1552);
#736=EDGE_LOOP('',(#1553,#1554,#1555,#1556));
#737=AXIS2_PLACEMENT_3D('',#1557,#1558,#1559);
#738=EDGE_LOOP('',(#1560,#1561,#1562,#1563,#1564,#1565));
#739=AXIS2_PLACEMENT_3D('',#1566,#1567,#1568);
#740=EDGE_LOOP('',(#1569,#1570,#1571,#1572));
#741=AXIS2_PLACEMENT_3D('',#1573,#1574,#1575);
#742=EDGE_LOOP('',(#1576,#1577,#1578,#1579,#1580,#1581));
#743=AXIS2_PLACEMENT_3D('',#1582,#1583,#1584);
#744=EDGE_LOOP('',(#1585,#1586,#1587,#1588));
#745=AXIS2_PLACEMENT_3D('',#1589,#1590,#1591);
#746=EDGE_LOOP('',(#1592,#1593,#1594,#1595));
#747=AXIS2_PLACEMENT_3D('',#1596,#1597,#1598);
#748=EDGE_LOOP('',(#1599,#1600,#1601,#1602));
#749=AXIS2_PLACEMENT_3D('',#1603,#1604,#1605);
#750=EDGE_LOOP('',(#1606,#1607,#1608,#1609));
#751=AXIS2_PLACEMENT_3D('',#1610,#1611,#1612);
#752=EDGE_LOOP('',(#1613,#1614,#1615,#1616));
#753=AXIS2_PLACEMENT_3D('',#1617,#1618,#1619);
#754=EDGE_LOOP('',(#1620,#1621,#1622,#1623));
#755=AXIS2_PLACEMENT_3D('',#1624,#1625,#1626);
#756=EDGE_LOOP('',(#1627,#1628,#1629,#1630));
#757=AXIS2_PLACEMENT_3D('',#1631,#1632,#1633);
#758=EDGE_LOOP('',(#1634,#1635,#1636,#1637));
#759=AXIS2_PLACEMENT_3D('',#1638,#1639,#1640);
#760=EDGE_LOOP('',(#1641,#1642,#1643,#1644));
#761=AXIS2_PLACEMENT_3D('',#1645,#1646,#1647);
#762=EDGE_LOOP('',(#1648,#1649,#1650,#1651));
#763=AXIS2_PLACEMENT_3D('',#1652,#1653,#1654);
#764=EDGE_LOOP('',(#1655,#1656,#1657,#1658));
#765=AXIS2_PLACEMENT_3D('',#1659,#1660,#1661);
#766=EDGE_LOOP('',(#1662,#1663,#1664,#1665));
#767=AXIS2_PLACEMENT_3D('',#1666,#1667,#1668);
#768=EDGE_LOOP('',(#1669,#1670,#1671,#1672));
#769=AXIS2_PLACEMENT_3D('',#1673,#1674,#1675);
#770=EDGE_LOOP('',(#1676,#1677,#1678,#1679));
#771=AXIS2_PLACEMENT_3D('',#1680,#1681,#1682);
#772=EDGE_LOOP('',(#1683,#1684,#1685,#1686));
#773=AXIS2_PLACEMENT_3D('',#1687,#1688,#1689);
#774=EDGE_LOOP('',(#1690,#1691,#1692,#1693));
#775=AXIS2_PLACEMENT_3D('',#1694,#1695,#1696);
#776=EDGE_LOOP('',(#1697,#1698,#1699,#1700));
#777=AXIS2_PLACEMENT_3D('',#1701,#1702,#1703);
#778=EDGE_LOOP('',(#1704,#1705,#1706,#1707));
#779=AXIS2_PLACEMENT_3D('',#1708,#1709,#1710);
#780=FILL_AREA_STYLE('',(#1711));
#781=EDGE_LOOP('',(#1712,#1713,#1714,#1715));
#782=AXIS2_PLACEMENT_3D('',#1716,#1717,#1718);
#783=EDGE_LOOP('',(#1719,#1720,#1721,#1722));
#784=AXIS2_PLACEMENT_3D('',#1723,#1724,#1725);
#785=EDGE_LOOP('',(#1726,#1727,#1728,#1729));
#786=AXIS2_PLACEMENT_3D('',#1730,#1731,#1732);
#787=EDGE_LOOP('',(#1733,#1734,#1735,#1736));
#788=AXIS2_PLACEMENT_3D('',#1737,#1738,#1739);
#789=EDGE_LOOP('',(#1740,#1741,#1742,#1743));
#790=AXIS2_PLACEMENT_3D('',#1744,#1745,#1746);
#791=EDGE_LOOP('',(#1747,#1748,#1749,#1750));
#792=AXIS2_PLACEMENT_3D('',#1751,#1752,#1753);
#793=EDGE_LOOP('',(#1754,#1755,#1756,#1757));
#794=AXIS2_PLACEMENT_3D('',#1758,#1759,#1760);
#795=EDGE_LOOP('',(#1761,#1762,#1763,#1764));
#796=AXIS2_PLACEMENT_3D('',#1765,#1766,#1767);
#797=EDGE_LOOP('',(#1768,#1769,#1770,#1771));
#798=AXIS2_PLACEMENT_3D('',#1772,#1773,#1774);
#799=EDGE_LOOP('',(#1775,#1776,#1777,#1778));
#800=AXIS2_PLACEMENT_3D('',#1779,#1780,#1781);
#801=EDGE_LOOP('',(#1782,#1783,#1784,#1785));
#802=AXIS2_PLACEMENT_3D('',#1786,#1787,#1788);
#803=EDGE_LOOP('',(#1789,#1790,#1791,#1792));
#804=AXIS2_PLACEMENT_3D('',#1793,#1794,#1795);
#805=EDGE_LOOP('',(#1796,#1797,#1798,#1799));
#806=AXIS2_PLACEMENT_3D('',#1800,#1801,#1802);
#807=EDGE_LOOP('',(#1803,#1804,#1805,#1806));
#808=AXIS2_PLACEMENT_3D('',#1807,#1808,#1809);
#809=FILL_AREA_STYLE('',(#1810));
#810=EDGE_LOOP('',(#1811,#1812,#1813,#1814));
#811=AXIS2_PLACEMENT_3D('',#1815,#1816,#1817);
#812=EDGE_LOOP('',(#1818,#1819,#1820,#1821));
#813=AXIS2_PLACEMENT_3D('',#1822,#1823,#1824);
#814=EDGE_LOOP('',(#1825,#1826,#1827,#1828));
#815=AXIS2_PLACEMENT_3D('',#1829,#1830,#1831);
#816=EDGE_LOOP('',(#1832,#1833,#1834,#1835));
#817=AXIS2_PLACEMENT_3D('',#1836,#1837,#1838);
#818=EDGE_LOOP('',(#1839,#1840,#1841,#1842));
#819=AXIS2_PLACEMENT_3D('',#1843,#1844,#1845);
#820=EDGE_LOOP('',(#1846,#1847,#1848,#1849));
#821=AXIS2_PLACEMENT_3D('',#1850,#1851,#1852);
#822=EDGE_LOOP('',(#1853,#1854,#1855,#1856));
#823=AXIS2_PLACEMENT_3D('',#1857,#1858,#1859);
#824=EDGE_LOOP('',(#1860,#1861,#1862,#1863));
#825=AXIS2_PLACEMENT_3D('',#1864,#1865,#1866);
#826=EDGE_LOOP('',(#1867,#1868,#1869,#1870));
#827=AXIS2_PLACEMENT_3D('',#1871,#1872,#1873);
#828=EDGE_LOOP('',(#1874,#1875,#1876,#1877));
#829=AXIS2_PLACEMENT_3D('',#1878,#1879,#1880);
#830=EDGE_LOOP('',(#1881,#1882,#1883,#1884));
#831=AXIS2_PLACEMENT_3D('',#1885,#1886,#1887);
#832=EDGE_LOOP('',(#1888,#1889,#1890,#1891));
#833=AXIS2_PLACEMENT_3D('',#1892,#1893,#1894);
#834=EDGE_LOOP('',(#1895,#1896,#1897,#1898));
#835=AXIS2_PLACEMENT_3D('',#1899,#1900,#1901);
#836=EDGE_LOOP('',(#1902,#1903,#1904,#1905));
#837=AXIS2_PLACEMENT_3D('',#1906,#1907,#1908);
#838=FILL_AREA_STYLE('',(#1909));
#839=EDGE_LOOP('',(#1910,#1911,#1912,#1913));
#840=AXIS2_PLACEMENT_3D('',#1914,#1915,#1916);
#841=EDGE_LOOP('',(#1917,#1918,#1919,#1920));
#842=AXIS2_PLACEMENT_3D('',#1921,#1922,#1923);
#843=EDGE_LOOP('',(#1924,#1925,#1926,#1927));
#844=AXIS2_PLACEMENT_3D('',#1928,#1929,#1930);
#845=EDGE_LOOP('',(#1931,#1932,#1933,#1934));
#846=AXIS2_PLACEMENT_3D('',#1935,#1936,#1937);
#847=EDGE_LOOP('',(#1938,#1939,#1940,#1941));
#848=AXIS2_PLACEMENT_3D('',#1942,#1943,#1944);
#849=EDGE_LOOP('',(#1945,#1946,#1947,#1948));
#850=AXIS2_PLACEMENT_3D('',#1949,#1950,#1951);
#851=EDGE_LOOP('',(#1952,#1953,#1954,#1955));
#852=AXIS2_PLACEMENT_3D('',#1956,#1957,#1958);
#853=EDGE_LOOP('',(#1959,#1960,#1961,#1962));
#854=AXIS2_PLACEMENT_3D('',#1963,#1964,#1965);
#855=EDGE_LOOP('',(#1966,#1967,#1968,#1969));
#856=AXIS2_PLACEMENT_3D('',#1970,#1971,#1972);
#857=EDGE_LOOP('',(#1973,#1974,#1975,#1976));
#858=AXIS2_PLACEMENT_3D('',#1977,#1978,#1979);
#859=EDGE_LOOP('',(#1980,#1981,#1982,#1983));
#860=AXIS2_PLACEMENT_3D('',#1984,#1985,#1986);
#861=EDGE_LOOP('',(#1987,#1988,#1989,#1990));
#862=AXIS2_PLACEMENT_3D('',#1991,#1992,#1993);
#863=EDGE_LOOP('',(#1994,#1995,#1996,#1997));
#864=AXIS2_PLACEMENT_3D('',#1998,#1999,#2000);
#865=EDGE_LOOP('',(#2001,#2002,#2003,#2004));
#866=AXIS2_PLACEMENT_3D('',#2005,#2006,#2007);
#867=FILL_AREA_STYLE('',(#2008));
#868=EDGE_LOOP('',(#2009,#2010,#2011,#2012));
#869=AXIS2_PLACEMENT_3D('',#2013,#2014,#2015);
#870=EDGE_LOOP('',(#2016,#2017,#2018,#2019));
#871=AXIS2_PLACEMENT_3D('',#2020,#2021,#2022);
#872=EDGE_LOOP('',(#2023,#2024,#2025,#2026));
#873=AXIS2_PLACEMENT_3D('',#2027,#2028,#2029);
#874=EDGE_LOOP('',(#2030,#2031,#2032,#2033));
#875=AXIS2_PLACEMENT_3D('',#2034,#2035,#2036);
#876=EDGE_LOOP('',(#2037,#2038,#2039,#2040));
#877=AXIS2_PLACEMENT_3D('',#2041,#2042,#2043);
#878=EDGE_LOOP('',(#2044,#2045,#2046,#2047));
#879=AXIS2_PLACEMENT_3D('',#2048,#2049,#2050);
#880=EDGE_LOOP('',(#2051,#2052,#2053,#2054));
#881=AXIS2_PLACEMENT_3D('',#2055,#2056,#2057);
#882=EDGE_LOOP('',(#2058,#2059,#2060,#2061));
#883=AXIS2_PLACEMENT_3D('',#2062,#2063,#2064);
#884=EDGE_LOOP('',(#2065,#2066,#2067,#2068));
#885=AXIS2_PLACEMENT_3D('',#2069,#2070,#2071);
#886=EDGE_LOOP('',(#2072,#2073,#2074,#2075));
#887=AXIS2_PLACEMENT_3D('',#2076,#2077,#2078);
#888=EDGE_LOOP('',(#2079,#2080,#2081,#2082));
#889=AXIS2_PLACEMENT_3D('',#2083,#2084,#2085);
#890=EDGE_LOOP('',(#2086,#2087,#2088,#2089));
#891=AXIS2_PLACEMENT_3D('',#2090,#2091,#2092);
#892=EDGE_LOOP('',(#2093,#2094,#2095,#2096));
#893=AXIS2_PLACEMENT_3D('',#2097,#2098,#2099);
#894=EDGE_LOOP('',(#2100,#2101,#2102,#2103));
#895=AXIS2_PLACEMENT_3D('',#2104,#2105,#2106);
#896=FILL_AREA_STYLE_COLOUR('',#2107);
#897=ORIENTED_EDGE('',*,*,#2108,.F.);
#898=ORIENTED_EDGE('',*,*,#2109,.T.);
#899=ORIENTED_EDGE('',*,*,#2110,.F.);
#900=ORIENTED_EDGE('',*,*,#2111,.T.);
#901=ORIENTED_EDGE('',*,*,#2112,.F.);
#902=ORIENTED_EDGE('',*,*,#2113,.T.);
#903=ORIENTED_EDGE('',*,*,#2114,.F.);
#904=ORIENTED_EDGE('',*,*,#2115,.T.);
#905=ORIENTED_EDGE('',*,*,#2116,.F.);
#906=ORIENTED_EDGE('',*,*,#2117,.F.);
#907=ORIENTED_EDGE('',*,*,#2118,.F.);
#908=ORIENTED_EDGE('',*,*,#2119,.F.);
#909=CARTESIAN_POINT('',(0.0,0.0,0.0));
#910=DIRECTION('',(0.0,-1.0,0.0));
#911=DIRECTION('',(0.0,0.0,-1.0));
#912=ORIENTED_EDGE('',*,*,#2120,.T.);
#913=ORIENTED_EDGE('',*,*,#2121,.F.);
#914=ORIENTED_EDGE('',*,*,#2108,.T.);
#915=ORIENTED_EDGE('',*,*,#2122,.T.);
#916=CARTESIAN_POINT('',(3.56,0.0,-1.02));
#917=DIRECTION('',(0.707106781186548,0.707106781186548,0.0));
#918=DIRECTION('',(0.0,0.0,-1.0));
#919=ORIENTED_EDGE('',*,*,#2123,.T.);
#920=ORIENTED_EDGE('',*,*,#2124,.T.);
#921=ORIENTED_EDGE('',*,*,#2120,.F.);
#922=ORIENTED_EDGE('',*,*,#2125,.F.);
#923=CARTESIAN_POINT('',(4.06,0.0,1.02));
#924=DIRECTION('',(-0.707106781186548,0.707106781186548,0.0));
#925=DIRECTION('',(0.0,0.0,1.0));
#926=ORIENTED_EDGE('',*,*,#2126,.F.);
#927=ORIENTED_EDGE('',*,*,#2127,.T.);
#928=ORIENTED_EDGE('',*,*,#2128,.F.);
#929=ORIENTED_EDGE('',*,*,#2129,.T.);
#930=ORIENTED_EDGE('',*,*,#2123,.F.);
#931=ORIENTED_EDGE('',*,*,#2130,.T.);
#932=ORIENTED_EDGE('',*,*,#2131,.F.);
#933=ORIENTED_EDGE('',*,*,#2132,.T.);
#934=ORIENTED_EDGE('',*,*,#2133,.F.);
#935=ORIENTED_EDGE('',*,*,#2134,.F.);
#936=ORIENTED_EDGE('',*,*,#2135,.F.);
#937=ORIENTED_EDGE('',*,*,#2136,.F.);
#938=CARTESIAN_POINT('',(0.0,0.0,0.0));
#939=DIRECTION('',(0.0,-1.0,0.0));
#940=DIRECTION('',(0.0,0.0,-1.0));
#941=ORIENTED_EDGE('',*,*,#2137,.T.);
#942=ORIENTED_EDGE('',*,*,#2138,.F.);
#943=ORIENTED_EDGE('',*,*,#2126,.T.);
#944=ORIENTED_EDGE('',*,*,#2139,.T.);
#945=CARTESIAN_POINT('',(6.1,0.0,-1.02));
#946=DIRECTION('',(0.707106781186548,0.707106781186548,0.0));
#947=DIRECTION('',(0.0,0.0,-1.0));
#948=ORIENTED_EDGE('',*,*,#2140,.T.);
#949=ORIENTED_EDGE('',*,*,#2141,.T.);
#950=ORIENTED_EDGE('',*,*,#2137,.F.);
#951=ORIENTED_EDGE('',*,*,#2142,.F.);
#952=CARTESIAN_POINT('',(6.6,0.0,1.02));
#953=DIRECTION('',(-0.707106781186548,0.707106781186548,0.0));
#954=DIRECTION('',(0.0,0.0,1.0));
#955=ORIENTED_EDGE('',*,*,#2143,.F.);
#956=ORIENTED_EDGE('',*,*,#2144,.T.);
#957=ORIENTED_EDGE('',*,*,#2145,.F.);
#958=ORIENTED_EDGE('',*,*,#2146,.T.);
#959=ORIENTED_EDGE('',*,*,#2140,.F.);
#960=ORIENTED_EDGE('',*,*,#2147,.T.);
#961=ORIENTED_EDGE('',*,*,#2148,.F.);
#962=ORIENTED_EDGE('',*,*,#2149,.T.);
#963=ORIENTED_EDGE('',*,*,#2150,.F.);
#964=ORIENTED_EDGE('',*,*,#2151,.F.);
#965=ORIENTED_EDGE('',*,*,#2152,.F.);
#966=ORIENTED_EDGE('',*,*,#2153,.F.);
#967=CARTESIAN_POINT('',(0.0,0.0,0.0));
#968=DIRECTION('',(0.0,-1.0,0.0));
#969=DIRECTION('',(0.0,0.0,-1.0));
#970=ORIENTED_EDGE('',*,*,#2154,.T.);
#971=ORIENTED_EDGE('',*,*,#2155,.F.);
#972=ORIENTED_EDGE('',*,*,#2143,.T.);
#973=ORIENTED_EDGE('',*,*,#2156,.T.);
#974=CARTESIAN_POINT('',(8.64,0.0,-1.02));
#975=DIRECTION('',(0.707106781186548,0.707106781186548,0.0));
#976=DIRECTION('',(0.0,0.0,-1.0));
#977=ORIENTED_EDGE('',*,*,#2157,.T.);
#978=ORIENTED_EDGE('',*,*,#2158,.T.);
#979=ORIENTED_EDGE('',*,*,#2154,.F.);
#980=ORIENTED_EDGE('',*,*,#2159,.F.);
#981=CARTESIAN_POINT('',(9.14,0.0,1.02));
#982=DIRECTION('',(-0.707106781186548,0.707106781186548,0.0));
#983=DIRECTION('',(0.0,0.0,1.0));
#984=ORIENTED_EDGE('',*,*,#2160,.F.);
#985=ORIENTED_EDGE('',*,*,#2161,.T.);
#986=ORIENTED_EDGE('',*,*,#2162,.F.);
#987=ORIENTED_EDGE('',*,*,#2163,.T.);
#988=ORIENTED_EDGE('',*,*,#2157,.F.);
#989=ORIENTED_EDGE('',*,*,#2164,.T.);
#990=ORIENTED_EDGE('',*,*,#2165,.F.);
#991=ORIENTED_EDGE('',*,*,#2166,.T.);
#992=ORIENTED_EDGE('',*,*,#2167,.F.);
#993=ORIENTED_EDGE('',*,*,#2168,.F.);
#994=ORIENTED_EDGE('',*,*,#2169,.F.);
#995=ORIENTED_EDGE('',*,*,#2170,.F.);
#996=CARTESIAN_POINT('',(0.0,0.0,0.0));
#997=DIRECTION('',(0.0,-1.0,0.0));
#998=DIRECTION('',(0.0,0.0,-1.0));
#999=ORIENTED_EDGE('',*,*,#2160,.T.);
#1000=ORIENTED_EDGE('',*,*,#2171,.T.);
#1001=ORIENTED_EDGE('',*,*,#2172,.F.);
#1002=ORIENTED_EDGE('',*,*,#2173,.F.);
#1003=CARTESIAN_POINT('',(11.18,0.0,-1.02));
#1004=DIRECTION('',(0.707106781186548,0.707106781186548,0.0));
#1005=DIRECTION('',(0.0,0.0,-1.0));
#1006=ORIENTED_EDGE('',*,*,#2174,.T.);
#1007=ORIENTED_EDGE('',*,*,#2175,.F.);
#1008=ORIENTED_EDGE('',*,*,#2161,.F.);
#1009=ORIENTED_EDGE('',*,*,#2173,.T.);
#1010=ORIENTED_EDGE('',*,*,#2176,.T.);
#1011=ORIENTED_EDGE('',*,*,#2177,.T.);
#1012=CARTESIAN_POINT('',(11.43,0.0,-0.77));
#1013=DIRECTION('',(0.707106781186548,0.0,-0.707106781186548));
#1014=DIRECTION('',(0.0,-1.0,0.0));
#1015=ORIENTED_EDGE('',*,*,#2178,.T.);
#1016=ORIENTED_EDGE('',*,*,#2179,.F.);
#1017=ORIENTED_EDGE('',*,*,#2180,.T.);
#1018=ORIENTED_EDGE('',*,*,#2181,.T.);
#1019=ORIENTED_EDGE('',*,*,#2182,.T.);
#1020=ORIENTED_EDGE('',*,*,#2183,.F.);
#1021=ORIENTED_EDGE('',*,*,#2184,.T.);
#1022=ORIENTED_EDGE('',*,*,#2185,.F.);
#1023=ORIENTED_EDGE('',*,*,#2186,.T.);
#1024=ORIENTED_EDGE('',*,*,#2187,.T.);
#1025=ORIENTED_EDGE('',*,*,#2188,.T.);
#1026=ORIENTED_EDGE('',*,*,#2174,.F.);
#1027=ORIENTED_EDGE('',*,*,#2189,.T.);
#1028=ORIENTED_EDGE('',*,*,#2190,.T.);
#1029=ORIENTED_EDGE('',*,*,#2191,.T.);
#1030=ORIENTED_EDGE('',*,*,#2192,.T.);
#1031=CARTESIAN_POINT('',(0.0,-1.94,0.0));
#1032=DIRECTION('',(0.0,-1.0,0.0));
#1033=DIRECTION('',(0.0,0.0,-1.0));
#1034=ORIENTED_EDGE('',*,*,#2193,.T.);
#1035=ORIENTED_EDGE('',*,*,#2194,.T.);
#1036=ORIENTED_EDGE('',*,*,#2178,.F.);
#1037=ORIENTED_EDGE('',*,*,#2177,.F.);
#1038=CARTESIAN_POINT('',(11.43,-1.69,-0.77));
#1039=DIRECTION('',(0.707106781186548,-0.707106781186548,0.0));
#1040=DIRECTION('',(0.0,0.0,-1.0));
#1041=ORIENTED_EDGE('',*,*,#2193,.F.);
#1042=ORIENTED_EDGE('',*,*,#2176,.F.);
#1043=ORIENTED_EDGE('',*,*,#2172,.T.);
#1044=ORIENTED_EDGE('',*,*,#2195,.T.);
#1045=CARTESIAN_POINT('',(11.43,0.0,-1.27));
#1046=DIRECTION('',(1.0,0.0,0.0));
#1047=DIRECTION('',(0.0,1.0,0.0));
#1048=ORIENTED_EDGE('',*,*,#2179,.T.);
#1049=ORIENTED_EDGE('',*,*,#2194,.F.);
#1050=ORIENTED_EDGE('',*,*,#2195,.F.);
#1051=ORIENTED_EDGE('',*,*,#2171,.F.);
#1052=ORIENTED_EDGE('',*,*,#2166,.F.);
#1053=ORIENTED_EDGE('',*,*,#2196,.T.);
#1054=CARTESIAN_POINT('',(10.93,0.0,1.27));
#1055=DIRECTION('',(0.707106781186548,0.0,0.707106781186548));
#1056=DIRECTION('',(0.0,-1.0,0.0));
#1057=ORIENTED_EDGE('',*,*,#2197,.T.);
#1058=ORIENTED_EDGE('',*,*,#2196,.F.);
#1059=ORIENTED_EDGE('',*,*,#2165,.T.);
#1060=ORIENTED_EDGE('',*,*,#2198,.T.);
#1061=ORIENTED_EDGE('',*,*,#2199,.F.);
#1062=ORIENTED_EDGE('',*,*,#2200,.F.);
#1063=CARTESIAN_POINT('',(11.43,0.0,1.27));
#1064=DIRECTION('',(0.0,0.0,1.0));
#1065=DIRECTION('',(1.0,0.0,0.0));
#1066=ORIENTED_EDGE('',*,*,#2201,.T.);
#1067=ORIENTED_EDGE('',*,*,#2202,.T.);
#1068=ORIENTED_EDGE('',*,*,#2180,.F.);
#1069=ORIENTED_EDGE('',*,*,#2197,.F.);
#1070=CARTESIAN_POINT('',(10.93,-2.54,1.27));
#1071=DIRECTION('',(-1.0,0.0,0.0));
#1072=DIRECTION('',(0.0,0.0,1.0));
#1073=ORIENTED_EDGE('',*,*,#2201,.F.);
#1074=ORIENTED_EDGE('',*,*,#2200,.T.);
#1075=ORIENTED_EDGE('',*,*,#2203,.T.);
#1076=ORIENTED_EDGE('',*,*,#2204,.F.);
#1077=CARTESIAN_POINT('',(0.0,-2.54,0.0));
#1078=DIRECTION('',(0.0,-1.0,0.0));
#1079=DIRECTION('',(0.0,0.0,-1.0));
#1080=ORIENTED_EDGE('',*,*,#2205,.F.);
#1081=ORIENTED_EDGE('',*,*,#2206,.T.);
#1082=ORIENTED_EDGE('',*,*,#2207,.T.);
#1083=ORIENTED_EDGE('',*,*,#2208,.F.);
#1084=CARTESIAN_POINT('',(0.0,-2.54,0.0));
#1085=DIRECTION('',(0.0,-1.0,0.0));
#1086=DIRECTION('',(0.0,0.0,-1.0));
#1087=ORIENTED_EDGE('',*,*,#2204,.T.);
#1088=ORIENTED_EDGE('',*,*,#2209,.T.);
#1089=ORIENTED_EDGE('',*,*,#2181,.F.);
#1090=ORIENTED_EDGE('',*,*,#2202,.F.);
#1091=CARTESIAN_POINT('',(10.93,-2.54,0.77));
#1092=DIRECTION('',(0.0,0.0,1.0));
#1093=DIRECTION('',(1.0,0.0,0.0));
#1094=ORIENTED_EDGE('',*,*,#2203,.F.);
#1095=ORIENTED_EDGE('',*,*,#2199,.T.);
#1096=ORIENTED_EDGE('',*,*,#2182,.F.);
#1097=ORIENTED_EDGE('',*,*,#2209,.F.);
#1098=CARTESIAN_POINT('',(9.39,-2.54,0.77));
#1099=DIRECTION('',(1.0,0.0,0.0));
#1100=DIRECTION('',(0.0,1.0,0.0));
#1101=ORIENTED_EDGE('',*,*,#2205,.T.);
#1102=ORIENTED_EDGE('',*,*,#2210,.T.);
#1103=ORIENTED_EDGE('',*,*,#2186,.F.);
#1104=ORIENTED_EDGE('',*,*,#2211,.F.);
#1105=CARTESIAN_POINT('',(9.39,-2.54,-1.27));
#1106=DIRECTION('',(1.0,0.0,0.0));
#1107=DIRECTION('',(0.0,1.0,0.0));
#1108=ORIENTED_EDGE('',*,*,#2211,.T.);
#1109=ORIENTED_EDGE('',*,*,#2212,.F.);
#1110=ORIENTED_EDGE('',*,*,#2162,.T.);
#1111=ORIENTED_EDGE('',*,*,#2175,.T.);
#1112=ORIENTED_EDGE('',*,*,#2213,.F.);
#1113=ORIENTED_EDGE('',*,*,#2206,.F.);
#1114=CARTESIAN_POINT('',(8.89,0.0,-1.27));
#1115=DIRECTION('',(0.0,0.0,-1.0));
#1116=DIRECTION('',(0.0,-1.0,0.0));
#1117=ORIENTED_EDGE('',*,*,#2207,.F.);
#1118=ORIENTED_EDGE('',*,*,#2213,.T.);
#1119=ORIENTED_EDGE('',*,*,#2188,.F.);
#1120=ORIENTED_EDGE('',*,*,#2214,.F.);
#1121=CARTESIAN_POINT('',(10.93,-2.54,-0.77));
#1122=DIRECTION('',(-1.0,0.0,0.0));
#1123=DIRECTION('',(0.0,0.0,1.0));
#1124=ORIENTED_EDGE('',*,*,#2208,.T.);
#1125=ORIENTED_EDGE('',*,*,#2214,.T.);
#1126=ORIENTED_EDGE('',*,*,#2187,.F.);
#1127=ORIENTED_EDGE('',*,*,#2210,.F.);
#1128=CARTESIAN_POINT('',(9.39,-2.54,-0.77));
#1129=DIRECTION('',(0.0,0.0,-1.0));
#1130=DIRECTION('',(0.0,-1.0,0.0));
#1131=ORIENTED_EDGE('',*,*,#2185,.T.);
#1132=ORIENTED_EDGE('',*,*,#2215,.F.);
#1133=ORIENTED_EDGE('',*,*,#2216,.F.);
#1134=ORIENTED_EDGE('',*,*,#2158,.F.);
#1135=ORIENTED_EDGE('',*,*,#2163,.F.);
#1136=ORIENTED_EDGE('',*,*,#2212,.T.);
#1137=CARTESIAN_POINT('',(9.39,0.0,-1.27));
#1138=DIRECTION('',(-0.707106781186548,0.0,-0.707106781186548));
#1139=DIRECTION('',(-0.707106781186548,0.0,0.707106781186548));
#1140=ORIENTED_EDGE('',*,*,#2216,.T.);
#1141=ORIENTED_EDGE('',*,*,#2217,.T.);
#1142=ORIENTED_EDGE('',*,*,#2218,.T.);
#1143=ORIENTED_EDGE('',*,*,#2219,.F.);
#1144=ORIENTED_EDGE('',*,*,#2144,.F.);
#1145=ORIENTED_EDGE('',*,*,#2155,.T.);
#1146=CARTESIAN_POINT('',(8.89,0.0,-0.77));
#1147=DIRECTION('',(0.707106781186548,0.0,-0.707106781186548));
#1148=DIRECTION('',(0.0,-1.0,0.0));
#1149=ORIENTED_EDGE('',*,*,#2220,.T.);
#1150=ORIENTED_EDGE('',*,*,#2221,.F.);
#1151=ORIENTED_EDGE('',*,*,#2145,.T.);
#1152=ORIENTED_EDGE('',*,*,#2219,.T.);
#1153=ORIENTED_EDGE('',*,*,#2222,.F.);
#1154=ORIENTED_EDGE('',*,*,#2223,.F.);
#1155=CARTESIAN_POINT('',(6.35,0.0,-1.27));
#1156=DIRECTION('',(0.0,0.0,-1.0));
#1157=DIRECTION('',(0.0,-1.0,0.0));
#1158=ORIENTED_EDGE('',*,*,#2224,.T.);
#1159=ORIENTED_EDGE('',*,*,#2225,.T.);
#1160=ORIENTED_EDGE('',*,*,#2226,.F.);
#1161=ORIENTED_EDGE('',*,*,#2220,.F.);
#1162=CARTESIAN_POINT('',(6.85,-2.54,-1.27));
#1163=DIRECTION('',(1.0,0.0,0.0));
#1164=DIRECTION('',(0.0,1.0,0.0));
#1165=ORIENTED_EDGE('',*,*,#2227,.F.);
#1166=ORIENTED_EDGE('',*,*,#2228,.T.);
#1167=ORIENTED_EDGE('',*,*,#2229,.T.);
#1168=ORIENTED_EDGE('',*,*,#2230,.F.);
#1169=CARTESIAN_POINT('',(0.0,-2.54,0.0));
#1170=DIRECTION('',(0.0,-1.0,0.0));
#1171=DIRECTION('',(0.0,0.0,-1.0));
#1172=ORIENTED_EDGE('',*,*,#2224,.F.);
#1173=ORIENTED_EDGE('',*,*,#2223,.T.);
#1174=ORIENTED_EDGE('',*,*,#2231,.T.);
#1175=ORIENTED_EDGE('',*,*,#2232,.F.);
#1176=CARTESIAN_POINT('',(0.0,-2.54,0.0));
#1177=DIRECTION('',(0.0,-1.0,0.0));
#1178=DIRECTION('',(0.0,0.0,-1.0));
#1179=ORIENTED_EDGE('',*,*,#2227,.T.);
#1180=ORIENTED_EDGE('',*,*,#2233,.T.);
#1181=ORIENTED_EDGE('',*,*,#2234,.F.);
#1182=ORIENTED_EDGE('',*,*,#2235,.F.);
#1183=CARTESIAN_POINT('',(8.39,-2.54,1.27));
#1184=DIRECTION('',(-1.0,0.0,0.0));
#1185=DIRECTION('',(0.0,0.0,1.0));
#1186=ORIENTED_EDGE('',*,*,#2235,.T.);
#1187=ORIENTED_EDGE('',*,*,#2236,.F.);
#1188=ORIENTED_EDGE('',*,*,#2148,.T.);
#1189=ORIENTED_EDGE('',*,*,#2237,.T.);
#1190=ORIENTED_EDGE('',*,*,#2238,.F.);
#1191=ORIENTED_EDGE('',*,*,#2228,.F.);
#1192=CARTESIAN_POINT('',(8.89,0.0,1.27));
#1193=DIRECTION('',(0.0,0.0,1.0));
#1194=DIRECTION('',(1.0,0.0,0.0));
#1195=ORIENTED_EDGE('',*,*,#2229,.F.);
#1196=ORIENTED_EDGE('',*,*,#2238,.T.);
#1197=ORIENTED_EDGE('',*,*,#2239,.F.);
#1198=ORIENTED_EDGE('',*,*,#2240,.F.);
#1199=CARTESIAN_POINT('',(6.85,-2.54,0.77));
#1200=DIRECTION('',(1.0,0.0,0.0));
#1201=DIRECTION('',(0.0,1.0,0.0));
#1202=ORIENTED_EDGE('',*,*,#2230,.T.);
#1203=ORIENTED_EDGE('',*,*,#2240,.T.);
#1204=ORIENTED_EDGE('',*,*,#2241,.F.);
#1205=ORIENTED_EDGE('',*,*,#2233,.F.);
#1206=CARTESIAN_POINT('',(8.39,-2.54,0.77));
#1207=DIRECTION('',(0.0,0.0,1.0));
#1208=DIRECTION('',(1.0,0.0,0.0));
#1209=ORIENTED_EDGE('',*,*,#2242,.T.);
#1210=ORIENTED_EDGE('',*,*,#2243,.F.);
#1211=ORIENTED_EDGE('',*,*,#2234,.T.);
#1212=ORIENTED_EDGE('',*,*,#2241,.T.);
#1213=ORIENTED_EDGE('',*,*,#2239,.T.);
#1214=ORIENTED_EDGE('',*,*,#2244,.F.);
#1215=ORIENTED_EDGE('',*,*,#2245,.T.);
#1216=ORIENTED_EDGE('',*,*,#2246,.F.);
#1217=ORIENTED_EDGE('',*,*,#2226,.T.);
#1218=ORIENTED_EDGE('',*,*,#2247,.T.);
#1219=ORIENTED_EDGE('',*,*,#2248,.T.);
#1220=ORIENTED_EDGE('',*,*,#2218,.F.);
#1221=ORIENTED_EDGE('',*,*,#2249,.T.);
#1222=ORIENTED_EDGE('',*,*,#2250,.T.);
#1223=ORIENTED_EDGE('',*,*,#2251,.T.);
#1224=ORIENTED_EDGE('',*,*,#2252,.T.);
#1225=CARTESIAN_POINT('',(0.0,-1.94,0.0));
#1226=DIRECTION('',(0.0,-1.0,0.0));
#1227=DIRECTION('',(0.0,0.0,-1.0));
#1228=ORIENTED_EDGE('',*,*,#2253,.F.);
#1229=ORIENTED_EDGE('',*,*,#2254,.T.);
#1230=ORIENTED_EDGE('',*,*,#2242,.F.);
#1231=ORIENTED_EDGE('',*,*,#2217,.F.);
#1232=CARTESIAN_POINT('',(8.89,-1.69,-0.77));
#1233=DIRECTION('',(0.707106781186548,-0.707106781186548,0.0));
#1234=DIRECTION('',(0.0,0.0,-1.0));
#1235=ORIENTED_EDGE('',*,*,#2253,.T.);
#1236=ORIENTED_EDGE('',*,*,#2215,.T.);
#1237=ORIENTED_EDGE('',*,*,#2184,.F.);
#1238=ORIENTED_EDGE('',*,*,#2255,.F.);
#1239=CARTESIAN_POINT('',(8.89,-1.69,0.77));
#1240=DIRECTION('',(-0.707106781186548,-0.707106781186548,0.0));
#1241=DIRECTION('',(-0.707106781186548,0.707106781186548,0.0));
#1242=ORIENTED_EDGE('',*,*,#2183,.T.);
#1243=ORIENTED_EDGE('',*,*,#2198,.F.);
#1244=ORIENTED_EDGE('',*,*,#2164,.F.);
#1245=ORIENTED_EDGE('',*,*,#2159,.T.);
#1246=ORIENTED_EDGE('',*,*,#2256,.T.);
#1247=ORIENTED_EDGE('',*,*,#2255,.T.);
#1248=CARTESIAN_POINT('',(8.89,0.0,0.77));
#1249=DIRECTION('',(-0.707106781186548,0.0,0.707106781186548));
#1250=DIRECTION('',(0.0,1.0,0.0));
#1251=ORIENTED_EDGE('',*,*,#2256,.F.);
#1252=ORIENTED_EDGE('',*,*,#2156,.F.);
#1253=ORIENTED_EDGE('',*,*,#2149,.F.);
#1254=ORIENTED_EDGE('',*,*,#2236,.T.);
#1255=ORIENTED_EDGE('',*,*,#2243,.T.);
#1256=ORIENTED_EDGE('',*,*,#2254,.F.);
#1257=CARTESIAN_POINT('',(8.39,0.0,1.27));
#1258=DIRECTION('',(0.707106781186548,0.0,0.707106781186548));
#1259=DIRECTION('',(0.0,-1.0,0.0));
#1260=ORIENTED_EDGE('',*,*,#2231,.F.);
#1261=ORIENTED_EDGE('',*,*,#2222,.T.);
#1262=ORIENTED_EDGE('',*,*,#2248,.F.);
#1263=ORIENTED_EDGE('',*,*,#2257,.F.);
#1264=CARTESIAN_POINT('',(8.39,-2.54,-0.77));
#1265=DIRECTION('',(-1.0,0.0,0.0));
#1266=DIRECTION('',(0.0,0.0,1.0));
#1267=ORIENTED_EDGE('',*,*,#2232,.T.);
#1268=ORIENTED_EDGE('',*,*,#2257,.T.);
#1269=ORIENTED_EDGE('',*,*,#2247,.F.);
#1270=ORIENTED_EDGE('',*,*,#2225,.F.);
#1271=CARTESIAN_POINT('',(6.85,-2.54,-0.77));
#1272=DIRECTION('',(0.0,0.0,-1.0));
#1273=DIRECTION('',(0.0,-1.0,0.0));
#1274=ORIENTED_EDGE('',*,*,#2246,.T.);
#1275=ORIENTED_EDGE('',*,*,#2258,.F.);
#1276=ORIENTED_EDGE('',*,*,#2259,.F.);
#1277=ORIENTED_EDGE('',*,*,#2141,.F.);
#1278=ORIENTED_EDGE('',*,*,#2146,.F.);
#1279=ORIENTED_EDGE('',*,*,#2221,.T.);
#1280=CARTESIAN_POINT('',(6.85,0.0,-1.27));
#1281=DIRECTION('',(-0.707106781186548,0.0,-0.707106781186548));
#1282=DIRECTION('',(-0.707106781186548,0.0,0.707106781186548));
#1283=ORIENTED_EDGE('',*,*,#2259,.T.);
#1284=ORIENTED_EDGE('',*,*,#2260,.T.);
#1285=ORIENTED_EDGE('',*,*,#2261,.T.);
#1286=ORIENTED_EDGE('',*,*,#2262,.F.);
#1287=ORIENTED_EDGE('',*,*,#2127,.F.);
#1288=ORIENTED_EDGE('',*,*,#2138,.T.);
#1289=CARTESIAN_POINT('',(6.35,0.0,-0.77));
#1290=DIRECTION('',(0.707106781186548,0.0,-0.707106781186548));
#1291=DIRECTION('',(0.0,-1.0,0.0));
#1292=ORIENTED_EDGE('',*,*,#2263,.T.);
#1293=ORIENTED_EDGE('',*,*,#2264,.F.);
#1294=ORIENTED_EDGE('',*,*,#2128,.T.);
#1295=ORIENTED_EDGE('',*,*,#2262,.T.);
#1296=ORIENTED_EDGE('',*,*,#2265,.F.);
#1297=ORIENTED_EDGE('',*,*,#2266,.F.);
#1298=CARTESIAN_POINT('',(3.81,0.0,-1.27));
#1299=DIRECTION('',(0.0,0.0,-1.0));
#1300=DIRECTION('',(0.0,-1.0,0.0));
#1301=ORIENTED_EDGE('',*,*,#2267,.T.);
#1302=ORIENTED_EDGE('',*,*,#2268,.T.);
#1303=ORIENTED_EDGE('',*,*,#2269,.F.);
#1304=ORIENTED_EDGE('',*,*,#2263,.F.);
#1305=CARTESIAN_POINT('',(4.31,-2.54,-1.27));
#1306=DIRECTION('',(1.0,0.0,0.0));
#1307=DIRECTION('',(0.0,1.0,0.0));
#1308=ORIENTED_EDGE('',*,*,#2270,.F.);
#1309=ORIENTED_EDGE('',*,*,#2271,.T.);
#1310=ORIENTED_EDGE('',*,*,#2272,.T.);
#1311=ORIENTED_EDGE('',*,*,#2273,.F.);
#1312=CARTESIAN_POINT('',(0.0,-2.54,0.0));
#1313=DIRECTION('',(0.0,-1.0,0.0));
#1314=DIRECTION('',(0.0,0.0,-1.0));
#1315=ORIENTED_EDGE('',*,*,#2267,.F.);
#1316=ORIENTED_EDGE('',*,*,#2266,.T.);
#1317=ORIENTED_EDGE('',*,*,#2274,.T.);
#1318=ORIENTED_EDGE('',*,*,#2275,.F.);
#1319=CARTESIAN_POINT('',(0.0,-2.54,0.0));
#1320=DIRECTION('',(0.0,-1.0,0.0));
#1321=DIRECTION('',(0.0,0.0,-1.0));
#1322=ORIENTED_EDGE('',*,*,#2270,.T.);
#1323=ORIENTED_EDGE('',*,*,#2276,.T.);
#1324=ORIENTED_EDGE('',*,*,#2277,.F.);
#1325=ORIENTED_EDGE('',*,*,#2278,.F.);
#1326=CARTESIAN_POINT('',(5.85,-2.54,1.27));
#1327=DIRECTION('',(-1.0,0.0,0.0));
#1328=DIRECTION('',(0.0,0.0,1.0));
#1329=ORIENTED_EDGE('',*,*,#2278,.T.);
#1330=ORIENTED_EDGE('',*,*,#2279,.F.);
#1331=ORIENTED_EDGE('',*,*,#2131,.T.);
#1332=ORIENTED_EDGE('',*,*,#2280,.T.);
#1333=ORIENTED_EDGE('',*,*,#2281,.F.);
#1334=ORIENTED_EDGE('',*,*,#2271,.F.);
#1335=CARTESIAN_POINT('',(6.35,0.0,1.27));
#1336=DIRECTION('',(0.0,0.0,1.0));
#1337=DIRECTION('',(1.0,0.0,0.0));
#1338=ORIENTED_EDGE('',*,*,#2272,.F.);
#1339=ORIENTED_EDGE('',*,*,#2281,.T.);
#1340=ORIENTED_EDGE('',*,*,#2282,.F.);
#1341=ORIENTED_EDGE('',*,*,#2283,.F.);
#1342=CARTESIAN_POINT('',(4.31,-2.54,0.77));
#1343=DIRECTION('',(1.0,0.0,0.0));
#1344=DIRECTION('',(0.0,1.0,0.0));
#1345=ORIENTED_EDGE('',*,*,#2273,.T.);
#1346=ORIENTED_EDGE('',*,*,#2283,.T.);
#1347=ORIENTED_EDGE('',*,*,#2284,.F.);
#1348=ORIENTED_EDGE('',*,*,#2276,.F.);
#1349=CARTESIAN_POINT('',(5.85,-2.54,0.77));
#1350=DIRECTION('',(0.0,0.0,1.0));
#1351=DIRECTION('',(1.0,0.0,0.0));
#1352=ORIENTED_EDGE('',*,*,#2285,.T.);
#1353=ORIENTED_EDGE('',*,*,#2286,.F.);
#1354=ORIENTED_EDGE('',*,*,#2277,.T.);
#1355=ORIENTED_EDGE('',*,*,#2284,.T.);
#1356=ORIENTED_EDGE('',*,*,#2282,.T.);
#1357=ORIENTED_EDGE('',*,*,#2287,.F.);
#1358=ORIENTED_EDGE('',*,*,#2288,.T.);
#1359=ORIENTED_EDGE('',*,*,#2289,.F.);
#1360=ORIENTED_EDGE('',*,*,#2269,.T.);
#1361=ORIENTED_EDGE('',*,*,#2290,.T.);
#1362=ORIENTED_EDGE('',*,*,#2291,.T.);
#1363=ORIENTED_EDGE('',*,*,#2261,.F.);
#1364=ORIENTED_EDGE('',*,*,#2292,.T.);
#1365=ORIENTED_EDGE('',*,*,#2293,.T.);
#1366=ORIENTED_EDGE('',*,*,#2294,.T.);
#1367=ORIENTED_EDGE('',*,*,#2295,.T.);
#1368=CARTESIAN_POINT('',(0.0,-1.94,0.0));
#1369=DIRECTION('',(0.0,-1.0,0.0));
#1370=DIRECTION('',(0.0,0.0,-1.0));
#1371=ORIENTED_EDGE('',*,*,#2296,.F.);
#1372=ORIENTED_EDGE('',*,*,#2297,.T.);
#1373=ORIENTED_EDGE('',*,*,#2285,.F.);
#1374=ORIENTED_EDGE('',*,*,#2260,.F.);
#1375=CARTESIAN_POINT('',(6.35,-1.69,-0.77));
#1376=DIRECTION('',(0.707106781186548,-0.707106781186548,0.0));
#1377=DIRECTION('',(0.0,0.0,-1.0));
#1378=ORIENTED_EDGE('',*,*,#2296,.T.);
#1379=ORIENTED_EDGE('',*,*,#2258,.T.);
#1380=ORIENTED_EDGE('',*,*,#2245,.F.);
#1381=ORIENTED_EDGE('',*,*,#2298,.F.);
#1382=CARTESIAN_POINT('',(6.35,-1.69,0.77));
#1383=DIRECTION('',(-0.707106781186548,-0.707106781186548,0.0));
#1384=DIRECTION('',(-0.707106781186548,0.707106781186548,0.0));
#1385=ORIENTED_EDGE('',*,*,#2244,.T.);
#1386=ORIENTED_EDGE('',*,*,#2237,.F.);
#1387=ORIENTED_EDGE('',*,*,#2147,.F.);
#1388=ORIENTED_EDGE('',*,*,#2142,.T.);
#1389=ORIENTED_EDGE('',*,*,#2299,.T.);
#1390=ORIENTED_EDGE('',*,*,#2298,.T.);
#1391=CARTESIAN_POINT('',(6.35,0.0,0.77));
#1392=DIRECTION('',(-0.707106781186548,0.0,0.707106781186548));
#1393=DIRECTION('',(0.0,1.0,0.0));
#1394=ORIENTED_EDGE('',*,*,#2299,.F.);
#1395=ORIENTED_EDGE('',*,*,#2139,.F.);
#1396=ORIENTED_EDGE('',*,*,#2132,.F.);
#1397=ORIENTED_EDGE('',*,*,#2279,.T.);
#1398=ORIENTED_EDGE('',*,*,#2286,.T.);
#1399=ORIENTED_EDGE('',*,*,#2297,.F.);
#1400=CARTESIAN_POINT('',(5.85,0.0,1.27));
#1401=DIRECTION('',(0.707106781186548,0.0,0.707106781186548));
#1402=DIRECTION('',(0.0,-1.0,0.0));
#1403=ORIENTED_EDGE('',*,*,#2274,.F.);
#1404=ORIENTED_EDGE('',*,*,#2265,.T.);
#1405=ORIENTED_EDGE('',*,*,#2291,.F.);
#1406=ORIENTED_EDGE('',*,*,#2300,.F.);
#1407=CARTESIAN_POINT('',(5.85,-2.54,-0.77));
#1408=DIRECTION('',(-1.0,0.0,0.0));
#1409=DIRECTION('',(0.0,0.0,1.0));
#1410=ORIENTED_EDGE('',*,*,#2275,.T.);
#1411=ORIENTED_EDGE('',*,*,#2300,.T.);
#1412=ORIENTED_EDGE('',*,*,#2290,.F.);
#1413=ORIENTED_EDGE('',*,*,#2268,.F.);
#1414=CARTESIAN_POINT('',(4.31,-2.54,-0.77));
#1415=DIRECTION('',(0.0,0.0,-1.0));
#1416=DIRECTION('',(0.0,-1.0,0.0));
#1417=ORIENTED_EDGE('',*,*,#2289,.T.);
#1418=ORIENTED_EDGE('',*,*,#2301,.F.);
#1419=ORIENTED_EDGE('',*,*,#2302,.F.);
#1420=ORIENTED_EDGE('',*,*,#2124,.F.);
#1421=ORIENTED_EDGE('',*,*,#2129,.F.);
#1422=ORIENTED_EDGE('',*,*,#2264,.T.);
#1423=CARTESIAN_POINT('',(4.31,0.0,-1.27));
#1424=DIRECTION('',(-0.707106781186548,0.0,-0.707106781186548));
#1425=DIRECTION('',(-0.707106781186548,0.0,0.707106781186548));
#1426=ORIENTED_EDGE('',*,*,#2302,.T.);
#1427=ORIENTED_EDGE('',*,*,#2303,.T.);
#1428=ORIENTED_EDGE('',*,*,#2304,.T.);
#1429=ORIENTED_EDGE('',*,*,#2305,.F.);
#1430=ORIENTED_EDGE('',*,*,#2109,.F.);
#1431=ORIENTED_EDGE('',*,*,#2121,.T.);
#1432=CARTESIAN_POINT('',(3.81,0.0,-0.77));
#1433=DIRECTION('',(0.707106781186548,0.0,-0.707106781186548));
#1434=DIRECTION('',(0.0,-1.0,0.0));
#1435=ORIENTED_EDGE('',*,*,#2306,.T.);
#1436=ORIENTED_EDGE('',*,*,#2307,.F.);
#1437=ORIENTED_EDGE('',*,*,#2110,.T.);
#1438=ORIENTED_EDGE('',*,*,#2305,.T.);
#1439=ORIENTED_EDGE('',*,*,#2308,.F.);
#1440=ORIENTED_EDGE('',*,*,#2309,.F.);
#1441=CARTESIAN_POINT('',(1.27,0.0,-1.27));
#1442=DIRECTION('',(0.0,0.0,-1.0));
#1443=DIRECTION('',(0.0,-1.0,0.0));
#1444=ORIENTED_EDGE('',*,*,#2310,.T.);
#1445=ORIENTED_EDGE('',*,*,#2311,.T.);
#1446=ORIENTED_EDGE('',*,*,#2312,.F.);
#1447=ORIENTED_EDGE('',*,*,#2306,.F.);
#1448=CARTESIAN_POINT('',(1.77,-2.54,-1.27));
#1449=DIRECTION('',(1.0,0.0,0.0));
#1450=DIRECTION('',(0.0,1.0,0.0));
#1451=ORIENTED_EDGE('',*,*,#2313,.F.);
#1452=ORIENTED_EDGE('',*,*,#2314,.T.);
#1453=ORIENTED_EDGE('',*,*,#2315,.T.);
#1454=ORIENTED_EDGE('',*,*,#2316,.F.);
#1455=CARTESIAN_POINT('',(0.0,-2.54,0.0));
#1456=DIRECTION('',(0.0,-1.0,0.0));
#1457=DIRECTION('',(0.0,0.0,-1.0));
#1458=ORIENTED_EDGE('',*,*,#2310,.F.);
#1459=ORIENTED_EDGE('',*,*,#2309,.T.);
#1460=ORIENTED_EDGE('',*,*,#2317,.T.);
#1461=ORIENTED_EDGE('',*,*,#2318,.F.);
#1462=CARTESIAN_POINT('',(0.0,-2.54,0.0));
#1463=DIRECTION('',(0.0,-1.0,0.0));
#1464=DIRECTION('',(0.0,0.0,-1.0));
#1465=ORIENTED_EDGE('',*,*,#2313,.T.);
#1466=ORIENTED_EDGE('',*,*,#2319,.T.);
#1467=ORIENTED_EDGE('',*,*,#2320,.F.);
#1468=ORIENTED_EDGE('',*,*,#2321,.F.);
#1469=CARTESIAN_POINT('',(3.31,-2.54,1.27));
#1470=DIRECTION('',(-1.0,0.0,0.0));
#1471=DIRECTION('',(0.0,0.0,1.0));
#1472=ORIENTED_EDGE('',*,*,#2321,.T.);
#1473=ORIENTED_EDGE('',*,*,#2322,.F.);
#1474=ORIENTED_EDGE('',*,*,#2114,.T.);
#1475=ORIENTED_EDGE('',*,*,#2323,.T.);
#1476=ORIENTED_EDGE('',*,*,#2324,.F.);
#1477=ORIENTED_EDGE('',*,*,#2314,.F.);
#1478=CARTESIAN_POINT('',(3.81,0.0,1.27));
#1479=DIRECTION('',(0.0,0.0,1.0));
#1480=DIRECTION('',(1.0,0.0,0.0));
#1481=ORIENTED_EDGE('',*,*,#2315,.F.);
#1482=ORIENTED_EDGE('',*,*,#2324,.T.);
#1483=ORIENTED_EDGE('',*,*,#2325,.F.);
#1484=ORIENTED_EDGE('',*,*,#2326,.F.);
#1485=CARTESIAN_POINT('',(1.77,-2.54,0.77));
#1486=DIRECTION('',(1.0,0.0,0.0));
#1487=DIRECTION('',(0.0,1.0,0.0));
#1488=ORIENTED_EDGE('',*,*,#2316,.T.);
#1489=ORIENTED_EDGE('',*,*,#2326,.T.);
#1490=ORIENTED_EDGE('',*,*,#2327,.F.);
#1491=ORIENTED_EDGE('',*,*,#2319,.F.);
#1492=CARTESIAN_POINT('',(3.31,-2.54,0.77));
#1493=DIRECTION('',(0.0,0.0,1.0));
#1494=DIRECTION('',(1.0,0.0,0.0));
#1495=ORIENTED_EDGE('',*,*,#2328,.T.);
#1496=ORIENTED_EDGE('',*,*,#2329,.F.);
#1497=ORIENTED_EDGE('',*,*,#2320,.T.);
#1498=ORIENTED_EDGE('',*,*,#2327,.T.);
#1499=ORIENTED_EDGE('',*,*,#2325,.T.);
#1500=ORIENTED_EDGE('',*,*,#2330,.F.);
#1501=ORIENTED_EDGE('',*,*,#2331,.T.);
#1502=ORIENTED_EDGE('',*,*,#2332,.F.);
#1503=ORIENTED_EDGE('',*,*,#2312,.T.);
#1504=ORIENTED_EDGE('',*,*,#2333,.T.);
#1505=ORIENTED_EDGE('',*,*,#2334,.T.);
#1506=ORIENTED_EDGE('',*,*,#2304,.F.);
#1507=ORIENTED_EDGE('',*,*,#2335,.T.);
#1508=ORIENTED_EDGE('',*,*,#2336,.T.);
#1509=ORIENTED_EDGE('',*,*,#2337,.T.);
#1510=ORIENTED_EDGE('',*,*,#2338,.T.);
#1511=CARTESIAN_POINT('',(0.0,-1.94,0.0));
#1512=DIRECTION('',(0.0,-1.0,0.0));
#1513=DIRECTION('',(0.0,0.0,-1.0));
#1514=ORIENTED_EDGE('',*,*,#2339,.F.);
#1515=ORIENTED_EDGE('',*,*,#2340,.T.);
#1516=ORIENTED_EDGE('',*,*,#2328,.F.);
#1517=ORIENTED_EDGE('',*,*,#2303,.F.);
#1518=CARTESIAN_POINT('',(3.81,-1.69,-0.77));
#1519=DIRECTION('',(0.707106781186548,-0.707106781186548,0.0));
#1520=DIRECTION('',(0.0,0.0,-1.0));
#1521=ORIENTED_EDGE('',*,*,#2339,.T.);
#1522=ORIENTED_EDGE('',*,*,#2301,.T.);
#1523=ORIENTED_EDGE('',*,*,#2288,.F.);
#1524=ORIENTED_EDGE('',*,*,#2341,.F.);
#1525=CARTESIAN_POINT('',(3.81,-1.69,0.77));
#1526=DIRECTION('',(-0.707106781186548,-0.707106781186548,0.0));
#1527=DIRECTION('',(-0.707106781186548,0.707106781186548,0.0));
#1528=ORIENTED_EDGE('',*,*,#2287,.T.);
#1529=ORIENTED_EDGE('',*,*,#2280,.F.);
#1530=ORIENTED_EDGE('',*,*,#2130,.F.);
#1531=ORIENTED_EDGE('',*,*,#2125,.T.);
#1532=ORIENTED_EDGE('',*,*,#2342,.T.);
#1533=ORIENTED_EDGE('',*,*,#2341,.T.);
#1534=CARTESIAN_POINT('',(3.81,0.0,0.77));
#1535=DIRECTION('',(-0.707106781186548,0.0,0.707106781186548));
#1536=DIRECTION('',(0.0,1.0,0.0));
#1537=ORIENTED_EDGE('',*,*,#2342,.F.);
#1538=ORIENTED_EDGE('',*,*,#2122,.F.);
#1539=ORIENTED_EDGE('',*,*,#2115,.F.);
#1540=ORIENTED_EDGE('',*,*,#2322,.T.);
#1541=ORIENTED_EDGE('',*,*,#2329,.T.);
#1542=ORIENTED_EDGE('',*,*,#2340,.F.);
#1543=CARTESIAN_POINT('',(3.31,0.0,1.27));
#1544=DIRECTION('',(0.707106781186548,0.0,0.707106781186548));
#1545=DIRECTION('',(0.0,-1.0,0.0));
#1546=ORIENTED_EDGE('',*,*,#2317,.F.);
#1547=ORIENTED_EDGE('',*,*,#2308,.T.);
#1548=ORIENTED_EDGE('',*,*,#2334,.F.);
#1549=ORIENTED_EDGE('',*,*,#2343,.F.);
#1550=CARTESIAN_POINT('',(3.31,-2.54,-0.77));
#1551=DIRECTION('',(-1.0,0.0,0.0));
#1552=DIRECTION('',(0.0,0.0,1.0));
#1553=ORIENTED_EDGE('',*,*,#2318,.T.);
#1554=ORIENTED_EDGE('',*,*,#2343,.T.);
#1555=ORIENTED_EDGE('',*,*,#2333,.F.);
#1556=ORIENTED_EDGE('',*,*,#2311,.F.);
#1557=CARTESIAN_POINT('',(1.77,-2.54,-0.77));
#1558=DIRECTION('',(0.0,0.0,-1.0));
#1559=DIRECTION('',(0.0,-1.0,0.0));
#1560=ORIENTED_EDGE('',*,*,#2332,.T.);
#1561=ORIENTED_EDGE('',*,*,#2344,.F.);
#1562=ORIENTED_EDGE('',*,*,#2345,.F.);
#1563=ORIENTED_EDGE('',*,*,#2346,.F.);
#1564=ORIENTED_EDGE('',*,*,#2111,.F.);
#1565=ORIENTED_EDGE('',*,*,#2307,.T.);
#1566=CARTESIAN_POINT('',(1.77,0.0,-1.27));
#1567=DIRECTION('',(-0.707106781186548,0.0,-0.707106781186548));
#1568=DIRECTION('',(-0.707106781186548,0.0,0.707106781186548));
#1569=ORIENTED_EDGE('',*,*,#2112,.T.);
#1570=ORIENTED_EDGE('',*,*,#2346,.T.);
#1571=ORIENTED_EDGE('',*,*,#2347,.F.);
#1572=ORIENTED_EDGE('',*,*,#2348,.F.);
#1573=CARTESIAN_POINT('',(1.52,0.0,1.02));
#1574=DIRECTION('',(-0.707106781186548,0.707106781186548,0.0));
#1575=DIRECTION('',(0.0,0.0,1.0));
#1576=ORIENTED_EDGE('',*,*,#2330,.T.);
#1577=ORIENTED_EDGE('',*,*,#2323,.F.);
#1578=ORIENTED_EDGE('',*,*,#2113,.F.);
#1579=ORIENTED_EDGE('',*,*,#2348,.T.);
#1580=ORIENTED_EDGE('',*,*,#2349,.T.);
#1581=ORIENTED_EDGE('',*,*,#2350,.T.);
#1582=CARTESIAN_POINT('',(1.27,0.0,0.77));
#1583=DIRECTION('',(-0.707106781186548,0.0,0.707106781186548));
#1584=DIRECTION('',(0.0,1.0,0.0));
#1585=ORIENTED_EDGE('',*,*,#2351,.T.);
#1586=ORIENTED_EDGE('',*,*,#2344,.T.);
#1587=ORIENTED_EDGE('',*,*,#2331,.F.);
#1588=ORIENTED_EDGE('',*,*,#2350,.F.);
#1589=CARTESIAN_POINT('',(1.27,-1.69,0.77));
#1590=DIRECTION('',(-0.707106781186548,-0.707106781186548,0.0));
#1591=DIRECTION('',(-0.707106781186548,0.707106781186548,0.0));
#1592=ORIENTED_EDGE('',*,*,#2351,.F.);
#1593=ORIENTED_EDGE('',*,*,#2349,.F.);
#1594=ORIENTED_EDGE('',*,*,#2347,.T.);
#1595=ORIENTED_EDGE('',*,*,#2345,.T.);
#1596=CARTESIAN_POINT('',(1.27,0.0,1.27));
#1597=DIRECTION('',(-1.0,0.0,0.0));
#1598=DIRECTION('',(0.0,0.0,1.0));
#1599=ORIENTED_EDGE('',*,*,#2116,.T.);
#1600=ORIENTED_EDGE('',*,*,#2352,.T.);
#1601=ORIENTED_EDGE('',*,*,#2335,.F.);
#1602=ORIENTED_EDGE('',*,*,#2353,.F.);
#1603=CARTESIAN_POINT('',(2.2225,0.0,-0.3175));
#1604=DIRECTION('',(-1.0,0.0,0.0));
#1605=DIRECTION('',(0.0,0.0,1.0));
#1606=ORIENTED_EDGE('',*,*,#2117,.T.);
#1607=ORIENTED_EDGE('',*,*,#2353,.T.);
#1608=ORIENTED_EDGE('',*,*,#2338,.F.);
#1609=ORIENTED_EDGE('',*,*,#2354,.F.);
#1610=CARTESIAN_POINT('',(2.8575,0.0,-0.3175));
#1611=DIRECTION('',(0.0,0.0,-1.0));
#1612=DIRECTION('',(0.0,-1.0,0.0));
#1613=ORIENTED_EDGE('',*,*,#2118,.T.);
#1614=ORIENTED_EDGE('',*,*,#2354,.T.);
#1615=ORIENTED_EDGE('',*,*,#2337,.F.);
#1616=ORIENTED_EDGE('',*,*,#2355,.F.);
#1617=CARTESIAN_POINT('',(2.8575,0.0,0.3175));
#1618=DIRECTION('',(1.0,0.0,0.0));
#1619=DIRECTION('',(0.0,1.0,0.0));
#1620=ORIENTED_EDGE('',*,*,#2119,.T.);
#1621=ORIENTED_EDGE('',*,*,#2355,.T.);
#1622=ORIENTED_EDGE('',*,*,#2336,.F.);
#1623=ORIENTED_EDGE('',*,*,#2352,.F.);
#1624=CARTESIAN_POINT('',(2.2225,0.0,0.3175));
#1625=DIRECTION('',(0.0,0.0,1.0));
#1626=DIRECTION('',(1.0,0.0,0.0));
#1627=ORIENTED_EDGE('',*,*,#2133,.T.);
#1628=ORIENTED_EDGE('',*,*,#2356,.T.);
#1629=ORIENTED_EDGE('',*,*,#2292,.F.);
#1630=ORIENTED_EDGE('',*,*,#2357,.F.);
#1631=CARTESIAN_POINT('',(4.7625,0.0,-0.3175));
#1632=DIRECTION('',(-1.0,0.0,0.0));
#1633=DIRECTION('',(0.0,0.0,1.0));
#1634=ORIENTED_EDGE('',*,*,#2134,.T.);
#1635=ORIENTED_EDGE('',*,*,#2357,.T.);
#1636=ORIENTED_EDGE('',*,*,#2295,.F.);
#1637=ORIENTED_EDGE('',*,*,#2358,.F.);
#1638=CARTESIAN_POINT('',(5.3975,0.0,-0.3175));
#1639=DIRECTION('',(0.0,0.0,-1.0));
#1640=DIRECTION('',(0.0,-1.0,0.0));
#1641=ORIENTED_EDGE('',*,*,#2135,.T.);
#1642=ORIENTED_EDGE('',*,*,#2358,.T.);
#1643=ORIENTED_EDGE('',*,*,#2294,.F.);
#1644=ORIENTED_EDGE('',*,*,#2359,.F.);
#1645=CARTESIAN_POINT('',(5.3975,0.0,0.3175));
#1646=DIRECTION('',(1.0,0.0,0.0));
#1647=DIRECTION('',(0.0,1.0,0.0));
#1648=ORIENTED_EDGE('',*,*,#2136,.T.);
#1649=ORIENTED_EDGE('',*,*,#2359,.T.);
#1650=ORIENTED_EDGE('',*,*,#2293,.F.);
#1651=ORIENTED_EDGE('',*,*,#2356,.F.);
#1652=CARTESIAN_POINT('',(4.7625,0.0,0.3175));
#1653=DIRECTION('',(0.0,0.0,1.0));
#1654=DIRECTION('',(1.0,0.0,0.0));
#1655=ORIENTED_EDGE('',*,*,#2150,.T.);
#1656=ORIENTED_EDGE('',*,*,#2360,.T.);
#1657=ORIENTED_EDGE('',*,*,#2249,.F.);
#1658=ORIENTED_EDGE('',*,*,#2361,.F.);
#1659=CARTESIAN_POINT('',(7.3025,0.0,-0.3175));
#1660=DIRECTION('',(-1.0,0.0,0.0));
#1661=DIRECTION('',(0.0,0.0,1.0));
#1662=ORIENTED_EDGE('',*,*,#2151,.T.);
#1663=ORIENTED_EDGE('',*,*,#2361,.T.);
#1664=ORIENTED_EDGE('',*,*,#2252,.F.);
#1665=ORIENTED_EDGE('',*,*,#2362,.F.);
#1666=CARTESIAN_POINT('',(7.9375,0.0,-0.3175));
#1667=DIRECTION('',(0.0,0.0,-1.0));
#1668=DIRECTION('',(0.0,-1.0,0.0));
#1669=ORIENTED_EDGE('',*,*,#2152,.T.);
#1670=ORIENTED_EDGE('',*,*,#2362,.T.);
#1671=ORIENTED_EDGE('',*,*,#2251,.F.);
#1672=ORIENTED_EDGE('',*,*,#2363,.F.);
#1673=CARTESIAN_POINT('',(7.9375,0.0,0.3175));
#1674=DIRECTION('',(1.0,0.0,0.0));
#1675=DIRECTION('',(0.0,1.0,0.0));
#1676=ORIENTED_EDGE('',*,*,#2153,.T.);
#1677=ORIENTED_EDGE('',*,*,#2363,.T.);
#1678=ORIENTED_EDGE('',*,*,#2250,.F.);
#1679=ORIENTED_EDGE('',*,*,#2360,.F.);
#1680=CARTESIAN_POINT('',(7.3025,0.0,0.3175));
#1681=DIRECTION('',(0.0,0.0,1.0));
#1682=DIRECTION('',(1.0,0.0,0.0));
#1683=ORIENTED_EDGE('',*,*,#2167,.T.);
#1684=ORIENTED_EDGE('',*,*,#2364,.T.);
#1685=ORIENTED_EDGE('',*,*,#2189,.F.);
#1686=ORIENTED_EDGE('',*,*,#2365,.F.);
#1687=CARTESIAN_POINT('',(9.8425,0.0,-0.3175));
#1688=DIRECTION('',(-1.0,0.0,0.0));
#1689=DIRECTION('',(0.0,0.0,1.0));
#1690=ORIENTED_EDGE('',*,*,#2168,.T.);
#1691=ORIENTED_EDGE('',*,*,#2365,.T.);
#1692=ORIENTED_EDGE('',*,*,#2192,.F.);
#1693=ORIENTED_EDGE('',*,*,#2366,.F.);
#1694=CARTESIAN_POINT('',(10.4775,0.0,-0.3175));
#1695=DIRECTION('',(0.0,0.0,-1.0));
#1696=DIRECTION('',(0.0,-1.0,0.0));
#1697=ORIENTED_EDGE('',*,*,#2169,.T.);
#1698=ORIENTED_EDGE('',*,*,#2366,.T.);
#1699=ORIENTED_EDGE('',*,*,#2191,.F.);
#1700=ORIENTED_EDGE('',*,*,#2367,.F.);
#1701=CARTESIAN_POINT('',(10.4775,0.0,0.3175));
#1702=DIRECTION('',(1.0,0.0,0.0));
#1703=DIRECTION('',(0.0,1.0,0.0));
#1704=ORIENTED_EDGE('',*,*,#2170,.T.);
#1705=ORIENTED_EDGE('',*,*,#2367,.T.);
#1706=ORIENTED_EDGE('',*,*,#2190,.F.);
#1707=ORIENTED_EDGE('',*,*,#2364,.F.);
#1708=CARTESIAN_POINT('',(9.8425,0.0,0.3175));
#1709=DIRECTION('',(0.0,0.0,1.0));
#1710=DIRECTION('',(1.0,0.0,0.0));
#1711=FILL_AREA_STYLE_COLOUR('',#2368);
#1712=ORIENTED_EDGE('',*,*,#2369,.F.);
#1713=ORIENTED_EDGE('',*,*,#2370,.F.);
#1714=ORIENTED_EDGE('',*,*,#2371,.F.);
#1715=ORIENTED_EDGE('',*,*,#2372,.F.);
#1716=CARTESIAN_POINT('',(2.54,-5.68,0.0));
#1717=DIRECTION('',(0.0,1.0,0.0));
#1718=DIRECTION('',(0.0,0.0,1.0));
#1719=ORIENTED_EDGE('',*,*,#2369,.T.);
#1720=ORIENTED_EDGE('',*,*,#2373,.T.);
#1721=ORIENTED_EDGE('',*,*,#2374,.F.);
#1722=ORIENTED_EDGE('',*,*,#2375,.F.);
#1723=CARTESIAN_POINT('',(2.705,-5.68,0.3175));
#1724=DIRECTION('',(0.866025403784429,-0.500000000000017,0.0));
#1725=DIRECTION('',(0.0,0.0,1.0));
#1726=ORIENTED_EDGE('',*,*,#2370,.T.);
#1727=ORIENTED_EDGE('',*,*,#2375,.T.);
#1728=ORIENTED_EDGE('',*,*,#2376,.F.);
#1729=ORIENTED_EDGE('',*,*,#2377,.F.);
#1730=CARTESIAN_POINT('',(2.2225,-5.68,0.165));
#1731=DIRECTION('',(0.0,-0.500000000000017,0.866025403784429));
#1732=DIRECTION('',(-1.0,0.0,0.0));
#1733=ORIENTED_EDGE('',*,*,#2371,.T.);
#1734=ORIENTED_EDGE('',*,*,#2377,.T.);
#1735=ORIENTED_EDGE('',*,*,#2378,.F.);
#1736=ORIENTED_EDGE('',*,*,#2379,.F.);
#1737=CARTESIAN_POINT('',(2.375,-5.68,-0.3175));
#1738=DIRECTION('',(-0.866025403784429,-0.500000000000017,-0.0));
#1739=DIRECTION('',(0.0,0.0,-1.0));
#1740=ORIENTED_EDGE('',*,*,#2372,.T.);
#1741=ORIENTED_EDGE('',*,*,#2379,.T.);
#1742=ORIENTED_EDGE('',*,*,#2380,.F.);
#1743=ORIENTED_EDGE('',*,*,#2373,.F.);
#1744=CARTESIAN_POINT('',(2.8575,-5.68,-0.165));
#1745=DIRECTION('',(0.0,-0.500000000000017,-0.866025403784429));
#1746=DIRECTION('',(1.0,0.0,0.0));
#1747=ORIENTED_EDGE('',*,*,#2380,.T.);
#1748=ORIENTED_EDGE('',*,*,#2381,.T.);
#1749=ORIENTED_EDGE('',*,*,#2382,.F.);
#1750=ORIENTED_EDGE('',*,*,#2383,.F.);
#1751=CARTESIAN_POINT('',(2.8575,-5.68,-0.3175));
#1752=DIRECTION('',(0.0,0.0,-1.0));
#1753=DIRECTION('',(1.0,0.0,0.0));
#1754=ORIENTED_EDGE('',*,*,#2374,.T.);
#1755=ORIENTED_EDGE('',*,*,#2383,.T.);
#1756=ORIENTED_EDGE('',*,*,#2384,.F.);
#1757=ORIENTED_EDGE('',*,*,#2385,.F.);
#1758=CARTESIAN_POINT('',(2.8575,-5.68,0.3175));
#1759=DIRECTION('',(1.0,0.0,0.0));
#1760=DIRECTION('',(0.0,-1.0,0.0));
#1761=ORIENTED_EDGE('',*,*,#2376,.T.);
#1762=ORIENTED_EDGE('',*,*,#2385,.T.);
#1763=ORIENTED_EDGE('',*,*,#2386,.F.);
#1764=ORIENTED_EDGE('',*,*,#2387,.F.);
#1765=CARTESIAN_POINT('',(2.2225,-5.68,0.3175));
#1766=DIRECTION('',(0.0,-0.0,1.0));
#1767=DIRECTION('',(0.0,1.0,0.0));
#1768=ORIENTED_EDGE('',*,*,#2378,.T.);
#1769=ORIENTED_EDGE('',*,*,#2387,.T.);
#1770=ORIENTED_EDGE('',*,*,#2388,.F.);
#1771=ORIENTED_EDGE('',*,*,#2381,.F.);
#1772=CARTESIAN_POINT('',(2.2225,-5.68,-0.3175));
#1773=DIRECTION('',(-1.0,0.0,0.0));
#1774=DIRECTION('',(0.0,0.0,-1.0));
#1775=ORIENTED_EDGE('',*,*,#2389,.F.);
#1776=ORIENTED_EDGE('',*,*,#2390,.T.);
#1777=ORIENTED_EDGE('',*,*,#2388,.T.);
#1778=ORIENTED_EDGE('',*,*,#2391,.F.);
#1779=CARTESIAN_POINT('',(2.375,5.8,-0.3175));
#1780=DIRECTION('',(0.866025403784429,-0.500000000000017,0.0));
#1781=DIRECTION('',(0.0,0.0,1.0));
#1782=ORIENTED_EDGE('',*,*,#2392,.T.);
#1783=ORIENTED_EDGE('',*,*,#2393,.T.);
#1784=ORIENTED_EDGE('',*,*,#2389,.T.);
#1785=ORIENTED_EDGE('',*,*,#2394,.T.);
#1786=CARTESIAN_POINT('',(2.54,5.8,0.0));
#1787=DIRECTION('',(0.0,1.0,0.0));
#1788=DIRECTION('',(0.0,0.0,1.0));
#1789=ORIENTED_EDGE('',*,*,#2392,.F.);
#1790=ORIENTED_EDGE('',*,*,#2395,.T.);
#1791=ORIENTED_EDGE('',*,*,#2384,.T.);
#1792=ORIENTED_EDGE('',*,*,#2396,.F.);
#1793=CARTESIAN_POINT('',(2.705,5.8,0.3175));
#1794=DIRECTION('',(-0.866025403784429,-0.500000000000017,-0.0));
#1795=DIRECTION('',(0.0,0.0,-1.0));
#1796=ORIENTED_EDGE('',*,*,#2393,.F.);
#1797=ORIENTED_EDGE('',*,*,#2396,.T.);
#1798=ORIENTED_EDGE('',*,*,#2382,.T.);
#1799=ORIENTED_EDGE('',*,*,#2390,.F.);
#1800=CARTESIAN_POINT('',(2.8575,5.8,-0.165));
#1801=DIRECTION('',(0.0,-0.500000000000017,0.866025403784429));
#1802=DIRECTION('',(-1.0,0.0,0.0));
#1803=ORIENTED_EDGE('',*,*,#2394,.F.);
#1804=ORIENTED_EDGE('',*,*,#2391,.T.);
#1805=ORIENTED_EDGE('',*,*,#2386,.T.);
#1806=ORIENTED_EDGE('',*,*,#2395,.F.);
#1807=CARTESIAN_POINT('',(2.2225,5.8,0.165));
#1808=DIRECTION('',(0.0,-0.500000000000017,-0.866025403784429));
#1809=DIRECTION('',(1.0,0.0,0.0));
#1810=FILL_AREA_STYLE_COLOUR('',#2397);
#1811=ORIENTED_EDGE('',*,*,#2398,.F.);
#1812=ORIENTED_EDGE('',*,*,#2399,.F.);
#1813=ORIENTED_EDGE('',*,*,#2400,.F.);
#1814=ORIENTED_EDGE('',*,*,#2401,.F.);
#1815=CARTESIAN_POINT('',(5.08,-5.68,0.0));
#1816=DIRECTION('',(0.0,1.0,0.0));
#1817=DIRECTION('',(0.0,0.0,1.0));
#1818=ORIENTED_EDGE('',*,*,#2398,.T.);
#1819=ORIENTED_EDGE('',*,*,#2402,.T.);
#1820=ORIENTED_EDGE('',*,*,#2403,.F.);
#1821=ORIENTED_EDGE('',*,*,#2404,.F.);
#1822=CARTESIAN_POINT('',(5.245,-5.68,0.3175));
#1823=DIRECTION('',(0.866025403784429,-0.500000000000017,0.0));
#1824=DIRECTION('',(0.0,0.0,1.0));
#1825=ORIENTED_EDGE('',*,*,#2399,.T.);
#1826=ORIENTED_EDGE('',*,*,#2404,.T.);
#1827=ORIENTED_EDGE('',*,*,#2405,.F.);
#1828=ORIENTED_EDGE('',*,*,#2406,.F.);
#1829=CARTESIAN_POINT('',(4.7625,-5.68,0.165));
#1830=DIRECTION('',(0.0,-0.500000000000017,0.866025403784429));
#1831=DIRECTION('',(-1.0,0.0,0.0));
#1832=ORIENTED_EDGE('',*,*,#2400,.T.);
#1833=ORIENTED_EDGE('',*,*,#2406,.T.);
#1834=ORIENTED_EDGE('',*,*,#2407,.F.);
#1835=ORIENTED_EDGE('',*,*,#2408,.F.);
#1836=CARTESIAN_POINT('',(4.915,-5.68,-0.3175));
#1837=DIRECTION('',(-0.866025403784429,-0.500000000000017,-0.0));
#1838=DIRECTION('',(0.0,0.0,-1.0));
#1839=ORIENTED_EDGE('',*,*,#2401,.T.);
#1840=ORIENTED_EDGE('',*,*,#2408,.T.);
#1841=ORIENTED_EDGE('',*,*,#2409,.F.);
#1842=ORIENTED_EDGE('',*,*,#2402,.F.);
#1843=CARTESIAN_POINT('',(5.3975,-5.68,-0.165));
#1844=DIRECTION('',(0.0,-0.500000000000017,-0.866025403784429));
#1845=DIRECTION('',(1.0,0.0,0.0));
#1846=ORIENTED_EDGE('',*,*,#2409,.T.);
#1847=ORIENTED_EDGE('',*,*,#2410,.T.);
#1848=ORIENTED_EDGE('',*,*,#2411,.F.);
#1849=ORIENTED_EDGE('',*,*,#2412,.F.);
#1850=CARTESIAN_POINT('',(5.3975,-5.68,-0.3175));
#1851=DIRECTION('',(0.0,0.0,-1.0));
#1852=DIRECTION('',(1.0,0.0,0.0));
#1853=ORIENTED_EDGE('',*,*,#2403,.T.);
#1854=ORIENTED_EDGE('',*,*,#2412,.T.);
#1855=ORIENTED_EDGE('',*,*,#2413,.F.);
#1856=ORIENTED_EDGE('',*,*,#2414,.F.);
#1857=CARTESIAN_POINT('',(5.3975,-5.68,0.3175));
#1858=DIRECTION('',(1.0,0.0,0.0));
#1859=DIRECTION('',(0.0,-1.0,0.0));
#1860=ORIENTED_EDGE('',*,*,#2405,.T.);
#1861=ORIENTED_EDGE('',*,*,#2414,.T.);
#1862=ORIENTED_EDGE('',*,*,#2415,.F.);
#1863=ORIENTED_EDGE('',*,*,#2416,.F.);
#1864=CARTESIAN_POINT('',(4.7625,-5.68,0.3175));
#1865=DIRECTION('',(0.0,-0.0,1.0));
#1866=DIRECTION('',(0.0,1.0,0.0));
#1867=ORIENTED_EDGE('',*,*,#2407,.T.);
#1868=ORIENTED_EDGE('',*,*,#2416,.T.);
#1869=ORIENTED_EDGE('',*,*,#2417,.F.);
#1870=ORIENTED_EDGE('',*,*,#2410,.F.);
#1871=CARTESIAN_POINT('',(4.7625,-5.68,-0.3175));
#1872=DIRECTION('',(-1.0,0.0,0.0));
#1873=DIRECTION('',(0.0,0.0,-1.0));
#1874=ORIENTED_EDGE('',*,*,#2418,.F.);
#1875=ORIENTED_EDGE('',*,*,#2419,.T.);
#1876=ORIENTED_EDGE('',*,*,#2417,.T.);
#1877=ORIENTED_EDGE('',*,*,#2420,.F.);
#1878=CARTESIAN_POINT('',(4.915,5.8,-0.3175));
#1879=DIRECTION('',(0.866025403784429,-0.500000000000017,0.0));
#1880=DIRECTION('',(0.0,0.0,1.0));
#1881=ORIENTED_EDGE('',*,*,#2421,.T.);
#1882=ORIENTED_EDGE('',*,*,#2422,.T.);
#1883=ORIENTED_EDGE('',*,*,#2418,.T.);
#1884=ORIENTED_EDGE('',*,*,#2423,.T.);
#1885=CARTESIAN_POINT('',(5.08,5.8,0.0));
#1886=DIRECTION('',(0.0,1.0,0.0));
#1887=DIRECTION('',(0.0,0.0,1.0));
#1888=ORIENTED_EDGE('',*,*,#2421,.F.);
#1889=ORIENTED_EDGE('',*,*,#2424,.T.);
#1890=ORIENTED_EDGE('',*,*,#2413,.T.);
#1891=ORIENTED_EDGE('',*,*,#2425,.F.);
#1892=CARTESIAN_POINT('',(5.245,5.8,0.3175));
#1893=DIRECTION('',(-0.866025403784429,-0.500000000000017,-0.0));
#1894=DIRECTION('',(0.0,0.0,-1.0));
#1895=ORIENTED_EDGE('',*,*,#2422,.F.);
#1896=ORIENTED_EDGE('',*,*,#2425,.T.);
#1897=ORIENTED_EDGE('',*,*,#2411,.T.);
#1898=ORIENTED_EDGE('',*,*,#2419,.F.);
#1899=CARTESIAN_POINT('',(5.3975,5.8,-0.165));
#1900=DIRECTION('',(0.0,-0.500000000000017,0.866025403784429));
#1901=DIRECTION('',(-1.0,0.0,0.0));
#1902=ORIENTED_EDGE('',*,*,#2423,.F.);
#1903=ORIENTED_EDGE('',*,*,#2420,.T.);
#1904=ORIENTED_EDGE('',*,*,#2415,.T.);
#1905=ORIENTED_EDGE('',*,*,#2424,.F.);
#1906=CARTESIAN_POINT('',(4.7625,5.8,0.165));
#1907=DIRECTION('',(0.0,-0.500000000000017,-0.866025403784429));
#1908=DIRECTION('',(1.0,0.0,0.0));
#1909=FILL_AREA_STYLE_COLOUR('',#2426);
#1910=ORIENTED_EDGE('',*,*,#2427,.F.);
#1911=ORIENTED_EDGE('',*,*,#2428,.F.);
#1912=ORIENTED_EDGE('',*,*,#2429,.F.);
#1913=ORIENTED_EDGE('',*,*,#2430,.F.);
#1914=CARTESIAN_POINT('',(7.62,-5.68,0.0));
#1915=DIRECTION('',(0.0,1.0,0.0));
#1916=DIRECTION('',(0.0,0.0,1.0));
#1917=ORIENTED_EDGE('',*,*,#2427,.T.);
#1918=ORIENTED_EDGE('',*,*,#2431,.T.);
#1919=ORIENTED_EDGE('',*,*,#2432,.F.);
#1920=ORIENTED_EDGE('',*,*,#2433,.F.);
#1921=CARTESIAN_POINT('',(7.785,-5.68,0.3175));
#1922=DIRECTION('',(0.866025403784429,-0.500000000000017,0.0));
#1923=DIRECTION('',(0.0,0.0,1.0));
#1924=ORIENTED_EDGE('',*,*,#2428,.T.);
#1925=ORIENTED_EDGE('',*,*,#2433,.T.);
#1926=ORIENTED_EDGE('',*,*,#2434,.F.);
#1927=ORIENTED_EDGE('',*,*,#2435,.F.);
#1928=CARTESIAN_POINT('',(7.3025,-5.68,0.165));
#1929=DIRECTION('',(0.0,-0.500000000000017,0.866025403784429));
#1930=DIRECTION('',(-1.0,0.0,0.0));
#1931=ORIENTED_EDGE('',*,*,#2429,.T.);
#1932=ORIENTED_EDGE('',*,*,#2435,.T.);
#1933=ORIENTED_EDGE('',*,*,#2436,.F.);
#1934=ORIENTED_EDGE('',*,*,#2437,.F.);
#1935=CARTESIAN_POINT('',(7.455,-5.68,-0.3175));
#1936=DIRECTION('',(-0.866025403784429,-0.500000000000017,-0.0));
#1937=DIRECTION('',(0.0,0.0,-1.0));
#1938=ORIENTED_EDGE('',*,*,#2430,.T.);
#1939=ORIENTED_EDGE('',*,*,#2437,.T.);
#1940=ORIENTED_EDGE('',*,*,#2438,.F.);
#1941=ORIENTED_EDGE('',*,*,#2431,.F.);
#1942=CARTESIAN_POINT('',(7.9375,-5.68,-0.165));
#1943=DIRECTION('',(0.0,-0.500000000000017,-0.866025403784429));
#1944=DIRECTION('',(1.0,0.0,0.0));
#1945=ORIENTED_EDGE('',*,*,#2438,.T.);
#1946=ORIENTED_EDGE('',*,*,#2439,.T.);
#1947=ORIENTED_EDGE('',*,*,#2440,.F.);
#1948=ORIENTED_EDGE('',*,*,#2441,.F.);
#1949=CARTESIAN_POINT('',(7.9375,-5.68,-0.3175));
#1950=DIRECTION('',(0.0,0.0,-1.0));
#1951=DIRECTION('',(1.0,0.0,0.0));
#1952=ORIENTED_EDGE('',*,*,#2432,.T.);
#1953=ORIENTED_EDGE('',*,*,#2441,.T.);
#1954=ORIENTED_EDGE('',*,*,#2442,.F.);
#1955=ORIENTED_EDGE('',*,*,#2443,.F.);
#1956=CARTESIAN_POINT('',(7.9375,-5.68,0.3175));
#1957=DIRECTION('',(1.0,0.0,0.0));
#1958=DIRECTION('',(0.0,-1.0,0.0));
#1959=ORIENTED_EDGE('',*,*,#2434,.T.);
#1960=ORIENTED_EDGE('',*,*,#2443,.T.);
#1961=ORIENTED_EDGE('',*,*,#2444,.F.);
#1962=ORIENTED_EDGE('',*,*,#2445,.F.);
#1963=CARTESIAN_POINT('',(7.3025,-5.68,0.3175));
#1964=DIRECTION('',(0.0,-0.0,1.0));
#1965=DIRECTION('',(0.0,1.0,0.0));
#1966=ORIENTED_EDGE('',*,*,#2436,.T.);
#1967=ORIENTED_EDGE('',*,*,#2445,.T.);
#1968=ORIENTED_EDGE('',*,*,#2446,.F.);
#1969=ORIENTED_EDGE('',*,*,#2439,.F.);
#1970=CARTESIAN_POINT('',(7.3025,-5.68,-0.3175));
#1971=DIRECTION('',(-1.0,0.0,0.0));
#1972=DIRECTION('',(0.0,0.0,-1.0));
#1973=ORIENTED_EDGE('',*,*,#2447,.F.);
#1974=ORIENTED_EDGE('',*,*,#2448,.T.);
#1975=ORIENTED_EDGE('',*,*,#2446,.T.);
#1976=ORIENTED_EDGE('',*,*,#2449,.F.);
#1977=CARTESIAN_POINT('',(7.455,5.8,-0.3175));
#1978=DIRECTION('',(0.866025403784429,-0.500000000000017,0.0));
#1979=DIRECTION('',(0.0,0.0,1.0));
#1980=ORIENTED_EDGE('',*,*,#2450,.T.);
#1981=ORIENTED_EDGE('',*,*,#2451,.T.);
#1982=ORIENTED_EDGE('',*,*,#2447,.T.);
#1983=ORIENTED_EDGE('',*,*,#2452,.T.);
#1984=CARTESIAN_POINT('',(7.62,5.8,0.0));
#1985=DIRECTION('',(0.0,1.0,0.0));
#1986=DIRECTION('',(0.0,0.0,1.0));
#1987=ORIENTED_EDGE('',*,*,#2450,.F.);
#1988=ORIENTED_EDGE('',*,*,#2453,.T.);
#1989=ORIENTED_EDGE('',*,*,#2442,.T.);
#1990=ORIENTED_EDGE('',*,*,#2454,.F.);
#1991=CARTESIAN_POINT('',(7.785,5.8,0.3175));
#1992=DIRECTION('',(-0.866025403784429,-0.500000000000017,-0.0));
#1993=DIRECTION('',(0.0,0.0,-1.0));
#1994=ORIENTED_EDGE('',*,*,#2451,.F.);
#1995=ORIENTED_EDGE('',*,*,#2454,.T.);
#1996=ORIENTED_EDGE('',*,*,#2440,.T.);
#1997=ORIENTED_EDGE('',*,*,#2448,.F.);
#1998=CARTESIAN_POINT('',(7.9375,5.8,-0.165));
#1999=DIRECTION('',(0.0,-0.500000000000017,0.866025403784429));
#2000=DIRECTION('',(-1.0,0.0,0.0));
#2001=ORIENTED_EDGE('',*,*,#2452,.F.);
#2002=ORIENTED_EDGE('',*,*,#2449,.T.);
#2003=ORIENTED_EDGE('',*,*,#2444,.T.);
#2004=ORIENTED_EDGE('',*,*,#2453,.F.);
#2005=CARTESIAN_POINT('',(7.3025,5.8,0.165));
#2006=DIRECTION('',(0.0,-0.500000000000017,-0.866025403784429));
#2007=DIRECTION('',(1.0,0.0,0.0));
#2008=FILL_AREA_STYLE_COLOUR('',#2455);
#2009=ORIENTED_EDGE('',*,*,#2456,.F.);
#2010=ORIENTED_EDGE('',*,*,#2457,.F.);
#2011=ORIENTED_EDGE('',*,*,#2458,.F.);
#2012=ORIENTED_EDGE('',*,*,#2459,.F.);
#2013=CARTESIAN_POINT('',(10.16,-5.68,0.0));
#2014=DIRECTION('',(0.0,1.0,0.0));
#2015=DIRECTION('',(0.0,0.0,1.0));
#2016=ORIENTED_EDGE('',*,*,#2456,.T.);
#2017=ORIENTED_EDGE('',*,*,#2460,.T.);
#2018=ORIENTED_EDGE('',*,*,#2461,.F.);
#2019=ORIENTED_EDGE('',*,*,#2462,.F.);
#2020=CARTESIAN_POINT('',(10.325,-5.68,0.3175));
#2021=DIRECTION('',(0.866025403784429,-0.500000000000017,0.0));
#2022=DIRECTION('',(0.0,0.0,1.0));
#2023=ORIENTED_EDGE('',*,*,#2457,.T.);
#2024=ORIENTED_EDGE('',*,*,#2462,.T.);
#2025=ORIENTED_EDGE('',*,*,#2463,.F.);
#2026=ORIENTED_EDGE('',*,*,#2464,.F.);
#2027=CARTESIAN_POINT('',(9.8425,-5.68,0.165));
#2028=DIRECTION('',(0.0,-0.500000000000017,0.866025403784429));
#2029=DIRECTION('',(-1.0,0.0,0.0));
#2030=ORIENTED_EDGE('',*,*,#2458,.T.);
#2031=ORIENTED_EDGE('',*,*,#2464,.T.);
#2032=ORIENTED_EDGE('',*,*,#2465,.F.);
#2033=ORIENTED_EDGE('',*,*,#2466,.F.);
#2034=CARTESIAN_POINT('',(9.995,-5.68,-0.3175));
#2035=DIRECTION('',(-0.866025403784429,-0.500000000000017,-0.0));
#2036=DIRECTION('',(0.0,0.0,-1.0));
#2037=ORIENTED_EDGE('',*,*,#2459,.T.);
#2038=ORIENTED_EDGE('',*,*,#2466,.T.);
#2039=ORIENTED_EDGE('',*,*,#2467,.F.);
#2040=ORIENTED_EDGE('',*,*,#2460,.F.);
#2041=CARTESIAN_POINT('',(10.4775,-5.68,-0.165));
#2042=DIRECTION('',(0.0,-0.500000000000017,-0.866025403784429));
#2043=DIRECTION('',(1.0,0.0,0.0));
#2044=ORIENTED_EDGE('',*,*,#2467,.T.);
#2045=ORIENTED_EDGE('',*,*,#2468,.T.);
#2046=ORIENTED_EDGE('',*,*,#2469,.F.);
#2047=ORIENTED_EDGE('',*,*,#2470,.F.);
#2048=CARTESIAN_POINT('',(10.4775,-5.68,-0.3175));
#2049=DIRECTION('',(0.0,0.0,-1.0));
#2050=DIRECTION('',(1.0,0.0,0.0));
#2051=ORIENTED_EDGE('',*,*,#2461,.T.);
#2052=ORIENTED_EDGE('',*,*,#2470,.T.);
#2053=ORIENTED_EDGE('',*,*,#2471,.F.);
#2054=ORIENTED_EDGE('',*,*,#2472,.F.);
#2055=CARTESIAN_POINT('',(10.4775,-5.68,0.3175));
#2056=DIRECTION('',(1.0,0.0,0.0));
#2057=DIRECTION('',(0.0,-1.0,0.0));
#2058=ORIENTED_EDGE('',*,*,#2463,.T.);
#2059=ORIENTED_EDGE('',*,*,#2472,.T.);
#2060=ORIENTED_EDGE('',*,*,#2473,.F.);
#2061=ORIENTED_EDGE('',*,*,#2474,.F.);
#2062=CARTESIAN_POINT('',(9.8425,-5.68,0.3175));
#2063=DIRECTION('',(0.0,-0.0,1.0));
#2064=DIRECTION('',(0.0,1.0,0.0));
#2065=ORIENTED_EDGE('',*,*,#2465,.T.);
#2066=ORIENTED_EDGE('',*,*,#2474,.T.);
#2067=ORIENTED_EDGE('',*,*,#2475,.F.);
#2068=ORIENTED_EDGE('',*,*,#2468,.F.);
#2069=CARTESIAN_POINT('',(9.8425,-5.68,-0.3175));
#2070=DIRECTION('',(-1.0,0.0,0.0));
#2071=DIRECTION('',(0.0,0.0,-1.0));
#2072=ORIENTED_EDGE('',*,*,#2476,.F.);
#2073=ORIENTED_EDGE('',*,*,#2477,.T.);
#2074=ORIENTED_EDGE('',*,*,#2475,.T.);
#2075=ORIENTED_EDGE('',*,*,#2478,.F.);
#2076=CARTESIAN_POINT('',(9.995,5.8,-0.3175));
#2077=DIRECTION('',(0.866025403784429,-0.500000000000017,0.0));
#2078=DIRECTION('',(0.0,0.0,1.0));
#2079=ORIENTED_EDGE('',*,*,#2479,.T.);
#2080=ORIENTED_EDGE('',*,*,#2480,.T.);
#2081=ORIENTED_EDGE('',*,*,#2476,.T.);
#2082=ORIENTED_EDGE('',*,*,#2481,.T.);
#2083=CARTESIAN_POINT('',(10.16,5.8,0.0));
#2084=DIRECTION('',(0.0,1.0,0.0));
#2085=DIRECTION('',(0.0,0.0,1.0));
#2086=ORIENTED_EDGE('',*,*,#2479,.F.);
#2087=ORIENTED_EDGE('',*,*,#2482,.T.);
#2088=ORIENTED_EDGE('',*,*,#2471,.T.);
#2089=ORIENTED_EDGE('',*,*,#2483,.F.);
#2090=CARTESIAN_POINT('',(10.325,5.8,0.3175));
#2091=DIRECTION('',(-0.866025403784429,-0.500000000000017,-0.0));
#2092=DIRECTION('',(0.0,0.0,-1.0));
#2093=ORIENTED_EDGE('',*,*,#2480,.F.);
#2094=ORIENTED_EDGE('',*,*,#2483,.T.);
#2095=ORIENTED_EDGE('',*,*,#2469,.T.);
#2096=ORIENTED_EDGE('',*,*,#2477,.F.);
#2097=CARTESIAN_POINT('',(10.4775,5.8,-0.165));
#2098=DIRECTION('',(0.0,-0.500000000000017,0.866025403784429));
#2099=DIRECTION('',(-1.0,0.0,0.0));
#2100=ORIENTED_EDGE('',*,*,#2481,.F.);
#2101=ORIENTED_EDGE('',*,*,#2478,.T.);
#2102=ORIENTED_EDGE('',*,*,#2473,.T.);
#2103=ORIENTED_EDGE('',*,*,#2482,.F.);
#2104=CARTESIAN_POINT('',(9.8425,5.8,0.165));
#2105=DIRECTION('',(0.0,-0.500000000000017,-0.866025403784429));
#2106=DIRECTION('',(1.0,0.0,0.0));
#2107=COLOUR_RGB('',0.298039227724075,0.298039227724075,0.298039227724075);
#2108=EDGE_CURVE('',#2484,#2485,#2486,.T.);
#2109=EDGE_CURVE('',#2484,#2487,#2488,.T.);
#2110=EDGE_CURVE('',#2489,#2487,#2490,.T.);
#2111=EDGE_CURVE('',#2489,#2491,#2492,.T.);
#2112=EDGE_CURVE('',#2493,#2491,#2494,.T.);
#2113=EDGE_CURVE('',#2493,#2495,#2496,.T.);
#2114=EDGE_CURVE('',#2497,#2495,#2498,.T.);
#2115=EDGE_CURVE('',#2497,#2485,#2499,.T.);
#2116=EDGE_CURVE('',#2500,#2501,#2502,.T.);
#2117=EDGE_CURVE('',#2503,#2500,#2504,.T.);
#2118=EDGE_CURVE('',#2505,#2503,#2506,.T.);
#2119=EDGE_CURVE('',#2501,#2505,#2507,.T.);
#2120=EDGE_CURVE('',#2508,#2509,#2510,.T.);
#2121=EDGE_CURVE('',#2484,#2509,#2511,.T.);
#2122=EDGE_CURVE('',#2485,#2508,#2512,.T.);
#2123=EDGE_CURVE('',#2513,#2514,#2515,.T.);
#2124=EDGE_CURVE('',#2514,#2509,#2516,.T.);
#2125=EDGE_CURVE('',#2513,#2508,#2517,.T.);
#2126=EDGE_CURVE('',#2518,#2519,#2520,.T.);
#2127=EDGE_CURVE('',#2518,#2521,#2522,.T.);
#2128=EDGE_CURVE('',#2523,#2521,#2524,.T.);
#2129=EDGE_CURVE('',#2523,#2514,#2525,.T.);
#2130=EDGE_CURVE('',#2513,#2526,#2527,.T.);
#2131=EDGE_CURVE('',#2528,#2526,#2529,.T.);
#2132=EDGE_CURVE('',#2528,#2519,#2530,.T.);
#2133=EDGE_CURVE('',#2531,#2532,#2533,.T.);
#2134=EDGE_CURVE('',#2534,#2531,#2535,.T.);
#2135=EDGE_CURVE('',#2536,#2534,#2537,.T.);
#2136=EDGE_CURVE('',#2532,#2536,#2538,.T.);
#2137=EDGE_CURVE('',#2539,#2540,#2541,.T.);
#2138=EDGE_CURVE('',#2518,#2540,#2542,.T.);
#2139=EDGE_CURVE('',#2519,#2539,#2543,.T.);
#2140=EDGE_CURVE('',#2544,#2545,#2546,.T.);
#2141=EDGE_CURVE('',#2545,#2540,#2547,.T.);
#2142=EDGE_CURVE('',#2544,#2539,#2548,.T.);
#2143=EDGE_CURVE('',#2549,#2550,#2551,.T.);
#2144=EDGE_CURVE('',#2549,#2552,#2553,.T.);
#2145=EDGE_CURVE('',#2554,#2552,#2555,.T.);
#2146=EDGE_CURVE('',#2554,#2545,#2556,.T.);
#2147=EDGE_CURVE('',#2544,#2557,#2558,.T.);
#2148=EDGE_CURVE('',#2559,#2557,#2560,.T.);
#2149=EDGE_CURVE('',#2559,#2550,#2561,.T.);
#2150=EDGE_CURVE('',#2562,#2563,#2564,.T.);
#2151=EDGE_CURVE('',#2565,#2562,#2566,.T.);
#2152=EDGE_CURVE('',#2567,#2565,#2568,.T.);
#2153=EDGE_CURVE('',#2563,#2567,#2569,.T.);
#2154=EDGE_CURVE('',#2570,#2571,#2572,.T.);
#2155=EDGE_CURVE('',#2549,#2571,#2573,.T.);
#2156=EDGE_CURVE('',#2550,#2570,#2574,.T.);
#2157=EDGE_CURVE('',#2575,#2576,#2577,.T.);
#2158=EDGE_CURVE('',#2576,#2571,#2578,.T.);
#2159=EDGE_CURVE('',#2575,#2570,#2579,.T.);
#2160=EDGE_CURVE('',#2580,#2581,#2582,.T.);
#2161=EDGE_CURVE('',#2580,#2583,#2584,.T.);
#2162=EDGE_CURVE('',#2585,#2583,#2586,.T.);
#2163=EDGE_CURVE('',#2585,#2576,#2587,.T.);
#2164=EDGE_CURVE('',#2575,#2588,#2589,.T.);
#2165=EDGE_CURVE('',#2590,#2588,#2591,.T.);
#2166=EDGE_CURVE('',#2590,#2581,#2592,.T.);
#2167=EDGE_CURVE('',#2593,#2594,#2595,.T.);
#2168=EDGE_CURVE('',#2596,#2593,#2597,.T.);
#2169=EDGE_CURVE('',#2598,#2596,#2599,.T.);
#2170=EDGE_CURVE('',#2594,#2598,#2600,.T.);
#2171=EDGE_CURVE('',#2581,#2601,#2602,.T.);
#2172=EDGE_CURVE('',#2603,#2601,#2604,.T.);
#2173=EDGE_CURVE('',#2580,#2603,#2605,.T.);
#2174=EDGE_CURVE('',#2606,#2607,#2608,.T.);
#2175=EDGE_CURVE('',#2583,#2607,#2609,.T.);
#2176=EDGE_CURVE('',#2603,#2610,#2611,.T.);
#2177=EDGE_CURVE('',#2610,#2606,#2612,.T.);
#2178=EDGE_CURVE('',#2606,#2613,#2614,.T.);
#2179=EDGE_CURVE('',#2615,#2613,#2616,.T.);
#2180=EDGE_CURVE('',#2615,#2617,#2618,.T.);
#2181=EDGE_CURVE('',#2617,#2619,#2620,.T.);
#2182=EDGE_CURVE('',#2619,#2621,#2622,.T.);
#2183=EDGE_CURVE('',#2623,#2621,#2624,.T.);
#2184=EDGE_CURVE('',#2623,#2625,#2626,.T.);
#2185=EDGE_CURVE('',#2627,#2625,#2628,.T.);
#2186=EDGE_CURVE('',#2627,#2629,#2630,.T.);
#2187=EDGE_CURVE('',#2629,#2631,#2632,.T.);
#2188=EDGE_CURVE('',#2631,#2607,#2633,.T.);
#2189=EDGE_CURVE('',#2634,#2635,#2636,.T.);
#2190=EDGE_CURVE('',#2635,#2637,#2638,.T.);
#2191=EDGE_CURVE('',#2637,#2639,#2640,.T.);
#2192=EDGE_CURVE('',#2639,#2634,#2641,.T.);
#2193=EDGE_CURVE('',#2610,#2642,#2643,.T.);
#2194=EDGE_CURVE('',#2642,#2613,#2644,.T.);
#2195=EDGE_CURVE('',#2601,#2642,#2645,.T.);
#2196=EDGE_CURVE('',#2590,#2615,#2646,.T.);
#2197=EDGE_CURVE('',#2647,#2615,#2648,.T.);
#2198=EDGE_CURVE('',#2588,#2621,#2649,.T.);
#2199=EDGE_CURVE('',#2650,#2621,#2651,.T.);
#2200=EDGE_CURVE('',#2647,#2650,#2652,.T.);
#2201=EDGE_CURVE('',#2647,#2653,#2654,.T.);
#2202=EDGE_CURVE('',#2653,#2617,#2655,.T.);
#2203=EDGE_CURVE('',#2650,#2656,#2657,.T.);
#2204=EDGE_CURVE('',#2653,#2656,#2658,.T.);
#2205=EDGE_CURVE('',#2659,#2660,#2661,.T.);
#2206=EDGE_CURVE('',#2659,#2662,#2663,.T.);
#2207=EDGE_CURVE('',#2662,#2664,#2665,.T.);
#2208=EDGE_CURVE('',#2660,#2664,#2666,.T.);
#2209=EDGE_CURVE('',#2656,#2619,#2667,.T.);
#2210=EDGE_CURVE('',#2660,#2629,#2668,.T.);
#2211=EDGE_CURVE('',#2659,#2627,#2669,.T.);
#2212=EDGE_CURVE('',#2585,#2627,#2670,.T.);
#2213=EDGE_CURVE('',#2662,#2607,#2671,.T.);
#2214=EDGE_CURVE('',#2664,#2631,#2672,.T.);
#2215=EDGE_CURVE('',#2673,#2625,#2674,.T.);
#2216=EDGE_CURVE('',#2571,#2673,#2675,.T.);
#2217=EDGE_CURVE('',#2673,#2676,#2677,.T.);
#2218=EDGE_CURVE('',#2676,#2678,#2679,.T.);
#2219=EDGE_CURVE('',#2552,#2678,#2680,.T.);
#2220=EDGE_CURVE('',#2681,#2682,#2683,.T.);
#2221=EDGE_CURVE('',#2554,#2682,#2684,.T.);
#2222=EDGE_CURVE('',#2685,#2678,#2686,.T.);
#2223=EDGE_CURVE('',#2681,#2685,#2687,.T.);
#2224=EDGE_CURVE('',#2681,#2688,#2689,.T.);
#2225=EDGE_CURVE('',#2688,#2690,#2691,.T.);
#2226=EDGE_CURVE('',#2682,#2690,#2692,.T.);
#2227=EDGE_CURVE('',#2693,#2694,#2695,.T.);
#2228=EDGE_CURVE('',#2693,#2696,#2697,.T.);
#2229=EDGE_CURVE('',#2696,#2698,#2699,.T.);
#2230=EDGE_CURVE('',#2694,#2698,#2700,.T.);
#2231=EDGE_CURVE('',#2685,#2701,#2702,.T.);
#2232=EDGE_CURVE('',#2688,#2701,#2703,.T.);
#2233=EDGE_CURVE('',#2694,#2704,#2705,.T.);
#2234=EDGE_CURVE('',#2706,#2704,#2707,.T.);
#2235=EDGE_CURVE('',#2693,#2706,#2708,.T.);
#2236=EDGE_CURVE('',#2559,#2706,#2709,.T.);
#2237=EDGE_CURVE('',#2557,#2710,#2711,.T.);
#2238=EDGE_CURVE('',#2696,#2710,#2712,.T.);
#2239=EDGE_CURVE('',#2713,#2710,#2714,.T.);
#2240=EDGE_CURVE('',#2698,#2713,#2715,.T.);
#2241=EDGE_CURVE('',#2704,#2713,#2716,.T.);
#2242=EDGE_CURVE('',#2676,#2717,#2718,.T.);
#2243=EDGE_CURVE('',#2706,#2717,#2719,.T.);
#2244=EDGE_CURVE('',#2720,#2710,#2721,.T.);
#2245=EDGE_CURVE('',#2720,#2722,#2723,.T.);
#2246=EDGE_CURVE('',#2682,#2722,#2724,.T.);
#2247=EDGE_CURVE('',#2690,#2725,#2726,.T.);
#2248=EDGE_CURVE('',#2725,#2678,#2727,.T.);
#2249=EDGE_CURVE('',#2728,#2729,#2730,.T.);
#2250=EDGE_CURVE('',#2729,#2731,#2732,.T.);
#2251=EDGE_CURVE('',#2731,#2733,#2734,.T.);
#2252=EDGE_CURVE('',#2733,#2728,#2735,.T.);
#2253=EDGE_CURVE('',#2736,#2673,#2737,.T.);
#2254=EDGE_CURVE('',#2736,#2717,#2738,.T.);
#2255=EDGE_CURVE('',#2736,#2623,#2739,.T.);
#2256=EDGE_CURVE('',#2570,#2736,#2740,.T.);
#2257=EDGE_CURVE('',#2701,#2725,#2741,.T.);
#2258=EDGE_CURVE('',#2742,#2722,#2743,.T.);
#2259=EDGE_CURVE('',#2540,#2742,#2744,.T.);
#2260=EDGE_CURVE('',#2742,#2745,#2746,.T.);
#2261=EDGE_CURVE('',#2745,#2747,#2748,.T.);
#2262=EDGE_CURVE('',#2521,#2747,#2749,.T.);
#2263=EDGE_CURVE('',#2750,#2751,#2752,.T.);
#2264=EDGE_CURVE('',#2523,#2751,#2753,.T.);
#2265=EDGE_CURVE('',#2754,#2747,#2755,.T.);
#2266=EDGE_CURVE('',#2750,#2754,#2756,.T.);
#2267=EDGE_CURVE('',#2750,#2757,#2758,.T.);
#2268=EDGE_CURVE('',#2757,#2759,#2760,.T.);
#2269=EDGE_CURVE('',#2751,#2759,#2761,.T.);
#2270=EDGE_CURVE('',#2762,#2763,#2764,.T.);
#2271=EDGE_CURVE('',#2762,#2765,#2766,.T.);
#2272=EDGE_CURVE('',#2765,#2767,#2768,.T.);
#2273=EDGE_CURVE('',#2763,#2767,#2769,.T.);
#2274=EDGE_CURVE('',#2754,#2770,#2771,.T.);
#2275=EDGE_CURVE('',#2757,#2770,#2772,.T.);
#2276=EDGE_CURVE('',#2763,#2773,#2774,.T.);
#2277=EDGE_CURVE('',#2775,#2773,#2776,.T.);
#2278=EDGE_CURVE('',#2762,#2775,#2777,.T.);
#2279=EDGE_CURVE('',#2528,#2775,#2778,.T.);
#2280=EDGE_CURVE('',#2526,#2779,#2780,.T.);
#2281=EDGE_CURVE('',#2765,#2779,#2781,.T.);
#2282=EDGE_CURVE('',#2782,#2779,#2783,.T.);
#2283=EDGE_CURVE('',#2767,#2782,#2784,.T.);
#2284=EDGE_CURVE('',#2773,#2782,#2785,.T.);
#2285=EDGE_CURVE('',#2745,#2786,#2787,.T.);
#2286=EDGE_CURVE('',#2775,#2786,#2788,.T.);
#2287=EDGE_CURVE('',#2789,#2779,#2790,.T.);
#2288=EDGE_CURVE('',#2789,#2791,#2792,.T.);
#2289=EDGE_CURVE('',#2751,#2791,#2793,.T.);
#2290=EDGE_CURVE('',#2759,#2794,#2795,.T.);
#2291=EDGE_CURVE('',#2794,#2747,#2796,.T.);
#2292=EDGE_CURVE('',#2797,#2798,#2799,.T.);
#2293=EDGE_CURVE('',#2798,#2800,#2801,.T.);
#2294=EDGE_CURVE('',#2800,#2802,#2803,.T.);
#2295=EDGE_CURVE('',#2802,#2797,#2804,.T.);
#2296=EDGE_CURVE('',#2805,#2742,#2806,.T.);
#2297=EDGE_CURVE('',#2805,#2786,#2807,.T.);
#2298=EDGE_CURVE('',#2805,#2720,#2808,.T.);
#2299=EDGE_CURVE('',#2539,#2805,#2809,.T.);
#2300=EDGE_CURVE('',#2770,#2794,#2810,.T.);
#2301=EDGE_CURVE('',#2811,#2791,#2812,.T.);
#2302=EDGE_CURVE('',#2509,#2811,#2813,.T.);
#2303=EDGE_CURVE('',#2811,#2814,#2815,.T.);
#2304=EDGE_CURVE('',#2814,#2816,#2817,.T.);
#2305=EDGE_CURVE('',#2487,#2816,#2818,.T.);
#2306=EDGE_CURVE('',#2819,#2820,#2821,.T.);
#2307=EDGE_CURVE('',#2489,#2820,#2822,.T.);
#2308=EDGE_CURVE('',#2823,#2816,#2824,.T.);
#2309=EDGE_CURVE('',#2819,#2823,#2825,.T.);
#2310=EDGE_CURVE('',#2819,#2826,#2827,.T.);
#2311=EDGE_CURVE('',#2826,#2828,#2829,.T.);
#2312=EDGE_CURVE('',#2820,#2828,#2830,.T.);
#2313=EDGE_CURVE('',#2831,#2832,#2833,.T.);
#2314=EDGE_CURVE('',#2831,#2834,#2835,.T.);
#2315=EDGE_CURVE('',#2834,#2836,#2837,.T.);
#2316=EDGE_CURVE('',#2832,#2836,#2838,.T.);
#2317=EDGE_CURVE('',#2823,#2839,#2840,.T.);
#2318=EDGE_CURVE('',#2826,#2839,#2841,.T.);
#2319=EDGE_CURVE('',#2832,#2842,#2843,.T.);
#2320=EDGE_CURVE('',#2844,#2842,#2845,.T.);
#2321=EDGE_CURVE('',#2831,#2844,#2846,.T.);
#2322=EDGE_CURVE('',#2497,#2844,#2847,.T.);
#2323=EDGE_CURVE('',#2495,#2848,#2849,.T.);
#2324=EDGE_CURVE('',#2834,#2848,#2850,.T.);
#2325=EDGE_CURVE('',#2851,#2848,#2852,.T.);
#2326=EDGE_CURVE('',#2836,#2851,#2853,.T.);
#2327=EDGE_CURVE('',#2842,#2851,#2854,.T.);
#2328=EDGE_CURVE('',#2814,#2855,#2856,.T.);
#2329=EDGE_CURVE('',#2844,#2855,#2857,.T.);
#2330=EDGE_CURVE('',#2858,#2848,#2859,.T.);
#2331=EDGE_CURVE('',#2858,#2860,#2861,.T.);
#2332=EDGE_CURVE('',#2820,#2860,#2862,.T.);
#2333=EDGE_CURVE('',#2828,#2863,#2864,.T.);
#2334=EDGE_CURVE('',#2863,#2816,#2865,.T.);
#2335=EDGE_CURVE('',#2866,#2867,#2868,.T.);
#2336=EDGE_CURVE('',#2867,#2869,#2870,.T.);
#2337=EDGE_CURVE('',#2869,#2871,#2872,.T.);
#2338=EDGE_CURVE('',#2871,#2866,#2873,.T.);
#2339=EDGE_CURVE('',#2874,#2811,#2875,.T.);
#2340=EDGE_CURVE('',#2874,#2855,#2876,.T.);
#2341=EDGE_CURVE('',#2874,#2789,#2877,.T.);
#2342=EDGE_CURVE('',#2508,#2874,#2878,.T.);
#2343=EDGE_CURVE('',#2839,#2863,#2879,.T.);
#2344=EDGE_CURVE('',#2880,#2860,#2881,.T.);
#2345=EDGE_CURVE('',#2882,#2880,#2883,.T.);
#2346=EDGE_CURVE('',#2491,#2882,#2884,.T.);
#2347=EDGE_CURVE('',#2885,#2882,#2886,.T.);
#2348=EDGE_CURVE('',#2493,#2885,#2887,.T.);
#2349=EDGE_CURVE('',#2885,#2888,#2889,.T.);
#2350=EDGE_CURVE('',#2888,#2858,#2890,.T.);
#2351=EDGE_CURVE('',#2888,#2880,#2891,.T.);
#2352=EDGE_CURVE('',#2501,#2867,#2892,.T.);
#2353=EDGE_CURVE('',#2500,#2866,#2893,.T.);
#2354=EDGE_CURVE('',#2503,#2871,#2894,.T.);
#2355=EDGE_CURVE('',#2505,#2869,#2895,.T.);
#2356=EDGE_CURVE('',#2532,#2798,#2896,.T.);
#2357=EDGE_CURVE('',#2531,#2797,#2897,.T.);
#2358=EDGE_CURVE('',#2534,#2802,#2898,.T.);
#2359=EDGE_CURVE('',#2536,#2800,#2899,.T.);
#2360=EDGE_CURVE('',#2563,#2729,#2900,.T.);
#2361=EDGE_CURVE('',#2562,#2728,#2901,.T.);
#2362=EDGE_CURVE('',#2565,#2733,#2902,.T.);
#2363=EDGE_CURVE('',#2567,#2731,#2903,.T.);
#2364=EDGE_CURVE('',#2594,#2635,#2904,.T.);
#2365=EDGE_CURVE('',#2593,#2634,#2905,.T.);
#2366=EDGE_CURVE('',#2596,#2639,#2906,.T.);
#2367=EDGE_CURVE('',#2598,#2637,#2907,.T.);
#2368=COLOUR_RGB('',0.925490200519562,0.925490200519562,0.925490200519562);
#2369=EDGE_CURVE('',#2908,#2909,#2910,.T.);
#2370=EDGE_CURVE('',#2911,#2908,#2912,.T.);
#2371=EDGE_CURVE('',#2913,#2911,#2914,.T.);
#2372=EDGE_CURVE('',#2909,#2913,#2915,.T.);
#2373=EDGE_CURVE('',#2909,#2916,#2917,.T.);
#2374=EDGE_CURVE('',#2918,#2916,#2919,.T.);
#2375=EDGE_CURVE('',#2908,#2918,#2920,.T.);
#2376=EDGE_CURVE('',#2921,#2918,#2922,.T.);
#2377=EDGE_CURVE('',#2911,#2921,#2923,.T.);
#2378=EDGE_CURVE('',#2924,#2921,#2925,.T.);
#2379=EDGE_CURVE('',#2913,#2924,#2926,.T.);
#2380=EDGE_CURVE('',#2916,#2924,#2927,.T.);
#2381=EDGE_CURVE('',#2924,#2928,#2929,.T.);
#2382=EDGE_CURVE('',#2930,#2928,#2931,.T.);
#2383=EDGE_CURVE('',#2916,#2930,#2932,.T.);
#2384=EDGE_CURVE('',#2933,#2930,#2934,.T.);
#2385=EDGE_CURVE('',#2918,#2933,#2935,.T.);
#2386=EDGE_CURVE('',#2936,#2933,#2937,.T.);
#2387=EDGE_CURVE('',#2921,#2936,#2938,.T.);
#2388=EDGE_CURVE('',#2928,#2936,#2939,.T.);
#2389=EDGE_CURVE('',#2940,#2941,#2942,.T.);
#2390=EDGE_CURVE('',#2940,#2928,#2943,.T.);
#2391=EDGE_CURVE('',#2941,#2936,#2944,.T.);
#2392=EDGE_CURVE('',#2945,#2946,#2947,.T.);
#2393=EDGE_CURVE('',#2946,#2940,#2948,.T.);
#2394=EDGE_CURVE('',#2941,#2945,#2949,.T.);
#2395=EDGE_CURVE('',#2945,#2933,#2950,.T.);
#2396=EDGE_CURVE('',#2946,#2930,#2951,.T.);
#2397=COLOUR_RGB('',0.925490200519562,0.925490200519562,0.925490200519562);
#2398=EDGE_CURVE('',#2952,#2953,#2954,.T.);
#2399=EDGE_CURVE('',#2955,#2952,#2956,.T.);
#2400=EDGE_CURVE('',#2957,#2955,#2958,.T.);
#2401=EDGE_CURVE('',#2953,#2957,#2959,.T.);
#2402=EDGE_CURVE('',#2953,#2960,#2961,.T.);
#2403=EDGE_CURVE('',#2962,#2960,#2963,.T.);
#2404=EDGE_CURVE('',#2952,#2962,#2964,.T.);
#2405=EDGE_CURVE('',#2965,#2962,#2966,.T.);
#2406=EDGE_CURVE('',#2955,#2965,#2967,.T.);
#2407=EDGE_CURVE('',#2968,#2965,#2969,.T.);
#2408=EDGE_CURVE('',#2957,#2968,#2970,.T.);
#2409=EDGE_CURVE('',#2960,#2968,#2971,.T.);
#2410=EDGE_CURVE('',#2968,#2972,#2973,.T.);
#2411=EDGE_CURVE('',#2974,#2972,#2975,.T.);
#2412=EDGE_CURVE('',#2960,#2974,#2976,.T.);
#2413=EDGE_CURVE('',#2977,#2974,#2978,.T.);
#2414=EDGE_CURVE('',#2962,#2977,#2979,.T.);
#2415=EDGE_CURVE('',#2980,#2977,#2981,.T.);
#2416=EDGE_CURVE('',#2965,#2980,#2982,.T.);
#2417=EDGE_CURVE('',#2972,#2980,#2983,.T.);
#2418=EDGE_CURVE('',#2984,#2985,#2986,.T.);
#2419=EDGE_CURVE('',#2984,#2972,#2987,.T.);
#2420=EDGE_CURVE('',#2985,#2980,#2988,.T.);
#2421=EDGE_CURVE('',#2989,#2990,#2991,.T.);
#2422=EDGE_CURVE('',#2990,#2984,#2992,.T.);
#2423=EDGE_CURVE('',#2985,#2989,#2993,.T.);
#2424=EDGE_CURVE('',#2989,#2977,#2994,.T.);
#2425=EDGE_CURVE('',#2990,#2974,#2995,.T.);
#2426=COLOUR_RGB('',0.925490200519562,0.925490200519562,0.925490200519562);
#2427=EDGE_CURVE('',#2996,#2997,#2998,.T.);
#2428=EDGE_CURVE('',#2999,#2996,#3000,.T.);
#2429=EDGE_CURVE('',#3001,#2999,#3002,.T.);
#2430=EDGE_CURVE('',#2997,#3001,#3003,.T.);
#2431=EDGE_CURVE('',#2997,#3004,#3005,.T.);
#2432=EDGE_CURVE('',#3006,#3004,#3007,.T.);
#2433=EDGE_CURVE('',#2996,#3006,#3008,.T.);
#2434=EDGE_CURVE('',#3009,#3006,#3010,.T.);
#2435=EDGE_CURVE('',#2999,#3009,#3011,.T.);
#2436=EDGE_CURVE('',#3012,#3009,#3013,.T.);
#2437=EDGE_CURVE('',#3001,#3012,#3014,.T.);
#2438=EDGE_CURVE('',#3004,#3012,#3015,.T.);
#2439=EDGE_CURVE('',#3012,#3016,#3017,.T.);
#2440=EDGE_CURVE('',#3018,#3016,#3019,.T.);
#2441=EDGE_CURVE('',#3004,#3018,#3020,.T.);
#2442=EDGE_CURVE('',#3021,#3018,#3022,.T.);
#2443=EDGE_CURVE('',#3006,#3021,#3023,.T.);
#2444=EDGE_CURVE('',#3024,#3021,#3025,.T.);
#2445=EDGE_CURVE('',#3009,#3024,#3026,.T.);
#2446=EDGE_CURVE('',#3016,#3024,#3027,.T.);
#2447=EDGE_CURVE('',#3028,#3029,#3030,.T.);
#2448=EDGE_CURVE('',#3028,#3016,#3031,.T.);
#2449=EDGE_CURVE('',#3029,#3024,#3032,.T.);
#2450=EDGE_CURVE('',#3033,#3034,#3035,.T.);
#2451=EDGE_CURVE('',#3034,#3028,#3036,.T.);
#2452=EDGE_CURVE('',#3029,#3033,#3037,.T.);
#2453=EDGE_CURVE('',#3033,#3021,#3038,.T.);
#2454=EDGE_CURVE('',#3034,#3018,#3039,.T.);
#2455=COLOUR_RGB('',0.925490200519562,0.925490200519562,0.925490200519562);
#2456=EDGE_CURVE('',#3040,#3041,#3042,.T.);
#2457=EDGE_CURVE('',#3043,#3040,#3044,.T.);
#2458=EDGE_CURVE('',#3045,#3043,#3046,.T.);
#2459=EDGE_CURVE('',#3041,#3045,#3047,.T.);
#2460=EDGE_CURVE('',#3041,#3048,#3049,.T.);
#2461=EDGE_CURVE('',#3050,#3048,#3051,.T.);
#2462=EDGE_CURVE('',#3040,#3050,#3052,.T.);
#2463=EDGE_CURVE('',#3053,#3050,#3054,.T.);
#2464=EDGE_CURVE('',#3043,#3053,#3055,.T.);
#2465=EDGE_CURVE('',#3056,#3053,#3057,.T.);
#2466=EDGE_CURVE('',#3045,#3056,#3058,.T.);
#2467=EDGE_CURVE('',#3048,#3056,#3059,.T.);
#2468=EDGE_CURVE('',#3056,#3060,#3061,.T.);
#2469=EDGE_CURVE('',#3062,#3060,#3063,.T.);
#2470=EDGE_CURVE('',#3048,#3062,#3064,.T.);
#2471=EDGE_CURVE('',#3065,#3062,#3066,.T.);
#2472=EDGE_CURVE('',#3050,#3065,#3067,.T.);
#2473=EDGE_CURVE('',#3068,#3065,#3069,.T.);
#2474=EDGE_CURVE('',#3053,#3068,#3070,.T.);
#2475=EDGE_CURVE('',#3060,#3068,#3071,.T.);
#2476=EDGE_CURVE('',#3072,#3073,#3074,.T.);
#2477=EDGE_CURVE('',#3072,#3060,#3075,.T.);
#2478=EDGE_CURVE('',#3073,#3068,#3076,.T.);
#2479=EDGE_CURVE('',#3077,#3078,#3079,.T.);
#2480=EDGE_CURVE('',#3078,#3072,#3080,.T.);
#2481=EDGE_CURVE('',#3073,#3077,#3081,.T.);
#2482=EDGE_CURVE('',#3077,#3065,#3082,.T.);
#2483=EDGE_CURVE('',#3078,#3062,#3083,.T.);
#2484=VERTEX_POINT('',#3084);
#2485=VERTEX_POINT('',#3085);
#2486=LINE('',#3086,#3087);
#2487=VERTEX_POINT('',#3088);
#2488=LINE('',#3089,#3090);
#2489=VERTEX_POINT('',#3091);
#2490=LINE('',#3092,#3093);
#2491=VERTEX_POINT('',#3094);
#2492=LINE('',#3095,#3096);
#2493=VERTEX_POINT('',#3097);
#2494=LINE('',#3098,#3099);
#2495=VERTEX_POINT('',#3100);
#2496=LINE('',#3101,#3102);
#2497=VERTEX_POINT('',#3103);
#2498=LINE('',#3104,#3105);
#2499=LINE('',#3106,#3107);
#2500=VERTEX_POINT('',#3108);
#2501=VERTEX_POINT('',#3109);
#2502=LINE('',#3110,#3111);
#2503=VERTEX_POINT('',#3112);
#2504=LINE('',#3113,#3114);
#2505=VERTEX_POINT('',#3115);
#2506=LINE('',#3116,#3117);
#2507=LINE('',#3118,#3119);
#2508=VERTEX_POINT('',#3120);
#2509=VERTEX_POINT('',#3121);
#2510=LINE('',#3122,#3123);
#2511=LINE('',#3124,#3125);
#2512=LINE('',#3126,#3127);
#2513=VERTEX_POINT('',#3128);
#2514=VERTEX_POINT('',#3129);
#2515=LINE('',#3130,#3131);
#2516=LINE('',#3132,#3133);
#2517=LINE('',#3134,#3135);
#2518=VERTEX_POINT('',#3136);
#2519=VERTEX_POINT('',#3137);
#2520=LINE('',#3138,#3139);
#2521=VERTEX_POINT('',#3140);
#2522=LINE('',#3141,#3142);
#2523=VERTEX_POINT('',#3143);
#2524=LINE('',#3144,#3145);
#2525=LINE('',#3146,#3147);
#2526=VERTEX_POINT('',#3148);
#2527=LINE('',#3149,#3150);
#2528=VERTEX_POINT('',#3151);
#2529=LINE('',#3152,#3153);
#2530=LINE('',#3154,#3155);
#2531=VERTEX_POINT('',#3156);
#2532=VERTEX_POINT('',#3157);
#2533=LINE('',#3158,#3159);
#2534=VERTEX_POINT('',#3160);
#2535=LINE('',#3161,#3162);
#2536=VERTEX_POINT('',#3163);
#2537=LINE('',#3164,#3165);
#2538=LINE('',#3166,#3167);
#2539=VERTEX_POINT('',#3168);
#2540=VERTEX_POINT('',#3169);
#2541=LINE('',#3170,#3171);
#2542=LINE('',#3172,#3173);
#2543=LINE('',#3174,#3175);
#2544=VERTEX_POINT('',#3176);
#2545=VERTEX_POINT('',#3177);
#2546=LINE('',#3178,#3179);
#2547=LINE('',#3180,#3181);
#2548=LINE('',#3182,#3183);
#2549=VERTEX_POINT('',#3184);
#2550=VERTEX_POINT('',#3185);
#2551=LINE('',#3186,#3187);
#2552=VERTEX_POINT('',#3188);
#2553=LINE('',#3189,#3190);
#2554=VERTEX_POINT('',#3191);
#2555=LINE('',#3192,#3193);
#2556=LINE('',#3194,#3195);
#2557=VERTEX_POINT('',#3196);
#2558=LINE('',#3197,#3198);
#2559=VERTEX_POINT('',#3199);
#2560=LINE('',#3200,#3201);
#2561=LINE('',#3202,#3203);
#2562=VERTEX_POINT('',#3204);
#2563=VERTEX_POINT('',#3205);
#2564=LINE('',#3206,#3207);
#2565=VERTEX_POINT('',#3208);
#2566=LINE('',#3209,#3210);
#2567=VERTEX_POINT('',#3211);
#2568=LINE('',#3212,#3213);
#2569=LINE('',#3214,#3215);
#2570=VERTEX_POINT('',#3216);
#2571=VERTEX_POINT('',#3217);
#2572=LINE('',#3218,#3219);
#2573=LINE('',#3220,#3221);
#2574=LINE('',#3222,#3223);
#2575=VERTEX_POINT('',#3224);
#2576=VERTEX_POINT('',#3225);
#2577=LINE('',#3226,#3227);
#2578=LINE('',#3228,#3229);
#2579=LINE('',#3230,#3231);
#2580=VERTEX_POINT('',#3232);
#2581=VERTEX_POINT('',#3233);
#2582=LINE('',#3234,#3235);
#2583=VERTEX_POINT('',#3236);
#2584=LINE('',#3237,#3238);
#2585=VERTEX_POINT('',#3239);
#2586=LINE('',#3240,#3241);
#2587=LINE('',#3242,#3243);
#2588=VERTEX_POINT('',#3244);
#2589=LINE('',#3245,#3246);
#2590=VERTEX_POINT('',#3247);
#2591=LINE('',#3248,#3249);
#2592=LINE('',#3250,#3251);
#2593=VERTEX_POINT('',#3252);
#2594=VERTEX_POINT('',#3253);
#2595=LINE('',#3254,#3255);
#2596=VERTEX_POINT('',#3256);
#2597=LINE('',#3257,#3258);
#2598=VERTEX_POINT('',#3259);
#2599=LINE('',#3260,#3261);
#2600=LINE('',#3262,#3263);
#2601=VERTEX_POINT('',#3264);
#2602=LINE('',#3265,#3266);
#2603=VERTEX_POINT('',#3267);
#2604=LINE('',#3268,#3269);
#2605=LINE('',#3270,#3271);
#2606=VERTEX_POINT('',#3272);
#2607=VERTEX_POINT('',#3273);
#2608=LINE('',#3274,#3275);
#2609=LINE('',#3276,#3277);
#2610=VERTEX_POINT('',#3278);
#2611=LINE('',#3279,#3280);
#2612=LINE('',#3281,#3282);
#2613=VERTEX_POINT('',#3283);
#2614=LINE('',#3284,#3285);
#2615=VERTEX_POINT('',#3286);
#2616=LINE('',#3287,#3288);
#2617=VERTEX_POINT('',#3289);
#2618=LINE('',#3290,#3291);
#2619=VERTEX_POINT('',#3292);
#2620=LINE('',#3293,#3294);
#2621=VERTEX_POINT('',#3295);
#2622=LINE('',#3296,#3297);
#2623=VERTEX_POINT('',#3298);
#2624=LINE('',#3299,#3300);
#2625=VERTEX_POINT('',#3301);
#2626=LINE('',#3302,#3303);
#2627=VERTEX_POINT('',#3304);
#2628=LINE('',#3305,#3306);
#2629=VERTEX_POINT('',#3307);
#2630=LINE('',#3308,#3309);
#2631=VERTEX_POINT('',#3310);
#2632=LINE('',#3311,#3312);
#2633=LINE('',#3313,#3314);
#2634=VERTEX_POINT('',#3315);
#2635=VERTEX_POINT('',#3316);
#2636=LINE('',#3317,#3318);
#2637=VERTEX_POINT('',#3319);
#2638=LINE('',#3320,#3321);
#2639=VERTEX_POINT('',#3322);
#2640=LINE('',#3323,#3324);
#2641=LINE('',#3325,#3326);
#2642=VERTEX_POINT('',#3327);
#2643=LINE('',#3328,#3329);
#2644=LINE('',#3330,#3331);
#2645=LINE('',#3332,#3333);
#2646=LINE('',#3334,#3335);
#2647=VERTEX_POINT('',#3336);
#2648=LINE('',#3337,#3338);
#2649=LINE('',#3339,#3340);
#2650=VERTEX_POINT('',#3341);
#2651=LINE('',#3342,#3343);
#2652=LINE('',#3344,#3345);
#2653=VERTEX_POINT('',#3346);
#2654=LINE('',#3347,#3348);
#2655=LINE('',#3349,#3350);
#2656=VERTEX_POINT('',#3351);
#2657=LINE('',#3352,#3353);
#2658=LINE('',#3354,#3355);
#2659=VERTEX_POINT('',#3356);
#2660=VERTEX_POINT('',#3357);
#2661=LINE('',#3358,#3359);
#2662=VERTEX_POINT('',#3360);
#2663=LINE('',#3361,#3362);
#2664=VERTEX_POINT('',#3363);
#2665=LINE('',#3364,#3365);
#2666=LINE('',#3366,#3367);
#2667=LINE('',#3368,#3369);
#2668=LINE('',#3370,#3371);
#2669=LINE('',#3372,#3373);
#2670=LINE('',#3374,#3375);
#2671=LINE('',#3376,#3377);
#2672=LINE('',#3378,#3379);
#2673=VERTEX_POINT('',#3380);
#2674=LINE('',#3381,#3382);
#2675=LINE('',#3383,#3384);
#2676=VERTEX_POINT('',#3385);
#2677=LINE('',#3386,#3387);
#2678=VERTEX_POINT('',#3388);
#2679=LINE('',#3389,#3390);
#2680=LINE('',#3391,#3392);
#2681=VERTEX_POINT('',#3393);
#2682=VERTEX_POINT('',#3394);
#2683=LINE('',#3395,#3396);
#2684=LINE('',#3397,#3398);
#2685=VERTEX_POINT('',#3399);
#2686=LINE('',#3400,#3401);
#2687=LINE('',#3402,#3403);
#2688=VERTEX_POINT('',#3404);
#2689=LINE('',#3405,#3406);
#2690=VERTEX_POINT('',#3407);
#2691=LINE('',#3408,#3409);
#2692=LINE('',#3410,#3411);
#2693=VERTEX_POINT('',#3412);
#2694=VERTEX_POINT('',#3413);
#2695=LINE('',#3414,#3415);
#2696=VERTEX_POINT('',#3416);
#2697=LINE('',#3417,#3418);
#2698=VERTEX_POINT('',#3419);
#2699=LINE('',#3420,#3421);
#2700=LINE('',#3422,#3423);
#2701=VERTEX_POINT('',#3424);
#2702=LINE('',#3425,#3426);
#2703=LINE('',#3427,#3428);
#2704=VERTEX_POINT('',#3429);
#2705=LINE('',#3430,#3431);
#2706=VERTEX_POINT('',#3432);
#2707=LINE('',#3433,#3434);
#2708=LINE('',#3435,#3436);
#2709=LINE('',#3437,#3438);
#2710=VERTEX_POINT('',#3439);
#2711=LINE('',#3440,#3441);
#2712=LINE('',#3442,#3443);
#2713=VERTEX_POINT('',#3444);
#2714=LINE('',#3445,#3446);
#2715=LINE('',#3447,#3448);
#2716=LINE('',#3449,#3450);
#2717=VERTEX_POINT('',#3451);
#2718=LINE('',#3452,#3453);
#2719=LINE('',#3454,#3455);
#2720=VERTEX_POINT('',#3456);
#2721=LINE('',#3457,#3458);
#2722=VERTEX_POINT('',#3459);
#2723=LINE('',#3460,#3461);
#2724=LINE('',#3462,#3463);
#2725=VERTEX_POINT('',#3464);
#2726=LINE('',#3465,#3466);
#2727=LINE('',#3467,#3468);
#2728=VERTEX_POINT('',#3469);
#2729=VERTEX_POINT('',#3470);
#2730=LINE('',#3471,#3472);
#2731=VERTEX_POINT('',#3473);
#2732=LINE('',#3474,#3475);
#2733=VERTEX_POINT('',#3476);
#2734=LINE('',#3477,#3478);
#2735=LINE('',#3479,#3480);
#2736=VERTEX_POINT('',#3481);
#2737=LINE('',#3482,#3483);
#2738=LINE('',#3484,#3485);
#2739=LINE('',#3486,#3487);
#2740=LINE('',#3488,#3489);
#2741=LINE('',#3490,#3491);
#2742=VERTEX_POINT('',#3492);
#2743=LINE('',#3493,#3494);
#2744=LINE('',#3495,#3496);
#2745=VERTEX_POINT('',#3497);
#2746=LINE('',#3498,#3499);
#2747=VERTEX_POINT('',#3500);
#2748=LINE('',#3501,#3502);
#2749=LINE('',#3503,#3504);
#2750=VERTEX_POINT('',#3505);
#2751=VERTEX_POINT('',#3506);
#2752=LINE('',#3507,#3508);
#2753=LINE('',#3509,#3510);
#2754=VERTEX_POINT('',#3511);
#2755=LINE('',#3512,#3513);
#2756=LINE('',#3514,#3515);
#2757=VERTEX_POINT('',#3516);
#2758=LINE('',#3517,#3518);
#2759=VERTEX_POINT('',#3519);
#2760=LINE('',#3520,#3521);
#2761=LINE('',#3522,#3523);
#2762=VERTEX_POINT('',#3524);
#2763=VERTEX_POINT('',#3525);
#2764=LINE('',#3526,#3527);
#2765=VERTEX_POINT('',#3528);
#2766=LINE('',#3529,#3530);
#2767=VERTEX_POINT('',#3531);
#2768=LINE('',#3532,#3533);
#2769=LINE('',#3534,#3535);
#2770=VERTEX_POINT('',#3536);
#2771=LINE('',#3537,#3538);
#2772=LINE('',#3539,#3540);
#2773=VERTEX_POINT('',#3541);
#2774=LINE('',#3542,#3543);
#2775=VERTEX_POINT('',#3544);
#2776=LINE('',#3545,#3546);
#2777=LINE('',#3547,#3548);
#2778=LINE('',#3549,#3550);
#2779=VERTEX_POINT('',#3551);
#2780=LINE('',#3552,#3553);
#2781=LINE('',#3554,#3555);
#2782=VERTEX_POINT('',#3556);
#2783=LINE('',#3557,#3558);
#2784=LINE('',#3559,#3560);
#2785=LINE('',#3561,#3562);
#2786=VERTEX_POINT('',#3563);
#2787=LINE('',#3564,#3565);
#2788=LINE('',#3566,#3567);
#2789=VERTEX_POINT('',#3568);
#2790=LINE('',#3569,#3570);
#2791=VERTEX_POINT('',#3571);
#2792=LINE('',#3572,#3573);
#2793=LINE('',#3574,#3575);
#2794=VERTEX_POINT('',#3576);
#2795=LINE('',#3577,#3578);
#2796=LINE('',#3579,#3580);
#2797=VERTEX_POINT('',#3581);
#2798=VERTEX_POINT('',#3582);
#2799=LINE('',#3583,#3584);
#2800=VERTEX_POINT('',#3585);
#2801=LINE('',#3586,#3587);
#2802=VERTEX_POINT('',#3588);
#2803=LINE('',#3589,#3590);
#2804=LINE('',#3591,#3592);
#2805=VERTEX_POINT('',#3593);
#2806=LINE('',#3594,#3595);
#2807=LINE('',#3596,#3597);
#2808=LINE('',#3598,#3599);
#2809=LINE('',#3600,#3601);
#2810=LINE('',#3602,#3603);
#2811=VERTEX_POINT('',#3604);
#2812=LINE('',#3605,#3606);
#2813=LINE('',#3607,#3608);
#2814=VERTEX_POINT('',#3609);
#2815=LINE('',#3610,#3611);
#2816=VERTEX_POINT('',#3612);
#2817=LINE('',#3613,#3614);
#2818=LINE('',#3615,#3616);
#2819=VERTEX_POINT('',#3617);
#2820=VERTEX_POINT('',#3618);
#2821=LINE('',#3619,#3620);
#2822=LINE('',#3621,#3622);
#2823=VERTEX_POINT('',#3623);
#2824=LINE('',#3624,#3625);
#2825=LINE('',#3626,#3627);
#2826=VERTEX_POINT('',#3628);
#2827=LINE('',#3629,#3630);
#2828=VERTEX_POINT('',#3631);
#2829=LINE('',#3632,#3633);
#2830=LINE('',#3634,#3635);
#2831=VERTEX_POINT('',#3636);
#2832=VERTEX_POINT('',#3637);
#2833=LINE('',#3638,#3639);
#2834=VERTEX_POINT('',#3640);
#2835=LINE('',#3641,#3642);
#2836=VERTEX_POINT('',#3643);
#2837=LINE('',#3644,#3645);
#2838=LINE('',#3646,#3647);
#2839=VERTEX_POINT('',#3648);
#2840=LINE('',#3649,#3650);
#2841=LINE('',#3651,#3652);
#2842=VERTEX_POINT('',#3653);
#2843=LINE('',#3654,#3655);
#2844=VERTEX_POINT('',#3656);
#2845=LINE('',#3657,#3658);
#2846=LINE('',#3659,#3660);
#2847=LINE('',#3661,#3662);
#2848=VERTEX_POINT('',#3663);
#2849=LINE('',#3664,#3665);
#2850=LINE('',#3666,#3667);
#2851=VERTEX_POINT('',#3668);
#2852=LINE('',#3669,#3670);
#2853=LINE('',#3671,#3672);
#2854=LINE('',#3673,#3674);
#2855=VERTEX_POINT('',#3675);
#2856=LINE('',#3676,#3677);
#2857=LINE('',#3678,#3679);
#2858=VERTEX_POINT('',#3680);
#2859=LINE('',#3681,#3682);
#2860=VERTEX_POINT('',#3683);
#2861=LINE('',#3684,#3685);
#2862=LINE('',#3686,#3687);
#2863=VERTEX_POINT('',#3688);
#2864=LINE('',#3689,#3690);
#2865=LINE('',#3691,#3692);
#2866=VERTEX_POINT('',#3693);
#2867=VERTEX_POINT('',#3694);
#2868=LINE('',#3695,#3696);
#2869=VERTEX_POINT('',#3697);
#2870=LINE('',#3698,#3699);
#2871=VERTEX_POINT('',#3700);
#2872=LINE('',#3701,#3702);
#2873=LINE('',#3703,#3704);
#2874=VERTEX_POINT('',#3705);
#2875=LINE('',#3706,#3707);
#2876=LINE('',#3708,#3709);
#2877=LINE('',#3710,#3711);
#2878=LINE('',#3712,#3713);
#2879=LINE('',#3714,#3715);
#2880=VERTEX_POINT('',#3716);
#2881=LINE('',#3717,#3718);
#2882=VERTEX_POINT('',#3719);
#2883=LINE('',#3720,#3721);
#2884=LINE('',#3722,#3723);
#2885=VERTEX_POINT('',#3724);
#2886=LINE('',#3725,#3726);
#2887=LINE('',#3727,#3728);
#2888=VERTEX_POINT('',#3729);
#2889=LINE('',#3730,#3731);
#2890=LINE('',#3732,#3733);
#2891=LINE('',#3734,#3735);
#2892=LINE('',#3736,#3737);
#2893=LINE('',#3738,#3739);
#2894=LINE('',#3740,#3741);
#2895=LINE('',#3742,#3743);
#2896=LINE('',#3744,#3745);
#2897=LINE('',#3746,#3747);
#2898=LINE('',#3748,#3749);
#2899=LINE('',#3750,#3751);
#2900=LINE('',#3752,#3753);
#2901=LINE('',#3754,#3755);
#2902=LINE('',#3756,#3757);
#2903=LINE('',#3758,#3759);
#2904=LINE('',#3760,#3761);
#2905=LINE('',#3762,#3763);
#2906=LINE('',#3764,#3765);
#2907=LINE('',#3766,#3767);
#2908=VERTEX_POINT('',#3768);
#2909=VERTEX_POINT('',#3769);
#2910=LINE('',#3770,#3771);
#2911=VERTEX_POINT('',#3772);
#2912=LINE('',#3773,#3774);
#2913=VERTEX_POINT('',#3775);
#2914=LINE('',#3776,#3777);
#2915=LINE('',#3778,#3779);
#2916=VERTEX_POINT('',#3780);
#2917=LINE('',#3781,#3782);
#2918=VERTEX_POINT('',#3783);
#2919=LINE('',#3784,#3785);
#2920=LINE('',#3786,#3787);
#2921=VERTEX_POINT('',#3788);
#2922=LINE('',#3789,#3790);
#2923=LINE('',#3791,#3792);
#2924=VERTEX_POINT('',#3793);
#2925=LINE('',#3794,#3795);
#2926=LINE('',#3796,#3797);
#2927=LINE('',#3798,#3799);
#2928=VERTEX_POINT('',#3800);
#2929=LINE('',#3801,#3802);
#2930=VERTEX_POINT('',#3803);
#2931=LINE('',#3804,#3805);
#2932=LINE('',#3806,#3807);
#2933=VERTEX_POINT('',#3808);
#2934=LINE('',#3809,#3810);
#2935=LINE('',#3811,#3812);
#2936=VERTEX_POINT('',#3813);
#2937=LINE('',#3814,#3815);
#2938=LINE('',#3816,#3817);
#2939=LINE('',#3818,#3819);
#2940=VERTEX_POINT('',#3820);
#2941=VERTEX_POINT('',#3821);
#2942=LINE('',#3822,#3823);
#2943=LINE('',#3824,#3825);
#2944=LINE('',#3826,#3827);
#2945=VERTEX_POINT('',#3828);
#2946=VERTEX_POINT('',#3829);
#2947=LINE('',#3830,#3831);
#2948=LINE('',#3832,#3833);
#2949=LINE('',#3834,#3835);
#2950=LINE('',#3836,#3837);
#2951=LINE('',#3838,#3839);
#2952=VERTEX_POINT('',#3840);
#2953=VERTEX_POINT('',#3841);
#2954=LINE('',#3842,#3843);
#2955=VERTEX_POINT('',#3844);
#2956=LINE('',#3845,#3846);
#2957=VERTEX_POINT('',#3847);
#2958=LINE('',#3848,#3849);
#2959=LINE('',#3850,#3851);
#2960=VERTEX_POINT('',#3852);
#2961=LINE('',#3853,#3854);
#2962=VERTEX_POINT('',#3855);
#2963=LINE('',#3856,#3857);
#2964=LINE('',#3858,#3859);
#2965=VERTEX_POINT('',#3860);
#2966=LINE('',#3861,#3862);
#2967=LINE('',#3863,#3864);
#2968=VERTEX_POINT('',#3865);
#2969=LINE('',#3866,#3867);
#2970=LINE('',#3868,#3869);
#2971=LINE('',#3870,#3871);
#2972=VERTEX_POINT('',#3872);
#2973=LINE('',#3873,#3874);
#2974=VERTEX_POINT('',#3875);
#2975=LINE('',#3876,#3877);
#2976=LINE('',#3878,#3879);
#2977=VERTEX_POINT('',#3880);
#2978=LINE('',#3881,#3882);
#2979=LINE('',#3883,#3884);
#2980=VERTEX_POINT('',#3885);
#2981=LINE('',#3886,#3887);
#2982=LINE('',#3888,#3889);
#2983=LINE('',#3890,#3891);
#2984=VERTEX_POINT('',#3892);
#2985=VERTEX_POINT('',#3893);
#2986=LINE('',#3894,#3895);
#2987=LINE('',#3896,#3897);
#2988=LINE('',#3898,#3899);
#2989=VERTEX_POINT('',#3900);
#2990=VERTEX_POINT('',#3901);
#2991=LINE('',#3902,#3903);
#2992=LINE('',#3904,#3905);
#2993=LINE('',#3906,#3907);
#2994=LINE('',#3908,#3909);
#2995=LINE('',#3910,#3911);
#2996=VERTEX_POINT('',#3912);
#2997=VERTEX_POINT('',#3913);
#2998=LINE('',#3914,#3915);
#2999=VERTEX_POINT('',#3916);
#3000=LINE('',#3917,#3918);
#3001=VERTEX_POINT('',#3919);
#3002=LINE('',#3920,#3921);
#3003=LINE('',#3922,#3923);
#3004=VERTEX_POINT('',#3924);
#3005=LINE('',#3925,#3926);
#3006=VERTEX_POINT('',#3927);
#3007=LINE('',#3928,#3929);
#3008=LINE('',#3930,#3931);
#3009=VERTEX_POINT('',#3932);
#3010=LINE('',#3933,#3934);
#3011=LINE('',#3935,#3936);
#3012=VERTEX_POINT('',#3937);
#3013=LINE('',#3938,#3939);
#3014=LINE('',#3940,#3941);
#3015=LINE('',#3942,#3943);
#3016=VERTEX_POINT('',#3944);
#3017=LINE('',#3945,#3946);
#3018=VERTEX_POINT('',#3947);
#3019=LINE('',#3948,#3949);
#3020=LINE('',#3950,#3951);
#3021=VERTEX_POINT('',#3952);
#3022=LINE('',#3953,#3954);
#3023=LINE('',#3955,#3956);
#3024=VERTEX_POINT('',#3957);
#3025=LINE('',#3958,#3959);
#3026=LINE('',#3960,#3961);
#3027=LINE('',#3962,#3963);
#3028=VERTEX_POINT('',#3964);
#3029=VERTEX_POINT('',#3965);
#3030=LINE('',#3966,#3967);
#3031=LINE('',#3968,#3969);
#3032=LINE('',#3970,#3971);
#3033=VERTEX_POINT('',#3972);
#3034=VERTEX_POINT('',#3973);
#3035=LINE('',#3974,#3975);
#3036=LINE('',#3976,#3977);
#3037=LINE('',#3978,#3979);
#3038=LINE('',#3980,#3981);
#3039=LINE('',#3982,#3983);
#3040=VERTEX_POINT('',#3984);
#3041=VERTEX_POINT('',#3985);
#3042=LINE('',#3986,#3987);
#3043=VERTEX_POINT('',#3988);
#3044=LINE('',#3989,#3990);
#3045=VERTEX_POINT('',#3991);
#3046=LINE('',#3992,#3993);
#3047=LINE('',#3994,#3995);
#3048=VERTEX_POINT('',#3996);
#3049=LINE('',#3997,#3998);
#3050=VERTEX_POINT('',#3999);
#3051=LINE('',#4000,#4001);
#3052=LINE('',#4002,#4003);
#3053=VERTEX_POINT('',#4004);
#3054=LINE('',#4005,#4006);
#3055=LINE('',#4007,#4008);
#3056=VERTEX_POINT('',#4009);
#3057=LINE('',#4010,#4011);
#3058=LINE('',#4012,#4013);
#3059=LINE('',#4014,#4015);
#3060=VERTEX_POINT('',#4016);
#3061=LINE('',#4017,#4018);
#3062=VERTEX_POINT('',#4019);
#3063=LINE('',#4020,#4021);
#3064=LINE('',#4022,#4023);
#3065=VERTEX_POINT('',#4024);
#3066=LINE('',#4025,#4026);
#3067=LINE('',#4027,#4028);
#3068=VERTEX_POINT('',#4029);
#3069=LINE('',#4030,#4031);
#3070=LINE('',#4032,#4033);
#3071=LINE('',#4034,#4035);
#3072=VERTEX_POINT('',#4036);
#3073=VERTEX_POINT('',#4037);
#3074=LINE('',#4038,#4039);
#3075=LINE('',#4040,#4041);
#3076=LINE('',#4042,#4043);
#3077=VERTEX_POINT('',#4044);
#3078=VERTEX_POINT('',#4045);
#3079=LINE('',#4046,#4047);
#3080=LINE('',#4048,#4049);
#3081=LINE('',#4050,#4051);
#3082=LINE('',#4052,#4053);
#3083=LINE('',#4054,#4055);
#3084=CARTESIAN_POINT('',(3.56,0.0,-1.02));
#3085=CARTESIAN_POINT('',(3.56,0.0,1.02));
#3086=CARTESIAN_POINT('',(3.56,0.0,-1.02));
#3087=VECTOR('',#4056,2.04);
#3088=CARTESIAN_POINT('',(3.31,0.0,-1.27));
#3089=CARTESIAN_POINT('',(3.56,0.0,-1.02));
#3090=VECTOR('',#4057,0.353553390593276);
#3091=CARTESIAN_POINT('',(1.77,0.0,-1.27));
#3092=CARTESIAN_POINT('',(1.77,0.0,-1.27));
#3093=VECTOR('',#4058,1.54);
#3094=CARTESIAN_POINT('',(1.52,0.0,-1.02));
#3095=CARTESIAN_POINT('',(1.77,0.0,-1.27));
#3096=VECTOR('',#4059,0.353553390593276);
#3097=CARTESIAN_POINT('',(1.52,0.0,1.02));
#3098=CARTESIAN_POINT('',(1.52,0.0,1.02));
#3099=VECTOR('',#4060,2.04);
#3100=CARTESIAN_POINT('',(1.77,0.0,1.27));
#3101=CARTESIAN_POINT('',(1.52,0.0,1.02));
#3102=VECTOR('',#4061,0.353553390593276);
#3103=CARTESIAN_POINT('',(3.31,0.0,1.27));
#3104=CARTESIAN_POINT('',(3.31,0.0,1.27));
#3105=VECTOR('',#4062,1.54);
#3106=CARTESIAN_POINT('',(3.31,0.0,1.27));
#3107=VECTOR('',#4063,0.353553390593276);
#3108=CARTESIAN_POINT('',(2.2225,0.0,-0.3175));
#3109=CARTESIAN_POINT('',(2.2225,0.0,0.3175));
#3110=CARTESIAN_POINT('',(2.2225,0.0,-0.3175));
#3111=VECTOR('',#4064,0.635);
#3112=CARTESIAN_POINT('',(2.8575,0.0,-0.3175));
#3113=CARTESIAN_POINT('',(2.8575,0.0,-0.3175));
#3114=VECTOR('',#4065,0.635);
#3115=CARTESIAN_POINT('',(2.8575,0.0,0.3175));
#3116=CARTESIAN_POINT('',(2.8575,0.0,0.3175));
#3117=VECTOR('',#4066,0.635);
#3118=CARTESIAN_POINT('',(2.2225,0.0,0.3175));
#3119=VECTOR('',#4067,0.635);
#3120=CARTESIAN_POINT('',(3.81,-0.25,0.77));
#3121=CARTESIAN_POINT('',(3.81,-0.25,-0.77));
#3122=CARTESIAN_POINT('',(3.81,-0.25,0.77));
#3123=VECTOR('',#4068,1.54);
#3124=CARTESIAN_POINT('',(3.56,0.0,-1.02));
#3125=VECTOR('',#4069,0.433012701892181);
#3126=CARTESIAN_POINT('',(3.56,0.0,1.02));
#3127=VECTOR('',#4070,0.433012701892181);
#3128=CARTESIAN_POINT('',(4.06,0.0,1.02));
#3129=CARTESIAN_POINT('',(4.06,0.0,-1.02));
#3130=CARTESIAN_POINT('',(4.06,0.0,1.02));
#3131=VECTOR('',#4071,2.04);
#3132=CARTESIAN_POINT('',(4.06,0.0,-1.02));
#3133=VECTOR('',#4072,0.433012701892181);
#3134=CARTESIAN_POINT('',(4.06,0.0,1.02));
#3135=VECTOR('',#4073,0.433012701892181);
#3136=CARTESIAN_POINT('',(6.1,0.0,-1.02));
#3137=CARTESIAN_POINT('',(6.1,0.0,1.02));
#3138=CARTESIAN_POINT('',(6.1,0.0,-1.02));
#3139=VECTOR('',#4074,2.04);
#3140=CARTESIAN_POINT('',(5.85,0.0,-1.27));
#3141=CARTESIAN_POINT('',(6.1,0.0,-1.02));
#3142=VECTOR('',#4075,0.353553390593276);
#3143=CARTESIAN_POINT('',(4.31,0.0,-1.27));
#3144=CARTESIAN_POINT('',(4.31,0.0,-1.27));
#3145=VECTOR('',#4076,1.54);
#3146=CARTESIAN_POINT('',(4.31,0.0,-1.27));
#3147=VECTOR('',#4077,0.353553390593276);
#3148=CARTESIAN_POINT('',(4.31,0.0,1.27));
#3149=CARTESIAN_POINT('',(4.06,0.0,1.02));
#3150=VECTOR('',#4078,0.353553390593276);
#3151=CARTESIAN_POINT('',(5.85,0.0,1.27));
#3152=CARTESIAN_POINT('',(5.85,0.0,1.27));
#3153=VECTOR('',#4079,1.54);
#3154=CARTESIAN_POINT('',(5.85,0.0,1.27));
#3155=VECTOR('',#4080,0.353553390593276);
#3156=CARTESIAN_POINT('',(4.7625,0.0,-0.3175));
#3157=CARTESIAN_POINT('',(4.7625,0.0,0.3175));
#3158=CARTESIAN_POINT('',(4.7625,0.0,-0.3175));
#3159=VECTOR('',#4081,0.635);
#3160=CARTESIAN_POINT('',(5.3975,0.0,-0.3175));
#3161=CARTESIAN_POINT('',(5.3975,0.0,-0.3175));
#3162=VECTOR('',#4082,0.635);
#3163=CARTESIAN_POINT('',(5.3975,0.0,0.3175));
#3164=CARTESIAN_POINT('',(5.3975,0.0,0.3175));
#3165=VECTOR('',#4083,0.635);
#3166=CARTESIAN_POINT('',(4.7625,0.0,0.3175));
#3167=VECTOR('',#4084,0.635);
#3168=CARTESIAN_POINT('',(6.35,-0.25,0.77));
#3169=CARTESIAN_POINT('',(6.35,-0.25,-0.77));
#3170=CARTESIAN_POINT('',(6.35,-0.25,0.77));
#3171=VECTOR('',#4085,1.54);
#3172=CARTESIAN_POINT('',(6.1,0.0,-1.02));
#3173=VECTOR('',#4086,0.433012701892181);
#3174=CARTESIAN_POINT('',(6.1,0.0,1.02));
#3175=VECTOR('',#4087,0.433012701892181);
#3176=CARTESIAN_POINT('',(6.6,0.0,1.02));
#3177=CARTESIAN_POINT('',(6.6,0.0,-1.02));
#3178=CARTESIAN_POINT('',(6.6,0.0,1.02));
#3179=VECTOR('',#4088,2.04);
#3180=CARTESIAN_POINT('',(6.6,0.0,-1.02));
#3181=VECTOR('',#4089,0.433012701892181);
#3182=CARTESIAN_POINT('',(6.6,0.0,1.02));
#3183=VECTOR('',#4090,0.433012701892181);
#3184=CARTESIAN_POINT('',(8.64,0.0,-1.02));
#3185=CARTESIAN_POINT('',(8.64,0.0,1.02));
#3186=CARTESIAN_POINT('',(8.64,0.0,-1.02));
#3187=VECTOR('',#4091,2.04);
#3188=CARTESIAN_POINT('',(8.39,0.0,-1.27));
#3189=CARTESIAN_POINT('',(8.64,0.0,-1.02));
#3190=VECTOR('',#4092,0.353553390593276);
#3191=CARTESIAN_POINT('',(6.85,0.0,-1.27));
#3192=CARTESIAN_POINT('',(6.85,0.0,-1.27));
#3193=VECTOR('',#4093,1.54);
#3194=CARTESIAN_POINT('',(6.85,0.0,-1.27));
#3195=VECTOR('',#4094,0.353553390593276);
#3196=CARTESIAN_POINT('',(6.85,0.0,1.27));
#3197=CARTESIAN_POINT('',(6.6,0.0,1.02));
#3198=VECTOR('',#4095,0.353553390593276);
#3199=CARTESIAN_POINT('',(8.39,0.0,1.27));
#3200=CARTESIAN_POINT('',(8.39,0.0,1.27));
#3201=VECTOR('',#4096,1.54);
#3202=CARTESIAN_POINT('',(8.39,0.0,1.27));
#3203=VECTOR('',#4097,0.353553390593276);
#3204=CARTESIAN_POINT('',(7.3025,0.0,-0.3175));
#3205=CARTESIAN_POINT('',(7.3025,0.0,0.3175));
#3206=CARTESIAN_POINT('',(7.3025,0.0,-0.3175));
#3207=VECTOR('',#4098,0.635);
#3208=CARTESIAN_POINT('',(7.9375,0.0,-0.3175));
#3209=CARTESIAN_POINT('',(7.9375,0.0,-0.3175));
#3210=VECTOR('',#4099,0.635);
#3211=CARTESIAN_POINT('',(7.9375,0.0,0.3175));
#3212=CARTESIAN_POINT('',(7.9375,0.0,0.3175));
#3213=VECTOR('',#4100,0.635);
#3214=CARTESIAN_POINT('',(7.3025,0.0,0.3175));
#3215=VECTOR('',#4101,0.635);
#3216=CARTESIAN_POINT('',(8.89,-0.25,0.77));
#3217=CARTESIAN_POINT('',(8.89,-0.25,-0.77));
#3218=CARTESIAN_POINT('',(8.89,-0.25,0.77));
#3219=VECTOR('',#4102,1.54);
#3220=CARTESIAN_POINT('',(8.64,0.0,-1.02));
#3221=VECTOR('',#4103,0.433012701892181);
#3222=CARTESIAN_POINT('',(8.64,0.0,1.02));
#3223=VECTOR('',#4104,0.433012701892181);
#3224=CARTESIAN_POINT('',(9.14,0.0,1.02));
#3225=CARTESIAN_POINT('',(9.14,0.0,-1.02));
#3226=CARTESIAN_POINT('',(9.14,0.0,1.02));
#3227=VECTOR('',#4105,2.04);
#3228=CARTESIAN_POINT('',(9.14,0.0,-1.02));
#3229=VECTOR('',#4106,0.433012701892181);
#3230=CARTESIAN_POINT('',(9.14,0.0,1.02));
#3231=VECTOR('',#4107,0.433012701892181);
#3232=CARTESIAN_POINT('',(11.18,0.0,-1.02));
#3233=CARTESIAN_POINT('',(11.18,0.0,1.02));
#3234=CARTESIAN_POINT('',(11.18,0.0,-1.02));
#3235=VECTOR('',#4108,2.04);
#3236=CARTESIAN_POINT('',(10.93,0.0,-1.27));
#3237=CARTESIAN_POINT('',(11.18,0.0,-1.02));
#3238=VECTOR('',#4109,0.353553390593276);
#3239=CARTESIAN_POINT('',(9.39,0.0,-1.27));
#3240=CARTESIAN_POINT('',(9.39,0.0,-1.27));
#3241=VECTOR('',#4110,1.54);
#3242=CARTESIAN_POINT('',(9.39,0.0,-1.27));
#3243=VECTOR('',#4111,0.353553390593276);
#3244=CARTESIAN_POINT('',(9.39,0.0,1.27));
#3245=CARTESIAN_POINT('',(9.14,0.0,1.02));
#3246=VECTOR('',#4112,0.353553390593276);
#3247=CARTESIAN_POINT('',(10.93,0.0,1.27));
#3248=CARTESIAN_POINT('',(10.93,0.0,1.27));
#3249=VECTOR('',#4113,1.54);
#3250=CARTESIAN_POINT('',(10.93,0.0,1.27));
#3251=VECTOR('',#4114,0.353553390593276);
#3252=CARTESIAN_POINT('',(9.8425,0.0,-0.3175));
#3253=CARTESIAN_POINT('',(9.8425,0.0,0.3175));
#3254=CARTESIAN_POINT('',(9.8425,0.0,-0.3175));
#3255=VECTOR('',#4115,0.635);
#3256=CARTESIAN_POINT('',(10.4775,0.0,-0.3175));
#3257=CARTESIAN_POINT('',(10.4775,0.0,-0.3175));
#3258=VECTOR('',#4116,0.635);
#3259=CARTESIAN_POINT('',(10.4775,0.0,0.3175));
#3260=CARTESIAN_POINT('',(10.4775,0.0,0.3175));
#3261=VECTOR('',#4117,0.635);
#3262=CARTESIAN_POINT('',(9.8425,0.0,0.3175));
#3263=VECTOR('',#4118,0.635);
#3264=CARTESIAN_POINT('',(11.43,-0.25,0.77));
#3265=CARTESIAN_POINT('',(11.18,0.0,1.02));
#3266=VECTOR('',#4119,0.433012701892181);
#3267=CARTESIAN_POINT('',(11.43,-0.25,-0.77));
#3268=CARTESIAN_POINT('',(11.43,-0.25,-0.77));
#3269=VECTOR('',#4120,1.54);
#3270=CARTESIAN_POINT('',(11.18,0.0,-1.02));
#3271=VECTOR('',#4121,0.433012701892181);
#3272=CARTESIAN_POINT('',(11.18,-1.94,-1.02));
#3273=CARTESIAN_POINT('',(10.93,-1.94,-1.27));
#3274=CARTESIAN_POINT('',(11.18,-1.94,-1.02));
#3275=VECTOR('',#4122,0.353553390593301);
#3276=CARTESIAN_POINT('',(10.93,0.0,-1.27));
#3277=VECTOR('',#4123,1.94);
#3278=CARTESIAN_POINT('',(11.43,-1.69,-0.77));
#3279=CARTESIAN_POINT('',(11.43,-0.25,-0.77));
#3280=VECTOR('',#4124,1.44);
#3281=CARTESIAN_POINT('',(11.43,-1.69,-0.77));
#3282=VECTOR('',#4125,0.433012701892181);
#3283=CARTESIAN_POINT('',(11.18,-1.94,1.02));
#3284=CARTESIAN_POINT('',(11.18,-1.94,-1.02));
#3285=VECTOR('',#4126,2.04);
#3286=CARTESIAN_POINT('',(10.93,-1.94,1.27));
#3287=CARTESIAN_POINT('',(10.93,-1.94,1.27));
#3288=VECTOR('',#4127,0.353553390593276);
#3289=CARTESIAN_POINT('',(10.93,-1.94,0.77));
#3290=CARTESIAN_POINT('',(10.93,-1.94,1.27));
#3291=VECTOR('',#4128,0.5);
#3292=CARTESIAN_POINT('',(9.39,-1.94,0.77));
#3293=CARTESIAN_POINT('',(10.93,-1.94,0.77));
#3294=VECTOR('',#4129,1.54);
#3295=CARTESIAN_POINT('',(9.39,-1.94,1.27));
#3296=CARTESIAN_POINT('',(9.39,-1.94,0.77));
#3297=VECTOR('',#4130,0.5);
#3298=CARTESIAN_POINT('',(9.14,-1.94,1.02));
#3299=CARTESIAN_POINT('',(9.14,-1.94,1.02));
#3300=VECTOR('',#4131,0.353553390593276);
#3301=CARTESIAN_POINT('',(9.14,-1.94,-1.02));
#3302=CARTESIAN_POINT('',(9.14,-1.94,1.02));
#3303=VECTOR('',#4132,2.04);
#3304=CARTESIAN_POINT('',(9.39,-1.94,-1.27));
#3305=CARTESIAN_POINT('',(9.39,-1.94,-1.27));
#3306=VECTOR('',#4133,0.353553390593276);
#3307=CARTESIAN_POINT('',(9.39,-1.94,-0.77));
#3308=CARTESIAN_POINT('',(9.39,-1.94,-1.27));
#3309=VECTOR('',#4134,0.5);
#3310=CARTESIAN_POINT('',(10.93,-1.94,-0.77));
#3311=CARTESIAN_POINT('',(9.39,-1.94,-0.77));
#3312=VECTOR('',#4135,1.54);
#3313=CARTESIAN_POINT('',(10.93,-1.94,-0.77));
#3314=VECTOR('',#4136,0.5);
#3315=CARTESIAN_POINT('',(9.8425,-1.94,-0.3175));
#3316=CARTESIAN_POINT('',(9.8425,-1.94,0.3175));
#3317=CARTESIAN_POINT('',(9.8425,-1.94,-0.3175));
#3318=VECTOR('',#4137,0.635);
#3319=CARTESIAN_POINT('',(10.4775,-1.94,0.3175));
#3320=CARTESIAN_POINT('',(9.8425,-1.94,0.3175));
#3321=VECTOR('',#4138,0.635);
#3322=CARTESIAN_POINT('',(10.4775,-1.94,-0.3175));
#3323=CARTESIAN_POINT('',(10.4775,-1.94,0.3175));
#3324=VECTOR('',#4139,0.635);
#3325=CARTESIAN_POINT('',(10.4775,-1.94,-0.3175));
#3326=VECTOR('',#4140,0.635);
#3327=CARTESIAN_POINT('',(11.43,-1.69,0.77));
#3328=CARTESIAN_POINT('',(11.43,-1.69,-0.77));
#3329=VECTOR('',#4141,1.54);
#3330=CARTESIAN_POINT('',(11.43,-1.69,0.77));
#3331=VECTOR('',#4142,0.433012701892181);
#3332=CARTESIAN_POINT('',(11.43,-0.25,0.77));
#3333=VECTOR('',#4143,1.44);
#3334=CARTESIAN_POINT('',(10.93,0.0,1.27));
#3335=VECTOR('',#4144,1.94);
#3336=CARTESIAN_POINT('',(10.93,-2.54,1.27));
#3337=CARTESIAN_POINT('',(10.93,-2.54,1.27));
#3338=VECTOR('',#4145,0.6);
#3339=CARTESIAN_POINT('',(9.39,0.0,1.27));
#3340=VECTOR('',#4146,1.94);
#3341=CARTESIAN_POINT('',(9.39,-2.54,1.27));
#3342=CARTESIAN_POINT('',(9.39,-2.54,1.27));
#3343=VECTOR('',#4147,0.6);
#3344=CARTESIAN_POINT('',(10.93,-2.54,1.27));
#3345=VECTOR('',#4148,1.54);
#3346=CARTESIAN_POINT('',(10.93,-2.54,0.77));
#3347=CARTESIAN_POINT('',(10.93,-2.54,1.27));
#3348=VECTOR('',#4149,0.5);
#3349=CARTESIAN_POINT('',(10.93,-2.54,0.77));
#3350=VECTOR('',#4150,0.6);
#3351=CARTESIAN_POINT('',(9.39,-2.54,0.77));
#3352=CARTESIAN_POINT('',(9.39,-2.54,1.27));
#3353=VECTOR('',#4151,0.5);
#3354=CARTESIAN_POINT('',(10.93,-2.54,0.77));
#3355=VECTOR('',#4152,1.54);
#3356=CARTESIAN_POINT('',(9.39,-2.54,-1.27));
#3357=CARTESIAN_POINT('',(9.39,-2.54,-0.77));
#3358=CARTESIAN_POINT('',(9.39,-2.54,-1.27));
#3359=VECTOR('',#4153,0.5);
#3360=CARTESIAN_POINT('',(10.93,-2.54,-1.27));
#3361=CARTESIAN_POINT('',(9.39,-2.54,-1.27));
#3362=VECTOR('',#4154,1.54);
#3363=CARTESIAN_POINT('',(10.93,-2.54,-0.77));
#3364=CARTESIAN_POINT('',(10.93,-2.54,-1.27));
#3365=VECTOR('',#4155,0.5);
#3366=CARTESIAN_POINT('',(9.39,-2.54,-0.77));
#3367=VECTOR('',#4156,1.54);
#3368=CARTESIAN_POINT('',(9.39,-2.54,0.77));
#3369=VECTOR('',#4157,0.6);
#3370=CARTESIAN_POINT('',(9.39,-2.54,-0.77));
#3371=VECTOR('',#4158,0.6);
#3372=CARTESIAN_POINT('',(9.39,-2.54,-1.27));
#3373=VECTOR('',#4159,0.6);
#3374=CARTESIAN_POINT('',(9.39,0.0,-1.27));
#3375=VECTOR('',#4160,1.94);
#3376=CARTESIAN_POINT('',(10.93,-2.54,-1.27));
#3377=VECTOR('',#4161,0.6);
#3378=CARTESIAN_POINT('',(10.93,-2.54,-0.77));
#3379=VECTOR('',#4162,0.6);
#3380=CARTESIAN_POINT('',(8.89,-1.69,-0.77));
#3381=CARTESIAN_POINT('',(8.89,-1.69,-0.77));
#3382=VECTOR('',#4163,0.433012701892181);
#3383=CARTESIAN_POINT('',(8.89,-0.25,-0.77));
#3384=VECTOR('',#4164,1.44);
#3385=CARTESIAN_POINT('',(8.64,-1.94,-1.02));
#3386=CARTESIAN_POINT('',(8.89,-1.69,-0.77));
#3387=VECTOR('',#4165,0.433012701892181);
#3388=CARTESIAN_POINT('',(8.39,-1.94,-1.27));
#3389=CARTESIAN_POINT('',(8.64,-1.94,-1.02));
#3390=VECTOR('',#4166,0.353553390593276);
#3391=CARTESIAN_POINT('',(8.39,0.0,-1.27));
#3392=VECTOR('',#4167,1.94);
#3393=CARTESIAN_POINT('',(6.85,-2.54,-1.27));
#3394=CARTESIAN_POINT('',(6.85,-1.94,-1.27));
#3395=CARTESIAN_POINT('',(6.85,-2.54,-1.27));
#3396=VECTOR('',#4168,0.6);
#3397=CARTESIAN_POINT('',(6.85,0.0,-1.27));
#3398=VECTOR('',#4169,1.94);
#3399=CARTESIAN_POINT('',(8.39,-2.54,-1.27));
#3400=CARTESIAN_POINT('',(8.39,-2.54,-1.27));
#3401=VECTOR('',#4170,0.6);
#3402=CARTESIAN_POINT('',(6.85,-2.54,-1.27));
#3403=VECTOR('',#4171,1.54);
#3404=CARTESIAN_POINT('',(6.85,-2.54,-0.77));
#3405=CARTESIAN_POINT('',(6.85,-2.54,-1.27));
#3406=VECTOR('',#4172,0.5);
#3407=CARTESIAN_POINT('',(6.85,-1.94,-0.77));
#3408=CARTESIAN_POINT('',(6.85,-2.54,-0.77));
#3409=VECTOR('',#4173,0.6);
#3410=CARTESIAN_POINT('',(6.85,-1.94,-1.27));
#3411=VECTOR('',#4174,0.5);
#3412=CARTESIAN_POINT('',(8.39,-2.54,1.27));
#3413=CARTESIAN_POINT('',(8.39,-2.54,0.77));
#3414=CARTESIAN_POINT('',(8.39,-2.54,1.27));
#3415=VECTOR('',#4175,0.5);
#3416=CARTESIAN_POINT('',(6.85,-2.54,1.27));
#3417=CARTESIAN_POINT('',(8.39,-2.54,1.27));
#3418=VECTOR('',#4176,1.54);
#3419=CARTESIAN_POINT('',(6.85,-2.54,0.77));
#3420=CARTESIAN_POINT('',(6.85,-2.54,1.27));
#3421=VECTOR('',#4177,0.5);
#3422=CARTESIAN_POINT('',(8.39,-2.54,0.77));
#3423=VECTOR('',#4178,1.54);
#3424=CARTESIAN_POINT('',(8.39,-2.54,-0.77));
#3425=CARTESIAN_POINT('',(8.39,-2.54,-1.27));
#3426=VECTOR('',#4179,0.5);
#3427=CARTESIAN_POINT('',(6.85,-2.54,-0.77));
#3428=VECTOR('',#4180,1.54);
#3429=CARTESIAN_POINT('',(8.39,-1.94,0.77));
#3430=CARTESIAN_POINT('',(8.39,-2.54,0.77));
#3431=VECTOR('',#4181,0.6);
#3432=CARTESIAN_POINT('',(8.39,-1.94,1.27));
#3433=CARTESIAN_POINT('',(8.39,-1.94,1.27));
#3434=VECTOR('',#4182,0.5);
#3435=CARTESIAN_POINT('',(8.39,-2.54,1.27));
#3436=VECTOR('',#4183,0.6);
#3437=CARTESIAN_POINT('',(8.39,0.0,1.27));
#3438=VECTOR('',#4184,1.94);
#3439=CARTESIAN_POINT('',(6.85,-1.94,1.27));
#3440=CARTESIAN_POINT('',(6.85,0.0,1.27));
#3441=VECTOR('',#4185,1.94);
#3442=CARTESIAN_POINT('',(6.85,-2.54,1.27));
#3443=VECTOR('',#4186,0.6);
#3444=CARTESIAN_POINT('',(6.85,-1.94,0.77));
#3445=CARTESIAN_POINT('',(6.85,-1.94,0.77));
#3446=VECTOR('',#4187,0.5);
#3447=CARTESIAN_POINT('',(6.85,-2.54,0.77));
#3448=VECTOR('',#4188,0.6);
#3449=CARTESIAN_POINT('',(8.39,-1.94,0.77));
#3450=VECTOR('',#4189,1.54);
#3451=CARTESIAN_POINT('',(8.64,-1.94,1.02));
#3452=CARTESIAN_POINT('',(8.64,-1.94,-1.02));
#3453=VECTOR('',#4190,2.04);
#3454=CARTESIAN_POINT('',(8.39,-1.94,1.27));
#3455=VECTOR('',#4191,0.353553390593276);
#3456=CARTESIAN_POINT('',(6.6,-1.94,1.02));
#3457=CARTESIAN_POINT('',(6.6,-1.94,1.02));
#3458=VECTOR('',#4192,0.353553390593276);
#3459=CARTESIAN_POINT('',(6.6,-1.94,-1.02));
#3460=CARTESIAN_POINT('',(6.6,-1.94,1.02));
#3461=VECTOR('',#4193,2.04);
#3462=CARTESIAN_POINT('',(6.85,-1.94,-1.27));
#3463=VECTOR('',#4194,0.353553390593276);
#3464=CARTESIAN_POINT('',(8.39,-1.94,-0.77));
#3465=CARTESIAN_POINT('',(6.85,-1.94,-0.77));
#3466=VECTOR('',#4195,1.54);
#3467=CARTESIAN_POINT('',(8.39,-1.94,-0.77));
#3468=VECTOR('',#4196,0.5);
#3469=CARTESIAN_POINT('',(7.3025,-1.94,-0.3175));
#3470=CARTESIAN_POINT('',(7.3025,-1.94,0.3175));
#3471=CARTESIAN_POINT('',(7.3025,-1.94,-0.3175));
#3472=VECTOR('',#4197,0.635);
#3473=CARTESIAN_POINT('',(7.9375,-1.94,0.3175));
#3474=CARTESIAN_POINT('',(7.3025,-1.94,0.3175));
#3475=VECTOR('',#4198,0.635);
#3476=CARTESIAN_POINT('',(7.9375,-1.94,-0.3175));
#3477=CARTESIAN_POINT('',(7.9375,-1.94,0.3175));
#3478=VECTOR('',#4199,0.635);
#3479=CARTESIAN_POINT('',(7.9375,-1.94,-0.3175));
#3480=VECTOR('',#4200,0.635);
#3481=CARTESIAN_POINT('',(8.89,-1.69,0.77));
#3482=CARTESIAN_POINT('',(8.89,-1.69,0.77));
#3483=VECTOR('',#4201,1.54);
#3484=CARTESIAN_POINT('',(8.89,-1.69,0.77));
#3485=VECTOR('',#4202,0.433012701892181);
#3486=CARTESIAN_POINT('',(8.89,-1.69,0.77));
#3487=VECTOR('',#4203,0.433012701892181);
#3488=CARTESIAN_POINT('',(8.89,-0.25,0.77));
#3489=VECTOR('',#4204,1.44);
#3490=CARTESIAN_POINT('',(8.39,-2.54,-0.77));
#3491=VECTOR('',#4205,0.6);
#3492=CARTESIAN_POINT('',(6.35,-1.69,-0.77));
#3493=CARTESIAN_POINT('',(6.35,-1.69,-0.77));
#3494=VECTOR('',#4206,0.433012701892181);
#3495=CARTESIAN_POINT('',(6.35,-0.25,-0.77));
#3496=VECTOR('',#4207,1.44);
#3497=CARTESIAN_POINT('',(6.1,-1.94,-1.02));
#3498=CARTESIAN_POINT('',(6.35,-1.69,-0.77));
#3499=VECTOR('',#4208,0.433012701892181);
#3500=CARTESIAN_POINT('',(5.85,-1.94,-1.27));
#3501=CARTESIAN_POINT('',(6.1,-1.94,-1.02));
#3502=VECTOR('',#4209,0.353553390593276);
#3503=CARTESIAN_POINT('',(5.85,0.0,-1.27));
#3504=VECTOR('',#4210,1.94);
#3505=CARTESIAN_POINT('',(4.31,-2.54,-1.27));
#3506=CARTESIAN_POINT('',(4.31,-1.94,-1.27));
#3507=CARTESIAN_POINT('',(4.31,-2.54,-1.27));
#3508=VECTOR('',#4211,0.6);
#3509=CARTESIAN_POINT('',(4.31,0.0,-1.27));
#3510=VECTOR('',#4212,1.94);
#3511=CARTESIAN_POINT('',(5.85,-2.54,-1.27));
#3512=CARTESIAN_POINT('',(5.85,-2.54,-1.27));
#3513=VECTOR('',#4213,0.6);
#3514=CARTESIAN_POINT('',(4.31,-2.54,-1.27));
#3515=VECTOR('',#4214,1.54);
#3516=CARTESIAN_POINT('',(4.31,-2.54,-0.77));
#3517=CARTESIAN_POINT('',(4.31,-2.54,-1.27));
#3518=VECTOR('',#4215,0.5);
#3519=CARTESIAN_POINT('',(4.31,-1.94,-0.77));
#3520=CARTESIAN_POINT('',(4.31,-2.54,-0.77));
#3521=VECTOR('',#4216,0.6);
#3522=CARTESIAN_POINT('',(4.31,-1.94,-1.27));
#3523=VECTOR('',#4217,0.5);
#3524=CARTESIAN_POINT('',(5.85,-2.54,1.27));
#3525=CARTESIAN_POINT('',(5.85,-2.54,0.77));
#3526=CARTESIAN_POINT('',(5.85,-2.54,1.27));
#3527=VECTOR('',#4218,0.5);
#3528=CARTESIAN_POINT('',(4.31,-2.54,1.27));
#3529=CARTESIAN_POINT('',(5.85,-2.54,1.27));
#3530=VECTOR('',#4219,1.54);
#3531=CARTESIAN_POINT('',(4.31,-2.54,0.77));
#3532=CARTESIAN_POINT('',(4.31,-2.54,1.27));
#3533=VECTOR('',#4220,0.5);
#3534=CARTESIAN_POINT('',(5.85,-2.54,0.77));
#3535=VECTOR('',#4221,1.54);
#3536=CARTESIAN_POINT('',(5.85,-2.54,-0.77));
#3537=CARTESIAN_POINT('',(5.85,-2.54,-1.27));
#3538=VECTOR('',#4222,0.5);
#3539=CARTESIAN_POINT('',(4.31,-2.54,-0.77));
#3540=VECTOR('',#4223,1.54);
#3541=CARTESIAN_POINT('',(5.85,-1.94,0.77));
#3542=CARTESIAN_POINT('',(5.85,-2.54,0.77));
#3543=VECTOR('',#4224,0.6);
#3544=CARTESIAN_POINT('',(5.85,-1.94,1.27));
#3545=CARTESIAN_POINT('',(5.85,-1.94,1.27));
#3546=VECTOR('',#4225,0.5);
#3547=CARTESIAN_POINT('',(5.85,-2.54,1.27));
#3548=VECTOR('',#4226,0.6);
#3549=CARTESIAN_POINT('',(5.85,0.0,1.27));
#3550=VECTOR('',#4227,1.94);
#3551=CARTESIAN_POINT('',(4.31,-1.94,1.27));
#3552=CARTESIAN_POINT('',(4.31,0.0,1.27));
#3553=VECTOR('',#4228,1.94);
#3554=CARTESIAN_POINT('',(4.31,-2.54,1.27));
#3555=VECTOR('',#4229,0.6);
#3556=CARTESIAN_POINT('',(4.31,-1.94,0.77));
#3557=CARTESIAN_POINT('',(4.31,-1.94,0.77));
#3558=VECTOR('',#4230,0.5);
#3559=CARTESIAN_POINT('',(4.31,-2.54,0.77));
#3560=VECTOR('',#4231,0.6);
#3561=CARTESIAN_POINT('',(5.85,-1.94,0.77));
#3562=VECTOR('',#4232,1.54);
#3563=CARTESIAN_POINT('',(6.1,-1.94,1.02));
#3564=CARTESIAN_POINT('',(6.1,-1.94,-1.02));
#3565=VECTOR('',#4233,2.04);
#3566=CARTESIAN_POINT('',(5.85,-1.94,1.27));
#3567=VECTOR('',#4234,0.353553390593276);
#3568=CARTESIAN_POINT('',(4.06,-1.94,1.02));
#3569=CARTESIAN_POINT('',(4.06,-1.94,1.02));
#3570=VECTOR('',#4235,0.353553390593276);
#3571=CARTESIAN_POINT('',(4.06,-1.94,-1.02));
#3572=CARTESIAN_POINT('',(4.06,-1.94,1.02));
#3573=VECTOR('',#4236,2.04);
#3574=CARTESIAN_POINT('',(4.31,-1.94,-1.27));
#3575=VECTOR('',#4237,0.353553390593276);
#3576=CARTESIAN_POINT('',(5.85,-1.94,-0.77));
#3577=CARTESIAN_POINT('',(4.31,-1.94,-0.77));
#3578=VECTOR('',#4238,1.54);
#3579=CARTESIAN_POINT('',(5.85,-1.94,-0.77));
#3580=VECTOR('',#4239,0.5);
#3581=CARTESIAN_POINT('',(4.7625,-1.94,-0.3175));
#3582=CARTESIAN_POINT('',(4.7625,-1.94,0.3175));
#3583=CARTESIAN_POINT('',(4.7625,-1.94,-0.3175));
#3584=VECTOR('',#4240,0.635);
#3585=CARTESIAN_POINT('',(5.3975,-1.94,0.3175));
#3586=CARTESIAN_POINT('',(4.7625,-1.94,0.3175));
#3587=VECTOR('',#4241,0.635);
#3588=CARTESIAN_POINT('',(5.3975,-1.94,-0.3175));
#3589=CARTESIAN_POINT('',(5.3975,-1.94,0.3175));
#3590=VECTOR('',#4242,0.635);
#3591=CARTESIAN_POINT('',(5.3975,-1.94,-0.3175));
#3592=VECTOR('',#4243,0.635);
#3593=CARTESIAN_POINT('',(6.35,-1.69,0.77));
#3594=CARTESIAN_POINT('',(6.35,-1.69,0.77));
#3595=VECTOR('',#4244,1.54);
#3596=CARTESIAN_POINT('',(6.35,-1.69,0.77));
#3597=VECTOR('',#4245,0.433012701892181);
#3598=CARTESIAN_POINT('',(6.35,-1.69,0.77));
#3599=VECTOR('',#4246,0.433012701892181);
#3600=CARTESIAN_POINT('',(6.35,-0.25,0.77));
#3601=VECTOR('',#4247,1.44);
#3602=CARTESIAN_POINT('',(5.85,-2.54,-0.77));
#3603=VECTOR('',#4248,0.6);
#3604=CARTESIAN_POINT('',(3.81,-1.69,-0.77));
#3605=CARTESIAN_POINT('',(3.81,-1.69,-0.77));
#3606=VECTOR('',#4249,0.433012701892181);
#3607=CARTESIAN_POINT('',(3.81,-0.25,-0.77));
#3608=VECTOR('',#4250,1.44);
#3609=CARTESIAN_POINT('',(3.56,-1.94,-1.02));
#3610=CARTESIAN_POINT('',(3.81,-1.69,-0.77));
#3611=VECTOR('',#4251,0.433012701892181);
#3612=CARTESIAN_POINT('',(3.31,-1.94,-1.27));
#3613=CARTESIAN_POINT('',(3.56,-1.94,-1.02));
#3614=VECTOR('',#4252,0.353553390593276);
#3615=CARTESIAN_POINT('',(3.31,0.0,-1.27));
#3616=VECTOR('',#4253,1.94);
#3617=CARTESIAN_POINT('',(1.77,-2.54,-1.27));
#3618=CARTESIAN_POINT('',(1.77,-1.94,-1.27));
#3619=CARTESIAN_POINT('',(1.77,-2.54,-1.27));
#3620=VECTOR('',#4254,0.6);
#3621=CARTESIAN_POINT('',(1.77,0.0,-1.27));
#3622=VECTOR('',#4255,1.94);
#3623=CARTESIAN_POINT('',(3.31,-2.54,-1.27));
#3624=CARTESIAN_POINT('',(3.31,-2.54,-1.27));
#3625=VECTOR('',#4256,0.6);
#3626=CARTESIAN_POINT('',(1.77,-2.54,-1.27));
#3627=VECTOR('',#4257,1.54);
#3628=CARTESIAN_POINT('',(1.77,-2.54,-0.77));
#3629=CARTESIAN_POINT('',(1.77,-2.54,-1.27));
#3630=VECTOR('',#4258,0.5);
#3631=CARTESIAN_POINT('',(1.77,-1.94,-0.77));
#3632=CARTESIAN_POINT('',(1.77,-2.54,-0.77));
#3633=VECTOR('',#4259,0.6);
#3634=CARTESIAN_POINT('',(1.77,-1.94,-1.27));
#3635=VECTOR('',#4260,0.5);
#3636=CARTESIAN_POINT('',(3.31,-2.54,1.27));
#3637=CARTESIAN_POINT('',(3.31,-2.54,0.77));
#3638=CARTESIAN_POINT('',(3.31,-2.54,1.27));
#3639=VECTOR('',#4261,0.5);
#3640=CARTESIAN_POINT('',(1.77,-2.54,1.27));
#3641=CARTESIAN_POINT('',(3.31,-2.54,1.27));
#3642=VECTOR('',#4262,1.54);
#3643=CARTESIAN_POINT('',(1.77,-2.54,0.77));
#3644=CARTESIAN_POINT('',(1.77,-2.54,1.27));
#3645=VECTOR('',#4263,0.5);
#3646=CARTESIAN_POINT('',(3.31,-2.54,0.77));
#3647=VECTOR('',#4264,1.54);
#3648=CARTESIAN_POINT('',(3.31,-2.54,-0.77));
#3649=CARTESIAN_POINT('',(3.31,-2.54,-1.27));
#3650=VECTOR('',#4265,0.5);
#3651=CARTESIAN_POINT('',(1.77,-2.54,-0.77));
#3652=VECTOR('',#4266,1.54);
#3653=CARTESIAN_POINT('',(3.31,-1.94,0.77));
#3654=CARTESIAN_POINT('',(3.31,-2.54,0.77));
#3655=VECTOR('',#4267,0.6);
#3656=CARTESIAN_POINT('',(3.31,-1.94,1.27));
#3657=CARTESIAN_POINT('',(3.31,-1.94,1.27));
#3658=VECTOR('',#4268,0.5);
#3659=CARTESIAN_POINT('',(3.31,-2.54,1.27));
#3660=VECTOR('',#4269,0.6);
#3661=CARTESIAN_POINT('',(3.31,0.0,1.27));
#3662=VECTOR('',#4270,1.94);
#3663=CARTESIAN_POINT('',(1.77,-1.94,1.27));
#3664=CARTESIAN_POINT('',(1.77,0.0,1.27));
#3665=VECTOR('',#4271,1.94);
#3666=CARTESIAN_POINT('',(1.77,-2.54,1.27));
#3667=VECTOR('',#4272,0.6);
#3668=CARTESIAN_POINT('',(1.77,-1.94,0.77));
#3669=CARTESIAN_POINT('',(1.77,-1.94,0.77));
#3670=VECTOR('',#4273,0.5);
#3671=CARTESIAN_POINT('',(1.77,-2.54,0.77));
#3672=VECTOR('',#4274,0.6);
#3673=CARTESIAN_POINT('',(3.31,-1.94,0.77));
#3674=VECTOR('',#4275,1.54);
#3675=CARTESIAN_POINT('',(3.56,-1.94,1.02));
#3676=CARTESIAN_POINT('',(3.56,-1.94,-1.02));
#3677=VECTOR('',#4276,2.04);
#3678=CARTESIAN_POINT('',(3.31,-1.94,1.27));
#3679=VECTOR('',#4277,0.353553390593276);
#3680=CARTESIAN_POINT('',(1.52,-1.94,1.02));
#3681=CARTESIAN_POINT('',(1.52,-1.94,1.02));
#3682=VECTOR('',#4278,0.353553390593276);
#3683=CARTESIAN_POINT('',(1.52,-1.94,-1.02));
#3684=CARTESIAN_POINT('',(1.52,-1.94,1.02));
#3685=VECTOR('',#4279,2.04);
#3686=CARTESIAN_POINT('',(1.77,-1.94,-1.27));
#3687=VECTOR('',#4280,0.353553390593276);
#3688=CARTESIAN_POINT('',(3.31,-1.94,-0.77));
#3689=CARTESIAN_POINT('',(1.77,-1.94,-0.77));
#3690=VECTOR('',#4281,1.54);
#3691=CARTESIAN_POINT('',(3.31,-1.94,-0.77));
#3692=VECTOR('',#4282,0.5);
#3693=CARTESIAN_POINT('',(2.2225,-1.94,-0.3175));
#3694=CARTESIAN_POINT('',(2.2225,-1.94,0.3175));
#3695=CARTESIAN_POINT('',(2.2225,-1.94,-0.3175));
#3696=VECTOR('',#4283,0.635);
#3697=CARTESIAN_POINT('',(2.8575,-1.94,0.3175));
#3698=CARTESIAN_POINT('',(2.2225,-1.94,0.3175));
#3699=VECTOR('',#4284,0.635);
#3700=CARTESIAN_POINT('',(2.8575,-1.94,-0.3175));
#3701=CARTESIAN_POINT('',(2.8575,-1.94,0.3175));
#3702=VECTOR('',#4285,0.635);
#3703=CARTESIAN_POINT('',(2.8575,-1.94,-0.3175));
#3704=VECTOR('',#4286,0.635);
#3705=CARTESIAN_POINT('',(3.81,-1.69,0.77));
#3706=CARTESIAN_POINT('',(3.81,-1.69,0.77));
#3707=VECTOR('',#4287,1.54);
#3708=CARTESIAN_POINT('',(3.81,-1.69,0.77));
#3709=VECTOR('',#4288,0.433012701892181);
#3710=CARTESIAN_POINT('',(3.81,-1.69,0.77));
#3711=VECTOR('',#4289,0.433012701892181);
#3712=CARTESIAN_POINT('',(3.81,-0.25,0.77));
#3713=VECTOR('',#4290,1.44);
#3714=CARTESIAN_POINT('',(3.31,-2.54,-0.77));
#3715=VECTOR('',#4291,0.6);
#3716=CARTESIAN_POINT('',(1.27,-1.69,-0.77));
#3717=CARTESIAN_POINT('',(1.27,-1.69,-0.77));
#3718=VECTOR('',#4292,0.433012701892181);
#3719=CARTESIAN_POINT('',(1.27,-0.25,-0.77));
#3720=CARTESIAN_POINT('',(1.27,-0.25,-0.77));
#3721=VECTOR('',#4293,1.44);
#3722=CARTESIAN_POINT('',(1.52,0.0,-1.02));
#3723=VECTOR('',#4294,0.433012701892181);
#3724=CARTESIAN_POINT('',(1.27,-0.25,0.77));
#3725=CARTESIAN_POINT('',(1.27,-0.25,0.77));
#3726=VECTOR('',#4295,1.54);
#3727=CARTESIAN_POINT('',(1.52,0.0,1.02));
#3728=VECTOR('',#4296,0.433012701892181);
#3729=CARTESIAN_POINT('',(1.27,-1.69,0.77));
#3730=CARTESIAN_POINT('',(1.27,-0.25,0.77));
#3731=VECTOR('',#4297,1.44);
#3732=CARTESIAN_POINT('',(1.27,-1.69,0.77));
#3733=VECTOR('',#4298,0.433012701892181);
#3734=CARTESIAN_POINT('',(1.27,-1.69,0.77));
#3735=VECTOR('',#4299,1.54);
#3736=CARTESIAN_POINT('',(2.2225,0.0,0.3175));
#3737=VECTOR('',#4300,1.94);
#3738=CARTESIAN_POINT('',(2.2225,0.0,-0.3175));
#3739=VECTOR('',#4301,1.94);
#3740=CARTESIAN_POINT('',(2.8575,0.0,-0.3175));
#3741=VECTOR('',#4302,1.94);
#3742=CARTESIAN_POINT('',(2.8575,0.0,0.3175));
#3743=VECTOR('',#4303,1.94);
#3744=CARTESIAN_POINT('',(4.7625,0.0,0.3175));
#3745=VECTOR('',#4304,1.94);
#3746=CARTESIAN_POINT('',(4.7625,0.0,-0.3175));
#3747=VECTOR('',#4305,1.94);
#3748=CARTESIAN_POINT('',(5.3975,0.0,-0.3175));
#3749=VECTOR('',#4306,1.94);
#3750=CARTESIAN_POINT('',(5.3975,0.0,0.3175));
#3751=VECTOR('',#4307,1.94);
#3752=CARTESIAN_POINT('',(7.3025,0.0,0.3175));
#3753=VECTOR('',#4308,1.94);
#3754=CARTESIAN_POINT('',(7.3025,0.0,-0.3175));
#3755=VECTOR('',#4309,1.94);
#3756=CARTESIAN_POINT('',(7.9375,0.0,-0.3175));
#3757=VECTOR('',#4310,1.94);
#3758=CARTESIAN_POINT('',(7.9375,0.0,0.3175));
#3759=VECTOR('',#4311,1.94);
#3760=CARTESIAN_POINT('',(9.8425,0.0,0.3175));
#3761=VECTOR('',#4312,1.94);
#3762=CARTESIAN_POINT('',(9.8425,0.0,-0.3175));
#3763=VECTOR('',#4313,1.94);
#3764=CARTESIAN_POINT('',(10.4775,0.0,-0.3175));
#3765=VECTOR('',#4314,1.94);
#3766=CARTESIAN_POINT('',(10.4775,0.0,0.3175));
#3767=VECTOR('',#4315,1.94);
#3768=CARTESIAN_POINT('',(2.705,-5.68,0.165));
#3769=CARTESIAN_POINT('',(2.705,-5.68,-0.165));
#3770=CARTESIAN_POINT('',(2.705,-5.68,0.165));
#3771=VECTOR('',#4316,0.33);
#3772=CARTESIAN_POINT('',(2.375,-5.68,0.165));
#3773=CARTESIAN_POINT('',(2.375,-5.68,0.165));
#3774=VECTOR('',#4317,0.33);
#3775=CARTESIAN_POINT('',(2.375,-5.68,-0.165));
#3776=CARTESIAN_POINT('',(2.375,-5.68,-0.165));
#3777=VECTOR('',#4318,0.33);
#3778=CARTESIAN_POINT('',(2.705,-5.68,-0.165));
#3779=VECTOR('',#4319,0.33);
#3780=CARTESIAN_POINT('',(2.8575,-5.4158622518457,-0.3175));
#3781=CARTESIAN_POINT('',(2.705,-5.68,-0.165));
#3782=VECTOR('',#4320,0.341000366568717);
#3783=CARTESIAN_POINT('',(2.8575,-5.4158622518457,0.3175));
#3784=CARTESIAN_POINT('',(2.8575,-5.4158622518457,0.3175));
#3785=VECTOR('',#4321,0.635);
#3786=CARTESIAN_POINT('',(2.705,-5.68,0.165));
#3787=VECTOR('',#4322,0.341000366568717);
#3788=CARTESIAN_POINT('',(2.2225,-5.4158622518457,0.3175));
#3789=CARTESIAN_POINT('',(2.2225,-5.4158622518457,0.3175));
#3790=VECTOR('',#4323,0.635);
#3791=CARTESIAN_POINT('',(2.375,-5.68,0.165));
#3792=VECTOR('',#4324,0.341000366568717);
#3793=CARTESIAN_POINT('',(2.2225,-5.4158622518457,-0.3175));
#3794=CARTESIAN_POINT('',(2.2225,-5.4158622518457,-0.3175));
#3795=VECTOR('',#4325,0.635);
#3796=CARTESIAN_POINT('',(2.375,-5.68,-0.165));
#3797=VECTOR('',#4326,0.341000366568717);
#3798=CARTESIAN_POINT('',(2.8575,-5.4158622518457,-0.3175));
#3799=VECTOR('',#4327,0.635);
#3800=CARTESIAN_POINT('',(2.2225,5.53586225185,-0.3175));
#3801=CARTESIAN_POINT('',(2.2225,-5.4158622518457,-0.3175));
#3802=VECTOR('',#4328,10.95172450369);
#3803=CARTESIAN_POINT('',(2.8575,5.53586225185,-0.3175));
#3804=CARTESIAN_POINT('',(2.8575,5.53586225185,-0.3175));
#3805=VECTOR('',#4329,0.635);
#3806=CARTESIAN_POINT('',(2.8575,-5.4158622518457,-0.3175));
#3807=VECTOR('',#4330,10.95172450369);
#3808=CARTESIAN_POINT('',(2.8575,5.53586225185,0.3175));
#3809=CARTESIAN_POINT('',(2.8575,5.53586225185,0.3175));
#3810=VECTOR('',#4331,0.635);
#3811=CARTESIAN_POINT('',(2.8575,-5.4158622518457,0.3175));
#3812=VECTOR('',#4332,10.95172450369);
#3813=CARTESIAN_POINT('',(2.2225,5.53586225185,0.3175));
#3814=CARTESIAN_POINT('',(2.2225,5.53586225185,0.3175));
#3815=VECTOR('',#4333,0.635);
#3816=CARTESIAN_POINT('',(2.2225,-5.4158622518457,0.3175));
#3817=VECTOR('',#4334,10.95172450369);
#3818=CARTESIAN_POINT('',(2.2225,5.53586225185,-0.3175));
#3819=VECTOR('',#4335,0.635);
#3820=CARTESIAN_POINT('',(2.375,5.8,-0.165));
#3821=CARTESIAN_POINT('',(2.375,5.8,0.165));
#3822=CARTESIAN_POINT('',(2.375,5.8,-0.165));
#3823=VECTOR('',#4336,0.33);
#3824=CARTESIAN_POINT('',(2.375,5.8,-0.165));
#3825=VECTOR('',#4337,0.341000366568717);
#3826=CARTESIAN_POINT('',(2.375,5.8,0.165));
#3827=VECTOR('',#4338,0.341000366568717);
#3828=CARTESIAN_POINT('',(2.705,5.8,0.165));
#3829=CARTESIAN_POINT('',(2.705,5.8,-0.165));
#3830=CARTESIAN_POINT('',(2.705,5.8,0.165));
#3831=VECTOR('',#4339,0.33);
#3832=CARTESIAN_POINT('',(2.705,5.8,-0.165));
#3833=VECTOR('',#4340,0.33);
#3834=CARTESIAN_POINT('',(2.375,5.8,0.165));
#3835=VECTOR('',#4341,0.33);
#3836=CARTESIAN_POINT('',(2.705,5.8,0.165));
#3837=VECTOR('',#4342,0.341000366568717);
#3838=CARTESIAN_POINT('',(2.705,5.8,-0.165));
#3839=VECTOR('',#4343,0.341000366568717);
#3840=CARTESIAN_POINT('',(5.245,-5.68,0.165));
#3841=CARTESIAN_POINT('',(5.245,-5.68,-0.165));
#3842=CARTESIAN_POINT('',(5.245,-5.68,0.165));
#3843=VECTOR('',#4344,0.33);
#3844=CARTESIAN_POINT('',(4.915,-5.68,0.165));
#3845=CARTESIAN_POINT('',(4.915,-5.68,0.165));
#3846=VECTOR('',#4345,0.33);
#3847=CARTESIAN_POINT('',(4.915,-5.68,-0.165));
#3848=CARTESIAN_POINT('',(4.915,-5.68,-0.165));
#3849=VECTOR('',#4346,0.33);
#3850=CARTESIAN_POINT('',(5.245,-5.68,-0.165));
#3851=VECTOR('',#4347,0.33);
#3852=CARTESIAN_POINT('',(5.3975,-5.4158622518457,-0.3175));
#3853=CARTESIAN_POINT('',(5.245,-5.68,-0.165));
#3854=VECTOR('',#4348,0.341000366568717);
#3855=CARTESIAN_POINT('',(5.3975,-5.4158622518457,0.3175));
#3856=CARTESIAN_POINT('',(5.3975,-5.4158622518457,0.3175));
#3857=VECTOR('',#4349,0.635);
#3858=CARTESIAN_POINT('',(5.245,-5.68,0.165));
#3859=VECTOR('',#4350,0.341000366568717);
#3860=CARTESIAN_POINT('',(4.7625,-5.4158622518457,0.3175));
#3861=CARTESIAN_POINT('',(4.7625,-5.4158622518457,0.3175));
#3862=VECTOR('',#4351,0.635);
#3863=CARTESIAN_POINT('',(4.915,-5.68,0.165));
#3864=VECTOR('',#4352,0.341000366568717);
#3865=CARTESIAN_POINT('',(4.7625,-5.4158622518457,-0.3175));
#3866=CARTESIAN_POINT('',(4.7625,-5.4158622518457,-0.3175));
#3867=VECTOR('',#4353,0.635);
#3868=CARTESIAN_POINT('',(4.915,-5.68,-0.165));
#3869=VECTOR('',#4354,0.341000366568717);
#3870=CARTESIAN_POINT('',(5.3975,-5.4158622518457,-0.3175));
#3871=VECTOR('',#4355,0.635);
#3872=CARTESIAN_POINT('',(4.7625,5.53586225185,-0.3175));
#3873=CARTESIAN_POINT('',(4.7625,-5.4158622518457,-0.3175));
#3874=VECTOR('',#4356,10.95172450369);
#3875=CARTESIAN_POINT('',(5.3975,5.53586225185,-0.3175));
#3876=CARTESIAN_POINT('',(5.3975,5.53586225185,-0.3175));
#3877=VECTOR('',#4357,0.635);
#3878=CARTESIAN_POINT('',(5.3975,-5.4158622518457,-0.3175));
#3879=VECTOR('',#4358,10.95172450369);
#3880=CARTESIAN_POINT('',(5.3975,5.53586225185,0.3175));
#3881=CARTESIAN_POINT('',(5.3975,5.53586225185,0.3175));
#3882=VECTOR('',#4359,0.635);
#3883=CARTESIAN_POINT('',(5.3975,-5.4158622518457,0.3175));
#3884=VECTOR('',#4360,10.95172450369);
#3885=CARTESIAN_POINT('',(4.7625,5.53586225185,0.3175));
#3886=CARTESIAN_POINT('',(4.7625,5.53586225185,0.3175));
#3887=VECTOR('',#4361,0.635);
#3888=CARTESIAN_POINT('',(4.7625,-5.4158622518457,0.3175));
#3889=VECTOR('',#4362,10.95172450369);
#3890=CARTESIAN_POINT('',(4.7625,5.53586225185,-0.3175));
#3891=VECTOR('',#4363,0.635);
#3892=CARTESIAN_POINT('',(4.915,5.8,-0.165));
#3893=CARTESIAN_POINT('',(4.915,5.8,0.165));
#3894=CARTESIAN_POINT('',(4.915,5.8,-0.165));
#3895=VECTOR('',#4364,0.33);
#3896=CARTESIAN_POINT('',(4.915,5.8,-0.165));
#3897=VECTOR('',#4365,0.341000366568717);
#3898=CARTESIAN_POINT('',(4.915,5.8,0.165));
#3899=VECTOR('',#4366,0.341000366568717);
#3900=CARTESIAN_POINT('',(5.245,5.8,0.165));
#3901=CARTESIAN_POINT('',(5.245,5.8,-0.165));
#3902=CARTESIAN_POINT('',(5.245,5.8,0.165));
#3903=VECTOR('',#4367,0.33);
#3904=CARTESIAN_POINT('',(5.245,5.8,-0.165));
#3905=VECTOR('',#4368,0.33);
#3906=CARTESIAN_POINT('',(4.915,5.8,0.165));
#3907=VECTOR('',#4369,0.33);
#3908=CARTESIAN_POINT('',(5.245,5.8,0.165));
#3909=VECTOR('',#4370,0.341000366568717);
#3910=CARTESIAN_POINT('',(5.245,5.8,-0.165));
#3911=VECTOR('',#4371,0.341000366568717);
#3912=CARTESIAN_POINT('',(7.785,-5.68,0.165));
#3913=CARTESIAN_POINT('',(7.785,-5.68,-0.165));
#3914=CARTESIAN_POINT('',(7.785,-5.68,0.165));
#3915=VECTOR('',#4372,0.33);
#3916=CARTESIAN_POINT('',(7.455,-5.68,0.165));
#3917=CARTESIAN_POINT('',(7.455,-5.68,0.165));
#3918=VECTOR('',#4373,0.33);
#3919=CARTESIAN_POINT('',(7.455,-5.68,-0.165));
#3920=CARTESIAN_POINT('',(7.455,-5.68,-0.165));
#3921=VECTOR('',#4374,0.33);
#3922=CARTESIAN_POINT('',(7.785,-5.68,-0.165));
#3923=VECTOR('',#4375,0.33);
#3924=CARTESIAN_POINT('',(7.9375,-5.4158622518457,-0.3175));
#3925=CARTESIAN_POINT('',(7.785,-5.68,-0.165));
#3926=VECTOR('',#4376,0.341000366568717);
#3927=CARTESIAN_POINT('',(7.9375,-5.4158622518457,0.3175));
#3928=CARTESIAN_POINT('',(7.9375,-5.4158622518457,0.3175));
#3929=VECTOR('',#4377,0.635);
#3930=CARTESIAN_POINT('',(7.785,-5.68,0.165));
#3931=VECTOR('',#4378,0.341000366568717);
#3932=CARTESIAN_POINT('',(7.3025,-5.4158622518457,0.3175));
#3933=CARTESIAN_POINT('',(7.3025,-5.4158622518457,0.3175));
#3934=VECTOR('',#4379,0.635);
#3935=CARTESIAN_POINT('',(7.455,-5.68,0.165));
#3936=VECTOR('',#4380,0.341000366568717);
#3937=CARTESIAN_POINT('',(7.3025,-5.4158622518457,-0.3175));
#3938=CARTESIAN_POINT('',(7.3025,-5.4158622518457,-0.3175));
#3939=VECTOR('',#4381,0.635);
#3940=CARTESIAN_POINT('',(7.455,-5.68,-0.165));
#3941=VECTOR('',#4382,0.341000366568717);
#3942=CARTESIAN_POINT('',(7.9375,-5.4158622518457,-0.3175));
#3943=VECTOR('',#4383,0.635);
#3944=CARTESIAN_POINT('',(7.3025,5.53586225185,-0.3175));
#3945=CARTESIAN_POINT('',(7.3025,-5.4158622518457,-0.3175));
#3946=VECTOR('',#4384,10.95172450369);
#3947=CARTESIAN_POINT('',(7.9375,5.53586225185,-0.3175));
#3948=CARTESIAN_POINT('',(7.9375,5.53586225185,-0.3175));
#3949=VECTOR('',#4385,0.635);
#3950=CARTESIAN_POINT('',(7.9375,-5.4158622518457,-0.3175));
#3951=VECTOR('',#4386,10.95172450369);
#3952=CARTESIAN_POINT('',(7.9375,5.53586225185,0.3175));
#3953=CARTESIAN_POINT('',(7.9375,5.53586225185,0.3175));
#3954=VECTOR('',#4387,0.635);
#3955=CARTESIAN_POINT('',(7.9375,-5.4158622518457,0.3175));
#3956=VECTOR('',#4388,10.95172450369);
#3957=CARTESIAN_POINT('',(7.3025,5.53586225185,0.3175));
#3958=CARTESIAN_POINT('',(7.3025,5.53586225185,0.3175));
#3959=VECTOR('',#4389,0.635);
#3960=CARTESIAN_POINT('',(7.3025,-5.4158622518457,0.3175));
#3961=VECTOR('',#4390,10.95172450369);
#3962=CARTESIAN_POINT('',(7.3025,5.53586225185,-0.3175));
#3963=VECTOR('',#4391,0.635);
#3964=CARTESIAN_POINT('',(7.455,5.8,-0.165));
#3965=CARTESIAN_POINT('',(7.455,5.8,0.165));
#3966=CARTESIAN_POINT('',(7.455,5.8,-0.165));
#3967=VECTOR('',#4392,0.33);
#3968=CARTESIAN_POINT('',(7.455,5.8,-0.165));
#3969=VECTOR('',#4393,0.341000366568717);
#3970=CARTESIAN_POINT('',(7.455,5.8,0.165));
#3971=VECTOR('',#4394,0.341000366568717);
#3972=CARTESIAN_POINT('',(7.785,5.8,0.165));
#3973=CARTESIAN_POINT('',(7.785,5.8,-0.165));
#3974=CARTESIAN_POINT('',(7.785,5.8,0.165));
#3975=VECTOR('',#4395,0.33);
#3976=CARTESIAN_POINT('',(7.785,5.8,-0.165));
#3977=VECTOR('',#4396,0.33);
#3978=CARTESIAN_POINT('',(7.455,5.8,0.165));
#3979=VECTOR('',#4397,0.33);
#3980=CARTESIAN_POINT('',(7.785,5.8,0.165));
#3981=VECTOR('',#4398,0.341000366568717);
#3982=CARTESIAN_POINT('',(7.785,5.8,-0.165));
#3983=VECTOR('',#4399,0.341000366568717);
#3984=CARTESIAN_POINT('',(10.325,-5.68,0.165));
#3985=CARTESIAN_POINT('',(10.325,-5.68,-0.165));
#3986=CARTESIAN_POINT('',(10.325,-5.68,0.165));
#3987=VECTOR('',#4400,0.33);
#3988=CARTESIAN_POINT('',(9.995,-5.68,0.165));
#3989=CARTESIAN_POINT('',(9.995,-5.68,0.165));
#3990=VECTOR('',#4401,0.33);
#3991=CARTESIAN_POINT('',(9.995,-5.68,-0.165));
#3992=CARTESIAN_POINT('',(9.995,-5.68,-0.165));
#3993=VECTOR('',#4402,0.33);
#3994=CARTESIAN_POINT('',(10.325,-5.68,-0.165));
#3995=VECTOR('',#4403,0.33);
#3996=CARTESIAN_POINT('',(10.4775,-5.4158622518457,-0.3175));
#3997=CARTESIAN_POINT('',(10.325,-5.68,-0.165));
#3998=VECTOR('',#4404,0.341000366568717);
#3999=CARTESIAN_POINT('',(10.4775,-5.4158622518457,0.3175));
#4000=CARTESIAN_POINT('',(10.4775,-5.4158622518457,0.3175));
#4001=VECTOR('',#4405,0.635);
#4002=CARTESIAN_POINT('',(10.325,-5.68,0.165));
#4003=VECTOR('',#4406,0.341000366568717);
#4004=CARTESIAN_POINT('',(9.8425,-5.4158622518457,0.3175));
#4005=CARTESIAN_POINT('',(9.8425,-5.4158622518457,0.3175));
#4006=VECTOR('',#4407,0.635);
#4007=CARTESIAN_POINT('',(9.995,-5.68,0.165));
#4008=VECTOR('',#4408,0.341000366568717);
#4009=CARTESIAN_POINT('',(9.8425,-5.4158622518457,-0.3175));
#4010=CARTESIAN_POINT('',(9.8425,-5.4158622518457,-0.3175));
#4011=VECTOR('',#4409,0.635);
#4012=CARTESIAN_POINT('',(9.995,-5.68,-0.165));
#4013=VECTOR('',#4410,0.341000366568717);
#4014=CARTESIAN_POINT('',(10.4775,-5.4158622518457,-0.3175));
#4015=VECTOR('',#4411,0.635);
#4016=CARTESIAN_POINT('',(9.8425,5.53586225185,-0.3175));
#4017=CARTESIAN_POINT('',(9.8425,-5.4158622518457,-0.3175));
#4018=VECTOR('',#4412,10.95172450369);
#4019=CARTESIAN_POINT('',(10.4775,5.53586225185,-0.3175));
#4020=CARTESIAN_POINT('',(10.4775,5.53586225185,-0.3175));
#4021=VECTOR('',#4413,0.635);
#4022=CARTESIAN_POINT('',(10.4775,-5.4158622518457,-0.3175));
#4023=VECTOR('',#4414,10.95172450369);
#4024=CARTESIAN_POINT('',(10.4775,5.53586225185,0.3175));
#4025=CARTESIAN_POINT('',(10.4775,5.53586225185,0.3175));
#4026=VECTOR('',#4415,0.635);
#4027=CARTESIAN_POINT('',(10.4775,-5.4158622518457,0.3175));
#4028=VECTOR('',#4416,10.95172450369);
#4029=CARTESIAN_POINT('',(9.8425,5.53586225185,0.3175));
#4030=CARTESIAN_POINT('',(9.8425,5.53586225185,0.3175));
#4031=VECTOR('',#4417,0.635);
#4032=CARTESIAN_POINT('',(9.8425,-5.4158622518457,0.3175));
#4033=VECTOR('',#4418,10.95172450369);
#4034=CARTESIAN_POINT('',(9.8425,5.53586225185,-0.3175));
#4035=VECTOR('',#4419,0.635);
#4036=CARTESIAN_POINT('',(9.995,5.8,-0.165));
#4037=CARTESIAN_POINT('',(9.995,5.8,0.165));
#4038=CARTESIAN_POINT('',(9.995,5.8,-0.165));
#4039=VECTOR('',#4420,0.33);
#4040=CARTESIAN_POINT('',(9.995,5.8,-0.165));
#4041=VECTOR('',#4421,0.341000366568717);
#4042=CARTESIAN_POINT('',(9.995,5.8,0.165));
#4043=VECTOR('',#4422,0.341000366568717);
#4044=CARTESIAN_POINT('',(10.325,5.8,0.165));
#4045=CARTESIAN_POINT('',(10.325,5.8,-0.165));
#4046=CARTESIAN_POINT('',(10.325,5.8,0.165));
#4047=VECTOR('',#4423,0.33);
#4048=CARTESIAN_POINT('',(10.325,5.8,-0.165));
#4049=VECTOR('',#4424,0.33);
#4050=CARTESIAN_POINT('',(9.995,5.8,0.165));
#4051=VECTOR('',#4425,0.33);
#4052=CARTESIAN_POINT('',(10.325,5.8,0.165));
#4053=VECTOR('',#4426,0.341000366568717);
#4054=CARTESIAN_POINT('',(10.325,5.8,-0.165));
#4055=VECTOR('',#4427,0.341000366568717);
#4056=DIRECTION('',(0.0,0.0,1.0));
#4057=DIRECTION('',(-0.707106781186548,0.0,-0.707106781186548));
#4058=DIRECTION('',(1.0,0.0,0.0));
#4059=DIRECTION('',(-0.707106781186548,0.0,0.707106781186548));
#4060=DIRECTION('',(0.0,0.0,-1.0));
#4061=DIRECTION('',(0.707106781186548,0.0,0.707106781186548));
#4062=DIRECTION('',(-1.0,0.0,0.0));
#4063=DIRECTION('',(0.707106781186548,0.0,-0.707106781186548));
#4064=DIRECTION('',(0.0,0.0,1.0));
#4065=DIRECTION('',(-1.0,0.0,0.0));
#4066=DIRECTION('',(0.0,0.0,-1.0));
#4067=DIRECTION('',(1.0,0.0,0.0));
#4068=DIRECTION('',(0.0,0.0,-1.0));
#4069=DIRECTION('',(0.577350269189626,-0.577350269189626,0.577350269189626));
#4070=DIRECTION('',(0.577350269189626,-0.577350269189626,-0.577350269189626));
#4071=DIRECTION('',(0.0,0.0,-1.0));
#4072=DIRECTION('',(-0.577350269189626,-0.577350269189626,0.577350269189626));
#4073=DIRECTION('',(-0.577350269189626,-0.577350269189626,-0.577350269189626));
#4074=DIRECTION('',(0.0,0.0,1.0));
#4075=DIRECTION('',(-0.707106781186548,0.0,-0.707106781186548));
#4076=DIRECTION('',(1.0,0.0,0.0));
#4077=DIRECTION('',(-0.707106781186548,0.0,0.707106781186548));
#4078=DIRECTION('',(0.707106781186548,0.0,0.707106781186548));
#4079=DIRECTION('',(-1.0,0.0,0.0));
#4080=DIRECTION('',(0.707106781186548,0.0,-0.707106781186548));
#4081=DIRECTION('',(0.0,0.0,1.0));
#4082=DIRECTION('',(-1.0,0.0,0.0));
#4083=DIRECTION('',(0.0,0.0,-1.0));
#4084=DIRECTION('',(1.0,0.0,0.0));
#4085=DIRECTION('',(0.0,0.0,-1.0));
#4086=DIRECTION('',(0.577350269189626,-0.577350269189626,0.577350269189626));
#4087=DIRECTION('',(0.577350269189626,-0.577350269189626,-0.577350269189626));
#4088=DIRECTION('',(0.0,0.0,-1.0));
#4089=DIRECTION('',(-0.577350269189626,-0.577350269189626,0.577350269189626));
#4090=DIRECTION('',(-0.577350269189626,-0.577350269189626,-0.577350269189626));
#4091=DIRECTION('',(0.0,0.0,1.0));
#4092=DIRECTION('',(-0.707106781186548,0.0,-0.707106781186548));
#4093=DIRECTION('',(1.0,0.0,0.0));
#4094=DIRECTION('',(-0.707106781186548,0.0,0.707106781186548));
#4095=DIRECTION('',(0.707106781186548,0.0,0.707106781186548));
#4096=DIRECTION('',(-1.0,0.0,0.0));
#4097=DIRECTION('',(0.707106781186548,0.0,-0.707106781186548));
#4098=DIRECTION('',(0.0,0.0,1.0));
#4099=DIRECTION('',(-1.0,0.0,0.0));
#4100=DIRECTION('',(0.0,0.0,-1.0));
#4101=DIRECTION('',(1.0,0.0,0.0));
#4102=DIRECTION('',(0.0,0.0,-1.0));
#4103=DIRECTION('',(0.577350269189626,-0.577350269189626,0.577350269189626));
#4104=DIRECTION('',(0.577350269189626,-0.577350269189626,-0.577350269189626));
#4105=DIRECTION('',(0.0,0.0,-1.0));
#4106=DIRECTION('',(-0.577350269189626,-0.577350269189626,0.577350269189626));
#4107=DIRECTION('',(-0.577350269189626,-0.577350269189626,-0.577350269189626));
#4108=DIRECTION('',(0.0,0.0,1.0));
#4109=DIRECTION('',(-0.707106781186548,0.0,-0.707106781186548));
#4110=DIRECTION('',(1.0,0.0,0.0));
#4111=DIRECTION('',(-0.707106781186548,0.0,0.707106781186548));
#4112=DIRECTION('',(0.707106781186548,0.0,0.707106781186548));
#4113=DIRECTION('',(-1.0,0.0,0.0));
#4114=DIRECTION('',(0.707106781186548,0.0,-0.707106781186548));
#4115=DIRECTION('',(0.0,0.0,1.0));
#4116=DIRECTION('',(-1.0,0.0,0.0));
#4117=DIRECTION('',(0.0,0.0,-1.0));
#4118=DIRECTION('',(1.0,0.0,0.0));
#4119=DIRECTION('',(0.577350269189626,-0.577350269189626,-0.577350269189626));
#4120=DIRECTION('',(0.0,0.0,1.0));
#4121=DIRECTION('',(0.577350269189626,-0.577350269189626,0.577350269189626));
#4122=DIRECTION('',(-0.707106781186498,0.0,-0.707106781186597));
#4123=DIRECTION('',(0.0,-1.0,0.0));
#4124=DIRECTION('',(0.0,-1.0,0.0));
#4125=DIRECTION('',(-0.577350269189626,-0.577350269189626,-0.577350269189626));
#4126=DIRECTION('',(0.0,0.0,1.0));
#4127=DIRECTION('',(0.707106781186548,0.0,-0.707106781186548));
#4128=DIRECTION('',(0.0,0.0,-1.0));
#4129=DIRECTION('',(-1.0,0.0,0.0));
#4130=DIRECTION('',(0.0,0.0,1.0));
#4131=DIRECTION('',(0.707106781186548,0.0,0.707106781186548));
#4132=DIRECTION('',(0.0,0.0,-1.0));
#4133=DIRECTION('',(-0.707106781186548,0.0,0.707106781186548));
#4134=DIRECTION('',(0.0,0.0,1.0));
#4135=DIRECTION('',(1.0,0.0,0.0));
#4136=DIRECTION('',(0.0,0.0,-1.0));
#4137=DIRECTION('',(0.0,0.0,1.0));
#4138=DIRECTION('',(1.0,0.0,0.0));
#4139=DIRECTION('',(0.0,0.0,-1.0));
#4140=DIRECTION('',(-1.0,0.0,0.0));
#4141=DIRECTION('',(0.0,0.0,1.0));
#4142=DIRECTION('',(-0.577350269189626,-0.577350269189626,0.577350269189626));
#4143=DIRECTION('',(0.0,-1.0,0.0));
#4144=DIRECTION('',(0.0,-1.0,0.0));
#4145=DIRECTION('',(0.0,1.0,0.0));
#4146=DIRECTION('',(0.0,-1.0,0.0));
#4147=DIRECTION('',(0.0,1.0,0.0));
#4148=DIRECTION('',(-1.0,0.0,0.0));
#4149=DIRECTION('',(0.0,0.0,-1.0));
#4150=DIRECTION('',(0.0,1.0,0.0));
#4151=DIRECTION('',(0.0,0.0,-1.0));
#4152=DIRECTION('',(-1.0,0.0,0.0));
#4153=DIRECTION('',(0.0,0.0,1.0));
#4154=DIRECTION('',(1.0,0.0,0.0));
#4155=DIRECTION('',(0.0,0.0,1.0));
#4156=DIRECTION('',(1.0,0.0,0.0));
#4157=DIRECTION('',(0.0,1.0,0.0));
#4158=DIRECTION('',(0.0,1.0,0.0));
#4159=DIRECTION('',(0.0,1.0,0.0));
#4160=DIRECTION('',(0.0,-1.0,0.0));
#4161=DIRECTION('',(0.0,1.0,0.0));
#4162=DIRECTION('',(0.0,1.0,0.0));
#4163=DIRECTION('',(0.577350269189626,-0.577350269189626,-0.577350269189626));
#4164=DIRECTION('',(0.0,-1.0,0.0));
#4165=DIRECTION('',(-0.577350269189626,-0.577350269189626,-0.577350269189626));
#4166=DIRECTION('',(-0.707106781186548,0.0,-0.707106781186548));
#4167=DIRECTION('',(0.0,-1.0,0.0));
#4168=DIRECTION('',(0.0,1.0,0.0));
#4169=DIRECTION('',(0.0,-1.0,0.0));
#4170=DIRECTION('',(0.0,1.0,0.0));
#4171=DIRECTION('',(1.0,0.0,0.0));
#4172=DIRECTION('',(0.0,0.0,1.0));
#4173=DIRECTION('',(0.0,1.0,0.0));
#4174=DIRECTION('',(0.0,0.0,1.0));
#4175=DIRECTION('',(0.0,0.0,-1.0));
#4176=DIRECTION('',(-1.0,0.0,0.0));
#4177=DIRECTION('',(0.0,0.0,-1.0));
#4178=DIRECTION('',(-1.0,0.0,0.0));
#4179=DIRECTION('',(0.0,0.0,1.0));
#4180=DIRECTION('',(1.0,0.0,0.0));
#4181=DIRECTION('',(0.0,1.0,0.0));
#4182=DIRECTION('',(0.0,0.0,-1.0));
#4183=DIRECTION('',(0.0,1.0,0.0));
#4184=DIRECTION('',(0.0,-1.0,0.0));
#4185=DIRECTION('',(0.0,-1.0,0.0));
#4186=DIRECTION('',(0.0,1.0,0.0));
#4187=DIRECTION('',(0.0,0.0,1.0));
#4188=DIRECTION('',(0.0,1.0,0.0));
#4189=DIRECTION('',(-1.0,0.0,0.0));
#4190=DIRECTION('',(0.0,0.0,1.0));
#4191=DIRECTION('',(0.707106781186548,0.0,-0.707106781186548));
#4192=DIRECTION('',(0.707106781186548,0.0,0.707106781186548));
#4193=DIRECTION('',(0.0,0.0,-1.0));
#4194=DIRECTION('',(-0.707106781186548,0.0,0.707106781186548));
#4195=DIRECTION('',(1.0,0.0,0.0));
#4196=DIRECTION('',(0.0,0.0,-1.0));
#4197=DIRECTION('',(0.0,0.0,1.0));
#4198=DIRECTION('',(1.0,0.0,0.0));
#4199=DIRECTION('',(0.0,0.0,-1.0));
#4200=DIRECTION('',(-1.0,0.0,0.0));
#4201=DIRECTION('',(0.0,0.0,-1.0));
#4202=DIRECTION('',(-0.577350269189626,-0.577350269189626,0.577350269189626));
#4203=DIRECTION('',(0.577350269189626,-0.577350269189626,0.577350269189626));
#4204=DIRECTION('',(0.0,-1.0,0.0));
#4205=DIRECTION('',(0.0,1.0,0.0));
#4206=DIRECTION('',(0.577350269189626,-0.577350269189626,-0.577350269189626));
#4207=DIRECTION('',(0.0,-1.0,0.0));
#4208=DIRECTION('',(-0.577350269189626,-0.577350269189626,-0.577350269189626));
#4209=DIRECTION('',(-0.707106781186548,0.0,-0.707106781186548));
#4210=DIRECTION('',(0.0,-1.0,0.0));
#4211=DIRECTION('',(0.0,1.0,0.0));
#4212=DIRECTION('',(0.0,-1.0,0.0));
#4213=DIRECTION('',(0.0,1.0,0.0));
#4214=DIRECTION('',(1.0,0.0,0.0));
#4215=DIRECTION('',(0.0,0.0,1.0));
#4216=DIRECTION('',(0.0,1.0,0.0));
#4217=DIRECTION('',(0.0,0.0,1.0));
#4218=DIRECTION('',(0.0,0.0,-1.0));
#4219=DIRECTION('',(-1.0,0.0,0.0));
#4220=DIRECTION('',(0.0,0.0,-1.0));
#4221=DIRECTION('',(-1.0,0.0,0.0));
#4222=DIRECTION('',(0.0,0.0,1.0));
#4223=DIRECTION('',(1.0,0.0,0.0));
#4224=DIRECTION('',(0.0,1.0,0.0));
#4225=DIRECTION('',(0.0,0.0,-1.0));
#4226=DIRECTION('',(0.0,1.0,0.0));
#4227=DIRECTION('',(0.0,-1.0,0.0));
#4228=DIRECTION('',(0.0,-1.0,0.0));
#4229=DIRECTION('',(0.0,1.0,0.0));
#4230=DIRECTION('',(0.0,0.0,1.0));
#4231=DIRECTION('',(0.0,1.0,0.0));
#4232=DIRECTION('',(-1.0,0.0,0.0));
#4233=DIRECTION('',(0.0,0.0,1.0));
#4234=DIRECTION('',(0.707106781186548,0.0,-0.707106781186548));
#4235=DIRECTION('',(0.707106781186548,0.0,0.707106781186548));
#4236=DIRECTION('',(0.0,0.0,-1.0));
#4237=DIRECTION('',(-0.707106781186548,0.0,0.707106781186548));
#4238=DIRECTION('',(1.0,0.0,0.0));
#4239=DIRECTION('',(0.0,0.0,-1.0));
#4240=DIRECTION('',(0.0,0.0,1.0));
#4241=DIRECTION('',(1.0,0.0,0.0));
#4242=DIRECTION('',(0.0,0.0,-1.0));
#4243=DIRECTION('',(-1.0,0.0,0.0));
#4244=DIRECTION('',(0.0,0.0,-1.0));
#4245=DIRECTION('',(-0.577350269189626,-0.577350269189626,0.577350269189626));
#4246=DIRECTION('',(0.577350269189626,-0.577350269189626,0.577350269189626));
#4247=DIRECTION('',(0.0,-1.0,0.0));
#4248=DIRECTION('',(0.0,1.0,0.0));
#4249=DIRECTION('',(0.577350269189626,-0.577350269189626,-0.577350269189626));
#4250=DIRECTION('',(0.0,-1.0,0.0));
#4251=DIRECTION('',(-0.577350269189626,-0.577350269189626,-0.577350269189626));
#4252=DIRECTION('',(-0.707106781186548,0.0,-0.707106781186548));
#4253=DIRECTION('',(0.0,-1.0,0.0));
#4254=DIRECTION('',(0.0,1.0,0.0));
#4255=DIRECTION('',(0.0,-1.0,0.0));
#4256=DIRECTION('',(0.0,1.0,0.0));
#4257=DIRECTION('',(1.0,0.0,0.0));
#4258=DIRECTION('',(0.0,0.0,1.0));
#4259=DIRECTION('',(0.0,1.0,0.0));
#4260=DIRECTION('',(0.0,0.0,1.0));
#4261=DIRECTION('',(0.0,0.0,-1.0));
#4262=DIRECTION('',(-1.0,0.0,0.0));
#4263=DIRECTION('',(0.0,0.0,-1.0));
#4264=DIRECTION('',(-1.0,0.0,0.0));
#4265=DIRECTION('',(0.0,0.0,1.0));
#4266=DIRECTION('',(1.0,0.0,0.0));
#4267=DIRECTION('',(0.0,1.0,0.0));
#4268=DIRECTION('',(0.0,0.0,-1.0));
#4269=DIRECTION('',(0.0,1.0,0.0));
#4270=DIRECTION('',(0.0,-1.0,0.0));
#4271=DIRECTION('',(0.0,-1.0,0.0));
#4272=DIRECTION('',(0.0,1.0,0.0));
#4273=DIRECTION('',(0.0,0.0,1.0));
#4274=DIRECTION('',(0.0,1.0,0.0));
#4275=DIRECTION('',(-1.0,0.0,0.0));
#4276=DIRECTION('',(0.0,0.0,1.0));
#4277=DIRECTION('',(0.707106781186548,0.0,-0.707106781186548));
#4278=DIRECTION('',(0.707106781186548,0.0,0.707106781186548));
#4279=DIRECTION('',(0.0,0.0,-1.0));
#4280=DIRECTION('',(-0.707106781186548,0.0,0.707106781186548));
#4281=DIRECTION('',(1.0,0.0,0.0));
#4282=DIRECTION('',(0.0,0.0,-1.0));
#4283=DIRECTION('',(0.0,0.0,1.0));
#4284=DIRECTION('',(1.0,0.0,0.0));
#4285=DIRECTION('',(0.0,0.0,-1.0));
#4286=DIRECTION('',(-1.0,0.0,0.0));
#4287=DIRECTION('',(0.0,0.0,-1.0));
#4288=DIRECTION('',(-0.577350269189626,-0.577350269189626,0.577350269189626));
#4289=DIRECTION('',(0.577350269189626,-0.577350269189626,0.577350269189626));
#4290=DIRECTION('',(0.0,-1.0,0.0));
#4291=DIRECTION('',(0.0,1.0,0.0));
#4292=DIRECTION('',(0.577350269189626,-0.577350269189626,-0.577350269189626));
#4293=DIRECTION('',(0.0,-1.0,0.0));
#4294=DIRECTION('',(-0.577350269189626,-0.577350269189626,0.577350269189626));
#4295=DIRECTION('',(0.0,0.0,-1.0));
#4296=DIRECTION('',(-0.577350269189626,-0.577350269189626,-0.577350269189626));
#4297=DIRECTION('',(0.0,-1.0,0.0));
#4298=DIRECTION('',(0.577350269189626,-0.577350269189626,0.577350269189626));
#4299=DIRECTION('',(0.0,0.0,-1.0));
#4300=DIRECTION('',(0.0,-1.0,0.0));
#4301=DIRECTION('',(0.0,-1.0,0.0));
#4302=DIRECTION('',(0.0,-1.0,0.0));
#4303=DIRECTION('',(0.0,-1.0,0.0));
#4304=DIRECTION('',(0.0,-1.0,0.0));
#4305=DIRECTION('',(0.0,-1.0,0.0));
#4306=DIRECTION('',(0.0,-1.0,0.0));
#4307=DIRECTION('',(0.0,-1.0,0.0));
#4308=DIRECTION('',(0.0,-1.0,0.0));
#4309=DIRECTION('',(0.0,-1.0,0.0));
#4310=DIRECTION('',(0.0,-1.0,0.0));
#4311=DIRECTION('',(0.0,-1.0,0.0));
#4312=DIRECTION('',(0.0,-1.0,0.0));
#4313=DIRECTION('',(0.0,-1.0,0.0));
#4314=DIRECTION('',(0.0,-1.0,0.0));
#4315=DIRECTION('',(0.0,-1.0,0.0));
#4316=DIRECTION('',(0.0,0.0,-1.0));
#4317=DIRECTION('',(1.0,0.0,0.0));
#4318=DIRECTION('',(0.0,0.0,1.0));
#4319=DIRECTION('',(-1.0,0.0,0.0));
#4320=DIRECTION('',(0.447213595499977,0.774596669241461,-0.447213595499977));
#4321=DIRECTION('',(0.0,0.0,-1.0));
#4322=DIRECTION('',(0.447213595499977,0.774596669241461,0.447213595499977));
#4323=DIRECTION('',(1.0,0.0,0.0));
#4324=DIRECTION('',(-0.447213595499977,0.774596669241461,0.447213595499977));
#4325=DIRECTION('',(0.0,0.0,1.0));
#4326=DIRECTION('',(-0.447213595499977,0.774596669241461,-0.447213595499977));
#4327=DIRECTION('',(-1.0,0.0,0.0));
#4328=DIRECTION('',(0.0,1.0,0.0));
#4329=DIRECTION('',(-1.0,0.0,0.0));
#4330=DIRECTION('',(0.0,1.0,0.0));
#4331=DIRECTION('',(0.0,0.0,-1.0));
#4332=DIRECTION('',(0.0,1.0,0.0));
#4333=DIRECTION('',(1.0,0.0,0.0));
#4334=DIRECTION('',(0.0,1.0,0.0));
#4335=DIRECTION('',(0.0,0.0,1.0));
#4336=DIRECTION('',(0.0,0.0,1.0));
#4337=DIRECTION('',(-0.447213595499977,-0.774596669241461,-0.447213595499977));
#4338=DIRECTION('',(-0.447213595499977,-0.774596669241461,0.447213595499977));
#4339=DIRECTION('',(0.0,0.0,-1.0));
#4340=DIRECTION('',(-1.0,0.0,0.0));
#4341=DIRECTION('',(1.0,0.0,0.0));
#4342=DIRECTION('',(0.447213595499977,-0.774596669241461,0.447213595499977));
#4343=DIRECTION('',(0.447213595499977,-0.774596669241461,-0.447213595499977));
#4344=DIRECTION('',(0.0,0.0,-1.0));
#4345=DIRECTION('',(1.0,0.0,0.0));
#4346=DIRECTION('',(0.0,0.0,1.0));
#4347=DIRECTION('',(-1.0,0.0,0.0));
#4348=DIRECTION('',(0.447213595499977,0.774596669241461,-0.447213595499977));
#4349=DIRECTION('',(0.0,0.0,-1.0));
#4350=DIRECTION('',(0.447213595499977,0.774596669241461,0.447213595499977));
#4351=DIRECTION('',(1.0,0.0,0.0));
#4352=DIRECTION('',(-0.447213595499977,0.774596669241461,0.447213595499977));
#4353=DIRECTION('',(0.0,0.0,1.0));
#4354=DIRECTION('',(-0.447213595499977,0.774596669241461,-0.447213595499977));
#4355=DIRECTION('',(-1.0,0.0,0.0));
#4356=DIRECTION('',(0.0,1.0,0.0));
#4357=DIRECTION('',(-1.0,0.0,0.0));
#4358=DIRECTION('',(0.0,1.0,0.0));
#4359=DIRECTION('',(0.0,0.0,-1.0));
#4360=DIRECTION('',(0.0,1.0,0.0));
#4361=DIRECTION('',(1.0,0.0,0.0));
#4362=DIRECTION('',(0.0,1.0,0.0));
#4363=DIRECTION('',(0.0,0.0,1.0));
#4364=DIRECTION('',(0.0,0.0,1.0));
#4365=DIRECTION('',(-0.447213595499977,-0.774596669241461,-0.447213595499977));
#4366=DIRECTION('',(-0.447213595499977,-0.774596669241461,0.447213595499977));
#4367=DIRECTION('',(0.0,0.0,-1.0));
#4368=DIRECTION('',(-1.0,0.0,0.0));
#4369=DIRECTION('',(1.0,0.0,0.0));
#4370=DIRECTION('',(0.447213595499977,-0.774596669241461,0.447213595499977));
#4371=DIRECTION('',(0.447213595499977,-0.774596669241461,-0.447213595499977));
#4372=DIRECTION('',(0.0,0.0,-1.0));
#4373=DIRECTION('',(1.0,0.0,0.0));
#4374=DIRECTION('',(0.0,0.0,1.0));
#4375=DIRECTION('',(-1.0,0.0,0.0));
#4376=DIRECTION('',(0.447213595499977,0.774596669241461,-0.447213595499977));
#4377=DIRECTION('',(0.0,0.0,-1.0));
#4378=DIRECTION('',(0.447213595499977,0.774596669241461,0.447213595499977));
#4379=DIRECTION('',(1.0,0.0,0.0));
#4380=DIRECTION('',(-0.447213595499977,0.774596669241461,0.447213595499977));
#4381=DIRECTION('',(0.0,0.0,1.0));
#4382=DIRECTION('',(-0.447213595499977,0.774596669241461,-0.447213595499977));
#4383=DIRECTION('',(-1.0,0.0,0.0));
#4384=DIRECTION('',(0.0,1.0,0.0));
#4385=DIRECTION('',(-1.0,0.0,0.0));
#4386=DIRECTION('',(0.0,1.0,0.0));
#4387=DIRECTION('',(0.0,0.0,-1.0));
#4388=DIRECTION('',(0.0,1.0,0.0));
#4389=DIRECTION('',(1.0,0.0,0.0));
#4390=DIRECTION('',(0.0,1.0,0.0));
#4391=DIRECTION('',(0.0,0.0,1.0));
#4392=DIRECTION('',(0.0,0.0,1.0));
#4393=DIRECTION('',(-0.447213595499977,-0.774596669241461,-0.447213595499977));
#4394=DIRECTION('',(-0.447213595499977,-0.774596669241461,0.447213595499977));
#4395=DIRECTION('',(0.0,0.0,-1.0));
#4396=DIRECTION('',(-1.0,0.0,0.0));
#4397=DIRECTION('',(1.0,0.0,0.0));
#4398=DIRECTION('',(0.447213595499977,-0.774596669241461,0.447213595499977));
#4399=DIRECTION('',(0.447213595499977,-0.774596669241461,-0.447213595499977));
#4400=DIRECTION('',(0.0,0.0,-1.0));
#4401=DIRECTION('',(1.0,0.0,0.0));
#4402=DIRECTION('',(0.0,0.0,1.0));
#4403=DIRECTION('',(-1.0,0.0,0.0));
#4404=DIRECTION('',(0.447213595499977,0.774596669241461,-0.447213595499977));
#4405=DIRECTION('',(0.0,0.0,-1.0));
#4406=DIRECTION('',(0.447213595499977,0.774596669241461,0.447213595499977));
#4407=DIRECTION('',(1.0,0.0,0.0));
#4408=DIRECTION('',(-0.447213595499977,0.774596669241461,0.447213595499977));
#4409=DIRECTION('',(0.0,0.0,1.0));
#4410=DIRECTION('',(-0.447213595499977,0.774596669241461,-0.447213595499977));
#4411=DIRECTION('',(-1.0,0.0,0.0));
#4412=DIRECTION('',(0.0,1.0,0.0));
#4413=DIRECTION('',(-1.0,0.0,0.0));
#4414=DIRECTION('',(0.0,1.0,0.0));
#4415=DIRECTION('',(0.0,0.0,-1.0));
#4416=DIRECTION('',(0.0,1.0,0.0));
#4417=DIRECTION('',(1.0,0.0,0.0));
#4418=DIRECTION('',(0.0,1.0,0.0));
#4419=DIRECTION('',(0.0,0.0,1.0));
#4420=DIRECTION('',(0.0,0.0,1.0));
#4421=DIRECTION('',(-0.447213595499977,-0.774596669241461,-0.447213595499977));
#4422=DIRECTION('',(-0.447213595499977,-0.774596669241461,0.447213595499977));
#4423=DIRECTION('',(0.0,0.0,-1.0));
#4424=DIRECTION('',(-1.0,0.0,0.0));
#4425=DIRECTION('',(1.0,0.0,0.0));
#4426=DIRECTION('',(0.447213595499977,-0.774596669241461,0.447213595499977));
#4427=DIRECTION('',(0.447213595499977,-0.774596669241461,-0.447213595499977));
#4428=PRESENTATION_LAYER_ASSIGNMENT('','',(#37,#39,#41,#43,#45,#95,#96,#97,#98,#99,#100,#101,#102,#103,#104,#105,#106,#107,#108,#109,#110,#111,#112,#113,#114,#115,#116,#117,#118,#119,#120,#121,#122,#123,#124,#125,#126,#127,#128,#129,#130,#131,#132,#133,#134,#135,#136,#137,#138,#139,#140,#141,#142,#143,#144,#145,#146,#147,#148,#149,#150,#151,#152,#153,#154,#155,#156,#157,#158,#159,#160,#161,#162,#163,#164,#165,#166,#167,#168,#169,#170,#171,#172,#173,#174,#175,#176,#177,#178,#179,#180,#181,#182,#183,#184,#185,#186,#187,#188,#189,#190,#191,#192,#194,#195,#196,#197,#198,#199,#200,#201,#202,#203,#204,#205,#206,#207,#209,#210,#211,#212,#213,#214,#215,#216,#217,#218,#219,#220,#221,#222,#224,#225,#226,#227,#228,#229,#230,#231,#232,#233,#234,#235,#236,#237,#239,#240,#241,#242,#243,#244,#245,#246,#247,#248,#249,#250,#251,#252,#2108,#2109,#2110,#2111,#2112,#2113,#2114,#2115,#2116,#2117,#2118,#2119,#2120,#2121,#2122,#2123,#2124,#2125,#2126,#2127,#2128,#2129,#2130,#2131,#2132,#2133,#2134,#2135,#2136,#2137,#2138,#2139,#2140,#2141,#2142,#2143,#2144,#2145,#2146,#2147,#2148,#2149,#2150,#2151,#2152,#2153,#2154,#2155,#2156,#2157,#2158,#2159,#2160,#2161,#2162,#2163,#2164,#2165,#2166,#2167,#2168,#2169,#2170,#2171,#2172,#2173,#2174,#2175,#2176,#2177,#2178,#2179,#2180,#2181,#2182,#2183,#2184,#2185,#2186,#2187,#2188,#2189,#2190,#2191,#2192,#2193,#2194,#2195,#2196,#2197,#2198,#2199,#2200,#2201,#2202,#2203,#2204,#2205,#2206,#2207,#2208,#2209,#2210,#2211,#2212,#2213,#2214,#2215,#2216,#2217,#2218,#2219,#2220,#2221,#2222,#2223,#2224,#2225,#2226,#2227,#2228,#2229,#2230,#2231,#2232,#2233,#2234,#2235,#2236,#2237,#2238,#2239,#2240,#2241,#2242,#2243,#2244,#2245,#2246,#2247,#2248,#2249,#2250,#2251,#2252,#2253,#2254,#2255,#2256,#2257,#2258,#2259,#2260,#2261,#2262,#2263,#2264,#2265,#2266,#2267,#2268,#2269,#2270,#2271,#2272,#2273,#2274,#2275,#2276,#2277,#2278,#2279,#2280,#2281,#2282,#2283,#2284,#2285,#2286,#2287,#2288,#2289,#2290,#2291,#2292,#2293,#2294,#2295,#2296,#2297,#2298,#2299,#2300,#2301,#2302,#2303,#2304,#2305,#2306,#2307,#2308,#2309,#2310,#2311,#2312,#2313,#2314,#2315,#2316,#2317,#2318,#2319,#2320,#2321,#2322,#2323,#2324,#2325,#2326,#2327,#2328,#2329,#2330,#2331,#2332,#2333,#2334,#2335,#2336,#2337,#2338,#2339,#2340,#2341,#2342,#2343,#2344,#2345,#2346,#2347,#2348,#2349,#2350,#2351,#2352,#2353,#2354,#2355,#2356,#2357,#2358,#2359,#2360,#2361,#2362,#2363,#2364,#2365,#2366,#2367,#2369,#2370,#2371,#2372,#2373,#2374,#2375,#2376,#2377,#2378,#2379,#2380,#2381,#2382,#2383,#2384,#2385,#2386,#2387,#2388,#2389,#2390,#2391,#2392,#2393,#2394,#2395,#2396,#2398,#2399,#2400,#2401,#2402,#2403,#2404,#2405,#2406,#2407,#2408,#2409,#2410,#2411,#2412,#2413,#2414,#2415,#2416,#2417,#2418,#2419,#2420,#2421,#2422,#2423,#2424,#2425,#2427,#2428,#2429,#2430,#2431,#2432,#2433,#2434,#2435,#2436,#2437,#2438,#2439,#2440,#2441,#2442,#2443,#2444,#2445,#2446,#2447,#2448,#2449,#2450,#2451,#2452,#2453,#2454,#2456,#2457,#2458,#2459,#2460,#2461,#2462,#2463,#2464,#2465,#2466,#2467,#2468,#2469,#2470,#2471,#2472,#2473,#2474,#2475,#2476,#2477,#2478,#2479,#2480,#2481,#2482,#2483,#2484,#2485,#2487,#2489,#2491,#2493,#2495,#2497,#2500,#2501,#2503,#2505,#2508,#2509,#2513,#2514,#2518,#2519,#2521,#2523,#2526,#2528,#2531,#2532,#2534,#2536,#2539,#2540,#2544,#2545,#2549,#2550,#2552,#2554,#2557,#2559,#2562,#2563,#2565,#2567,#2570,#2571,#2575,#2576,#2580,#2581,#2583,#2585,#2588,#2590,#2593,#2594,#2596,#2598,#2601,#2603,#2606,#2607,#2610,#2613,#2615,#2617,#2619,#2621,#2623,#2625,#2627,#2629,#2631,#2634,#2635,#2637,#2639,#2642,#2647,#2650,#2653,#2656,#2659,#2660,#2662,#2664,#2673,#2676,#2678,#2681,#2682,#2685,#2688,#2690,#2693,#2694,#2696,#2698,#2701,#2704,#2706,#2710,#2713,#2717,#2720,#2722,#2725,#2728,#2729,#2731,#2733,#2736,#2742,#2745,#2747,#2750,#2751,#2754,#2757,#2759,#2762,#2763,#2765,#2767,#2770,#2773,#2775,#2779,#2782,#2786,#2789,#2791,#2794,#2797,#2798,#2800,#2802,#2805,#2811,#2814,#2816,#2819,#2820,#2823,#2826,#2828,#2831,#2832,#2834,#2836,#2839,#2842,#2844,#2848,#2851,#2855,#2858,#2860,#2863,#2866,#2867,#2869,#2871,#2874,#2880,#2882,#2885,#2888,#2908,#2909,#2911,#2913,#2916,#2918,#2921,#2924,#2928,#2930,#2933,#2936,#2940,#2941,#2945,#2946,#2952,#2953,#2955,#2957,#2960,#2962,#2965,#2968,#2972,#2974,#2977,#2980,#2984,#2985,#2989,#2990,#2996,#2997,#2999,#3001,#3004,#3006,#3009,#3012,#3016,#3018,#3021,#3024,#3028,#3029,#3033,#3034,#3040,#3041,#3043,#3045,#3048,#3050,#3053,#3056,#3060,#3062,#3065,#3068,#3072,#3073,#3077,#3078));
ENDSEC;
END-ISO-10303-21;
